solid auto-kdk-case
facet normal 0 -1 0
outer loop
vertex -30.999971389770508 19.02000617980957 0
vertex -30.999971389770508 19.02000617980957 3.549999952316284
vertex -35.54997253417969 19.02000617980957 0
endloop
endfacet
facet normal 0 -1 0
outer loop
vertex -21.44997215270996 19.02000617980957 0
vertex -25.999971389770508 19.02000617980957 3.549999952316284
vertex -25.999971389770508 19.02000617980957 0
endloop
endfacet
facet normal -1 0 0
outer loop
vertex 16.55002784729004 -18.97999382019043 0
vertex 16.55002784729004 -26.28175926208496 0
vertex 16.55002784729004 -18.97999382019043 5
endloop
endfacet
facet normal 0 -1 0
outer loop
vertex 54.55002975463867 -18.97999382019043 0
vertex 50.00002670288086 -18.97999382019043 3.549999952316284
vertex 50.00002670288086 -18.97999382019043 0
endloop
endfacet
facet normal 0 1 0
outer loop
vertex -21.44997215270996 4.9200053215026855 0
vertex -25.999971389770508 4.9200053215026855 3.549999952316284
vertex -21.44997215270996 4.9200053215026855 5
endloop
endfacet
facet normal 0 -1 0
outer loop
vertex 45.25002670288086 38.02000427246094 3.549999952316284
vertex 49.80002975463867 38.02000427246094 5
vertex 35.70002746582031 38.02000427246094 5
endloop
endfacet
facet normal 0 -1 0
outer loop
vertex 54.70002746582031 38.02000427246094 5
vertex 59.25002670288086 38.02000427246094 3.549999952316284
vertex 64.25003051757812 38.02000427246094 3.549999952316284
endloop
endfacet
facet normal 0 1 0
outer loop
vertex 54.70002746582031 23.920005798339844 5
vertex 68.8000259399414 23.920005798339844 5
vertex 59.25002670288086 23.920005798339844 3.549999952316284
endloop
endfacet
facet normal 0 1 0
outer loop
vertex 49.80002975463867 23.920005798339844 5
vertex 40.25002670288086 23.920005798339844 3.549999952316284
vertex 35.70002746582031 23.920005798339844 5
endloop
endfacet
facet normal 0 1 0
outer loop
vertex 49.80002975463867 23.920005798339844 5
vertex 45.25002670288086 23.920005798339844 3.549999952316284
vertex 40.25002670288086 23.920005798339844 3.549999952316284
endloop
endfacet
facet normal 1 0 0
outer loop
vertex 2.45002818107605 -18.97999382019043 0
vertex 2.45002818107605 -33.079994201660156 5
vertex 2.45002818107605 -33.079994201660156 0
endloop
endfacet
facet normal 0 -1 0
outer loop
vertex 64.25003051757812 38.02000427246094 3.549999952316284
vertex 68.8000259399414 38.02000427246094 0
vertex 68.8000259399414 38.02000427246094 5
endloop
endfacet
facet normal -1 0 0
outer loop
vertex 68.8000259399414 38.02000427246094 5
vertex 68.8000259399414 23.920005798339844 0
vertex 68.8000259399414 23.920005798339844 5
endloop
endfacet
facet normal -1 0 0
outer loop
vertex 16.55002784729004 -32.0765495300293 0
vertex 16.55002784729004 -33.079994201660156 0
vertex 16.55002784729004 -18.97999382019043 5
endloop
endfacet
facet normal 0 1 0
outer loop
vertex 68.8000259399414 23.920005798339844 0
vertex 64.25003051757812 23.920005798339844 3.549999952316284
vertex 68.8000259399414 23.920005798339844 5
endloop
endfacet
facet normal -1 0 0
outer loop
vertex 16.55002784729004 -30.803144454956055 0
vertex 16.55002784729004 -32.0765495300293 0
vertex 16.55002784729004 -18.97999382019043 5
endloop
endfacet
facet normal -1 0 0
outer loop
vertex 16.55002784729004 -30.275907516479492 0
vertex 16.55002784729004 -30.803144454956055 0
vertex 16.55002784729004 -18.97999382019043 5
endloop
endfacet
facet normal 0 -1 0
outer loop
vertex 54.70002746582031 38.02000427246094 5
vertex 54.70002746582031 38.02000427246094 0
vertex 59.25002670288086 38.02000427246094 3.549999952316284
endloop
endfacet
facet normal 0 -1 0
outer loop
vertex 45.25002670288086 38.02000427246094 3.549999952316284
vertex 49.80002975463867 38.02000427246094 0
vertex 49.80002975463867 38.02000427246094 5
endloop
endfacet
facet normal 1 0 0
outer loop
vertex 54.70002746582031 23.920005798339844 5
vertex 54.70002746582031 38.02000427246094 0
vertex 54.70002746582031 38.02000427246094 5
endloop
endfacet
facet normal -1 0 0
outer loop
vertex 49.80002975463867 38.02000427246094 5
vertex 49.80002975463867 23.920005798339844 0
vertex 49.80002975463867 23.920005798339844 5
endloop
endfacet
facet normal 1 0 0
outer loop
vertex 21.450027465820312 -33.079994201660156 0
vertex 21.450027465820312 -26.14151954650879 0
vertex 21.450027465820312 -33.079994201660156 5
endloop
endfacet
facet normal 0 1 0
outer loop
vertex 59.25002670288086 23.920005798339844 3.549999952316284
vertex 54.70002746582031 23.920005798339844 0
vertex 54.70002746582031 23.920005798339844 5
endloop
endfacet
facet normal 0 1 0
outer loop
vertex 49.80002975463867 23.920005798339844 0
vertex 45.25002670288086 23.920005798339844 3.549999952316284
vertex 49.80002975463867 23.920005798339844 5
endloop
endfacet
facet normal 0 -1 0
outer loop
vertex 59.45002746582031 19.02000617980957 5
vertex 69.00003051757812 19.02000617980957 3.549999952316284
vertex 73.5500259399414 19.02000617980957 5
endloop
endfacet
facet normal 0 -1 0
outer loop
vertex 59.45002746582031 19.02000617980957 5
vertex 64.00003051757812 19.02000617980957 3.549999952316284
vertex 69.00003051757812 19.02000617980957 3.549999952316284
endloop
endfacet
facet normal 0 1 0
outer loop
vertex 73.5500259399414 4.9200053215026855 5
vertex 64.00003051757812 4.9200053215026855 3.549999952316284
vertex 59.45002746582031 4.9200053215026855 5
endloop
endfacet
facet normal 0 -1 0
outer loop
vertex 59.45002746582031 0.020005328580737114 5
vertex 69.00003051757812 0.020005328580737114 3.549999952316284
vertex 73.5500259399414 0.020005328580737114 5
endloop
endfacet
facet normal 0 1 0
outer loop
vertex 73.5500259399414 4.9200053215026855 5
vertex 69.00003051757812 4.9200053215026855 3.549999952316284
vertex 64.00003051757812 4.9200053215026855 3.549999952316284
endloop
endfacet
facet normal 0 -1 0
outer loop
vertex 59.45002746582031 0.020005328580737114 5
vertex 64.00003051757812 0.020005328580737114 3.549999952316284
vertex 69.00003051757812 0.020005328580737114 3.549999952316284
endloop
endfacet
facet normal 0 -1 0
outer loop
vertex 54.55002975463867 19.02000617980957 5
vertex 40.45002746582031 19.02000617980957 5
vertex 50.00002670288086 19.02000617980957 3.549999952316284
endloop
endfacet
facet normal 0 -1 0
outer loop
vertex 40.45002746582031 19.02000617980957 5
vertex 45.00002670288086 19.02000617980957 3.549999952316284
vertex 50.00002670288086 19.02000617980957 3.549999952316284
endloop
endfacet
facet normal 0 1 0
outer loop
vertex 45.00002670288086 4.9200053215026855 3.549999952316284
vertex 40.45002746582031 4.9200053215026855 5
vertex 54.55002975463867 4.9200053215026855 5
endloop
endfacet
facet normal 0 -1 0
outer loop
vertex 40.45002746582031 0.020005328580737114 5
vertex 50.00002670288086 0.020005328580737114 3.549999952316284
vertex 54.55002975463867 0.020005328580737114 5
endloop
endfacet
facet normal 0 1 0
outer loop
vertex 54.55002975463867 4.9200053215026855 5
vertex 50.00002670288086 4.9200053215026855 3.549999952316284
vertex 45.00002670288086 4.9200053215026855 3.549999952316284
endloop
endfacet
facet normal 0 -1 0
outer loop
vertex 40.45002746582031 0.020005328580737114 5
vertex 45.00002670288086 0.020005328580737114 3.549999952316284
vertex 50.00002670288086 0.020005328580737114 3.549999952316284
endloop
endfacet
facet normal -1 0 0
outer loop
vertex 73.5500259399414 19.02000617980957 5
vertex 73.5500259399414 4.9200053215026855 0
vertex 73.5500259399414 4.9200053215026855 5
endloop
endfacet
facet normal 1 0 0
outer loop
vertex 21.450027465820312 -33.079994201660156 5
vertex 21.450027465820312 -26.14151954650879 0
vertex 21.450027465820312 -21.83846092224121 0
endloop
endfacet
facet normal 1 0 0
outer loop
vertex 40.45002746582031 -33.079994201660156 0
vertex 40.45002746582031 -18.97999382019043 0
vertex 40.45002746582031 -33.079994201660156 5
endloop
endfacet
facet normal 0 -1 0
outer loop
vertex 69.00003051757812 19.02000617980957 3.549999952316284
vertex 73.5500259399414 19.02000617980957 0
vertex 73.5500259399414 19.02000617980957 5
endloop
endfacet
facet normal 0 1 0
outer loop
vertex 73.5500259399414 4.9200053215026855 0
vertex 69.00003051757812 4.9200053215026855 3.549999952316284
vertex 73.5500259399414 4.9200053215026855 5
endloop
endfacet
facet normal 0 -1 0
outer loop
vertex 69.00003051757812 0.020005328580737114 3.549999952316284
vertex 73.5500259399414 0.020005328580737114 0
vertex 73.5500259399414 0.020005328580737114 5
endloop
endfacet
facet normal 1 0 0
outer loop
vertex 59.45002746582031 4.9200053215026855 5
vertex 59.45002746582031 19.02000617980957 0
vertex 59.45002746582031 19.02000617980957 5
endloop
endfacet
facet normal -1 0 0
outer loop
vertex 54.55002975463867 19.02000617980957 5
vertex 54.55002975463867 4.9200053215026855 0
vertex 54.55002975463867 4.9200053215026855 5
endloop
endfacet
facet normal 0 1 0
outer loop
vertex 7.000028133392334 -33.079994201660156 0
vertex 2.45002818107605 -33.079994201660156 0
vertex 7.000028133392334 -33.079994201660156 3.549999952316284
endloop
endfacet
facet normal 0 -1 0
outer loop
vertex 59.45002746582031 19.02000617980957 0
vertex 64.00003051757812 19.02000617980957 3.549999952316284
vertex 59.45002746582031 19.02000617980957 5
endloop
endfacet
facet normal -1 0 0
outer loop
vertex 73.5500259399414 0.020005328580737114 0
vertex 73.5500259399414 -14.079994201660156 0
vertex 73.5500259399414 0.020005328580737114 5
endloop
endfacet
facet normal 0 1 0
outer loop
vertex 7.000028133392334 -33.079994201660156 3.549999952316284
vertex 2.45002818107605 -33.079994201660156 0
vertex 2.45002818107605 -33.079994201660156 5
endloop
endfacet
facet normal 0 1 0
outer loop
vertex 16.55002784729004 -33.079994201660156 0
vertex 12.000028610229492 -33.079994201660156 3.549999952316284
vertex 16.55002784729004 -33.079994201660156 5
endloop
endfacet
facet normal 0 1 0
outer loop
vertex -21.44997215270996 4.9200053215026855 0
vertex -25.999971389770508 4.9200053215026855 0
vertex -25.999971389770508 4.9200053215026855 3.549999952316284
endloop
endfacet
facet normal -1 0 0
outer loop
vertex 73.5500259399414 -18.97999382019043 0
vertex 73.5500259399414 -33.079994201660156 0
vertex 73.5500259399414 -18.97999382019043 5
endloop
endfacet
facet normal -1 0 0
outer loop
vertex 54.55002975463867 0.020005328580737114 0
vertex 54.55002975463867 -14.079994201660156 0
vertex 54.55002975463867 0.020005328580737114 5
endloop
endfacet
facet normal 1 0 0
outer loop
vertex 59.45002746582031 -14.079994201660156 0
vertex 59.45002746582031 0.020005328580737114 0
vertex 59.45002746582031 -14.079994201660156 5
endloop
endfacet
facet normal 0 1 0
outer loop
vertex -30.999971389770508 4.9200053215026855 0
vertex -35.54997253417969 4.9200053215026855 0
vertex -30.999971389770508 4.9200053215026855 3.549999952316284
endloop
endfacet
facet normal 0 -1 0
outer loop
vertex 50.00002670288086 19.02000617980957 3.549999952316284
vertex 54.55002975463867 19.02000617980957 0
vertex 54.55002975463867 19.02000617980957 5
endloop
endfacet
facet normal 0 -1 0
outer loop
vertex 40.45002746582031 19.02000617980957 5
vertex 40.45002746582031 19.02000617980957 0
vertex 45.00002670288086 19.02000617980957 3.549999952316284
endloop
endfacet
facet normal -1 0 0
outer loop
vertex 16.55002784729004 -18.97999382019043 5
vertex 16.55002784729004 -33.079994201660156 0
vertex 16.55002784729004 -33.079994201660156 5
endloop
endfacet
facet normal 0 1 0
outer loop
vertex 26.000028610229492 -33.079994201660156 3.549999952316284
vertex 21.450027465820312 -33.079994201660156 0
vertex 21.450027465820312 -33.079994201660156 5
endloop
endfacet
facet normal 0 -1 0
outer loop
vertex 4.675028324127197 38.02000427246094 5
vertex -9.424971580505371 38.02000427246094 5
vertex 0.12502822279930115 38.02000427246094 3.549999952316284
endloop
endfacet
facet normal 0 -1 0
outer loop
vertex -9.424971580505371 38.02000427246094 5
vertex -4.874971866607666 38.02000427246094 3.549999952316284
vertex 0.12502822279930115 38.02000427246094 3.549999952316284
endloop
endfacet
facet normal 0 1 0
outer loop
vertex 64.00003051757812 4.9200053215026855 3.549999952316284
vertex 59.45002746582031 4.9200053215026855 0
vertex 59.45002746582031 4.9200053215026855 5
endloop
endfacet
facet normal 0 1 0
outer loop
vertex 54.55002975463867 4.9200053215026855 0
vertex 50.00002670288086 4.9200053215026855 3.549999952316284
vertex 54.55002975463867 4.9200053215026855 5
endloop
endfacet
facet normal 0 -1 0
outer loop
vertex 59.45002746582031 0.020005328580737114 5
vertex 59.45002746582031 0.020005328580737114 0
vertex 64.00003051757812 0.020005328580737114 3.549999952316284
endloop
endfacet
facet normal 0 -1 0
outer loop
vertex 50.00002670288086 0.020005328580737114 3.549999952316284
vertex 54.55002975463867 0.020005328580737114 0
vertex 54.55002975463867 0.020005328580737114 5
endloop
endfacet
facet normal 0 1 0
outer loop
vertex 45.00002670288086 4.9200053215026855 3.549999952316284
vertex 40.45002746582031 4.9200053215026855 0
vertex 40.45002746582031 4.9200053215026855 5
endloop
endfacet
facet normal 0 -1 0
outer loop
vertex 40.45002746582031 0.020005328580737114 5
vertex 40.45002746582031 0.020005328580737114 0
vertex 45.00002670288086 0.020005328580737114 3.549999952316284
endloop
endfacet
facet normal 0 -1 0
outer loop
vertex 28.42502784729004 38.02000427246094 5
vertex 14.325028419494629 38.02000427246094 5
vertex 23.875028610229492 38.02000427246094 3.549999952316284
endloop
endfacet
facet normal 0 -1 0
outer loop
vertex 35.70002746582031 38.02000427246094 5
vertex 40.25002670288086 38.02000427246094 3.549999952316284
vertex 45.25002670288086 38.02000427246094 3.549999952316284
endloop
endfacet
facet normal 0 1 0
outer loop
vertex 28.42502784729004 23.920005798339844 5
vertex 23.875028610229492 23.920005798339844 3.549999952316284
vertex 18.875028610229492 23.920005798339844 3.549999952316284
endloop
endfacet
facet normal 0 -1 0
outer loop
vertex 14.325028419494629 38.02000427246094 5
vertex 18.875028610229492 38.02000427246094 3.549999952316284
vertex 23.875028610229492 38.02000427246094 3.549999952316284
endloop
endfacet
facet normal 0 1 0
outer loop
vertex 18.875028610229492 23.920005798339844 3.549999952316284
vertex 14.325028419494629 23.920005798339844 5
vertex 28.42502784729004 23.920005798339844 5
endloop
endfacet
facet normal 0 1 0
outer loop
vertex 4.675028324127197 23.920005798339844 5
vertex -4.874971866607666 23.920005798339844 3.549999952316284
vertex -9.424971580505371 23.920005798339844 5
endloop
endfacet
facet normal 0 -1 0
outer loop
vertex 35.70002746582031 38.02000427246094 5
vertex 35.70002746582031 38.02000427246094 0
vertex 40.25002670288086 38.02000427246094 3.549999952316284
endloop
endfacet
facet normal 0 -1 0
outer loop
vertex 23.875028610229492 38.02000427246094 3.549999952316284
vertex 28.42502784729004 38.02000427246094 0
vertex 28.42502784729004 38.02000427246094 5
endloop
endfacet
facet normal 1 0 0
outer loop
vertex 35.70002746582031 23.920005798339844 5
vertex 35.70002746582031 38.02000427246094 0
vertex 35.70002746582031 38.02000427246094 5
endloop
endfacet
facet normal -1 0 0
outer loop
vertex 28.42502784729004 38.02000427246094 5
vertex 28.42502784729004 23.920005798339844 0
vertex 28.42502784729004 23.920005798339844 5
endloop
endfacet
facet normal 0 1 0
outer loop
vertex 26.000028610229492 -33.079994201660156 0
vertex 21.450027465820312 -33.079994201660156 0
vertex 26.000028610229492 -33.079994201660156 3.549999952316284
endloop
endfacet
facet normal 0 1 0
outer loop
vertex 40.25002670288086 23.920005798339844 3.549999952316284
vertex 35.70002746582031 23.920005798339844 0
vertex 35.70002746582031 23.920005798339844 5
endloop
endfacet
facet normal 0 1 0
outer loop
vertex 28.42502784729004 23.920005798339844 0
vertex 23.875028610229492 23.920005798339844 3.549999952316284
vertex 28.42502784729004 23.920005798339844 5
endloop
endfacet
facet normal 0 1 0
outer loop
vertex 0.12502822279930115 23.920005798339844 3.549999952316284
vertex -4.874971866607666 23.920005798339844 3.549999952316284
vertex 4.675028324127197 23.920005798339844 5
endloop
endfacet
facet normal 0 -1 0
outer loop
vertex 14.325028419494629 38.02000427246094 5
vertex 14.325028419494629 38.02000427246094 0
vertex 18.875028610229492 38.02000427246094 3.549999952316284
endloop
endfacet
facet normal 0 -1 0
outer loop
vertex 4.675028324127197 38.02000427246094 5
vertex 0.12502822279930115 38.02000427246094 3.549999952316284
vertex 4.675028324127197 38.02000427246094 0
endloop
endfacet
facet normal 1 0 0
outer loop
vertex 14.325028419494629 23.920005798339844 5
vertex 14.325028419494629 38.02000427246094 0
vertex 14.325028419494629 38.02000427246094 5
endloop
endfacet
facet normal 0 -1 0
outer loop
vertex -19.07497215270996 38.02000427246094 5
vertex -33.17497253417969 38.02000427246094 5
vertex -23.624971389770508 38.02000427246094 3.549999952316284
endloop
endfacet
facet normal -1 0 0
outer loop
vertex 4.675028324127197 38.02000427246094 5
vertex 4.675028324127197 23.920005798339844 0
vertex 4.675028324127197 23.920005798339844 5
endloop
endfacet
facet normal 0 1 0
outer loop
vertex 18.875028610229492 23.920005798339844 3.549999952316284
vertex 14.325028419494629 23.920005798339844 0
vertex 14.325028419494629 23.920005798339844 5
endloop
endfacet
facet normal 0 1 0
outer loop
vertex 4.675028324127197 23.920005798339844 0
vertex 0.12502822279930115 23.920005798339844 3.549999952316284
vertex 4.675028324127197 23.920005798339844 5
endloop
endfacet
facet normal 0 -1 0
outer loop
vertex 35.55002975463867 19.02000617980957 5
vertex 21.450027465820312 19.02000617980957 5
vertex 31.000028610229492 19.02000617980957 3.549999952316284
endloop
endfacet
facet normal 0 -1 0
outer loop
vertex 21.450027465820312 19.02000617980957 5
vertex 26.000028610229492 19.02000617980957 3.549999952316284
vertex 31.000028610229492 19.02000617980957 3.549999952316284
endloop
endfacet
facet normal 0 1 0
outer loop
vertex 35.55002975463867 4.9200053215026855 5
vertex 26.000028610229492 4.9200053215026855 3.549999952316284
vertex 21.450027465820312 4.9200053215026855 5
endloop
endfacet
facet normal 0 -1 0
outer loop
vertex 21.450027465820312 0.020005328580737114 5
vertex 31.000028610229492 0.020005328580737114 3.549999952316284
vertex 35.55002975463867 0.020005328580737114 5
endloop
endfacet
facet normal 0 1 0
outer loop
vertex 35.55002975463867 4.9200053215026855 5
vertex 31.000028610229492 4.9200053215026855 3.549999952316284
vertex 26.000028610229492 4.9200053215026855 3.549999952316284
endloop
endfacet
facet normal 0 -1 0
outer loop
vertex 21.450027465820312 0.020005328580737114 5
vertex 26.000028610229492 0.020005328580737114 3.549999952316284
vertex 31.000028610229492 0.020005328580737114 3.549999952316284
endloop
endfacet
facet normal 0 -1 0
outer loop
vertex 16.55002784729004 19.02000617980957 5
vertex 2.45002818107605 19.02000617980957 5
vertex 12.000028610229492 19.02000617980957 3.549999952316284
endloop
endfacet
facet normal 0 -1 0
outer loop
vertex 2.45002818107605 19.02000617980957 5
vertex 7.000028133392334 19.02000617980957 3.549999952316284
vertex 12.000028610229492 19.02000617980957 3.549999952316284
endloop
endfacet
facet normal 0 1 0
outer loop
vertex 16.55002784729004 4.9200053215026855 5
vertex 7.000028133392334 4.9200053215026855 3.549999952316284
vertex 2.45002818107605 4.9200053215026855 5
endloop
endfacet
facet normal 0 -1 0
outer loop
vertex 2.45002818107605 0.020005328580737114 5
vertex 12.000028610229492 0.020005328580737114 3.549999952316284
vertex 16.55002784729004 0.020005328580737114 5
endloop
endfacet
facet normal 0 1 0
outer loop
vertex 16.55002784729004 4.9200053215026855 5
vertex 12.000028610229492 4.9200053215026855 3.549999952316284
vertex 7.000028133392334 4.9200053215026855 3.549999952316284
endloop
endfacet
facet normal 0 -1 0
outer loop
vertex 2.45002818107605 0.020005328580737114 5
vertex 7.000028133392334 0.020005328580737114 3.549999952316284
vertex 12.000028610229492 0.020005328580737114 3.549999952316284
endloop
endfacet
facet normal 1 0 0
outer loop
vertex 40.45002746582031 4.9200053215026855 5
vertex 40.45002746582031 19.02000617980957 0
vertex 40.45002746582031 19.02000617980957 5
endloop
endfacet
facet normal -1 0 0
outer loop
vertex 35.55002975463867 19.02000617980957 5
vertex 35.55002975463867 4.9200053215026855 0
vertex 35.55002975463867 4.9200053215026855 5
endloop
endfacet
facet normal 0 -1 0
outer loop
vertex -33.17497253417969 38.02000427246094 5
vertex -28.624971389770508 38.02000427246094 3.549999952316284
vertex -23.624971389770508 38.02000427246094 3.549999952316284
endloop
endfacet
facet normal 0 1 0
outer loop
vertex -19.07497215270996 23.920005798339844 5
vertex -28.624971389770508 23.920005798339844 3.549999952316284
vertex -33.17497253417969 23.920005798339844 5
endloop
endfacet
facet normal 1 0 0
outer loop
vertex 21.450027465820312 4.9200053215026855 5
vertex 21.450027465820312 19.02000617980957 0
vertex 21.450027465820312 19.02000617980957 5
endloop
endfacet
facet normal 0 -1 0
outer loop
vertex 31.000028610229492 19.02000617980957 3.549999952316284
vertex 35.55002975463867 19.02000617980957 0
vertex 35.55002975463867 19.02000617980957 5
endloop
endfacet
facet normal 0 -1 0
outer loop
vertex 21.450027465820312 19.02000617980957 0
vertex 26.000028610229492 19.02000617980957 3.549999952316284
vertex 21.450027465820312 19.02000617980957 5
endloop
endfacet
facet normal -1 0 0
outer loop
vertex -40.44997024536133 23.72000503540039 3.549999952316284
vertex -40.44997024536133 19.170005798339844 5
vertex -40.44997024536133 33.27000427246094 5
endloop
endfacet
facet normal 0 1 0
outer loop
vertex -19.07497215270996 23.920005798339844 5
vertex -23.624971389770508 23.920005798339844 3.549999952316284
vertex -28.624971389770508 23.920005798339844 3.549999952316284
endloop
endfacet
facet normal -1 0 0
outer loop
vertex -40.44997024536133 33.27000427246094 5
vertex -40.44997024536133 28.72000503540039 3.549999952316284
vertex -40.44997024536133 23.72000503540039 3.549999952316284
endloop
endfacet
facet normal 0 -1 0
outer loop
vertex -9.424971580505371 38.02000427246094 5
vertex -9.424971580505371 38.02000427246094 0
vertex -4.874971866607666 38.02000427246094 3.549999952316284
endloop
endfacet
facet normal 0 1 0
outer loop
vertex 35.55002975463867 4.9200053215026855 0
vertex 31.000028610229492 4.9200053215026855 3.549999952316284
vertex 35.55002975463867 4.9200053215026855 5
endloop
endfacet
facet normal 0 -1 0
outer loop
vertex 31.000028610229492 0.020005328580737114 3.549999952316284
vertex 35.55002975463867 0.020005328580737114 0
vertex 35.55002975463867 0.020005328580737114 5
endloop
endfacet
facet normal 0 1 0
outer loop
vertex 26.000028610229492 4.9200053215026855 3.549999952316284
vertex 21.450027465820312 4.9200053215026855 0
vertex 21.450027465820312 4.9200053215026855 5
endloop
endfacet
facet normal 0 -1 0
outer loop
vertex 21.450027465820312 0.020005328580737114 5
vertex 21.450027465820312 0.020005328580737114 0
vertex 26.000028610229492 0.020005328580737114 3.549999952316284
endloop
endfacet
facet normal 0 1 0
outer loop
vertex -11.999971389770508 -33.079994201660156 0
vertex -16.549972534179688 -33.079994201660156 0
vertex -11.999971389770508 -33.079994201660156 3.549999952316284
endloop
endfacet
facet normal 0 1 0
outer loop
vertex 35.55002975463867 -33.079994201660156 0
vertex 31.000028610229492 -33.079994201660156 3.549999952316284
vertex 35.55002975463867 -33.079994201660156 5
endloop
endfacet
facet normal -1 0 0
outer loop
vertex 35.55002975463867 -18.97999382019043 5
vertex 35.55002975463867 -33.079994201660156 0
vertex 35.55002975463867 -33.079994201660156 5
endloop
endfacet
facet normal 0 1 0
outer loop
vertex 16.55002784729004 -33.079994201660156 5
vertex 12.000028610229492 -33.079994201660156 3.549999952316284
vertex 7.000028133392334 -33.079994201660156 3.549999952316284
endloop
endfacet
facet normal 0 1 0
outer loop
vertex -2.4499716758728027 -33.079994201660156 0
vertex -6.999971866607666 -33.079994201660156 0
vertex -6.999971866607666 -33.079994201660156 3.549999952316284
endloop
endfacet
facet normal -1 0 0
outer loop
vertex 16.55002784729004 19.02000617980957 5
vertex 16.55002784729004 4.9200053215026855 0
vertex 16.55002784729004 4.9200053215026855 5
endloop
endfacet
facet normal 1 0 0
outer loop
vertex -9.424971580505371 23.920005798339844 5
vertex -9.424971580505371 38.02000427246094 0
vertex -9.424971580505371 38.02000427246094 5
endloop
endfacet
facet normal -1 0 0
outer loop
vertex -19.07497215270996 38.02000427246094 5
vertex -19.07497215270996 23.920005798339844 0
vertex -19.07497215270996 23.920005798339844 5
endloop
endfacet
facet normal 1 0 0
outer loop
vertex 2.45002818107605 4.9200053215026855 5
vertex 2.45002818107605 19.02000617980957 0
vertex 2.45002818107605 19.02000617980957 5
endloop
endfacet
facet normal 0 -1 0
outer loop
vertex 12.000028610229492 19.02000617980957 3.549999952316284
vertex 16.55002784729004 19.02000617980957 0
vertex 16.55002784729004 19.02000617980957 5
endloop
endfacet
facet normal 0 -1 0
outer loop
vertex 2.45002818107605 19.02000617980957 0
vertex 7.000028133392334 19.02000617980957 3.549999952316284
vertex 2.45002818107605 19.02000617980957 5
endloop
endfacet
facet normal 0 1 0
outer loop
vertex -4.874971866607666 23.920005798339844 3.549999952316284
vertex -9.424971580505371 23.920005798339844 0
vertex -9.424971580505371 23.920005798339844 5
endloop
endfacet
facet normal 0 -1 0
outer loop
vertex -23.624971389770508 38.02000427246094 3.549999952316284
vertex -19.07497215270996 38.02000427246094 0
vertex -19.07497215270996 38.02000427246094 5
endloop
endfacet
facet normal 0 -1 0
outer loop
vertex -33.17497253417969 38.02000427246094 5
vertex -33.17497253417969 38.02000427246094 0
vertex -28.624971389770508 38.02000427246094 3.549999952316284
endloop
endfacet
facet normal 1 0 0
outer loop
vertex -33.17497253417969 23.920005798339844 5
vertex -33.17497253417969 38.02000427246094 0
vertex -33.17497253417969 38.02000427246094 5
endloop
endfacet
facet normal 1 0 0
outer loop
vertex -16.549972534179688 -33.079994201660156 0
vertex -16.549972534179688 -18.97999382019043 0
vertex -16.549972534179688 -33.079994201660156 5
endloop
endfacet
facet normal -1 0 0
outer loop
vertex 54.55002975463867 -18.97999382019043 0
vertex 54.55002975463867 -33.079994201660156 0
vertex 54.55002975463867 -18.97999382019043 5
endloop
endfacet
facet normal 0 -1 0
outer loop
vertex -11.999971389770508 0.020005328580737114 0
vertex -11.999971389770508 0.020005328580737114 3.549999952316284
vertex -16.549972534179688 0.020005328580737114 0
endloop
endfacet
facet normal 0 1 0
outer loop
vertex -11.999971389770508 4.9200053215026855 0
vertex -16.549972534179688 4.9200053215026855 0
vertex -11.999971389770508 4.9200053215026855 3.549999952316284
endloop
endfacet
facet normal 0 1 0
outer loop
vertex 16.55002784729004 4.9200053215026855 0
vertex 12.000028610229492 4.9200053215026855 3.549999952316284
vertex 16.55002784729004 4.9200053215026855 5
endloop
endfacet
facet normal 0 -1 0
outer loop
vertex 12.000028610229492 0.020005328580737114 3.549999952316284
vertex 16.55002784729004 0.020005328580737114 0
vertex 16.55002784729004 0.020005328580737114 5
endloop
endfacet
facet normal 0 1 0
outer loop
vertex 7.000028133392334 4.9200053215026855 3.549999952316284
vertex 2.45002818107605 4.9200053215026855 0
vertex 2.45002818107605 4.9200053215026855 5
endloop
endfacet
facet normal 0 -1 0
outer loop
vertex 2.45002818107605 0.020005328580737114 5
vertex 2.45002818107605 0.020005328580737114 0
vertex 7.000028133392334 0.020005328580737114 3.549999952316284
endloop
endfacet
facet normal 0 1 0
outer loop
vertex -19.07497215270996 23.920005798339844 0
vertex -23.624971389770508 23.920005798339844 3.549999952316284
vertex -19.07497215270996 23.920005798339844 5
endloop
endfacet
facet normal -1 0 0
outer loop
vertex -40.44997024536133 33.27000427246094 5
vertex -40.44997024536133 33.27000427246094 0
vertex -40.44997024536133 28.72000503540039 3.549999952316284
endloop
endfacet
facet normal 0 1 0
outer loop
vertex -28.624971389770508 23.920005798339844 3.549999952316284
vertex -33.17497253417969 23.920005798339844 0
vertex -33.17497253417969 23.920005798339844 5
endloop
endfacet
facet normal -1 0 0
outer loop
vertex 68.8000259399414 38.02000427246094 0
vertex 68.8000259399414 23.920005798339844 0
vertex 68.8000259399414 38.02000427246094 5
endloop
endfacet
facet normal 0 -1 0
outer loop
vertex -16.549972534179688 19.02000617980957 5
vertex -6.999971866607666 19.02000617980957 3.549999952316284
vertex -2.4499716758728027 19.02000617980957 5
endloop
endfacet
facet normal 0 -1 0
outer loop
vertex -16.549972534179688 19.02000617980957 5
vertex -11.999971389770508 19.02000617980957 3.549999952316284
vertex -6.999971866607666 19.02000617980957 3.549999952316284
endloop
endfacet
facet normal 0 -1 0
outer loop
vertex -16.549972534179688 0.020005328580737114 5
vertex -6.999971866607666 0.020005328580737114 3.549999952316284
vertex -2.4499716758728027 0.020005328580737114 5
endloop
endfacet
facet normal 0 1 0
outer loop
vertex -2.4499716758728027 4.9200053215026855 5
vertex -11.999971389770508 4.9200053215026855 3.549999952316284
vertex -16.549972534179688 4.9200053215026855 5
endloop
endfacet
facet normal 0 1 0
outer loop
vertex -2.4499716758728027 4.9200053215026855 5
vertex -6.999971866607666 4.9200053215026855 3.549999952316284
vertex -11.999971389770508 4.9200053215026855 3.549999952316284
endloop
endfacet
facet normal 0 -1 0
outer loop
vertex -16.549972534179688 0.020005328580737114 5
vertex -11.999971389770508 0.020005328580737114 3.549999952316284
vertex -6.999971866607666 0.020005328580737114 3.549999952316284
endloop
endfacet
facet normal 0 -1 0
outer loop
vertex 7.000028133392334 -18.97999382019043 0
vertex 7.000028133392334 -18.97999382019043 3.549999952316284
vertex 2.45002818107605 -18.97999382019043 0
endloop
endfacet
facet normal 1 0 0
outer loop
vertex 54.70002746582031 38.02000427246094 0
vertex 54.70002746582031 23.920005798339844 5
vertex 54.70002746582031 23.920005798339844 0
endloop
endfacet
facet normal -1 0 0
outer loop
vertex 49.80002975463867 38.02000427246094 0
vertex 49.80002975463867 23.920005798339844 0
vertex 49.80002975463867 38.02000427246094 5
endloop
endfacet
facet normal 0 -1 0
outer loop
vertex 64.25003051757812 38.02000427246094 0
vertex 68.8000259399414 38.02000427246094 0
vertex 64.25003051757812 38.02000427246094 3.549999952316284
endloop
endfacet
facet normal 0 -1 0
outer loop
vertex -35.54997253417969 19.02000617980957 5
vertex -25.999971389770508 19.02000617980957 3.549999952316284
vertex -21.44997215270996 19.02000617980957 5
endloop
endfacet
facet normal 0 -1 0
outer loop
vertex -40.44997024536133 33.27000427246094 0
vertex -54.54997253417969 33.27000427246094 5
vertex -54.54997253417969 33.27000427246094 0
endloop
endfacet
facet normal 0 1 0
outer loop
vertex 68.8000259399414 23.920005798339844 0
vertex 64.25003051757812 23.920005798339844 0
vertex 64.25003051757812 23.920005798339844 3.549999952316284
endloop
endfacet
facet normal 0 1 0
outer loop
vertex 16.55002784729004 -33.079994201660156 5
vertex 7.000028133392334 -33.079994201660156 3.549999952316284
vertex 2.45002818107605 -33.079994201660156 5
endloop
endfacet
facet normal 0 -1 0
outer loop
vertex -35.54997253417969 19.02000617980957 5
vertex -30.999971389770508 19.02000617980957 3.549999952316284
vertex -25.999971389770508 19.02000617980957 3.549999952316284
endloop
endfacet
facet normal 0 -1 0
outer loop
vertex 59.25002670288086 38.02000427246094 0
vertex 59.25002670288086 38.02000427246094 3.549999952316284
vertex 54.70002746582031 38.02000427246094 0
endloop
endfacet
facet normal 0 -1 0
outer loop
vertex 49.80002975463867 38.02000427246094 0
vertex 45.25002670288086 38.02000427246094 3.549999952316284
vertex 45.25002670288086 38.02000427246094 0
endloop
endfacet
facet normal 0 1 0
outer loop
vertex -21.44997215270996 4.9200053215026855 5
vertex -30.999971389770508 4.9200053215026855 3.549999952316284
vertex -35.54997253417969 4.9200053215026855 5
endloop
endfacet
facet normal 0 1 0
outer loop
vertex -21.44997215270996 4.9200053215026855 5
vertex -25.999971389770508 4.9200053215026855 3.549999952316284
vertex -30.999971389770508 4.9200053215026855 3.549999952316284
endloop
endfacet
facet normal -1 0 0
outer loop
vertex -2.4499716758728027 19.02000617980957 5
vertex -2.4499716758728027 4.9200053215026855 0
vertex -2.4499716758728027 4.9200053215026855 5
endloop
endfacet
facet normal 1 0 0
outer loop
vertex -16.549972534179688 4.9200053215026855 5
vertex -16.549972534179688 19.02000617980957 0
vertex -16.549972534179688 19.02000617980957 5
endloop
endfacet
facet normal 0 -1 0
outer loop
vertex -11.999971389770508 -18.97999382019043 0
vertex -11.999971389770508 -18.97999382019043 3.549999952316284
vertex -16.549972534179688 -18.97999382019043 0
endloop
endfacet
facet normal 0 1 0
outer loop
vertex 35.55002975463867 -33.079994201660156 5
vertex 31.000028610229492 -33.079994201660156 3.549999952316284
vertex 26.000028610229492 -33.079994201660156 3.549999952316284
endloop
endfacet
facet normal 0 -1 0
outer loop
vertex -6.999971866607666 19.02000617980957 3.549999952316284
vertex -2.4499716758728027 19.02000617980957 0
vertex -2.4499716758728027 19.02000617980957 5
endloop
endfacet
facet normal 0 -1 0
outer loop
vertex -16.549972534179688 19.02000617980957 0
vertex -11.999971389770508 19.02000617980957 3.549999952316284
vertex -16.549972534179688 19.02000617980957 5
endloop
endfacet
facet normal 0 1 0
outer loop
vertex 35.55002975463867 -33.079994201660156 5
vertex 26.000028610229492 -33.079994201660156 3.549999952316284
vertex 21.450027465820312 -33.079994201660156 5
endloop
endfacet
facet normal 0 -1 0
outer loop
vertex -2.4499716758728027 -18.97999382019043 0
vertex -6.999971866607666 -18.97999382019043 3.549999952316284
vertex -6.999971866607666 -18.97999382019043 0
endloop
endfacet
facet normal 0 -1 0
outer loop
vertex 2.45002818107605 -18.97999382019043 0
vertex 7.000028133392334 -18.97999382019043 3.549999952316284
vertex 2.45002818107605 -18.97999382019043 5
endloop
endfacet
facet normal 0 1 0
outer loop
vertex 59.25002670288086 23.920005798339844 0
vertex 54.70002746582031 23.920005798339844 0
vertex 59.25002670288086 23.920005798339844 3.549999952316284
endloop
endfacet
facet normal 0 1 0
outer loop
vertex 49.80002975463867 23.920005798339844 0
vertex 45.25002670288086 23.920005798339844 0
vertex 45.25002670288086 23.920005798339844 3.549999952316284
endloop
endfacet
facet normal 0 1 0
outer loop
vertex -2.4499716758728027 4.9200053215026855 0
vertex -6.999971866607666 4.9200053215026855 3.549999952316284
vertex -2.4499716758728027 4.9200053215026855 5
endloop
endfacet
facet normal 0 -1 0
outer loop
vertex -6.999971866607666 0.020005328580737114 3.549999952316284
vertex -2.4499716758728027 0.020005328580737114 0
vertex -2.4499716758728027 0.020005328580737114 5
endloop
endfacet
facet normal 0 1 0
outer loop
vertex -11.999971389770508 4.9200053215026855 3.549999952316284
vertex -16.549972534179688 4.9200053215026855 0
vertex -16.549972534179688 4.9200053215026855 5
endloop
endfacet
facet normal 0 1 0
outer loop
vertex -11.999971389770508 -14.079994201660156 0
vertex -16.549972534179688 -14.079994201660156 0
vertex -11.999971389770508 -14.079994201660156 3.549999952316284
endloop
endfacet
facet normal 0 -1 0
outer loop
vertex -16.549972534179688 0.020005328580737114 5
vertex -16.549972534179688 0.020005328580737114 0
vertex -11.999971389770508 0.020005328580737114 3.549999952316284
endloop
endfacet
facet normal 0 1 0
outer loop
vertex -2.4499716758728027 -14.079994201660156 0
vertex -6.999971866607666 -14.079994201660156 0
vertex -6.999971866607666 -14.079994201660156 3.549999952316284
endloop
endfacet
facet normal -1 0 0
outer loop
vertex -21.44997215270996 19.02000617980957 5
vertex -21.44997215270996 4.9200053215026855 0
vertex -21.44997215270996 4.9200053215026855 5
endloop
endfacet
facet normal 1 0 0
outer loop
vertex -35.54997253417969 4.9200053215026855 5
vertex -35.54997253417969 19.02000617980957 0
vertex -35.54997253417969 19.02000617980957 5
endloop
endfacet
facet normal -1 0 0
outer loop
vertex 73.5500259399414 19.02000617980957 0
vertex 73.5500259399414 4.9200053215026855 0
vertex 73.5500259399414 19.02000617980957 5
endloop
endfacet
facet normal 0 -1 0
outer loop
vertex -25.999971389770508 19.02000617980957 3.549999952316284
vertex -21.44997215270996 19.02000617980957 0
vertex -21.44997215270996 19.02000617980957 5
endloop
endfacet
facet normal 0 -1 0
outer loop
vertex -35.54997253417969 19.02000617980957 0
vertex -30.999971389770508 19.02000617980957 3.549999952316284
vertex -35.54997253417969 19.02000617980957 5
endloop
endfacet
facet normal -1 0 0
outer loop
vertex -40.44997024536133 23.72000503540039 3.549999952316284
vertex -40.44997024536133 19.170005798339844 0
vertex -40.44997024536133 19.170005798339844 5
endloop
endfacet
facet normal 0 -1 0
outer loop
vertex 12.000028610229492 -18.97999382019043 3.549999952316284
vertex 16.55002784729004 -18.97999382019043 0
vertex 16.55002784729004 -18.97999382019043 5
endloop
endfacet
facet normal 1 0 0
outer loop
vertex 2.45002818107605 -33.079994201660156 5
vertex 2.45002818107605 -18.97999382019043 0
vertex 2.45002818107605 -18.97999382019043 5
endloop
endfacet
facet normal 0 -1 0
outer loop
vertex -2.4499716758728027 0.020005328580737114 0
vertex -6.999971866607666 0.020005328580737114 3.549999952316284
vertex -6.999971866607666 0.020005328580737114 0
endloop
endfacet
facet normal -1 0 0
outer loop
vertex -2.4499716758728027 -18.97999382019043 0
vertex -2.4499716758728027 -33.079994201660156 0
vertex -2.4499716758728027 -18.97999382019043 5
endloop
endfacet
facet normal 0 1 0
outer loop
vertex -2.4499716758728027 4.9200053215026855 0
vertex -6.999971866607666 4.9200053215026855 0
vertex -6.999971866607666 4.9200053215026855 3.549999952316284
endloop
endfacet
facet normal 0 1 0
outer loop
vertex 73.5500259399414 -14.079994201660156 0
vertex 69.00003051757812 -14.079994201660156 0
vertex 69.00003051757812 -14.079994201660156 3.549999952316284
endloop
endfacet
facet normal 0 -1 0
outer loop
vertex -73.54997253417969 33.27000427246094 0
vertex -59.44997024536133 33.27000427246094 0
vertex -73.54997253417969 33.27000427246094 5
endloop
endfacet
facet normal 0 1 0
outer loop
vertex 54.55002975463867 -33.079994201660156 5
vertex 50.00002670288086 -33.079994201660156 3.549999952316284
vertex 45.00002670288086 -33.079994201660156 3.549999952316284
endloop
endfacet
facet normal 0 1 0
outer loop
vertex -30.999971389770508 4.9200053215026855 3.549999952316284
vertex -35.54997253417969 4.9200053215026855 0
vertex -35.54997253417969 4.9200053215026855 5
endloop
endfacet
facet normal 1 0 0
outer loop
vertex -16.549972534179688 -14.079994201660156 0
vertex -16.549972534179688 0.020005328580737114 0
vertex -16.549972534179688 -14.079994201660156 5
endloop
endfacet
facet normal -1 0 0
outer loop
vertex -2.4499716758728027 0.020005328580737114 0
vertex -2.4499716758728027 -14.079994201660156 0
vertex -2.4499716758728027 0.020005328580737114 5
endloop
endfacet
facet normal 1 0 0
outer loop
vertex -54.54997253417969 19.170005798339844 5
vertex -54.54997253417969 28.72000503540039 3.549999952316284
vertex -54.54997253417969 33.27000427246094 5
endloop
endfacet
facet normal -1 0 0
outer loop
vertex -59.44997024536133 23.72000503540039 3.549999952316284
vertex -59.44997024536133 19.170005798339844 5
vertex -59.44997024536133 33.27000427246094 5
endloop
endfacet
facet normal -1 0 0
outer loop
vertex -59.44997024536133 33.27000427246094 5
vertex -59.44997024536133 28.72000503540039 3.549999952316284
vertex -59.44997024536133 23.72000503540039 3.549999952316284
endloop
endfacet
facet normal 1 0 0
outer loop
vertex -54.54997253417969 19.170005798339844 5
vertex -54.54997253417969 23.72000503540039 3.549999952316284
vertex -54.54997253417969 28.72000503540039 3.549999952316284
endloop
endfacet
facet normal 1 0 0
outer loop
vertex 59.45002746582031 4.9200053215026855 0
vertex 59.45002746582031 19.02000617980957 0
vertex 59.45002746582031 4.9200053215026855 5
endloop
endfacet
facet normal -1 0 0
outer loop
vertex 54.55002975463867 19.02000617980957 0
vertex 54.55002975463867 4.9200053215026855 0
vertex 54.55002975463867 19.02000617980957 5
endloop
endfacet
facet normal 0 1 0
outer loop
vertex 7.000028133392334 -14.079994201660156 3.549999952316284
vertex 2.45002818107605 -14.079994201660156 0
vertex 2.45002818107605 -14.079994201660156 5
endloop
endfacet
facet normal 0 -1 0
outer loop
vertex 16.55002784729004 -18.97999382019043 0
vertex 12.000028610229492 -18.97999382019043 3.549999952316284
vertex 12.000028610229492 -18.97999382019043 0
endloop
endfacet
facet normal 0 1 0
outer loop
vertex 7.000028133392334 -14.079994201660156 0
vertex 2.45002818107605 -14.079994201660156 0
vertex 7.000028133392334 -14.079994201660156 3.549999952316284
endloop
endfacet
facet normal 0 1 0
outer loop
vertex 16.55002784729004 -14.079994201660156 0
vertex 12.000028610229492 -14.079994201660156 0
vertex 12.000028610229492 -14.079994201660156 3.549999952316284
endloop
endfacet
facet normal 0 -1 0
outer loop
vertex 21.450027465820312 -18.97999382019043 0
vertex 26.000028610229492 -18.97999382019043 0
vertex 26.000028610229492 -18.97999382019043 3.549999952316284
endloop
endfacet
facet normal 0 1 0
outer loop
vertex 16.55002784729004 -14.079994201660156 0
vertex 12.000028610229492 -14.079994201660156 3.549999952316284
vertex 16.55002784729004 -14.079994201660156 5
endloop
endfacet
facet normal 0 -1 0
outer loop
vertex 73.5500259399414 19.02000617980957 0
vertex 69.00003051757812 19.02000617980957 3.549999952316284
vertex 69.00003051757812 19.02000617980957 0
endloop
endfacet
facet normal 0 1 0
outer loop
vertex 64.00003051757812 -14.079994201660156 0
vertex 59.45002746582031 -14.079994201660156 0
vertex 64.00003051757812 -14.079994201660156 3.549999952316284
endloop
endfacet
facet normal 1 0 0
outer loop
vertex -73.54997253417969 19.170005798339844 5
vertex -73.54997253417969 28.72000503540039 3.549999952316284
vertex -73.54997253417969 33.27000427246094 5
endloop
endfacet
facet normal 0 -1 0
outer loop
vertex 31.000028610229492 -18.97999382019043 0
vertex 35.55002975463867 -18.97999382019043 0
vertex 31.000028610229492 -18.97999382019043 3.549999952316284
endloop
endfacet
facet normal 0 -1 0
outer loop
vertex 64.00003051757812 19.02000617980957 0
vertex 64.00003051757812 19.02000617980957 3.549999952316284
vertex 59.45002746582031 19.02000617980957 0
endloop
endfacet
facet normal 0 1 0
outer loop
vertex 73.5500259399414 4.9200053215026855 0
vertex 69.00003051757812 4.9200053215026855 0
vertex 69.00003051757812 4.9200053215026855 3.549999952316284
endloop
endfacet
facet normal 1 0 0
outer loop
vertex 2.45002818107605 -14.079994201660156 5
vertex 2.45002818107605 0.020005328580737114 0
vertex 2.45002818107605 0.020005328580737114 5
endloop
endfacet
facet normal 0 1 0
outer loop
vertex 26.000028610229492 -14.079994201660156 0
vertex 21.450027465820312 -14.079994201660156 0
vertex 26.000028610229492 -14.079994201660156 3.549999952316284
endloop
endfacet
facet normal 1 0 0
outer loop
vertex -73.54997253417969 19.170005798339844 5
vertex -73.54997253417969 23.72000503540039 3.549999952316284
vertex -73.54997253417969 28.72000503540039 3.549999952316284
endloop
endfacet
facet normal 0 1 0
outer loop
vertex 64.00003051757812 4.9200053215026855 0
vertex 59.45002746582031 4.9200053215026855 0
vertex 64.00003051757812 4.9200053215026855 3.549999952316284
endloop
endfacet
facet normal -1 0 0
outer loop
vertex 16.55002784729004 0.020005328580737114 5
vertex 16.55002784729004 -14.079994201660156 0
vertex 16.55002784729004 -14.079994201660156 5
endloop
endfacet
facet normal 0 -1 0
outer loop
vertex 73.5500259399414 0.020005328580737114 0
vertex 69.00003051757812 0.020005328580737114 3.549999952316284
vertex 69.00003051757812 0.020005328580737114 0
endloop
endfacet
facet normal 0 -1 0
outer loop
vertex 21.450027465820312 -18.97999382019043 0
vertex 26.000028610229492 -18.97999382019043 3.549999952316284
vertex 21.450027465820312 -18.97999382019043 5
endloop
endfacet
facet normal 1 0 0
outer loop
vertex -54.54997253417969 28.72000503540039 0
vertex -54.54997253417969 33.27000427246094 0
vertex -54.54997253417969 28.72000503540039 3.549999952316284
endloop
endfacet
facet normal 0 -1 0
outer loop
vertex 64.00003051757812 0.020005328580737114 0
vertex 64.00003051757812 0.020005328580737114 3.549999952316284
vertex 59.45002746582031 0.020005328580737114 0
endloop
endfacet
facet normal 0 -1 0
outer loop
vertex 50.00002670288086 19.02000617980957 0
vertex 54.55002975463867 19.02000617980957 0
vertex 50.00002670288086 19.02000617980957 3.549999952316284
endloop
endfacet
facet normal 0 -1 0
outer loop
vertex -54.54997253417969 33.27000427246094 5
vertex -40.44997024536133 33.27000427246094 0
vertex -40.44997024536133 33.27000427246094 5
endloop
endfacet
facet normal 1 0 0
outer loop
vertex -54.54997253417969 28.72000503540039 3.549999952316284
vertex -54.54997253417969 33.27000427246094 0
vertex -54.54997253417969 33.27000427246094 5
endloop
endfacet
facet normal -1 0 0
outer loop
vertex -59.44997024536133 33.27000427246094 5
vertex -59.44997024536133 33.27000427246094 0
vertex -59.44997024536133 28.72000503540039 3.549999952316284
endloop
endfacet
facet normal 0 -1 0
outer loop
vertex 40.45002746582031 19.02000617980957 0
vertex 45.00002670288086 19.02000617980957 0
vertex 45.00002670288086 19.02000617980957 3.549999952316284
endloop
endfacet
facet normal 0 1 0
outer loop
vertex 54.55002975463867 4.9200053215026855 0
vertex 50.00002670288086 4.9200053215026855 0
vertex 50.00002670288086 4.9200053215026855 3.549999952316284
endloop
endfacet
facet normal 0 -1 0
outer loop
vertex 50.00002670288086 0.020005328580737114 0
vertex 54.55002975463867 0.020005328580737114 0
vertex 50.00002670288086 0.020005328580737114 3.549999952316284
endloop
endfacet
facet normal 0 1 0
outer loop
vertex 35.55002975463867 -14.079994201660156 0
vertex 31.000028610229492 -14.079994201660156 0
vertex 31.000028610229492 -14.079994201660156 3.549999952316284
endloop
endfacet
facet normal 0 -1 0
outer loop
vertex -73.54997253417969 33.27000427246094 5
vertex -59.44997024536133 33.27000427246094 0
vertex -59.44997024536133 33.27000427246094 5
endloop
endfacet
facet normal 1 0 0
outer loop
vertex -73.54997253417969 28.72000503540039 3.549999952316284
vertex -73.54997253417969 33.27000427246094 0
vertex -73.54997253417969 33.27000427246094 5
endloop
endfacet
facet normal 0 1 0
outer loop
vertex 45.00002670288086 4.9200053215026855 0
vertex 40.45002746582031 4.9200053215026855 0
vertex 45.00002670288086 4.9200053215026855 3.549999952316284
endloop
endfacet
facet normal 0 -1 0
outer loop
vertex 73.5500259399414 -18.97999382019043 0
vertex 69.00003051757812 -18.97999382019043 3.549999952316284
vertex 69.00003051757812 -18.97999382019043 0
endloop
endfacet
facet normal 0 1 0
outer loop
vertex 16.55002784729004 -33.079994201660156 0
vertex 12.000028610229492 -33.079994201660156 0
vertex 12.000028610229492 -33.079994201660156 3.549999952316284
endloop
endfacet
facet normal -1 0 0
outer loop
vertex 16.55002784729004 -26.28175926208496 0
vertex 16.55002784729004 -30.275907516479492 0
vertex 16.55002784729004 -18.97999382019043 5
endloop
endfacet
facet normal 0 1 0
outer loop
vertex 35.55002975463867 -33.079994201660156 0
vertex 31.000028610229492 -33.079994201660156 0
vertex 31.000028610229492 -33.079994201660156 3.549999952316284
endloop
endfacet
facet normal 0 -1 0
outer loop
vertex 40.45002746582031 0.020005328580737114 0
vertex 45.00002670288086 0.020005328580737114 0
vertex 45.00002670288086 0.020005328580737114 3.549999952316284
endloop
endfacet
facet normal 0 -1 0
outer loop
vertex 54.70002746582031 38.02000427246094 5
vertex 64.25003051757812 38.02000427246094 3.549999952316284
vertex 68.8000259399414 38.02000427246094 5
endloop
endfacet
facet normal 0 1 0
outer loop
vertex 68.8000259399414 23.920005798339844 5
vertex 64.25003051757812 23.920005798339844 3.549999952316284
vertex 59.25002670288086 23.920005798339844 3.549999952316284
endloop
endfacet
facet normal -1 0 0
outer loop
vertex -59.44997024536133 33.27000427246094 0
vertex -59.44997024536133 28.72000503540039 0
vertex -59.44997024536133 28.72000503540039 3.549999952316284
endloop
endfacet
facet normal 1 0 0
outer loop
vertex -54.54997253417969 23.72000503540039 0
vertex -54.54997253417969 23.72000503540039 3.549999952316284
vertex -54.54997253417969 19.170005798339844 0
endloop
endfacet
facet normal 1 0 0
outer loop
vertex 35.70002746582031 38.02000427246094 0
vertex 35.70002746582031 23.920005798339844 5
vertex 35.70002746582031 23.920005798339844 0
endloop
endfacet
facet normal -1 0 0
outer loop
vertex 28.42502784729004 38.02000427246094 0
vertex 28.42502784729004 23.920005798339844 0
vertex 28.42502784729004 38.02000427246094 5
endloop
endfacet
facet normal -1 0 0
outer loop
vertex -59.44997024536133 23.72000503540039 0
vertex -59.44997024536133 19.170005798339844 0
vertex -59.44997024536133 23.72000503540039 3.549999952316284
endloop
endfacet
facet normal 1 0 0
outer loop
vertex 2.45002818107605 -14.079994201660156 0
vertex 2.45002818107605 0.020005328580737114 0
vertex 2.45002818107605 -14.079994201660156 5
endloop
endfacet
facet normal -1 0 0
outer loop
vertex 16.55002784729004 0.020005328580737114 0
vertex 16.55002784729004 -14.079994201660156 0
vertex 16.55002784729004 0.020005328580737114 5
endloop
endfacet
facet normal 0 1 0
outer loop
vertex -40.44997024536133 19.170005798339844 5
vertex -54.54997253417969 19.170005798339844 0
vertex -54.54997253417969 19.170005798339844 5
endloop
endfacet
facet normal 1 0 0
outer loop
vertex -54.54997253417969 19.170005798339844 0
vertex -54.54997253417969 23.72000503540039 3.549999952316284
vertex -54.54997253417969 19.170005798339844 5
endloop
endfacet
facet normal 1 0 0
outer loop
vertex 14.325028419494629 38.02000427246094 0
vertex 14.325028419494629 23.920005798339844 5
vertex 14.325028419494629 23.920005798339844 0
endloop
endfacet
facet normal -1 0 0
outer loop
vertex 4.675028324127197 38.02000427246094 0
vertex 4.675028324127197 23.920005798339844 0
vertex 4.675028324127197 38.02000427246094 5
endloop
endfacet
facet normal -1 0 0
outer loop
vertex -59.44997024536133 23.72000503540039 3.549999952316284
vertex -59.44997024536133 19.170005798339844 0
vertex -59.44997024536133 19.170005798339844 5
endloop
endfacet
facet normal 0 -1 0
outer loop
vertex 40.25002670288086 38.02000427246094 0
vertex 40.25002670288086 38.02000427246094 3.549999952316284
vertex 35.70002746582031 38.02000427246094 0
endloop
endfacet
facet normal 0 -1 0
outer loop
vertex 28.42502784729004 38.02000427246094 0
vertex 23.875028610229492 38.02000427246094 3.549999952316284
vertex 23.875028610229492 38.02000427246094 0
endloop
endfacet
facet normal 1 0 0
outer loop
vertex 21.450027465820312 -33.079994201660156 5
vertex 21.450027465820312 -21.83846092224121 0
vertex 21.450027465820312 -18.97999382019043 0
endloop
endfacet
facet normal -1 0 0
outer loop
vertex 35.55002975463867 -18.97999382019043 0
vertex 35.55002975463867 -33.079994201660156 0
vertex 35.55002975463867 -18.97999382019043 5
endloop
endfacet
facet normal 0 -1 0
outer loop
vertex 31.000028610229492 -18.97999382019043 3.549999952316284
vertex 35.55002975463867 -18.97999382019043 0
vertex 35.55002975463867 -18.97999382019043 5
endloop
endfacet
facet normal 0 1 0
outer loop
vertex 40.25002670288086 23.920005798339844 0
vertex 35.70002746582031 23.920005798339844 0
vertex 40.25002670288086 23.920005798339844 3.549999952316284
endloop
endfacet
facet normal 0 1 0
outer loop
vertex 28.42502784729004 23.920005798339844 0
vertex 23.875028610229492 23.920005798339844 0
vertex 23.875028610229492 23.920005798339844 3.549999952316284
endloop
endfacet
facet normal 1 0 0
outer loop
vertex 21.450027465820312 -33.079994201660156 5
vertex 21.450027465820312 -18.97999382019043 0
vertex 21.450027465820312 -18.97999382019043 5
endloop
endfacet
facet normal 0 1 0
outer loop
vertex -59.44997024536133 19.170005798339844 5
vertex -73.54997253417969 19.170005798339844 0
vertex -73.54997253417969 19.170005798339844 5
endloop
endfacet
facet normal 0 -1 0
outer loop
vertex 18.875028610229492 38.02000427246094 0
vertex 18.875028610229492 38.02000427246094 3.549999952316284
vertex 14.325028419494629 38.02000427246094 0
endloop
endfacet
facet normal 0 -1 0
outer loop
vertex 4.675028324127197 38.02000427246094 0
vertex 0.12502822279930115 38.02000427246094 3.549999952316284
vertex 0.12502822279930115 38.02000427246094 0
endloop
endfacet
facet normal 0 -1 0
outer loop
vertex 64.00003051757812 -18.97999382019043 0
vertex 64.00003051757812 -18.97999382019043 3.549999952316284
vertex 59.45002746582031 -18.97999382019043 0
endloop
endfacet
facet normal 1 0 0
outer loop
vertex -73.54997253417969 19.170005798339844 0
vertex -73.54997253417969 23.72000503540039 3.549999952316284
vertex -73.54997253417969 19.170005798339844 5
endloop
endfacet
facet normal 1 0 0
outer loop
vertex 21.450027465820312 -14.079994201660156 0
vertex 21.450027465820312 0.020005328580737114 0
vertex 21.450027465820312 -14.079994201660156 5
endloop
endfacet
facet normal 0 1 0
outer loop
vertex 18.875028610229492 23.920005798339844 0
vertex 14.325028419494629 23.920005798339844 0
vertex 18.875028610229492 23.920005798339844 3.549999952316284
endloop
endfacet
facet normal 0 1 0
outer loop
vertex 4.675028324127197 23.920005798339844 0
vertex 0.12502822279930115 23.920005798339844 0
vertex 0.12502822279930115 23.920005798339844 3.549999952316284
endloop
endfacet
facet normal 1 0 0
outer loop
vertex 40.45002746582031 -14.079994201660156 0
vertex 40.45002746582031 0.020005328580737114 0
vertex 40.45002746582031 -14.079994201660156 5
endloop
endfacet
facet normal 0 1 0
outer loop
vertex -11.999971389770508 -33.079994201660156 3.549999952316284
vertex -16.549972534179688 -33.079994201660156 0
vertex -16.549972534179688 -33.079994201660156 5
endloop
endfacet
facet normal 0 1 0
outer loop
vertex -2.4499716758728027 -33.079994201660156 0
vertex -6.999971866607666 -33.079994201660156 3.549999952316284
vertex -2.4499716758728027 -33.079994201660156 5
endloop
endfacet
facet normal 1 0 0
outer loop
vertex 40.45002746582031 -33.079994201660156 5
vertex 40.45002746582031 -18.97999382019043 0
vertex 40.45002746582031 -18.97999382019043 5
endloop
endfacet
facet normal 0 1 0
outer loop
vertex 26.000028610229492 -14.079994201660156 3.549999952316284
vertex 21.450027465820312 -14.079994201660156 0
vertex 21.450027465820312 -14.079994201660156 5
endloop
endfacet
facet normal -1 0 0
outer loop
vertex -2.4499716758728027 -18.97999382019043 5
vertex -2.4499716758728027 -33.079994201660156 0
vertex -2.4499716758728027 -33.079994201660156 5
endloop
endfacet
facet normal -1 0 0
outer loop
vertex 35.55002975463867 0.020005328580737114 0
vertex 35.55002975463867 -14.079994201660156 0
vertex 35.55002975463867 0.020005328580737114 5
endloop
endfacet
facet normal 0 1 0
outer loop
vertex 45.00002670288086 -33.079994201660156 0
vertex 40.45002746582031 -33.079994201660156 0
vertex 45.00002670288086 -33.079994201660156 3.549999952316284
endloop
endfacet
facet normal 0 1 0
outer loop
vertex 35.55002975463867 -14.079994201660156 0
vertex 31.000028610229492 -14.079994201660156 3.549999952316284
vertex 35.55002975463867 -14.079994201660156 5
endloop
endfacet
facet normal 1 0 0
outer loop
vertex 40.45002746582031 19.02000617980957 0
vertex 40.45002746582031 4.9200053215026855 5
vertex 40.45002746582031 4.9200053215026855 0
endloop
endfacet
facet normal -1 0 0
outer loop
vertex 35.55002975463867 19.02000617980957 0
vertex 35.55002975463867 4.9200053215026855 0
vertex 35.55002975463867 19.02000617980957 5
endloop
endfacet
facet normal 1 0 0
outer loop
vertex 21.450027465820312 19.02000617980957 0
vertex 21.450027465820312 4.9200053215026855 5
vertex 21.450027465820312 4.9200053215026855 0
endloop
endfacet
facet normal 1 0 0
outer loop
vertex -9.424971580505371 38.02000427246094 0
vertex -9.424971580505371 23.920005798339844 5
vertex -9.424971580505371 23.920005798339844 0
endloop
endfacet
facet normal -1 0 0
outer loop
vertex -19.07497215270996 38.02000427246094 0
vertex -19.07497215270996 23.920005798339844 0
vertex -19.07497215270996 38.02000427246094 5
endloop
endfacet
facet normal 1 0 0
outer loop
vertex -33.17497253417969 38.02000427246094 0
vertex -33.17497253417969 23.920005798339844 5
vertex -33.17497253417969 23.920005798339844 0
endloop
endfacet
facet normal 0 -1 0
outer loop
vertex -4.874971866607666 38.02000427246094 0
vertex -4.874971866607666 38.02000427246094 3.549999952316284
vertex -9.424971580505371 38.02000427246094 0
endloop
endfacet
facet normal 0 -1 0
outer loop
vertex -11.999971389770508 19.02000617980957 0
vertex -11.999971389770508 19.02000617980957 3.549999952316284
vertex -16.549972534179688 19.02000617980957 0
endloop
endfacet
facet normal 0 1 0
outer loop
vertex -2.4499716758728027 -33.079994201660156 5
vertex -6.999971866607666 -33.079994201660156 3.549999952316284
vertex -11.999971389770508 -33.079994201660156 3.549999952316284
endloop
endfacet
facet normal 0 1 0
outer loop
vertex -2.4499716758728027 -33.079994201660156 5
vertex -11.999971389770508 -33.079994201660156 3.549999952316284
vertex -16.549972534179688 -33.079994201660156 5
endloop
endfacet
facet normal 1 0 0
outer loop
vertex 21.450027465820312 -14.079994201660156 5
vertex 21.450027465820312 0.020005328580737114 0
vertex 21.450027465820312 0.020005328580737114 5
endloop
endfacet
facet normal 0 1 0
outer loop
vertex 54.55002975463867 -33.079994201660156 0
vertex 50.00002670288086 -33.079994201660156 0
vertex 50.00002670288086 -33.079994201660156 3.549999952316284
endloop
endfacet
facet normal 0 1 0
outer loop
vertex 64.00003051757812 -33.079994201660156 0
vertex 59.45002746582031 -33.079994201660156 0
vertex 64.00003051757812 -33.079994201660156 3.549999952316284
endloop
endfacet
facet normal 0 1 0
outer loop
vertex -4.874971866607666 23.920005798339844 0
vertex -9.424971580505371 23.920005798339844 0
vertex -4.874971866607666 23.920005798339844 3.549999952316284
endloop
endfacet
facet normal -1 0 0
outer loop
vertex 16.55002784729004 19.02000617980957 0
vertex 16.55002784729004 4.9200053215026855 0
vertex 16.55002784729004 19.02000617980957 5
endloop
endfacet
facet normal 1 0 0
outer loop
vertex 2.45002818107605 19.02000617980957 0
vertex 2.45002818107605 4.9200053215026855 5
vertex 2.45002818107605 4.9200053215026855 0
endloop
endfacet
facet normal -1 0 0
outer loop
vertex 35.55002975463867 0.020005328580737114 5
vertex 35.55002975463867 -14.079994201660156 0
vertex 35.55002975463867 -14.079994201660156 5
endloop
endfacet
facet normal 1 0 0
outer loop
vertex 40.45002746582031 -14.079994201660156 5
vertex 40.45002746582031 0.020005328580737114 0
vertex 40.45002746582031 0.020005328580737114 5
endloop
endfacet
facet normal 0 -1 0
outer loop
vertex 2.45002818107605 -18.97999382019043 5
vertex 7.000028133392334 -18.97999382019043 3.549999952316284
vertex 12.000028610229492 -18.97999382019043 3.549999952316284
endloop
endfacet
facet normal 0 1 0
outer loop
vertex 73.5500259399414 -33.079994201660156 0
vertex 69.00003051757812 -33.079994201660156 0
vertex 69.00003051757812 -33.079994201660156 3.549999952316284
endloop
endfacet
facet normal 1 0 0
outer loop
vertex 59.45002746582031 -18.97999382019043 0
vertex 59.45002746582031 -33.079994201660156 5
vertex 59.45002746582031 -33.079994201660156 0
endloop
endfacet
facet normal 0 -1 0
outer loop
vertex -16.549972534179688 -18.97999382019043 0
vertex -11.999971389770508 -18.97999382019043 3.549999952316284
vertex -16.549972534179688 -18.97999382019043 5
endloop
endfacet
facet normal 0 -1 0
outer loop
vertex -6.999971866607666 -18.97999382019043 3.549999952316284
vertex -2.4499716758728027 -18.97999382019043 0
vertex -2.4499716758728027 -18.97999382019043 5
endloop
endfacet
facet normal 1 0 0
outer loop
vertex -16.549972534179688 -33.079994201660156 5
vertex -16.549972534179688 -18.97999382019043 0
vertex -16.549972534179688 -18.97999382019043 5
endloop
endfacet
facet normal 0 -1 0
outer loop
vertex 2.45002818107605 -18.97999382019043 5
vertex 12.000028610229492 -18.97999382019043 3.549999952316284
vertex 16.55002784729004 -18.97999382019043 5
endloop
endfacet
facet normal 0 1 0
outer loop
vertex 16.55002784729004 -14.079994201660156 5
vertex 12.000028610229492 -14.079994201660156 3.549999952316284
vertex 7.000028133392334 -14.079994201660156 3.549999952316284
endloop
endfacet
facet normal 0 1 0
outer loop
vertex 16.55002784729004 -14.079994201660156 5
vertex 7.000028133392334 -14.079994201660156 3.549999952316284
vertex 2.45002818107605 -14.079994201660156 5
endloop
endfacet
facet normal 0 1 0
outer loop
vertex -11.999971389770508 -14.079994201660156 3.549999952316284
vertex -16.549972534179688 -14.079994201660156 0
vertex -16.549972534179688 -14.079994201660156 5
endloop
endfacet
facet normal 0 1 0
outer loop
vertex -2.4499716758728027 -14.079994201660156 0
vertex -6.999971866607666 -14.079994201660156 3.549999952316284
vertex -2.4499716758728027 -14.079994201660156 5
endloop
endfacet
facet normal 1 0 0
outer loop
vertex -16.549972534179688 -14.079994201660156 5
vertex -16.549972534179688 0.020005328580737114 0
vertex -16.549972534179688 0.020005328580737114 5
endloop
endfacet
facet normal -1 0 0
outer loop
vertex -2.4499716758728027 0.020005328580737114 5
vertex -2.4499716758728027 -14.079994201660156 0
vertex -2.4499716758728027 -14.079994201660156 5
endloop
endfacet
facet normal 0 -1 0
outer loop
vertex -19.07497215270996 38.02000427246094 0
vertex -23.624971389770508 38.02000427246094 3.549999952316284
vertex -23.624971389770508 38.02000427246094 0
endloop
endfacet
facet normal 0 -1 0
outer loop
vertex -28.624971389770508 38.02000427246094 0
vertex -28.624971389770508 38.02000427246094 3.549999952316284
vertex -33.17497253417969 38.02000427246094 0
endloop
endfacet
facet normal 0 -1 0
outer loop
vertex 31.000028610229492 19.02000617980957 0
vertex 35.55002975463867 19.02000617980957 0
vertex 31.000028610229492 19.02000617980957 3.549999952316284
endloop
endfacet
facet normal 0 -1 0
outer loop
vertex 21.450027465820312 -18.97999382019043 5
vertex 26.000028610229492 -18.97999382019043 3.549999952316284
vertex 31.000028610229492 -18.97999382019043 3.549999952316284
endloop
endfacet
facet normal 0 -1 0
outer loop
vertex 21.450027465820312 -18.97999382019043 5
vertex 31.000028610229492 -18.97999382019043 3.549999952316284
vertex 35.55002975463867 -18.97999382019043 5
endloop
endfacet
facet normal 0 1 0
outer loop
vertex 35.55002975463867 -14.079994201660156 5
vertex 31.000028610229492 -14.079994201660156 3.549999952316284
vertex 26.000028610229492 -14.079994201660156 3.549999952316284
endloop
endfacet
facet normal 0 -1 0
outer loop
vertex -16.549972534179688 -18.97999382019043 5
vertex -11.999971389770508 -18.97999382019043 3.549999952316284
vertex -6.999971866607666 -18.97999382019043 3.549999952316284
endloop
endfacet
facet normal 0 -1 0
outer loop
vertex 26.000028610229492 19.02000617980957 0
vertex 26.000028610229492 19.02000617980957 3.549999952316284
vertex 21.450027465820312 19.02000617980957 0
endloop
endfacet
facet normal 0 1 0
outer loop
vertex 35.55002975463867 4.9200053215026855 0
vertex 31.000028610229492 4.9200053215026855 0
vertex 31.000028610229492 4.9200053215026855 3.549999952316284
endloop
endfacet
facet normal 0 1 0
outer loop
vertex 35.55002975463867 -14.079994201660156 5
vertex 26.000028610229492 -14.079994201660156 3.549999952316284
vertex 21.450027465820312 -14.079994201660156 5
endloop
endfacet
facet normal 0 -1 0
outer loop
vertex 31.000028610229492 0.020005328580737114 0
vertex 35.55002975463867 0.020005328580737114 0
vertex 31.000028610229492 0.020005328580737114 3.549999952316284
endloop
endfacet
facet normal 0 1 0
outer loop
vertex -19.07497215270996 23.920005798339844 0
vertex -23.624971389770508 23.920005798339844 0
vertex -23.624971389770508 23.920005798339844 3.549999952316284
endloop
endfacet
facet normal 0 1 0
outer loop
vertex -28.624971389770508 23.920005798339844 0
vertex -33.17497253417969 23.920005798339844 0
vertex -28.624971389770508 23.920005798339844 3.549999952316284
endloop
endfacet
facet normal 0 -1 0
outer loop
vertex -16.549972534179688 -18.97999382019043 5
vertex -6.999971866607666 -18.97999382019043 3.549999952316284
vertex -2.4499716758728027 -18.97999382019043 5
endloop
endfacet
facet normal -1 0 0
outer loop
vertex -40.44997024536133 33.27000427246094 0
vertex -40.44997024536133 28.72000503540039 0
vertex -40.44997024536133 28.72000503540039 3.549999952316284
endloop
endfacet
facet normal 0 1 0
outer loop
vertex 26.000028610229492 4.9200053215026855 0
vertex 21.450027465820312 4.9200053215026855 0
vertex 26.000028610229492 4.9200053215026855 3.549999952316284
endloop
endfacet
facet normal 0 1 0
outer loop
vertex -2.4499716758728027 -14.079994201660156 5
vertex -6.999971866607666 -14.079994201660156 3.549999952316284
vertex -11.999971389770508 -14.079994201660156 3.549999952316284
endloop
endfacet
facet normal 0 1 0
outer loop
vertex -2.4499716758728027 -14.079994201660156 5
vertex -11.999971389770508 -14.079994201660156 3.549999952316284
vertex -16.549972534179688 -14.079994201660156 5
endloop
endfacet
facet normal -1 0 0
outer loop
vertex -40.44997024536133 23.72000503540039 0
vertex -40.44997024536133 19.170005798339844 0
vertex -40.44997024536133 23.72000503540039 3.549999952316284
endloop
endfacet
facet normal 0 1 0
outer loop
vertex 45.00002670288086 -33.079994201660156 3.549999952316284
vertex 40.45002746582031 -33.079994201660156 0
vertex 40.45002746582031 -33.079994201660156 5
endloop
endfacet
facet normal 0 -1 0
outer loop
vertex 26.000028610229492 0.020005328580737114 0
vertex 26.000028610229492 0.020005328580737114 3.549999952316284
vertex 21.450027465820312 0.020005328580737114 0
endloop
endfacet
facet normal 0 -1 0
outer loop
vertex 16.55002784729004 19.02000617980957 0
vertex 12.000028610229492 19.02000617980957 3.549999952316284
vertex 12.000028610229492 19.02000617980957 0
endloop
endfacet
facet normal 0 -1 0
outer loop
vertex 40.45002746582031 -18.97999382019043 0
vertex 43.514041900634766 -18.97999382019043 0
vertex 45.00002670288086 -18.97999382019043 3.549999952316284
endloop
endfacet
facet normal 0 -1 0
outer loop
vertex 45.00002670288086 -18.97999382019043 3.549999952316284
vertex 43.514041900634766 -18.97999382019043 0
vertex 45.00002670288086 -18.97999382019043 0
endloop
endfacet
facet normal 0 1 0
outer loop
vertex 54.55002975463867 -33.079994201660156 0
vertex 50.00002670288086 -33.079994201660156 3.549999952316284
vertex 54.55002975463867 -33.079994201660156 5
endloop
endfacet
facet normal 0 -1 0
outer loop
vertex 7.000028133392334 19.02000617980957 0
vertex 7.000028133392334 19.02000617980957 3.549999952316284
vertex 2.45002818107605 19.02000617980957 0
endloop
endfacet
facet normal 0 1 0
outer loop
vertex 16.55002784729004 4.9200053215026855 0
vertex 12.000028610229492 4.9200053215026855 0
vertex 12.000028610229492 4.9200053215026855 3.549999952316284
endloop
endfacet
facet normal 1 0 0
outer loop
vertex -73.54997253417969 28.72000503540039 0
vertex -73.54997253417969 33.27000427246094 0
vertex -73.54997253417969 28.72000503540039 3.549999952316284
endloop
endfacet
facet normal 0 -1 0
outer loop
vertex 16.55002784729004 0.020005328580737114 0
vertex 12.000028610229492 0.020005328580737114 3.549999952316284
vertex 12.000028610229492 0.020005328580737114 0
endloop
endfacet
facet normal 0 -1 0
outer loop
vertex -2.4499716758728027 19.02000617980957 0
vertex -6.999971866607666 19.02000617980957 3.549999952316284
vertex -6.999971866607666 19.02000617980957 0
endloop
endfacet
facet normal 0 1 0
outer loop
vertex 45.00002670288086 -14.079994201660156 0
vertex 40.45002746582031 -14.079994201660156 0
vertex 45.00002670288086 -14.079994201660156 3.549999952316284
endloop
endfacet
facet normal 0 1 0
outer loop
vertex 54.55002975463867 -14.079994201660156 0
vertex 51.34738540649414 -14.079994201660156 0
vertex 50.00002670288086 -14.079994201660156 3.549999952316284
endloop
endfacet
facet normal 0 1 0
outer loop
vertex 7.000028133392334 4.9200053215026855 0
vertex 2.45002818107605 4.9200053215026855 0
vertex 7.000028133392334 4.9200053215026855 3.549999952316284
endloop
endfacet
facet normal -1 0 0
outer loop
vertex -2.4499716758728027 19.02000617980957 0
vertex -2.4499716758728027 4.9200053215026855 0
vertex -2.4499716758728027 19.02000617980957 5
endloop
endfacet
facet normal 1 0 0
outer loop
vertex -16.549972534179688 19.02000617980957 0
vertex -16.549972534179688 4.9200053215026855 5
vertex -16.549972534179688 4.9200053215026855 0
endloop
endfacet
facet normal 0 -1 0
outer loop
vertex 7.000028133392334 0.020005328580737114 0
vertex 7.000028133392334 0.020005328580737114 3.549999952316284
vertex 2.45002818107605 0.020005328580737114 0
endloop
endfacet
facet normal 0 1 0
outer loop
vertex 73.5500259399414 -14.079994201660156 5
vertex 64.00003051757812 -14.079994201660156 3.549999952316284
vertex 59.45002746582031 -14.079994201660156 5
endloop
endfacet
facet normal 0 1 0
outer loop
vertex 73.5500259399414 -14.079994201660156 5
vertex 69.00003051757812 -14.079994201660156 3.549999952316284
vertex 64.00003051757812 -14.079994201660156 3.549999952316284
endloop
endfacet
facet normal 0 -1 0
outer loop
vertex 59.45002746582031 -18.97999382019043 5
vertex 69.00003051757812 -18.97999382019043 3.549999952316284
vertex 73.5500259399414 -18.97999382019043 5
endloop
endfacet
facet normal 0 -1 0
outer loop
vertex 59.45002746582031 -18.97999382019043 5
vertex 64.00003051757812 -18.97999382019043 3.549999952316284
vertex 69.00003051757812 -18.97999382019043 3.549999952316284
endloop
endfacet
facet normal 0 1 0
outer loop
vertex 45.00002670288086 -14.079994201660156 3.549999952316284
vertex 40.45002746582031 -14.079994201660156 5
vertex 54.55002975463867 -14.079994201660156 5
endloop
endfacet
facet normal 0 1 0
outer loop
vertex 54.55002975463867 -14.079994201660156 5
vertex 50.00002670288086 -14.079994201660156 3.549999952316284
vertex 45.00002670288086 -14.079994201660156 3.549999952316284
endloop
endfacet
facet normal 0 -1 0
outer loop
vertex 40.45002746582031 -18.97999382019043 5
vertex 50.00002670288086 -18.97999382019043 3.549999952316284
vertex 54.55002975463867 -18.97999382019043 5
endloop
endfacet
facet normal 0 -1 0
outer loop
vertex 40.45002746582031 -18.97999382019043 5
vertex 45.00002670288086 -18.97999382019043 3.549999952316284
vertex 50.00002670288086 -18.97999382019043 3.549999952316284
endloop
endfacet
facet normal -1 0 0
outer loop
vertex 73.5500259399414 0.020005328580737114 5
vertex 73.5500259399414 -14.079994201660156 0
vertex 73.5500259399414 -14.079994201660156 5
endloop
endfacet
facet normal 0 1 0
outer loop
vertex 51.34738540649414 -14.079994201660156 0
vertex 50.00002670288086 -14.079994201660156 0
vertex 50.00002670288086 -14.079994201660156 3.549999952316284
endloop
endfacet
facet normal 0 1 0
outer loop
vertex 73.5500259399414 -14.079994201660156 0
vertex 69.00003051757812 -14.079994201660156 3.549999952316284
vertex 73.5500259399414 -14.079994201660156 5
endloop
endfacet
facet normal 1 0 0
outer loop
vertex -73.54997253417969 23.72000503540039 0
vertex -73.54997253417969 23.72000503540039 3.549999952316284
vertex -73.54997253417969 19.170005798339844 0
endloop
endfacet
facet normal 0 1 0
outer loop
vertex 64.00003051757812 -33.079994201660156 3.549999952316284
vertex 59.45002746582031 -33.079994201660156 0
vertex 59.45002746582031 -33.079994201660156 5
endloop
endfacet
facet normal -1 0 0
outer loop
vertex 54.55002975463867 -18.97999382019043 5
vertex 54.55002975463867 -33.079994201660156 0
vertex 54.55002975463867 -33.079994201660156 5
endloop
endfacet
facet normal 0 -1 0
outer loop
vertex 69.00003051757812 -18.97999382019043 3.549999952316284
vertex 73.5500259399414 -18.97999382019043 0
vertex 73.5500259399414 -18.97999382019043 5
endloop
endfacet
facet normal 1 0 0
outer loop
vertex 59.45002746582031 -14.079994201660156 5
vertex 59.45002746582031 0.020005328580737114 0
vertex 59.45002746582031 0.020005328580737114 5
endloop
endfacet
facet normal -1 0 0
outer loop
vertex 54.55002975463867 0.020005328580737114 5
vertex 54.55002975463867 -14.079994201660156 0
vertex 54.55002975463867 -14.079994201660156 5
endloop
endfacet
facet normal -1 0 0
outer loop
vertex -21.44997215270996 19.02000617980957 0
vertex -21.44997215270996 4.9200053215026855 0
vertex -21.44997215270996 19.02000617980957 5
endloop
endfacet
facet normal 0 1 0
outer loop
vertex 64.00003051757812 -14.079994201660156 3.549999952316284
vertex 59.45002746582031 -14.079994201660156 0
vertex 59.45002746582031 -14.079994201660156 5
endloop
endfacet
facet normal 0 1 0
outer loop
vertex 54.55002975463867 -14.079994201660156 0
vertex 50.00002670288086 -14.079994201660156 3.549999952316284
vertex 54.55002975463867 -14.079994201660156 5
endloop
endfacet
facet normal 0 1 0
outer loop
vertex 45.00002670288086 -14.079994201660156 3.549999952316284
vertex 40.45002746582031 -14.079994201660156 0
vertex 40.45002746582031 -14.079994201660156 5
endloop
endfacet
facet normal 0 1 0
outer loop
vertex -59.44997024536133 19.170005798339844 0
vertex -73.54997253417969 19.170005798339844 0
vertex -59.44997024536133 19.170005798339844 5
endloop
endfacet
facet normal 1 0 0
outer loop
vertex 59.45002746582031 -33.079994201660156 5
vertex 59.45002746582031 -18.97999382019043 0
vertex 59.45002746582031 -18.97999382019043 5
endloop
endfacet
facet normal 1 0 0
outer loop
vertex -35.54997253417969 19.02000617980957 0
vertex -35.54997253417969 4.9200053215026855 5
vertex -35.54997253417969 4.9200053215026855 0
endloop
endfacet
facet normal 0 1 0
outer loop
vertex 73.5500259399414 -33.079994201660156 0
vertex 69.00003051757812 -33.079994201660156 3.549999952316284
vertex 73.5500259399414 -33.079994201660156 5
endloop
endfacet
facet normal -1 0 0
outer loop
vertex 73.5500259399414 -18.97999382019043 5
vertex 73.5500259399414 -33.079994201660156 0
vertex 73.5500259399414 -33.079994201660156 5
endloop
endfacet
facet normal 0 -1 0
outer loop
vertex 59.45002746582031 -18.97999382019043 0
vertex 64.00003051757812 -18.97999382019043 3.549999952316284
vertex 59.45002746582031 -18.97999382019043 5
endloop
endfacet
facet normal 0 -1 0
outer loop
vertex 50.00002670288086 -18.97999382019043 3.549999952316284
vertex 54.55002975463867 -18.97999382019043 0
vertex 54.55002975463867 -18.97999382019043 5
endloop
endfacet
facet normal 0 -1 0
outer loop
vertex 40.45002746582031 -18.97999382019043 5
vertex 40.45002746582031 -18.97999382019043 0
vertex 45.00002670288086 -18.97999382019043 3.549999952316284
endloop
endfacet
facet normal 0 1 0
outer loop
vertex -40.44997024536133 19.170005798339844 0
vertex -54.54997253417969 19.170005798339844 0
vertex -40.44997024536133 19.170005798339844 5
endloop
endfacet
facet normal 0 1 0
outer loop
vertex 73.5500259399414 -33.079994201660156 5
vertex 64.00003051757812 -33.079994201660156 3.549999952316284
vertex 59.45002746582031 -33.079994201660156 5
endloop
endfacet
facet normal 0 1 0
outer loop
vertex 73.5500259399414 -33.079994201660156 5
vertex 69.00003051757812 -33.079994201660156 3.549999952316284
vertex 64.00003051757812 -33.079994201660156 3.549999952316284
endloop
endfacet
facet normal 0 1 0
outer loop
vertex 45.00002670288086 -33.079994201660156 3.549999952316284
vertex 40.45002746582031 -33.079994201660156 5
vertex 54.55002975463867 -33.079994201660156 5
endloop
endfacet
facet normal 1 0 0
outer loop
vertex 64.00003051757812 -18.97999382019043 3.549999952316284
vertex 64.00003051757812 -18.27999496459961 0
vertex 64.00003051757812 -18.27999496459961 3.549999952316284
endloop
endfacet
facet normal 0 1 0
outer loop
vertex 69.00003051757812 -33.77999496459961 0
vertex 64.00003051757812 -33.77999496459961 3.549999952316284
vertex 69.00003051757812 -33.77999496459961 3.549999952316284
endloop
endfacet
facet normal 0 0 -1
outer loop
vertex 69.00003051757812 -33.079994201660156 3.549999952316284
vertex 69.00003051757812 -33.77999496459961 3.549999952316284
vertex 64.00003051757812 -33.079994201660156 3.549999952316284
endloop
endfacet
facet normal 0 0 -1
outer loop
vertex 69.00003051757812 -33.77999496459961 3.549999952316284
vertex 64.00003051757812 -33.77999496459961 3.549999952316284
vertex 64.00003051757812 -33.079994201660156 3.549999952316284
endloop
endfacet
facet normal -1 0 0
outer loop
vertex 69.00003051757812 -18.27999496459961 3.549999952316284
vertex 69.00003051757812 -18.97999382019043 0
vertex 69.00003051757812 -18.97999382019043 3.549999952316284
endloop
endfacet
facet normal 0 0 -1
outer loop
vertex 64.00003051757812 -18.27999496459961 3.549999952316284
vertex 69.00003051757812 -18.97999382019043 3.549999952316284
vertex 64.00003051757812 -18.97999382019043 3.549999952316284
endloop
endfacet
facet normal 0 -1 0
outer loop
vertex 64.00003051757812 -18.27999496459961 3.549999952316284
vertex 64.00003051757812 -18.27999496459961 0
vertex 69.00003051757812 -18.27999496459961 3.549999952316284
endloop
endfacet
facet normal -1 0 0
outer loop
vertex 69.00003051757812 -18.27999496459961 0
vertex 69.00003051757812 -18.97999382019043 0
vertex 69.00003051757812 -18.27999496459961 3.549999952316284
endloop
endfacet
facet normal 0 -1 0
outer loop
vertex 69.00003051757812 -18.27999496459961 0
vertex 69.00003051757812 -18.27999496459961 3.549999952316284
vertex 64.00003051757812 -18.27999496459961 0
endloop
endfacet
facet normal 0 0 -1
outer loop
vertex 69.00003051757812 -18.27999496459961 3.549999952316284
vertex 69.00003051757812 -18.97999382019043 3.549999952316284
vertex 64.00003051757812 -18.27999496459961 3.549999952316284
endloop
endfacet
facet normal 1 0 0
outer loop
vertex 64.00003051757812 -18.97999382019043 3.549999952316284
vertex 64.00003051757812 -18.97999382019043 0
vertex 64.00003051757812 -18.27999496459961 0
endloop
endfacet
facet normal 1 0 0
outer loop
vertex 64.00003051757812 -33.079994201660156 0
vertex 64.00003051757812 -33.77999496459961 3.549999952316284
vertex 64.00003051757812 -33.77999496459961 0
endloop
endfacet
facet normal 0 1 0
outer loop
vertex 69.00003051757812 -33.77999496459961 0
vertex 64.00003051757812 -33.77999496459961 0
vertex 64.00003051757812 -33.77999496459961 3.549999952316284
endloop
endfacet
facet normal -1 0 0
outer loop
vertex 69.00003051757812 -33.079994201660156 0
vertex 69.00003051757812 -33.77999496459961 0
vertex 69.00003051757812 -33.079994201660156 3.549999952316284
endloop
endfacet
facet normal 1 0 0
outer loop
vertex 64.00003051757812 -33.77999496459961 3.549999952316284
vertex 64.00003051757812 -33.079994201660156 0
vertex 64.00003051757812 -33.079994201660156 3.549999952316284
endloop
endfacet
facet normal -1 0 0
outer loop
vertex 69.00003051757812 -33.079994201660156 3.549999952316284
vertex 69.00003051757812 -33.77999496459961 0
vertex 69.00003051757812 -33.77999496459961 3.549999952316284
endloop
endfacet
facet normal 0 0 -1
outer loop
vertex 45.00002670288086 -18.27999496459961 3.549999952316284
vertex 50.00002670288086 -18.97999382019043 3.549999952316284
vertex 45.00002670288086 -18.97999382019043 3.549999952316284
endloop
endfacet
facet normal 0 0 -1
outer loop
vertex 50.00002670288086 -33.77999496459961 3.549999952316284
vertex 45.00002670288086 -33.77999496459961 3.549999952316284
vertex 45.00002670288086 -33.079994201660156 3.549999952316284
endloop
endfacet
facet normal -1 0 0
outer loop
vertex 50.00002670288086 -33.079994201660156 3.549999952316284
vertex 50.00002670288086 -33.77999496459961 0
vertex 50.00002670288086 -33.77999496459961 3.549999952316284
endloop
endfacet
facet normal 0 1 0
outer loop
vertex 50.00002670288086 -33.77999496459961 0
vertex 45.00002670288086 -33.77999496459961 3.549999952316284
vertex 50.00002670288086 -33.77999496459961 3.549999952316284
endloop
endfacet
facet normal 0 0 -1
outer loop
vertex 50.00002670288086 -18.27999496459961 3.549999952316284
vertex 50.00002670288086 -18.97999382019043 3.549999952316284
vertex 45.00002670288086 -18.27999496459961 3.549999952316284
endloop
endfacet
facet normal 1 0 0
outer loop
vertex 45.00002670288086 -33.77999496459961 3.549999952316284
vertex 45.00002670288086 -33.079994201660156 0
vertex 45.00002670288086 -33.079994201660156 3.549999952316284
endloop
endfacet
facet normal -1 0 0
outer loop
vertex 50.00002670288086 -18.27999496459961 3.549999952316284
vertex 50.00002670288086 -18.97999382019043 0
vertex 50.00002670288086 -18.97999382019043 3.549999952316284
endloop
endfacet
facet normal 0 -1 0
outer loop
vertex 50.00002670288086 -18.27999496459961 0
vertex 50.00002670288086 -18.27999496459961 3.549999952316284
vertex 45.00002670288086 -18.27999496459961 0
endloop
endfacet
facet normal -1 0 0
outer loop
vertex 50.00002670288086 -18.27999496459961 0
vertex 50.00002670288086 -18.97999382019043 0
vertex 50.00002670288086 -18.27999496459961 3.549999952316284
endloop
endfacet
facet normal 0 -1 0
outer loop
vertex 45.00002670288086 -18.27999496459961 3.549999952316284
vertex 45.00002670288086 -18.27999496459961 0
vertex 50.00002670288086 -18.27999496459961 3.549999952316284
endloop
endfacet
facet normal -1 0 0
outer loop
vertex 50.00002670288086 -33.079994201660156 0
vertex 50.00002670288086 -33.77999496459961 0
vertex 50.00002670288086 -33.079994201660156 3.549999952316284
endloop
endfacet
facet normal 0 1 0
outer loop
vertex 50.00002670288086 -33.77999496459961 0
vertex 45.00002670288086 -33.77999496459961 0
vertex 45.00002670288086 -33.77999496459961 3.549999952316284
endloop
endfacet
facet normal 1 0 0
outer loop
vertex 45.00002670288086 -33.079994201660156 0
vertex 45.00002670288086 -33.77999496459961 3.549999952316284
vertex 45.00002670288086 -33.77999496459961 0
endloop
endfacet
facet normal 1 0 0
outer loop
vertex 45.00002670288086 -18.97999382019043 3.549999952316284
vertex 45.00002670288086 -18.27999496459961 0
vertex 45.00002670288086 -18.27999496459961 3.549999952316284
endloop
endfacet
facet normal 1 0 0
outer loop
vertex 45.00002670288086 -18.97999382019043 3.549999952316284
vertex 45.00002670288086 -18.97999382019043 0
vertex 45.00002670288086 -18.27999496459961 0
endloop
endfacet
facet normal 0 0 -1
outer loop
vertex 50.00002670288086 -33.079994201660156 3.549999952316284
vertex 50.00002670288086 -33.77999496459961 3.549999952316284
vertex 45.00002670288086 -33.079994201660156 3.549999952316284
endloop
endfacet
facet normal -1 0 0
outer loop
vertex 31.000028610229492 -18.27999496459961 0
vertex 31.000028610229492 -18.97999382019043 0
vertex 31.000028610229492 -18.27999496459961 3.549999952316284
endloop
endfacet
facet normal -1 0 0
outer loop
vertex 31.000028610229492 -18.27999496459961 3.549999952316284
vertex 31.000028610229492 -18.97999382019043 0
vertex 31.000028610229492 -18.97999382019043 3.549999952316284
endloop
endfacet
facet normal 0 -1 0
outer loop
vertex 26.000028610229492 -18.27999496459961 3.549999952316284
vertex 26.000028610229492 -18.27999496459961 0
vertex 31.000028610229492 -18.27999496459961 3.549999952316284
endloop
endfacet
facet normal 1 0 0
outer loop
vertex 26.000028610229492 -18.97999382019043 3.549999952316284
vertex 26.000028610229492 -18.27999496459961 0
vertex 26.000028610229492 -18.27999496459961 3.549999952316284
endloop
endfacet
facet normal 0 1 0
outer loop
vertex 31.000028610229492 -33.77999496459961 0
vertex 26.000028610229492 -33.77999496459961 0
vertex 26.000028610229492 -33.77999496459961 3.549999952316284
endloop
endfacet
facet normal 1 0 0
outer loop
vertex 26.000028610229492 -33.77999496459961 3.549999952316284
vertex 26.000028610229492 -33.079994201660156 0
vertex 26.000028610229492 -33.079994201660156 3.549999952316284
endloop
endfacet
facet normal 0 1 0
outer loop
vertex 31.000028610229492 -33.77999496459961 0
vertex 26.000028610229492 -33.77999496459961 3.549999952316284
vertex 31.000028610229492 -33.77999496459961 3.549999952316284
endloop
endfacet
facet normal -1 0 0
outer loop
vertex 31.000028610229492 -33.079994201660156 3.549999952316284
vertex 31.000028610229492 -33.77999496459961 0
vertex 31.000028610229492 -33.77999496459961 3.549999952316284
endloop
endfacet
facet normal 0 0 -1
outer loop
vertex 31.000028610229492 -33.77999496459961 3.549999952316284
vertex 26.000028610229492 -33.77999496459961 3.549999952316284
vertex 26.000028610229492 -33.079994201660156 3.549999952316284
endloop
endfacet
facet normal 0 0 -1
outer loop
vertex 31.000028610229492 -33.079994201660156 3.549999952316284
vertex 31.000028610229492 -33.77999496459961 3.549999952316284
vertex 26.000028610229492 -33.079994201660156 3.549999952316284
endloop
endfacet
facet normal 0 0 -1
outer loop
vertex 31.000028610229492 -18.27999496459961 3.549999952316284
vertex 31.000028610229492 -18.97999382019043 3.549999952316284
vertex 26.000028610229492 -18.27999496459961 3.549999952316284
endloop
endfacet
facet normal 1 0 0
outer loop
vertex 26.000028610229492 -33.079994201660156 0
vertex 26.000028610229492 -33.77999496459961 3.549999952316284
vertex 26.000028610229492 -33.77999496459961 0
endloop
endfacet
facet normal -1 0 0
outer loop
vertex 31.000028610229492 -33.079994201660156 0
vertex 31.000028610229492 -33.77999496459961 0
vertex 31.000028610229492 -33.079994201660156 3.549999952316284
endloop
endfacet
facet normal 0 0 -1
outer loop
vertex 26.000028610229492 -18.27999496459961 3.549999952316284
vertex 31.000028610229492 -18.97999382019043 3.549999952316284
vertex 26.000028610229492 -18.97999382019043 3.549999952316284
endloop
endfacet
facet normal 1 0 0
outer loop
vertex 26.000028610229492 -18.97999382019043 3.549999952316284
vertex 26.000028610229492 -18.97999382019043 0
vertex 26.000028610229492 -18.27999496459961 0
endloop
endfacet
facet normal 0 -1 0
outer loop
vertex 26.000028610229492 -18.27999496459961 0
vertex 31.000028610229492 -18.27999496459961 0
vertex 31.000028610229492 -18.27999496459961 3.549999952316284
endloop
endfacet
facet normal 0 -1 0
outer loop
vertex 12.000028610229492 -18.27999496459961 0
vertex 12.000028610229492 -18.27999496459961 3.549999952316284
vertex 7.000028133392334 -18.27999496459961 0
endloop
endfacet
facet normal 1 0 0
outer loop
vertex 7.000028133392334 -18.97999382019043 3.549999952316284
vertex 7.000028133392334 -18.97999382019043 0
vertex 7.000028133392334 -18.27999496459961 0
endloop
endfacet
facet normal -1 0 0
outer loop
vertex 12.000028610229492 -18.27999496459961 3.549999952316284
vertex 12.000028610229492 -18.97999382019043 0
vertex 12.000028610229492 -18.97999382019043 3.549999952316284
endloop
endfacet
facet normal -1 0 0
outer loop
vertex 12.000028610229492 -18.27999496459961 0
vertex 12.000028610229492 -18.97999382019043 0
vertex 12.000028610229492 -18.27999496459961 3.549999952316284
endloop
endfacet
facet normal 1 0 0
outer loop
vertex 7.000028133392334 -18.97999382019043 3.549999952316284
vertex 7.000028133392334 -18.27999496459961 0
vertex 7.000028133392334 -18.27999496459961 3.549999952316284
endloop
endfacet
facet normal 0 0 -1
outer loop
vertex 12.000028610229492 -18.27999496459961 3.549999952316284
vertex 12.000028610229492 -18.97999382019043 3.549999952316284
vertex 7.000028133392334 -18.27999496459961 3.549999952316284
endloop
endfacet
facet normal 0 -1 0
outer loop
vertex 7.000028133392334 -18.27999496459961 3.549999952316284
vertex 7.000028133392334 -18.27999496459961 0
vertex 12.000028610229492 -18.27999496459961 3.549999952316284
endloop
endfacet
facet normal 1 0 0
outer loop
vertex 7.000028133392334 -33.77999496459961 3.549999952316284
vertex 7.000028133392334 -33.079994201660156 0
vertex 7.000028133392334 -33.079994201660156 3.549999952316284
endloop
endfacet
facet normal 0 1 0
outer loop
vertex 12.000028610229492 -33.77999496459961 0
vertex 7.000028133392334 -33.77999496459961 3.549999952316284
vertex 12.000028610229492 -33.77999496459961 3.549999952316284
endloop
endfacet
facet normal -1 0 0
outer loop
vertex 12.000028610229492 -33.079994201660156 3.549999952316284
vertex 12.000028610229492 -33.77999496459961 0
vertex 12.000028610229492 -33.77999496459961 3.549999952316284
endloop
endfacet
facet normal 0 0 -1
outer loop
vertex 7.000028133392334 -18.27999496459961 3.549999952316284
vertex 12.000028610229492 -18.97999382019043 3.549999952316284
vertex 7.000028133392334 -18.97999382019043 3.549999952316284
endloop
endfacet
facet normal 0 0 -1
outer loop
vertex 12.000028610229492 -33.77999496459961 3.549999952316284
vertex 7.000028133392334 -33.77999496459961 3.549999952316284
vertex 7.000028133392334 -33.079994201660156 3.549999952316284
endloop
endfacet
facet normal 0 0 -1
outer loop
vertex 12.000028610229492 -33.079994201660156 3.549999952316284
vertex 12.000028610229492 -33.77999496459961 3.549999952316284
vertex 7.000028133392334 -33.079994201660156 3.549999952316284
endloop
endfacet
facet normal 1 0 0
outer loop
vertex 7.000028133392334 -33.079994201660156 0
vertex 7.000028133392334 -33.77999496459961 3.549999952316284
vertex 7.000028133392334 -33.77999496459961 0
endloop
endfacet
facet normal 0 1 0
outer loop
vertex 12.000028610229492 -33.77999496459961 0
vertex 7.000028133392334 -33.77999496459961 0
vertex 7.000028133392334 -33.77999496459961 3.549999952316284
endloop
endfacet
facet normal -1 0 0
outer loop
vertex 12.000028610229492 -33.079994201660156 0
vertex 12.000028610229492 -33.77999496459961 0
vertex 12.000028610229492 -33.079994201660156 3.549999952316284
endloop
endfacet
facet normal 1 0 0
outer loop
vertex -11.999971389770508 -18.97999382019043 3.549999952316284
vertex -11.999971389770508 -18.27999496459961 0
vertex -11.999971389770508 -18.27999496459961 3.549999952316284
endloop
endfacet
facet normal 0 0 -1
outer loop
vertex -6.999971866607666 -33.77999496459961 3.549999952316284
vertex -11.999971389770508 -33.77999496459961 3.549999952316284
vertex -11.999971389770508 -33.079994201660156 3.549999952316284
endloop
endfacet
facet normal -1 0 0
outer loop
vertex -6.999971866607666 -33.079994201660156 3.549999952316284
vertex -6.999971866607666 -33.77999496459961 0
vertex -6.999971866607666 -33.77999496459961 3.549999952316284
endloop
endfacet
facet normal 0 1 0
outer loop
vertex -6.999971866607666 -33.77999496459961 0
vertex -11.999971389770508 -33.77999496459961 3.549999952316284
vertex -6.999971866607666 -33.77999496459961 3.549999952316284
endloop
endfacet
facet normal 1 0 0
outer loop
vertex -11.999971389770508 -33.77999496459961 3.549999952316284
vertex -11.999971389770508 -33.079994201660156 0
vertex -11.999971389770508 -33.079994201660156 3.549999952316284
endloop
endfacet
facet normal 0 0 -1
outer loop
vertex -6.999971866607666 -33.079994201660156 3.549999952316284
vertex -6.999971866607666 -33.77999496459961 3.549999952316284
vertex -11.999971389770508 -33.079994201660156 3.549999952316284
endloop
endfacet
facet normal 1 0 0
outer loop
vertex -11.999971389770508 -18.97999382019043 3.549999952316284
vertex -11.999971389770508 -18.97999382019043 0
vertex -11.999971389770508 -18.27999496459961 0
endloop
endfacet
facet normal 0 0 -1
outer loop
vertex -11.999971389770508 -18.97999382019043 3.549999952316284
vertex -11.999971389770508 -18.27999496459961 3.549999952316284
vertex -6.999971866607666 -18.97999382019043 3.549999952316284
endloop
endfacet
facet normal -1 0 0
outer loop
vertex -6.999971866607666 -33.079994201660156 0
vertex -6.999971866607666 -33.77999496459961 0
vertex -6.999971866607666 -33.079994201660156 3.549999952316284
endloop
endfacet
facet normal 0 1 0
outer loop
vertex -6.999971866607666 -33.77999496459961 0
vertex -11.999971389770508 -33.77999496459961 0
vertex -11.999971389770508 -33.77999496459961 3.549999952316284
endloop
endfacet
facet normal 0 0 -1
outer loop
vertex -6.999971866607666 -18.27999496459961 3.549999952316284
vertex -6.999971866607666 -18.97999382019043 3.549999952316284
vertex -11.999971389770508 -18.27999496459961 3.549999952316284
endloop
endfacet
facet normal -1 0 0
outer loop
vertex -6.999971866607666 -18.27999496459961 3.549999952316284
vertex -6.999971866607666 -18.97999382019043 0
vertex -6.999971866607666 -18.97999382019043 3.549999952316284
endloop
endfacet
facet normal 1 0 0
outer loop
vertex -11.999971389770508 -33.77999496459961 0
vertex -11.999971389770508 -33.079994201660156 0
vertex -11.999971389770508 -33.77999496459961 3.549999952316284
endloop
endfacet
facet normal 0 -1 0
outer loop
vertex -6.999971866607666 -18.27999496459961 0
vertex -6.999971866607666 -18.27999496459961 3.549999952316284
vertex -11.999971389770508 -18.27999496459961 0
endloop
endfacet
facet normal -1 0 0
outer loop
vertex -6.999971866607666 -18.27999496459961 0
vertex -6.999971866607666 -18.97999382019043 0
vertex -6.999971866607666 -18.27999496459961 3.549999952316284
endloop
endfacet
facet normal 0 -1 0
outer loop
vertex -11.999971389770508 -18.27999496459961 3.549999952316284
vertex -11.999971389770508 -18.27999496459961 0
vertex -6.999971866607666 -18.27999496459961 3.549999952316284
endloop
endfacet
facet normal 1 0 0
outer loop
vertex 64.00003051757812 0.020005328580737114 3.549999952316284
vertex 64.00003051757812 0.020005328580737114 0
vertex 64.00003051757812 0.7200053334236145 0
endloop
endfacet
facet normal 0 0 -1
outer loop
vertex 64.00003051757812 0.7200053334236145 3.549999952316284
vertex 69.00003051757812 0.020005328580737114 3.549999952316284
vertex 64.00003051757812 0.020005328580737114 3.549999952316284
endloop
endfacet
facet normal 0 0 -1
outer loop
vertex 69.00003051757812 0.7200053334236145 3.549999952316284
vertex 69.00003051757812 0.020005328580737114 3.549999952316284
vertex 64.00003051757812 0.7200053334236145 3.549999952316284
endloop
endfacet
facet normal 1 0 0
outer loop
vertex 64.00003051757812 0.020005328580737114 3.549999952316284
vertex 64.00003051757812 0.7200053334236145 0
vertex 64.00003051757812 0.7200053334236145 3.549999952316284
endloop
endfacet
facet normal 0 -1 0
outer loop
vertex 64.00003051757812 0.7200053334236145 3.549999952316284
vertex 64.00003051757812 0.7200053334236145 0
vertex 69.00003051757812 0.7200053334236145 3.549999952316284
endloop
endfacet
facet normal -1 0 0
outer loop
vertex 69.00003051757812 0.7200053334236145 3.549999952316284
vertex 69.00003051757812 0.020005328580737114 0
vertex 69.00003051757812 0.020005328580737114 3.549999952316284
endloop
endfacet
facet normal 0 1 0
outer loop
vertex 69.00003051757812 -14.77999496459961 0
vertex 64.00003051757812 -14.77999496459961 0
vertex 64.00003051757812 -14.77999496459961 3.549999952316284
endloop
endfacet
facet normal 1 0 0
outer loop
vertex 64.00003051757812 -14.079994201660156 0
vertex 64.00003051757812 -14.77999496459961 3.549999952316284
vertex 64.00003051757812 -14.77999496459961 0
endloop
endfacet
facet normal 1 0 0
outer loop
vertex 64.00003051757812 -14.77999496459961 3.549999952316284
vertex 64.00003051757812 -14.079994201660156 0
vertex 64.00003051757812 -14.079994201660156 3.549999952316284
endloop
endfacet
facet normal 0 0 -1
outer loop
vertex 69.00003051757812 -14.079994201660156 3.549999952316284
vertex 69.00003051757812 -14.77999496459961 3.549999952316284
vertex 64.00003051757812 -14.079994201660156 3.549999952316284
endloop
endfacet
facet normal -1 0 0
outer loop
vertex 69.00003051757812 -14.079994201660156 3.549999952316284
vertex 69.00003051757812 -14.77999496459961 0
vertex 69.00003051757812 -14.77999496459961 3.549999952316284
endloop
endfacet
facet normal 0 1 0
outer loop
vertex 69.00003051757812 -14.77999496459961 0
vertex 64.00003051757812 -14.77999496459961 3.549999952316284
vertex 69.00003051757812 -14.77999496459961 3.549999952316284
endloop
endfacet
facet normal 0 0 -1
outer loop
vertex 69.00003051757812 -14.77999496459961 3.549999952316284
vertex 64.00003051757812 -14.77999496459961 3.549999952316284
vertex 64.00003051757812 -14.079994201660156 3.549999952316284
endloop
endfacet
facet normal -1 0 0
outer loop
vertex 69.00003051757812 -14.079994201660156 0
vertex 69.00003051757812 -14.77999496459961 0
vertex 69.00003051757812 -14.079994201660156 3.549999952316284
endloop
endfacet
facet normal -1 0 0
outer loop
vertex 69.00003051757812 0.7200053334236145 0
vertex 69.00003051757812 0.020005328580737114 0
vertex 69.00003051757812 0.7200053334236145 3.549999952316284
endloop
endfacet
facet normal 0 -1 0
outer loop
vertex 69.00003051757812 0.7200053334236145 0
vertex 69.00003051757812 0.7200053334236145 3.549999952316284
vertex 64.00003051757812 0.7200053334236145 0
endloop
endfacet
facet normal -1 0 0
outer loop
vertex 50.00002670288086 -14.079994201660156 0
vertex 50.00002670288086 -14.77999496459961 0
vertex 50.00002670288086 -14.079994201660156 3.549999952316284
endloop
endfacet
facet normal 1 0 0
outer loop
vertex 45.00002670288086 0.020005328580737114 3.549999952316284
vertex 45.00002670288086 0.020005328580737114 0
vertex 45.00002670288086 0.7200053334236145 0
endloop
endfacet
facet normal 1 0 0
outer loop
vertex 45.00002670288086 -14.079994201660156 0
vertex 45.00002670288086 -14.77999496459961 3.549999952316284
vertex 45.00002670288086 -14.77999496459961 0
endloop
endfacet
facet normal 1 0 0
outer loop
vertex 45.00002670288086 0.020005328580737114 3.549999952316284
vertex 45.00002670288086 0.7200053334236145 0
vertex 45.00002670288086 0.7200053334236145 3.549999952316284
endloop
endfacet
facet normal -1 0 0
outer loop
vertex 50.00002670288086 0.7200053334236145 3.549999952316284
vertex 50.00002670288086 0.020005328580737114 0
vertex 50.00002670288086 0.020005328580737114 3.549999952316284
endloop
endfacet
facet normal 1 0 0
outer loop
vertex 45.00002670288086 -14.77999496459961 3.549999952316284
vertex 45.00002670288086 -14.079994201660156 0
vertex 45.00002670288086 -14.079994201660156 3.549999952316284
endloop
endfacet
facet normal 0 -1 0
outer loop
vertex 45.00002670288086 0.7200053334236145 3.549999952316284
vertex 45.00002670288086 0.7200053334236145 0
vertex 50.00002670288086 0.7200053334236145 3.549999952316284
endloop
endfacet
facet normal 0 0 -1
outer loop
vertex 50.00002670288086 -14.079994201660156 3.549999952316284
vertex 50.00002670288086 -14.77999496459961 3.549999952316284
vertex 45.00002670288086 -14.079994201660156 3.549999952316284
endloop
endfacet
facet normal -1 0 0
outer loop
vertex 50.00002670288086 -14.079994201660156 3.549999952316284
vertex 50.00002670288086 -14.77999496459961 0
vertex 50.00002670288086 -14.77999496459961 3.549999952316284
endloop
endfacet
facet normal 0 1 0
outer loop
vertex 50.00002670288086 -14.77999496459961 0
vertex 45.00002670288086 -14.77999496459961 3.549999952316284
vertex 50.00002670288086 -14.77999496459961 3.549999952316284
endloop
endfacet
facet normal 0 0 -1
outer loop
vertex 50.00002670288086 -14.77999496459961 3.549999952316284
vertex 45.00002670288086 -14.77999496459961 3.549999952316284
vertex 45.00002670288086 -14.079994201660156 3.549999952316284
endloop
endfacet
facet normal 0 0 -1
outer loop
vertex 50.00002670288086 0.7200053334236145 3.549999952316284
vertex 50.00002670288086 0.020005328580737114 3.549999952316284
vertex 45.00002670288086 0.7200053334236145 3.549999952316284
endloop
endfacet
facet normal 0 1 0
outer loop
vertex 50.00002670288086 -14.77999496459961 0
vertex 45.00002670288086 -14.77999496459961 0
vertex 45.00002670288086 -14.77999496459961 3.549999952316284
endloop
endfacet
facet normal 0 0 -1
outer loop
vertex 45.00002670288086 0.7200053334236145 3.549999952316284
vertex 50.00002670288086 0.020005328580737114 3.549999952316284
vertex 45.00002670288086 0.020005328580737114 3.549999952316284
endloop
endfacet
facet normal 0 -1 0
outer loop
vertex 45.00002670288086 0.7200053334236145 0
vertex 50.00002670288086 0.7200053334236145 0
vertex 50.00002670288086 0.7200053334236145 3.549999952316284
endloop
endfacet
facet normal -1 0 0
outer loop
vertex 50.00002670288086 0.7200053334236145 0
vertex 50.00002670288086 0.020005328580737114 0
vertex 50.00002670288086 0.7200053334236145 3.549999952316284
endloop
endfacet
facet normal -1 0 0
outer loop
vertex 31.000028610229492 0.7200053334236145 3.549999952316284
vertex 31.000028610229492 0.020005328580737114 0
vertex 31.000028610229492 0.020005328580737114 3.549999952316284
endloop
endfacet
facet normal 0 0 -1
outer loop
vertex 31.000028610229492 -14.77999496459961 3.549999952316284
vertex 26.000028610229492 -14.77999496459961 3.549999952316284
vertex 26.000028610229492 -14.079994201660156 3.549999952316284
endloop
endfacet
facet normal 0 -1 0
outer loop
vertex 31.000028610229492 0.7200053334236145 0
vertex 31.000028610229492 0.7200053334236145 3.549999952316284
vertex 26.000028610229492 0.7200053334236145 0
endloop
endfacet
facet normal 1 0 0
outer loop
vertex 26.000028610229492 0.020005328580737114 3.549999952316284
vertex 26.000028610229492 0.020005328580737114 0
vertex 26.000028610229492 0.7200053334236145 0
endloop
endfacet
facet normal -1 0 0
outer loop
vertex 31.000028610229492 -14.079994201660156 3.549999952316284
vertex 31.000028610229492 -14.77999496459961 0
vertex 31.000028610229492 -14.77999496459961 3.549999952316284
endloop
endfacet
facet normal 1 0 0
outer loop
vertex 26.000028610229492 -14.079994201660156 0
vertex 26.000028610229492 -14.77999496459961 3.549999952316284
vertex 26.000028610229492 -14.77999496459961 0
endloop
endfacet
facet normal 0 1 0
outer loop
vertex 31.000028610229492 -14.77999496459961 0
vertex 26.000028610229492 -14.77999496459961 0
vertex 26.000028610229492 -14.77999496459961 3.549999952316284
endloop
endfacet
facet normal -1 0 0
outer loop
vertex 31.000028610229492 0.7200053334236145 0
vertex 31.000028610229492 0.020005328580737114 0
vertex 31.000028610229492 0.7200053334236145 3.549999952316284
endloop
endfacet
facet normal 0 0 -1
outer loop
vertex 31.000028610229492 0.7200053334236145 3.549999952316284
vertex 31.000028610229492 0.020005328580737114 3.549999952316284
vertex 26.000028610229492 0.7200053334236145 3.549999952316284
endloop
endfacet
facet normal 0 0 -1
outer loop
vertex 26.000028610229492 0.7200053334236145 3.549999952316284
vertex 31.000028610229492 0.020005328580737114 3.549999952316284
vertex 26.000028610229492 0.020005328580737114 3.549999952316284
endloop
endfacet
facet normal 1 0 0
outer loop
vertex 26.000028610229492 0.020005328580737114 3.549999952316284
vertex 26.000028610229492 0.7200053334236145 0
vertex 26.000028610229492 0.7200053334236145 3.549999952316284
endloop
endfacet
facet normal 0 -1 0
outer loop
vertex 26.000028610229492 0.7200053334236145 3.549999952316284
vertex 26.000028610229492 0.7200053334236145 0
vertex 31.000028610229492 0.7200053334236145 3.549999952316284
endloop
endfacet
facet normal -1 0 0
outer loop
vertex 31.000028610229492 -14.079994201660156 0
vertex 31.000028610229492 -14.77999496459961 0
vertex 31.000028610229492 -14.079994201660156 3.549999952316284
endloop
endfacet
facet normal 1 0 0
outer loop
vertex 26.000028610229492 -14.77999496459961 3.549999952316284
vertex 26.000028610229492 -14.079994201660156 0
vertex 26.000028610229492 -14.079994201660156 3.549999952316284
endloop
endfacet
facet normal 0 0 -1
outer loop
vertex 31.000028610229492 -14.079994201660156 3.549999952316284
vertex 31.000028610229492 -14.77999496459961 3.549999952316284
vertex 26.000028610229492 -14.079994201660156 3.549999952316284
endloop
endfacet
facet normal 0 1 0
outer loop
vertex 31.000028610229492 -14.77999496459961 0
vertex 26.000028610229492 -14.77999496459961 3.549999952316284
vertex 31.000028610229492 -14.77999496459961 3.549999952316284
endloop
endfacet
facet normal -1 0 0
outer loop
vertex 12.000028610229492 0.7200053334236145 0
vertex 12.000028610229492 0.020005328580737114 0
vertex 12.000028610229492 0.7200053334236145 3.549999952316284
endloop
endfacet
facet normal -1 0 0
outer loop
vertex 12.000028610229492 -14.079994201660156 3.549999952316284
vertex 12.000028610229492 -14.77999496459961 0
vertex 12.000028610229492 -14.77999496459961 3.549999952316284
endloop
endfacet
facet normal 0 1 0
outer loop
vertex 12.000028610229492 -14.77999496459961 0
vertex 7.000028133392334 -14.77999496459961 0
vertex 7.000028133392334 -14.77999496459961 3.549999952316284
endloop
endfacet
facet normal 1 0 0
outer loop
vertex 7.000028133392334 -14.079994201660156 0
vertex 7.000028133392334 -14.77999496459961 3.549999952316284
vertex 7.000028133392334 -14.77999496459961 0
endloop
endfacet
facet normal 0 0 -1
outer loop
vertex 12.000028610229492 -14.079994201660156 3.549999952316284
vertex 12.000028610229492 -14.77999496459961 3.549999952316284
vertex 7.000028133392334 -14.079994201660156 3.549999952316284
endloop
endfacet
facet normal -1 0 0
outer loop
vertex 12.000028610229492 0.7200053334236145 3.549999952316284
vertex 12.000028610229492 0.020005328580737114 0
vertex 12.000028610229492 0.020005328580737114 3.549999952316284
endloop
endfacet
facet normal 0 -1 0
outer loop
vertex 7.000028133392334 0.7200053334236145 3.549999952316284
vertex 7.000028133392334 0.7200053334236145 0
vertex 12.000028610229492 0.7200053334236145 3.549999952316284
endloop
endfacet
facet normal -1 0 0
outer loop
vertex 12.000028610229492 -14.079994201660156 0
vertex 12.000028610229492 -14.77999496459961 0
vertex 12.000028610229492 -14.079994201660156 3.549999952316284
endloop
endfacet
facet normal 0 0 -1
outer loop
vertex 12.000028610229492 0.7200053334236145 3.549999952316284
vertex 12.000028610229492 0.020005328580737114 3.549999952316284
vertex 7.000028133392334 0.7200053334236145 3.549999952316284
endloop
endfacet
facet normal 0 1 0
outer loop
vertex 12.000028610229492 -14.77999496459961 0
vertex 7.000028133392334 -14.77999496459961 3.549999952316284
vertex 12.000028610229492 -14.77999496459961 3.549999952316284
endloop
endfacet
facet normal 0 -1 0
outer loop
vertex 12.000028610229492 0.7200053334236145 0
vertex 12.000028610229492 0.7200053334236145 3.549999952316284
vertex 7.000028133392334 0.7200053334236145 0
endloop
endfacet
facet normal 1 0 0
outer loop
vertex 7.000028133392334 0.020005328580737114 3.549999952316284
vertex 7.000028133392334 0.020005328580737114 0
vertex 7.000028133392334 0.7200053334236145 0
endloop
endfacet
facet normal 1 0 0
outer loop
vertex 7.000028133392334 0.020005328580737114 3.549999952316284
vertex 7.000028133392334 0.7200053334236145 0
vertex 7.000028133392334 0.7200053334236145 3.549999952316284
endloop
endfacet
facet normal 1 0 0
outer loop
vertex 7.000028133392334 -14.77999496459961 3.549999952316284
vertex 7.000028133392334 -14.079994201660156 0
vertex 7.000028133392334 -14.079994201660156 3.549999952316284
endloop
endfacet
facet normal 0 0 -1
outer loop
vertex 12.000028610229492 -14.77999496459961 3.549999952316284
vertex 7.000028133392334 -14.77999496459961 3.549999952316284
vertex 7.000028133392334 -14.079994201660156 3.549999952316284
endloop
endfacet
facet normal 0 0 -1
outer loop
vertex 7.000028133392334 0.7200053334236145 3.549999952316284
vertex 12.000028610229492 0.020005328580737114 3.549999952316284
vertex 7.000028133392334 0.020005328580737114 3.549999952316284
endloop
endfacet
facet normal 1 0 0
outer loop
vertex -11.999971389770508 -14.079994201660156 0
vertex -11.999971389770508 -14.77999496459961 3.549999952316284
vertex -11.999971389770508 -14.77999496459961 0
endloop
endfacet
facet normal 1 0 0
outer loop
vertex -11.999971389770508 0.020005328580737114 3.549999952316284
vertex -11.999971389770508 0.7200053334236145 0
vertex -11.999971389770508 0.7200053334236145 3.549999952316284
endloop
endfacet
facet normal 0 -1 0
outer loop
vertex -11.999971389770508 0.7200053334236145 3.549999952316284
vertex -11.999971389770508 0.7200053334236145 0
vertex -6.999971866607666 0.7200053334236145 3.549999952316284
endloop
endfacet
facet normal 0 0 -1
outer loop
vertex -6.999971866607666 -14.77999496459961 3.549999952316284
vertex -11.999971389770508 -14.77999496459961 3.549999952316284
vertex -11.999971389770508 -14.079994201660156 3.549999952316284
endloop
endfacet
facet normal -1 0 0
outer loop
vertex -6.999971866607666 0.7200053334236145 3.549999952316284
vertex -6.999971866607666 0.020005328580737114 0
vertex -6.999971866607666 0.020005328580737114 3.549999952316284
endloop
endfacet
facet normal 0 0 -1
outer loop
vertex -6.999971866607666 -14.079994201660156 3.549999952316284
vertex -6.999971866607666 -14.77999496459961 3.549999952316284
vertex -11.999971389770508 -14.079994201660156 3.549999952316284
endloop
endfacet
facet normal 1 0 0
outer loop
vertex -11.999971389770508 -14.77999496459961 3.549999952316284
vertex -11.999971389770508 -14.079994201660156 0
vertex -11.999971389770508 -14.079994201660156 3.549999952316284
endloop
endfacet
facet normal 0 0 -1
outer loop
vertex -11.999971389770508 0.020005328580737114 3.549999952316284
vertex -11.999971389770508 0.7200053334236145 3.549999952316284
vertex -6.999971866607666 0.020005328580737114 3.549999952316284
endloop
endfacet
facet normal -1 0 0
outer loop
vertex -6.999971866607666 -14.079994201660156 0
vertex -6.999971866607666 -14.77999496459961 0
vertex -6.999971866607666 -14.079994201660156 3.549999952316284
endloop
endfacet
facet normal 0 1 0
outer loop
vertex -6.999971866607666 -14.77999496459961 0
vertex -11.999971389770508 -14.77999496459961 0
vertex -11.999971389770508 -14.77999496459961 3.549999952316284
endloop
endfacet
facet normal 1 0 0
outer loop
vertex -11.999971389770508 0.020005328580737114 3.549999952316284
vertex -11.999971389770508 0.020005328580737114 0
vertex -11.999971389770508 0.7200053334236145 0
endloop
endfacet
facet normal 0 -1 0
outer loop
vertex -6.999971866607666 0.7200053334236145 0
vertex -6.999971866607666 0.7200053334236145 3.549999952316284
vertex -11.999971389770508 0.7200053334236145 0
endloop
endfacet
facet normal -1 0 0
outer loop
vertex -6.999971866607666 -14.079994201660156 3.549999952316284
vertex -6.999971866607666 -14.77999496459961 0
vertex -6.999971866607666 -14.77999496459961 3.549999952316284
endloop
endfacet
facet normal -1 0 0
outer loop
vertex -6.999971866607666 0.7200053334236145 0
vertex -6.999971866607666 0.020005328580737114 0
vertex -6.999971866607666 0.7200053334236145 3.549999952316284
endloop
endfacet
facet normal 0 0 -1
outer loop
vertex -6.999971866607666 0.7200053334236145 3.549999952316284
vertex -6.999971866607666 0.020005328580737114 3.549999952316284
vertex -11.999971389770508 0.7200053334236145 3.549999952316284
endloop
endfacet
facet normal 0 1 0
outer loop
vertex -6.999971866607666 -14.77999496459961 0
vertex -11.999971389770508 -14.77999496459961 3.549999952316284
vertex -6.999971866607666 -14.77999496459961 3.549999952316284
endloop
endfacet
facet normal 0 -1 0
outer loop
vertex 64.00003051757812 19.72000503540039 3.549999952316284
vertex 64.00003051757812 19.72000503540039 0
vertex 69.00003051757812 19.72000503540039 3.549999952316284
endloop
endfacet
facet normal 0 1 0
outer loop
vertex 69.00003051757812 4.220005512237549 0
vertex 64.00003051757812 4.220005512237549 0
vertex 64.00003051757812 4.220005512237549 3.549999952316284
endloop
endfacet
facet normal -1 0 0
outer loop
vertex 69.00003051757812 19.72000503540039 3.549999952316284
vertex 69.00003051757812 19.72000503540039 0
vertex 69.00003051757812 19.02000617980957 0
endloop
endfacet
facet normal 1 0 0
outer loop
vertex 64.00003051757812 19.02000617980957 3.549999952316284
vertex 64.00003051757812 19.72000503540039 0
vertex 64.00003051757812 19.72000503540039 3.549999952316284
endloop
endfacet
facet normal -1 0 0
outer loop
vertex 69.00003051757812 4.9200053215026855 3.549999952316284
vertex 69.00003051757812 4.220005512237549 0
vertex 69.00003051757812 4.220005512237549 3.549999952316284
endloop
endfacet
facet normal 0 1 0
outer loop
vertex 69.00003051757812 4.220005512237549 0
vertex 64.00003051757812 4.220005512237549 3.549999952316284
vertex 69.00003051757812 4.220005512237549 3.549999952316284
endloop
endfacet
facet normal 1 0 0
outer loop
vertex 64.00003051757812 4.220005512237549 3.549999952316284
vertex 64.00003051757812 4.9200053215026855 0
vertex 64.00003051757812 4.9200053215026855 3.549999952316284
endloop
endfacet
facet normal -1 0 0
outer loop
vertex 69.00003051757812 19.72000503540039 3.549999952316284
vertex 69.00003051757812 19.02000617980957 0
vertex 69.00003051757812 19.02000617980957 3.549999952316284
endloop
endfacet
facet normal 0 0 -1
outer loop
vertex 69.00003051757812 4.220005512237549 3.549999952316284
vertex 64.00003051757812 4.220005512237549 3.549999952316284
vertex 64.00003051757812 4.9200053215026855 3.549999952316284
endloop
endfacet
facet normal 0 0 -1
outer loop
vertex 69.00003051757812 4.9200053215026855 3.549999952316284
vertex 69.00003051757812 4.220005512237549 3.549999952316284
vertex 64.00003051757812 4.9200053215026855 3.549999952316284
endloop
endfacet
facet normal 0 0 -1
outer loop
vertex 64.00003051757812 19.72000503540039 3.549999952316284
vertex 69.00003051757812 19.02000617980957 3.549999952316284
vertex 64.00003051757812 19.02000617980957 3.549999952316284
endloop
endfacet
facet normal 0 0 -1
outer loop
vertex 69.00003051757812 19.72000503540039 3.549999952316284
vertex 69.00003051757812 19.02000617980957 3.549999952316284
vertex 64.00003051757812 19.72000503540039 3.549999952316284
endloop
endfacet
facet normal 1 0 0
outer loop
vertex 64.00003051757812 4.9200053215026855 0
vertex 64.00003051757812 4.220005512237549 3.549999952316284
vertex 64.00003051757812 4.220005512237549 0
endloop
endfacet
facet normal 1 0 0
outer loop
vertex 64.00003051757812 19.02000617980957 3.549999952316284
vertex 64.00003051757812 19.02000617980957 0
vertex 64.00003051757812 19.72000503540039 0
endloop
endfacet
facet normal -1 0 0
outer loop
vertex 69.00003051757812 4.9200053215026855 0
vertex 69.00003051757812 4.220005512237549 0
vertex 69.00003051757812 4.9200053215026855 3.549999952316284
endloop
endfacet
facet normal 0 -1 0
outer loop
vertex 64.00003051757812 19.72000503540039 0
vertex 69.00003051757812 19.72000503540039 0
vertex 69.00003051757812 19.72000503540039 3.549999952316284
endloop
endfacet
facet normal 0 0 -1
outer loop
vertex 50.00002670288086 19.72000503540039 3.549999952316284
vertex 50.00002670288086 19.02000617980957 3.549999952316284
vertex 45.00002670288086 19.72000503540039 3.549999952316284
endloop
endfacet
facet normal -1 0 0
outer loop
vertex 50.00002670288086 19.72000503540039 0
vertex 50.00002670288086 19.02000617980957 0
vertex 50.00002670288086 19.72000503540039 3.549999952316284
endloop
endfacet
facet normal 0 -1 0
outer loop
vertex 50.00002670288086 19.72000503540039 0
vertex 50.00002670288086 19.72000503540039 3.549999952316284
vertex 45.00002670288086 19.72000503540039 0
endloop
endfacet
facet normal 1 0 0
outer loop
vertex 45.00002670288086 4.220005512237549 3.549999952316284
vertex 45.00002670288086 4.9200053215026855 0
vertex 45.00002670288086 4.9200053215026855 3.549999952316284
endloop
endfacet
facet normal -1 0 0
outer loop
vertex 50.00002670288086 19.72000503540039 3.549999952316284
vertex 50.00002670288086 19.02000617980957 0
vertex 50.00002670288086 19.02000617980957 3.549999952316284
endloop
endfacet
facet normal 0 1 0
outer loop
vertex 50.00002670288086 4.220005512237549 0
vertex 45.00002670288086 4.220005512237549 3.549999952316284
vertex 50.00002670288086 4.220005512237549 3.549999952316284
endloop
endfacet
facet normal 0 -1 0
outer loop
vertex 45.00002670288086 19.72000503540039 3.549999952316284
vertex 45.00002670288086 19.72000503540039 0
vertex 50.00002670288086 19.72000503540039 3.549999952316284
endloop
endfacet
facet normal 0 0 -1
outer loop
vertex 45.00002670288086 19.72000503540039 3.549999952316284
vertex 50.00002670288086 19.02000617980957 3.549999952316284
vertex 45.00002670288086 19.02000617980957 3.549999952316284
endloop
endfacet
facet normal 1 0 0
outer loop
vertex 45.00002670288086 19.02000617980957 3.549999952316284
vertex 45.00002670288086 19.02000617980957 0
vertex 45.00002670288086 19.72000503540039 0
endloop
endfacet
facet normal 0 0 -1
outer loop
vertex 50.00002670288086 4.9200053215026855 3.549999952316284
vertex 50.00002670288086 4.220005512237549 3.549999952316284
vertex 45.00002670288086 4.9200053215026855 3.549999952316284
endloop
endfacet
facet normal 0 1 0
outer loop
vertex 50.00002670288086 4.220005512237549 0
vertex 45.00002670288086 4.220005512237549 0
vertex 45.00002670288086 4.220005512237549 3.549999952316284
endloop
endfacet
facet normal -1 0 0
outer loop
vertex 50.00002670288086 4.9200053215026855 0
vertex 50.00002670288086 4.220005512237549 0
vertex 50.00002670288086 4.9200053215026855 3.549999952316284
endloop
endfacet
facet normal 0 0 -1
outer loop
vertex 50.00002670288086 4.220005512237549 3.549999952316284
vertex 45.00002670288086 4.220005512237549 3.549999952316284
vertex 45.00002670288086 4.9200053215026855 3.549999952316284
endloop
endfacet
facet normal 1 0 0
outer loop
vertex 45.00002670288086 19.02000617980957 3.549999952316284
vertex 45.00002670288086 19.72000503540039 0
vertex 45.00002670288086 19.72000503540039 3.549999952316284
endloop
endfacet
facet normal -1 0 0
outer loop
vertex 50.00002670288086 4.9200053215026855 3.549999952316284
vertex 50.00002670288086 4.220005512237549 0
vertex 50.00002670288086 4.220005512237549 3.549999952316284
endloop
endfacet
facet normal 1 0 0
outer loop
vertex 45.00002670288086 4.9200053215026855 0
vertex 45.00002670288086 4.220005512237549 3.549999952316284
vertex 45.00002670288086 4.220005512237549 0
endloop
endfacet
facet normal 0 0 -1
outer loop
vertex 31.000028610229492 19.72000503540039 3.549999952316284
vertex 31.000028610229492 19.02000617980957 3.549999952316284
vertex 26.000028610229492 19.72000503540039 3.549999952316284
endloop
endfacet
facet normal -1 0 0
outer loop
vertex 31.000028610229492 19.72000503540039 3.549999952316284
vertex 31.000028610229492 19.02000617980957 0
vertex 31.000028610229492 19.02000617980957 3.549999952316284
endloop
endfacet
facet normal 1 0 0
outer loop
vertex 26.000028610229492 4.9200053215026855 0
vertex 26.000028610229492 4.220005512237549 3.549999952316284
vertex 26.000028610229492 4.220005512237549 0
endloop
endfacet
facet normal 1 0 0
outer loop
vertex 26.000028610229492 19.02000617980957 3.549999952316284
vertex 26.000028610229492 19.72000503540039 0
vertex 26.000028610229492 19.72000503540039 3.549999952316284
endloop
endfacet
facet normal 0 0 -1
outer loop
vertex 26.000028610229492 19.72000503540039 3.549999952316284
vertex 31.000028610229492 19.02000617980957 3.549999952316284
vertex 26.000028610229492 19.02000617980957 3.549999952316284
endloop
endfacet
facet normal 0 1 0
outer loop
vertex 31.000028610229492 4.220005512237549 0
vertex 26.000028610229492 4.220005512237549 0
vertex 26.000028610229492 4.220005512237549 3.549999952316284
endloop
endfacet
facet normal 0 0 -1
outer loop
vertex 31.000028610229492 4.220005512237549 3.549999952316284
vertex 26.000028610229492 4.220005512237549 3.549999952316284
vertex 26.000028610229492 4.9200053215026855 3.549999952316284
endloop
endfacet
facet normal 1 0 0
outer loop
vertex 26.000028610229492 4.220005512237549 3.549999952316284
vertex 26.000028610229492 4.9200053215026855 0
vertex 26.000028610229492 4.9200053215026855 3.549999952316284
endloop
endfacet
facet normal -1 0 0
outer loop
vertex 31.000028610229492 4.9200053215026855 3.549999952316284
vertex 31.000028610229492 4.220005512237549 0
vertex 31.000028610229492 4.220005512237549 3.549999952316284
endloop
endfacet
facet normal 0 0 -1
outer loop
vertex 31.000028610229492 4.9200053215026855 3.549999952316284
vertex 31.000028610229492 4.220005512237549 3.549999952316284
vertex 26.000028610229492 4.9200053215026855 3.549999952316284
endloop
endfacet
facet normal 0 1 0
outer loop
vertex 31.000028610229492 4.220005512237549 0
vertex 26.000028610229492 4.220005512237549 3.549999952316284
vertex 31.000028610229492 4.220005512237549 3.549999952316284
endloop
endfacet
facet normal -1 0 0
outer loop
vertex 31.000028610229492 19.72000503540039 0
vertex 31.000028610229492 19.02000617980957 0
vertex 31.000028610229492 19.72000503540039 3.549999952316284
endloop
endfacet
facet normal 0 -1 0
outer loop
vertex 31.000028610229492 19.72000503540039 0
vertex 31.000028610229492 19.72000503540039 3.549999952316284
vertex 26.000028610229492 19.72000503540039 0
endloop
endfacet
facet normal 1 0 0
outer loop
vertex 26.000028610229492 19.02000617980957 3.549999952316284
vertex 26.000028610229492 19.02000617980957 0
vertex 26.000028610229492 19.72000503540039 0
endloop
endfacet
facet normal -1 0 0
outer loop
vertex 31.000028610229492 4.9200053215026855 0
vertex 31.000028610229492 4.220005512237549 0
vertex 31.000028610229492 4.9200053215026855 3.549999952316284
endloop
endfacet
facet normal 0 -1 0
outer loop
vertex 26.000028610229492 19.72000503540039 3.549999952316284
vertex 26.000028610229492 19.72000503540039 0
vertex 31.000028610229492 19.72000503540039 3.549999952316284
endloop
endfacet
facet normal -1 0 0
outer loop
vertex 12.000028610229492 4.9200053215026855 0
vertex 12.000028610229492 4.220005512237549 0
vertex 12.000028610229492 4.9200053215026855 3.549999952316284
endloop
endfacet
facet normal 0 1 0
outer loop
vertex 12.000028610229492 4.220005512237549 0
vertex 7.000028133392334 4.220005512237549 0
vertex 7.000028133392334 4.220005512237549 3.549999952316284
endloop
endfacet
facet normal 0 0 -1
outer loop
vertex 12.000028610229492 19.72000503540039 3.549999952316284
vertex 12.000028610229492 19.02000617980957 3.549999952316284
vertex 7.000028133392334 19.72000503540039 3.549999952316284
endloop
endfacet
facet normal 1 0 0
outer loop
vertex 7.000028133392334 19.02000617980957 3.549999952316284
vertex 7.000028133392334 19.02000617980957 0
vertex 7.000028133392334 19.72000503540039 0
endloop
endfacet
facet normal 0 -1 0
outer loop
vertex 12.000028610229492 19.72000503540039 0
vertex 12.000028610229492 19.72000503540039 3.549999952316284
vertex 7.000028133392334 19.72000503540039 0
endloop
endfacet
facet normal -1 0 0
outer loop
vertex 12.000028610229492 19.72000503540039 0
vertex 12.000028610229492 19.02000617980957 0
vertex 12.000028610229492 19.72000503540039 3.549999952316284
endloop
endfacet
facet normal 0 0 -1
outer loop
vertex 7.000028133392334 19.72000503540039 3.549999952316284
vertex 12.000028610229492 19.02000617980957 3.549999952316284
vertex 7.000028133392334 19.02000617980957 3.549999952316284
endloop
endfacet
facet normal 1 0 0
outer loop
vertex 7.000028133392334 4.9200053215026855 0
vertex 7.000028133392334 4.220005512237549 3.549999952316284
vertex 7.000028133392334 4.220005512237549 0
endloop
endfacet
facet normal 0 0 -1
outer loop
vertex 12.000028610229492 4.9200053215026855 3.549999952316284
vertex 12.000028610229492 4.220005512237549 3.549999952316284
vertex 7.000028133392334 4.9200053215026855 3.549999952316284
endloop
endfacet
facet normal -1 0 0
outer loop
vertex 12.000028610229492 19.72000503540039 3.549999952316284
vertex 12.000028610229492 19.02000617980957 0
vertex 12.000028610229492 19.02000617980957 3.549999952316284
endloop
endfacet
facet normal 0 -1 0
outer loop
vertex 7.000028133392334 19.72000503540039 3.549999952316284
vertex 7.000028133392334 19.72000503540039 0
vertex 12.000028610229492 19.72000503540039 3.549999952316284
endloop
endfacet
facet normal 1 0 0
outer loop
vertex 7.000028133392334 19.02000617980957 3.549999952316284
vertex 7.000028133392334 19.72000503540039 0
vertex 7.000028133392334 19.72000503540039 3.549999952316284
endloop
endfacet
facet normal -1 0 0
outer loop
vertex 12.000028610229492 4.9200053215026855 3.549999952316284
vertex 12.000028610229492 4.220005512237549 0
vertex 12.000028610229492 4.220005512237549 3.549999952316284
endloop
endfacet
facet normal 0 1 0
outer loop
vertex 12.000028610229492 4.220005512237549 0
vertex 7.000028133392334 4.220005512237549 3.549999952316284
vertex 12.000028610229492 4.220005512237549 3.549999952316284
endloop
endfacet
facet normal 1 0 0
outer loop
vertex 7.000028133392334 4.220005512237549 3.549999952316284
vertex 7.000028133392334 4.9200053215026855 0
vertex 7.000028133392334 4.9200053215026855 3.549999952316284
endloop
endfacet
facet normal 0 0 -1
outer loop
vertex 12.000028610229492 4.220005512237549 3.549999952316284
vertex 7.000028133392334 4.220005512237549 3.549999952316284
vertex 7.000028133392334 4.9200053215026855 3.549999952316284
endloop
endfacet
facet normal -1 0 0
outer loop
vertex -6.999971866607666 19.72000503540039 3.549999952316284
vertex -6.999971866607666 19.02000617980957 0
vertex -6.999971866607666 19.02000617980957 3.549999952316284
endloop
endfacet
facet normal 0 1 0
outer loop
vertex -6.999971866607666 4.220005512237549 0
vertex -11.999971389770508 4.220005512237549 0
vertex -11.999971389770508 4.220005512237549 3.549999952316284
endloop
endfacet
facet normal 1 0 0
outer loop
vertex -11.999971389770508 4.220005512237549 3.549999952316284
vertex -11.999971389770508 4.9200053215026855 0
vertex -11.999971389770508 4.9200053215026855 3.549999952316284
endloop
endfacet
facet normal 1 0 0
outer loop
vertex -11.999971389770508 4.9200053215026855 0
vertex -11.999971389770508 4.220005512237549 3.549999952316284
vertex -11.999971389770508 4.220005512237549 0
endloop
endfacet
facet normal 0 0 -1
outer loop
vertex -6.999971866607666 4.220005512237549 3.549999952316284
vertex -11.999971389770508 4.220005512237549 3.549999952316284
vertex -11.999971389770508 4.9200053215026855 3.549999952316284
endloop
endfacet
facet normal 0 0 -1
outer loop
vertex -6.999971866607666 4.9200053215026855 3.549999952316284
vertex -6.999971866607666 4.220005512237549 3.549999952316284
vertex -11.999971389770508 4.9200053215026855 3.549999952316284
endloop
endfacet
facet normal -1 0 0
outer loop
vertex -6.999971866607666 4.9200053215026855 0
vertex -6.999971866607666 4.220005512237549 0
vertex -6.999971866607666 4.9200053215026855 3.549999952316284
endloop
endfacet
facet normal -1 0 0
outer loop
vertex -6.999971866607666 19.72000503540039 0
vertex -6.999971866607666 19.02000617980957 0
vertex -6.999971866607666 19.72000503540039 3.549999952316284
endloop
endfacet
facet normal 0 0 -1
outer loop
vertex -11.999971389770508 19.02000617980957 3.549999952316284
vertex -11.999971389770508 19.72000503540039 3.549999952316284
vertex -6.999971866607666 19.02000617980957 3.549999952316284
endloop
endfacet
facet normal 0 -1 0
outer loop
vertex -11.999971389770508 19.72000503540039 3.549999952316284
vertex -11.999971389770508 19.72000503540039 0
vertex -6.999971866607666 19.72000503540039 3.549999952316284
endloop
endfacet
facet normal 0 0 -1
outer loop
vertex -6.999971866607666 19.72000503540039 3.549999952316284
vertex -6.999971866607666 19.02000617980957 3.549999952316284
vertex -11.999971389770508 19.72000503540039 3.549999952316284
endloop
endfacet
facet normal 0 1 0
outer loop
vertex -6.999971866607666 4.220005512237549 0
vertex -11.999971389770508 4.220005512237549 3.549999952316284
vertex -6.999971866607666 4.220005512237549 3.549999952316284
endloop
endfacet
facet normal 1 0 0
outer loop
vertex -11.999971389770508 19.02000617980957 3.549999952316284
vertex -11.999971389770508 19.02000617980957 0
vertex -11.999971389770508 19.72000503540039 0
endloop
endfacet
facet normal 0 -1 0
outer loop
vertex -6.999971866607666 19.72000503540039 0
vertex -6.999971866607666 19.72000503540039 3.549999952316284
vertex -11.999971389770508 19.72000503540039 0
endloop
endfacet
facet normal -1 0 0
outer loop
vertex -6.999971866607666 4.9200053215026855 3.549999952316284
vertex -6.999971866607666 4.220005512237549 0
vertex -6.999971866607666 4.220005512237549 3.549999952316284
endloop
endfacet
facet normal 1 0 0
outer loop
vertex -11.999971389770508 19.02000617980957 3.549999952316284
vertex -11.999971389770508 19.72000503540039 0
vertex -11.999971389770508 19.72000503540039 3.549999952316284
endloop
endfacet
facet normal 0 0 -1
outer loop
vertex -25.999971389770508 19.72000503540039 3.549999952316284
vertex -25.999971389770508 19.02000617980957 3.549999952316284
vertex -30.999971389770508 19.72000503540039 3.549999952316284
endloop
endfacet
facet normal -1 0 0
outer loop
vertex -25.999971389770508 4.9200053215026855 3.549999952316284
vertex -25.999971389770508 4.220005512237549 0
vertex -25.999971389770508 4.220005512237549 3.549999952316284
endloop
endfacet
facet normal 0 -1 0
outer loop
vertex -25.999971389770508 19.72000503540039 0
vertex -25.999971389770508 19.72000503540039 3.549999952316284
vertex -30.999971389770508 19.72000503540039 0
endloop
endfacet
facet normal -1 0 0
outer loop
vertex -25.999971389770508 4.9200053215026855 0
vertex -25.999971389770508 4.220005512237549 0
vertex -25.999971389770508 4.9200053215026855 3.549999952316284
endloop
endfacet
facet normal 0 0 -1
outer loop
vertex -30.999971389770508 19.72000503540039 3.549999952316284
vertex -25.999971389770508 19.02000617980957 3.549999952316284
vertex -30.999971389770508 19.02000617980957 3.549999952316284
endloop
endfacet
facet normal 0 1 0
outer loop
vertex -25.999971389770508 4.220005512237549 0
vertex -30.999971389770508 4.220005512237549 0
vertex -30.999971389770508 4.220005512237549 3.549999952316284
endloop
endfacet
facet normal -1 0 0
outer loop
vertex -25.999971389770508 19.72000503540039 3.549999952316284
vertex -25.999971389770508 19.02000617980957 0
vertex -25.999971389770508 19.02000617980957 3.549999952316284
endloop
endfacet
facet normal 1 0 0
outer loop
vertex -30.999971389770508 4.9200053215026855 0
vertex -30.999971389770508 4.220005512237549 3.549999952316284
vertex -30.999971389770508 4.220005512237549 0
endloop
endfacet
facet normal 0 -1 0
outer loop
vertex -30.999971389770508 19.72000503540039 3.549999952316284
vertex -30.999971389770508 19.72000503540039 0
vertex -25.999971389770508 19.72000503540039 3.549999952316284
endloop
endfacet
facet normal 1 0 0
outer loop
vertex -30.999971389770508 19.02000617980957 3.549999952316284
vertex -30.999971389770508 19.72000503540039 0
vertex -30.999971389770508 19.72000503540039 3.549999952316284
endloop
endfacet
facet normal -1 0 0
outer loop
vertex -25.999971389770508 19.72000503540039 0
vertex -25.999971389770508 19.02000617980957 0
vertex -25.999971389770508 19.72000503540039 3.549999952316284
endloop
endfacet
facet normal 1 0 0
outer loop
vertex -30.999971389770508 19.02000617980957 3.549999952316284
vertex -30.999971389770508 19.02000617980957 0
vertex -30.999971389770508 19.72000503540039 0
endloop
endfacet
facet normal 0 0 -1
outer loop
vertex -25.999971389770508 4.9200053215026855 3.549999952316284
vertex -25.999971389770508 4.220005512237549 3.549999952316284
vertex -30.999971389770508 4.9200053215026855 3.549999952316284
endloop
endfacet
facet normal 0 0 -1
outer loop
vertex -25.999971389770508 4.220005512237549 3.549999952316284
vertex -30.999971389770508 4.220005512237549 3.549999952316284
vertex -30.999971389770508 4.9200053215026855 3.549999952316284
endloop
endfacet
facet normal 1 0 0
outer loop
vertex -30.999971389770508 4.220005512237549 3.549999952316284
vertex -30.999971389770508 4.9200053215026855 0
vertex -30.999971389770508 4.9200053215026855 3.549999952316284
endloop
endfacet
facet normal 0 1 0
outer loop
vertex -25.999971389770508 4.220005512237549 0
vertex -30.999971389770508 4.220005512237549 3.549999952316284
vertex -25.999971389770508 4.220005512237549 3.549999952316284
endloop
endfacet
facet normal 0 -1 0
outer loop
vertex -40.44997024536133 28.72000503540039 3.549999952316284
vertex -39.74997329711914 28.72000503540039 0
vertex -39.74997329711914 28.72000503540039 3.549999952316284
endloop
endfacet
facet normal 0 0 -1
outer loop
vertex -39.74997329711914 28.72000503540039 3.549999952316284
vertex -40.44997024536133 23.72000503540039 3.549999952316284
vertex -40.44997024536133 28.72000503540039 3.549999952316284
endloop
endfacet
facet normal 0 0 -1
outer loop
vertex -39.74997329711914 23.72000503540039 3.549999952316284
vertex -40.44997024536133 23.72000503540039 3.549999952316284
vertex -39.74997329711914 28.72000503540039 3.549999952316284
endloop
endfacet
facet normal 0 1 0
outer loop
vertex -54.54997253417969 23.72000503540039 0
vertex -55.24997329711914 23.72000503540039 0
vertex -54.54997253417969 23.72000503540039 3.549999952316284
endloop
endfacet
facet normal 1 0 0
outer loop
vertex -55.24997329711914 23.72000503540039 3.549999952316284
vertex -55.24997329711914 23.72000503540039 0
vertex -55.24997329711914 28.72000503540039 3.549999952316284
endloop
endfacet
facet normal 0 1 0
outer loop
vertex -54.54997253417969 23.72000503540039 3.549999952316284
vertex -55.24997329711914 23.72000503540039 0
vertex -55.24997329711914 23.72000503540039 3.549999952316284
endloop
endfacet
facet normal 0 -1 0
outer loop
vertex -55.24997329711914 28.72000503540039 3.549999952316284
vertex -54.54997253417969 28.72000503540039 0
vertex -54.54997253417969 28.72000503540039 3.549999952316284
endloop
endfacet
facet normal 1 0 0
outer loop
vertex -55.24997329711914 28.72000503540039 0
vertex -55.24997329711914 28.72000503540039 3.549999952316284
vertex -55.24997329711914 23.72000503540039 0
endloop
endfacet
facet normal 0 1 0
outer loop
vertex -39.74997329711914 23.72000503540039 0
vertex -40.44997024536133 23.72000503540039 0
vertex -39.74997329711914 23.72000503540039 3.549999952316284
endloop
endfacet
facet normal -1 0 0
outer loop
vertex -39.74997329711914 28.72000503540039 0
vertex -39.74997329711914 23.72000503540039 0
vertex -39.74997329711914 23.72000503540039 3.549999952316284
endloop
endfacet
facet normal 0 -1 0
outer loop
vertex -39.74997329711914 28.72000503540039 0
vertex -40.44997024536133 28.72000503540039 3.549999952316284
vertex -40.44997024536133 28.72000503540039 0
endloop
endfacet
facet normal 0 0 -1
outer loop
vertex -54.54997253417969 28.72000503540039 3.549999952316284
vertex -55.24997329711914 23.72000503540039 3.549999952316284
vertex -55.24997329711914 28.72000503540039 3.549999952316284
endloop
endfacet
facet normal 0 0 -1
outer loop
vertex -54.54997253417969 23.72000503540039 3.549999952316284
vertex -55.24997329711914 23.72000503540039 3.549999952316284
vertex -54.54997253417969 28.72000503540039 3.549999952316284
endloop
endfacet
facet normal 0 1 0
outer loop
vertex -39.74997329711914 23.72000503540039 3.549999952316284
vertex -40.44997024536133 23.72000503540039 0
vertex -40.44997024536133 23.72000503540039 3.549999952316284
endloop
endfacet
facet normal 0 -1 0
outer loop
vertex -55.24997329711914 28.72000503540039 3.549999952316284
vertex -55.24997329711914 28.72000503540039 0
vertex -54.54997253417969 28.72000503540039 0
endloop
endfacet
facet normal -1 0 0
outer loop
vertex -39.74997329711914 28.72000503540039 0
vertex -39.74997329711914 23.72000503540039 3.549999952316284
vertex -39.74997329711914 28.72000503540039 3.549999952316284
endloop
endfacet
facet normal 0 1 0
outer loop
vertex -58.74997329711914 23.72000503540039 3.549999952316284
vertex -59.44997024536133 23.72000503540039 0
vertex -59.44997024536133 23.72000503540039 3.549999952316284
endloop
endfacet
facet normal 0 0 -1
outer loop
vertex -73.54997253417969 23.72000503540039 3.549999952316284
vertex -74.24996948242188 23.72000503540039 3.549999952316284
vertex -73.54997253417969 28.72000503540039 3.549999952316284
endloop
endfacet
facet normal 0 -1 0
outer loop
vertex -74.24996948242188 28.72000503540039 3.549999952316284
vertex -73.54997253417969 28.72000503540039 0
vertex -73.54997253417969 28.72000503540039 3.549999952316284
endloop
endfacet
facet normal 1 0 0
outer loop
vertex -74.24996948242188 23.72000503540039 3.549999952316284
vertex -74.24996948242188 23.72000503540039 0
vertex -74.24996948242188 28.72000503540039 3.549999952316284
endloop
endfacet
facet normal 0 1 0
outer loop
vertex -73.54997253417969 23.72000503540039 3.549999952316284
vertex -74.24996948242188 23.72000503540039 0
vertex -74.24996948242188 23.72000503540039 3.549999952316284
endloop
endfacet
facet normal 0 -1 0
outer loop
vertex -58.74997329711914 28.72000503540039 0
vertex -59.44997024536133 28.72000503540039 3.549999952316284
vertex -59.44997024536133 28.72000503540039 0
endloop
endfacet
facet normal 0 0 -1
outer loop
vertex -74.24996948242188 23.72000503540039 3.549999952316284
vertex -74.24996948242188 28.72000503540039 3.549999952316284
vertex -73.54997253417969 28.72000503540039 3.549999952316284
endloop
endfacet
facet normal -1 0 0
outer loop
vertex -58.74997329711914 28.72000503540039 0
vertex -58.74997329711914 23.72000503540039 0
vertex -58.74997329711914 23.72000503540039 3.549999952316284
endloop
endfacet
facet normal -1 0 0
outer loop
vertex -58.74997329711914 28.72000503540039 0
vertex -58.74997329711914 23.72000503540039 3.549999952316284
vertex -58.74997329711914 28.72000503540039 3.549999952316284
endloop
endfacet
facet normal 0 1 0
outer loop
vertex -58.74997329711914 23.72000503540039 0
vertex -59.44997024536133 23.72000503540039 0
vertex -58.74997329711914 23.72000503540039 3.549999952316284
endloop
endfacet
facet normal 0 0 -1
outer loop
vertex -58.74997329711914 23.72000503540039 3.549999952316284
vertex -59.44997024536133 23.72000503540039 3.549999952316284
vertex -58.74997329711914 28.72000503540039 3.549999952316284
endloop
endfacet
facet normal 0 0 -1
outer loop
vertex -58.74997329711914 28.72000503540039 3.549999952316284
vertex -59.44997024536133 23.72000503540039 3.549999952316284
vertex -59.44997024536133 28.72000503540039 3.549999952316284
endloop
endfacet
facet normal 0 -1 0
outer loop
vertex -74.24996948242188 28.72000503540039 3.549999952316284
vertex -74.24996948242188 28.72000503540039 0
vertex -73.54997253417969 28.72000503540039 0
endloop
endfacet
facet normal 1 0 0
outer loop
vertex -74.24996948242188 28.72000503540039 0
vertex -74.24996948242188 28.72000503540039 3.549999952316284
vertex -74.24996948242188 23.72000503540039 0
endloop
endfacet
facet normal 0 1 0
outer loop
vertex -73.54997253417969 23.72000503540039 0
vertex -74.24996948242188 23.72000503540039 0
vertex -73.54997253417969 23.72000503540039 3.549999952316284
endloop
endfacet
facet normal 0 -1 0
outer loop
vertex -59.44997024536133 28.72000503540039 3.549999952316284
vertex -58.74997329711914 28.72000503540039 0
vertex -58.74997329711914 28.72000503540039 3.549999952316284
endloop
endfacet
facet normal -1 0 0
outer loop
vertex 64.25003051757812 38.72000503540039 3.549999952316284
vertex 64.25003051757812 38.02000427246094 0
vertex 64.25003051757812 38.02000427246094 3.549999952316284
endloop
endfacet
facet normal 0 0 -1
outer loop
vertex 59.25002670288086 38.72000503540039 3.549999952316284
vertex 64.25003051757812 38.02000427246094 3.549999952316284
vertex 59.25002670288086 38.02000427246094 3.549999952316284
endloop
endfacet
facet normal 0 0 -1
outer loop
vertex 64.25003051757812 23.920005798339844 3.549999952316284
vertex 64.25003051757812 23.22000503540039 3.549999952316284
vertex 59.25002670288086 23.920005798339844 3.549999952316284
endloop
endfacet
facet normal 1 0 0
outer loop
vertex 59.25002670288086 38.02000427246094 3.549999952316284
vertex 59.25002670288086 38.72000503540039 0
vertex 59.25002670288086 38.72000503540039 3.549999952316284
endloop
endfacet
facet normal 0 -1 0
outer loop
vertex 59.25002670288086 38.72000503540039 3.549999952316284
vertex 59.25002670288086 38.72000503540039 0
vertex 64.25003051757812 38.72000503540039 3.549999952316284
endloop
endfacet
facet normal 0 1 0
outer loop
vertex 64.25003051757812 23.22000503540039 0
vertex 59.25002670288086 23.22000503540039 3.549999952316284
vertex 64.25003051757812 23.22000503540039 3.549999952316284
endloop
endfacet
facet normal 0 0 -1
outer loop
vertex 64.25003051757812 38.72000503540039 3.549999952316284
vertex 64.25003051757812 38.02000427246094 3.549999952316284
vertex 59.25002670288086 38.72000503540039 3.549999952316284
endloop
endfacet
facet normal -1 0 0
outer loop
vertex 64.25003051757812 23.920005798339844 3.549999952316284
vertex 64.25003051757812 23.22000503540039 0
vertex 64.25003051757812 23.22000503540039 3.549999952316284
endloop
endfacet
facet normal -1 0 0
outer loop
vertex 64.25003051757812 38.72000503540039 0
vertex 64.25003051757812 38.02000427246094 0
vertex 64.25003051757812 38.72000503540039 3.549999952316284
endloop
endfacet
facet normal 0 -1 0
outer loop
vertex 64.25003051757812 38.72000503540039 0
vertex 64.25003051757812 38.72000503540039 3.549999952316284
vertex 59.25002670288086 38.72000503540039 0
endloop
endfacet
facet normal 1 0 0
outer loop
vertex 59.25002670288086 23.22000503540039 0
vertex 59.25002670288086 23.920005798339844 0
vertex 59.25002670288086 23.22000503540039 3.549999952316284
endloop
endfacet
facet normal 1 0 0
outer loop
vertex 59.25002670288086 23.22000503540039 3.549999952316284
vertex 59.25002670288086 23.920005798339844 0
vertex 59.25002670288086 23.920005798339844 3.549999952316284
endloop
endfacet
facet normal 0 1 0
outer loop
vertex 64.25003051757812 23.22000503540039 0
vertex 59.25002670288086 23.22000503540039 0
vertex 59.25002670288086 23.22000503540039 3.549999952316284
endloop
endfacet
facet normal 0 0 -1
outer loop
vertex 64.25003051757812 23.22000503540039 3.549999952316284
vertex 59.25002670288086 23.22000503540039 3.549999952316284
vertex 59.25002670288086 23.920005798339844 3.549999952316284
endloop
endfacet
facet normal -1 0 0
outer loop
vertex 64.25003051757812 23.920005798339844 0
vertex 64.25003051757812 23.22000503540039 0
vertex 64.25003051757812 23.920005798339844 3.549999952316284
endloop
endfacet
facet normal 1 0 0
outer loop
vertex 59.25002670288086 38.02000427246094 3.549999952316284
vertex 59.25002670288086 38.02000427246094 0
vertex 59.25002670288086 38.72000503540039 0
endloop
endfacet
facet normal -1 0 0
outer loop
vertex 45.25002670288086 38.72000503540039 0
vertex 45.25002670288086 38.02000427246094 0
vertex 45.25002670288086 38.72000503540039 3.549999952316284
endloop
endfacet
facet normal -1 0 0
outer loop
vertex 45.25002670288086 38.72000503540039 3.549999952316284
vertex 45.25002670288086 38.02000427246094 0
vertex 45.25002670288086 38.02000427246094 3.549999952316284
endloop
endfacet
facet normal 0 -1 0
outer loop
vertex 40.25002670288086 38.72000503540039 3.549999952316284
vertex 40.25002670288086 38.72000503540039 0
vertex 45.25002670288086 38.72000503540039 3.549999952316284
endloop
endfacet
facet normal 0 -1 0
outer loop
vertex 40.25002670288086 38.72000503540039 0
vertex 45.25002670288086 38.72000503540039 0
vertex 45.25002670288086 38.72000503540039 3.549999952316284
endloop
endfacet
facet normal 0 0 -1
outer loop
vertex 45.25002670288086 23.920005798339844 3.549999952316284
vertex 45.25002670288086 23.22000503540039 3.549999952316284
vertex 40.25002670288086 23.920005798339844 3.549999952316284
endloop
endfacet
facet normal 1 0 0
outer loop
vertex 40.25002670288086 23.22000503540039 0
vertex 40.25002670288086 23.920005798339844 0
vertex 40.25002670288086 23.22000503540039 3.549999952316284
endloop
endfacet
facet normal 0 1 0
outer loop
vertex 45.25002670288086 23.22000503540039 0
vertex 40.25002670288086 23.22000503540039 0
vertex 40.25002670288086 23.22000503540039 3.549999952316284
endloop
endfacet
facet normal -1 0 0
outer loop
vertex 45.25002670288086 23.920005798339844 0
vertex 45.25002670288086 23.22000503540039 0
vertex 45.25002670288086 23.920005798339844 3.549999952316284
endloop
endfacet
facet normal 1 0 0
outer loop
vertex 40.25002670288086 38.02000427246094 3.549999952316284
vertex 40.25002670288086 38.02000427246094 0
vertex 40.25002670288086 38.72000503540039 0
endloop
endfacet
facet normal 1 0 0
outer loop
vertex 40.25002670288086 38.02000427246094 3.549999952316284
vertex 40.25002670288086 38.72000503540039 0
vertex 40.25002670288086 38.72000503540039 3.549999952316284
endloop
endfacet
facet normal 0 0 -1
outer loop
vertex 45.25002670288086 38.02000427246094 3.549999952316284
vertex 40.25002670288086 38.02000427246094 3.549999952316284
vertex 40.25002670288086 38.72000503540039 3.549999952316284
endloop
endfacet
facet normal 1 0 0
outer loop
vertex 40.25002670288086 23.22000503540039 3.549999952316284
vertex 40.25002670288086 23.920005798339844 0
vertex 40.25002670288086 23.920005798339844 3.549999952316284
endloop
endfacet
facet normal 0 0 -1
outer loop
vertex 45.25002670288086 38.72000503540039 3.549999952316284
vertex 45.25002670288086 38.02000427246094 3.549999952316284
vertex 40.25002670288086 38.72000503540039 3.549999952316284
endloop
endfacet
facet normal 0 1 0
outer loop
vertex 45.25002670288086 23.22000503540039 0
vertex 40.25002670288086 23.22000503540039 3.549999952316284
vertex 45.25002670288086 23.22000503540039 3.549999952316284
endloop
endfacet
facet normal -1 0 0
outer loop
vertex 45.25002670288086 23.920005798339844 3.549999952316284
vertex 45.25002670288086 23.22000503540039 0
vertex 45.25002670288086 23.22000503540039 3.549999952316284
endloop
endfacet
facet normal 0 0 -1
outer loop
vertex 45.25002670288086 23.22000503540039 3.549999952316284
vertex 40.25002670288086 23.22000503540039 3.549999952316284
vertex 40.25002670288086 23.920005798339844 3.549999952316284
endloop
endfacet
facet normal 0 -1 0
outer loop
vertex 18.875028610229492 38.72000503540039 3.549999952316284
vertex 18.875028610229492 38.72000503540039 0
vertex 23.875028610229492 38.72000503540039 3.549999952316284
endloop
endfacet
facet normal 0 0 -1
outer loop
vertex 23.875028610229492 23.22000503540039 3.549999952316284
vertex 18.875028610229492 23.22000503540039 3.549999952316284
vertex 18.875028610229492 23.920005798339844 3.549999952316284
endloop
endfacet
facet normal 1 0 0
outer loop
vertex 18.875028610229492 23.22000503540039 0
vertex 18.875028610229492 23.920005798339844 0
vertex 18.875028610229492 23.22000503540039 3.549999952316284
endloop
endfacet
facet normal 0 1 0
outer loop
vertex 18.875028610229492 23.22000503540039 0
vertex 18.875028610229492 23.22000503540039 3.549999952316284
vertex 23.875028610229492 23.22000503540039 0
endloop
endfacet
facet normal 1 0 0
outer loop
vertex 18.875028610229492 38.02000427246094 3.549999952316284
vertex 18.875028610229492 38.02000427246094 0
vertex 18.875028610229492 38.72000503540039 0
endloop
endfacet
facet normal -1 0 0
outer loop
vertex 23.875028610229492 23.920005798339844 0
vertex 23.875028610229492 23.22000503540039 0
vertex 23.875028610229492 23.920005798339844 3.549999952316284
endloop
endfacet
facet normal 0 -1 0
outer loop
vertex 18.875028610229492 38.72000503540039 0
vertex 23.875028610229492 38.72000503540039 0
vertex 23.875028610229492 38.72000503540039 3.549999952316284
endloop
endfacet
facet normal -1 0 0
outer loop
vertex 23.875028610229492 38.72000503540039 0
vertex 23.875028610229492 38.02000427246094 0
vertex 23.875028610229492 38.72000503540039 3.549999952316284
endloop
endfacet
facet normal 1 0 0
outer loop
vertex 18.875028610229492 23.22000503540039 3.549999952316284
vertex 18.875028610229492 23.920005798339844 0
vertex 18.875028610229492 23.920005798339844 3.549999952316284
endloop
endfacet
facet normal 1 0 0
outer loop
vertex 18.875028610229492 38.02000427246094 3.549999952316284
vertex 18.875028610229492 38.72000503540039 0
vertex 18.875028610229492 38.72000503540039 3.549999952316284
endloop
endfacet
facet normal -1 0 0
outer loop
vertex 23.875028610229492 38.72000503540039 3.549999952316284
vertex 23.875028610229492 38.02000427246094 0
vertex 23.875028610229492 38.02000427246094 3.549999952316284
endloop
endfacet
facet normal -1 0 0
outer loop
vertex 23.875028610229492 23.920005798339844 3.549999952316284
vertex 23.875028610229492 23.22000503540039 0
vertex 23.875028610229492 23.22000503540039 3.549999952316284
endloop
endfacet
facet normal 0 1 0
outer loop
vertex 23.875028610229492 23.22000503540039 0
vertex 18.875028610229492 23.22000503540039 3.549999952316284
vertex 23.875028610229492 23.22000503540039 3.549999952316284
endloop
endfacet
facet normal 0 0 -1
outer loop
vertex 18.875028610229492 38.72000503540039 3.549999952316284
vertex 23.875028610229492 38.02000427246094 3.549999952316284
vertex 18.875028610229492 38.02000427246094 3.549999952316284
endloop
endfacet
facet normal 0 0 -1
outer loop
vertex 23.875028610229492 38.72000503540039 3.549999952316284
vertex 23.875028610229492 38.02000427246094 3.549999952316284
vertex 18.875028610229492 38.72000503540039 3.549999952316284
endloop
endfacet
facet normal 0 0 -1
outer loop
vertex 23.875028610229492 23.920005798339844 3.549999952316284
vertex 23.875028610229492 23.22000503540039 3.549999952316284
vertex 18.875028610229492 23.920005798339844 3.549999952316284
endloop
endfacet
facet normal 0 0 -1
outer loop
vertex 0.12502822279930115 23.22000503540039 3.549999952316284
vertex -4.874971866607666 23.22000503540039 3.549999952316284
vertex -4.874971866607666 23.920005798339844 3.549999952316284
endloop
endfacet
facet normal 0 1 0
outer loop
vertex 0.12502822279930115 23.22000503540039 0
vertex -4.874971866607666 23.22000503540039 3.549999952316284
vertex 0.12502822279930115 23.22000503540039 3.549999952316284
endloop
endfacet
facet normal 1 0 0
outer loop
vertex -4.874971866607666 38.02000427246094 3.549999952316284
vertex -4.874971866607666 38.02000427246094 0
vertex -4.874971866607666 38.72000503540039 3.549999952316284
endloop
endfacet
facet normal 0 -1 0
outer loop
vertex -4.874971866607666 38.72000503540039 3.549999952316284
vertex -4.874971866607666 38.72000503540039 0
vertex 0.12502822279930115 38.72000503540039 3.549999952316284
endloop
endfacet
facet normal -1 0 0
outer loop
vertex 0.12502822279930115 23.920005798339844 0
vertex 0.12502822279930115 23.22000503540039 0
vertex 0.12502822279930115 23.920005798339844 3.549999952316284
endloop
endfacet
facet normal -1 0 0
outer loop
vertex 0.12502822279930115 38.72000503540039 3.549999952316284
vertex 0.12502822279930115 38.72000503540039 0
vertex 0.12502822279930115 38.02000427246094 0
endloop
endfacet
facet normal -1 0 0
outer loop
vertex 0.12502822279930115 23.920005798339844 3.549999952316284
vertex 0.12502822279930115 23.22000503540039 0
vertex 0.12502822279930115 23.22000503540039 3.549999952316284
endloop
endfacet
facet normal 0 -1 0
outer loop
vertex 0.12502822279930115 38.72000503540039 0
vertex 0.12502822279930115 38.72000503540039 3.549999952316284
vertex -4.874971866607666 38.72000503540039 0
endloop
endfacet
facet normal -1 0 0
outer loop
vertex 0.12502822279930115 38.72000503540039 3.549999952316284
vertex 0.12502822279930115 38.02000427246094 0
vertex 0.12502822279930115 38.02000427246094 3.549999952316284
endloop
endfacet
facet normal 0 0 -1
outer loop
vertex 0.12502822279930115 38.02000427246094 3.549999952316284
vertex -4.874971866607666 38.72000503540039 3.549999952316284
vertex 0.12502822279930115 38.72000503540039 3.549999952316284
endloop
endfacet
facet normal 0 0 -1
outer loop
vertex -4.874971866607666 38.72000503540039 3.549999952316284
vertex 0.12502822279930115 38.02000427246094 3.549999952316284
vertex -4.874971866607666 38.02000427246094 3.549999952316284
endloop
endfacet
facet normal 0 0 -1
outer loop
vertex 0.12502822279930115 23.22000503540039 3.549999952316284
vertex -4.874971866607666 23.920005798339844 3.549999952316284
vertex 0.12502822279930115 23.920005798339844 3.549999952316284
endloop
endfacet
facet normal 1 0 0
outer loop
vertex -4.874971866607666 38.72000503540039 0
vertex -4.874971866607666 38.72000503540039 3.549999952316284
vertex -4.874971866607666 38.02000427246094 0
endloop
endfacet
facet normal 0 1 0
outer loop
vertex 0.12502822279930115 23.22000503540039 0
vertex -4.874971866607666 23.22000503540039 0
vertex -4.874971866607666 23.22000503540039 3.549999952316284
endloop
endfacet
facet normal 1 0 0
outer loop
vertex -4.874971866607666 23.22000503540039 0
vertex -4.874971866607666 23.920005798339844 0
vertex -4.874971866607666 23.22000503540039 3.549999952316284
endloop
endfacet
facet normal 1 0 0
outer loop
vertex -4.874971866607666 23.22000503540039 3.549999952316284
vertex -4.874971866607666 23.920005798339844 0
vertex -4.874971866607666 23.920005798339844 3.549999952316284
endloop
endfacet
facet normal 1 0 0
outer loop
vertex -28.624971389770508 38.02000427246094 3.549999952316284
vertex -28.624971389770508 38.02000427246094 0
vertex -28.624971389770508 38.72000503540039 0
endloop
endfacet
facet normal 0 -1 0
outer loop
vertex -23.624971389770508 38.72000503540039 0
vertex -23.624971389770508 38.72000503540039 3.549999952316284
vertex -28.624971389770508 38.72000503540039 0
endloop
endfacet
facet normal -1 0 0
outer loop
vertex -23.624971389770508 38.72000503540039 0
vertex -23.624971389770508 38.02000427246094 0
vertex -23.624971389770508 38.72000503540039 3.549999952316284
endloop
endfacet
facet normal 0 0 -1
outer loop
vertex -23.624971389770508 23.22000503540039 3.549999952316284
vertex -28.624971389770508 23.22000503540039 3.549999952316284
vertex -28.624971389770508 23.920005798339844 3.549999952316284
endloop
endfacet
facet normal 0 0 -1
outer loop
vertex -23.624971389770508 23.920005798339844 3.549999952316284
vertex -23.624971389770508 23.22000503540039 3.549999952316284
vertex -28.624971389770508 23.920005798339844 3.549999952316284
endloop
endfacet
facet normal 0 0 -1
outer loop
vertex -28.624971389770508 38.72000503540039 3.549999952316284
vertex -23.624971389770508 38.02000427246094 3.549999952316284
vertex -28.624971389770508 38.02000427246094 3.549999952316284
endloop
endfacet
facet normal 0 0 -1
outer loop
vertex -23.624971389770508 38.72000503540039 3.549999952316284
vertex -23.624971389770508 38.02000427246094 3.549999952316284
vertex -28.624971389770508 38.72000503540039 3.549999952316284
endloop
endfacet
facet normal 1 0 0
outer loop
vertex -28.624971389770508 23.22000503540039 3.549999952316284
vertex -28.624971389770508 23.920005798339844 0
vertex -28.624971389770508 23.920005798339844 3.549999952316284
endloop
endfacet
facet normal 0 1 0
outer loop
vertex -23.624971389770508 23.22000503540039 0
vertex -28.624971389770508 23.22000503540039 3.549999952316284
vertex -23.624971389770508 23.22000503540039 3.549999952316284
endloop
endfacet
facet normal -1 0 0
outer loop
vertex -23.624971389770508 38.72000503540039 3.549999952316284
vertex -23.624971389770508 38.02000427246094 0
vertex -23.624971389770508 38.02000427246094 3.549999952316284
endloop
endfacet
facet normal 0 -1 0
outer loop
vertex -28.624971389770508 38.72000503540039 3.549999952316284
vertex -28.624971389770508 38.72000503540039 0
vertex -23.624971389770508 38.72000503540039 3.549999952316284
endloop
endfacet
facet normal 1 0 0
outer loop
vertex -28.624971389770508 23.22000503540039 0
vertex -28.624971389770508 23.920005798339844 0
vertex -28.624971389770508 23.22000503540039 3.549999952316284
endloop
endfacet
facet normal 0 1 0
outer loop
vertex -23.624971389770508 23.22000503540039 0
vertex -28.624971389770508 23.22000503540039 0
vertex -28.624971389770508 23.22000503540039 3.549999952316284
endloop
endfacet
facet normal -1 0 0
outer loop
vertex -23.624971389770508 23.920005798339844 0
vertex -23.624971389770508 23.22000503540039 0
vertex -23.624971389770508 23.920005798339844 3.549999952316284
endloop
endfacet
facet normal 1 0 0
outer loop
vertex -28.624971389770508 38.02000427246094 3.549999952316284
vertex -28.624971389770508 38.72000503540039 0
vertex -28.624971389770508 38.72000503540039 3.549999952316284
endloop
endfacet
facet normal -1 0 0
outer loop
vertex -23.624971389770508 23.920005798339844 3.549999952316284
vertex -23.624971389770508 23.22000503540039 0
vertex -23.624971389770508 23.22000503540039 3.549999952316284
endloop
endfacet
facet normal 0.9807851384137336 -0.19509103584417611 0
outer loop
vertex 0.18428242206573486 -35.3577880859375 0
vertex 0.18428242206573486 -35.3577880859375 1.7000000476837158
vertex 0.15002821385860443 -35.52999496459961 0
endloop
endfacet
facet normal 0.9807851384137336 0.19509103584417611 0
outer loop
vertex 0.15002821385860443 -35.52999496459961 0
vertex 0.15002821385860443 -35.52999496459961 1.7000000476837158
vertex 0.18428242206573486 -35.70220184326172 0
endloop
endfacet
facet normal -0.19510003617400823 0.9807833480870791 0
outer loop
vertex 0.7722357511520386 -35.94573974609375 1.7000000476837158
vertex 0.7722357511520386 -35.94573974609375 0
vertex 0.6000282168388367 -35.97999572753906 1.7000000476837158
endloop
endfacet
facet normal 0.9807851384137336 0.19509103584417611 0
outer loop
vertex 0.18428242206573486 -35.70220184326172 1.7000000476837158
vertex 0.18428242206573486 -35.70220184326172 0
vertex 0.15002821385860443 -35.52999496459961 1.7000000476837158
endloop
endfacet
facet normal 0.9807851384137336 -0.19509103584417611 0
outer loop
vertex 0.15002821385860443 -35.52999496459961 1.7000000476837158
vertex 0.15002821385860443 -35.52999496459961 0
vertex 0.18428242206573486 -35.3577880859375 1.7000000476837158
endloop
endfacet
facet normal -0.555561950171902 0.8314751466647655 0
outer loop
vertex 0.9182262420654297 -35.84819412231445 1.7000000476837158
vertex 0.9182262420654297 -35.84819412231445 0
vertex 0.7722357511520386 -35.94573974609375 1.7000000476837158
endloop
endfacet
facet normal -0.83147264470564 0.5555656946808436 0
outer loop
vertex 1.0157740116119385 -35.70220184326172 1.7000000476837158
vertex 1.0157740116119385 -35.70220184326172 0
vertex 0.9182262420654297 -35.84819412231445 1.7000000476837158
endloop
endfacet
facet normal -0.9807851546525584 0.19509095420638264 0
outer loop
vertex 1.0500282049179077 -35.52999496459961 1.7000000476837158
vertex 1.0500282049179077 -35.52999496459961 0
vertex 1.0157740116119385 -35.70220184326172 1.7000000476837158
endloop
endfacet
facet normal -0.9807851546525584 -0.19509095420638264 0
outer loop
vertex 1.0157740116119385 -35.3577880859375 1.7000000476837158
vertex 1.0157740116119385 -35.3577880859375 0
vertex 1.0500282049179077 -35.52999496459961 1.7000000476837158
endloop
endfacet
facet normal 0.8314727231120498 -0.5555655773359548 0
outer loop
vertex 0.18428242206573486 -35.3577880859375 1.7000000476837158
vertex 0.18428242206573486 -35.3577880859375 0
vertex 0.28183016180992126 -35.211795806884766 1.7000000476837158
endloop
endfacet
facet normal 0.5555618717645963 -0.831475199053717 0
outer loop
vertex 0.28183016180992126 -35.211795806884766 1.7000000476837158
vertex 0.28183016180992126 -35.211795806884766 0
vertex 0.42782068252563477 -35.11425018310547 1.7000000476837158
endloop
endfacet
facet normal 0.19510003617400823 -0.9807833480870791 0
outer loop
vertex 0.42782068252563477 -35.11425018310547 1.7000000476837158
vertex 0.42782068252563477 -35.11425018310547 0
vertex 0.6000282168388367 -35.079994201660156 1.7000000476837158
endloop
endfacet
facet normal -0.19510003617400823 -0.9807833480870791 0
outer loop
vertex 0.6000282168388367 -35.079994201660156 1.7000000476837158
vertex 0.6000282168388367 -35.079994201660156 0
vertex 0.7722357511520386 -35.11425018310547 1.7000000476837158
endloop
endfacet
facet normal -0.555561950171902 -0.8314751466647655 0
outer loop
vertex 0.7722357511520386 -35.11425018310547 1.7000000476837158
vertex 0.7722357511520386 -35.11425018310547 0
vertex 0.9182262420654297 -35.211795806884766 1.7000000476837158
endloop
endfacet
facet normal -0.83147264470564 -0.5555656946808436 0
outer loop
vertex 0.9182262420654297 -35.211795806884766 1.7000000476837158
vertex 0.9182262420654297 -35.211795806884766 0
vertex 1.0157740116119385 -35.3577880859375 1.7000000476837158
endloop
endfacet
facet normal 0.8314727231120498 0.5555655773359548 0
outer loop
vertex 0.28183016180992126 -35.84819412231445 1.7000000476837158
vertex 0.28183016180992126 -35.84819412231445 0
vertex 0.18428242206573486 -35.70220184326172 1.7000000476837158
endloop
endfacet
facet normal -0.555561950171902 0.8314751466647655 0
outer loop
vertex 0.9182262420654297 -35.84819412231445 0
vertex 0.7722357511520386 -35.94573974609375 0
vertex 0.7722357511520386 -35.94573974609375 1.7000000476837158
endloop
endfacet
facet normal -0.83147264470564 0.5555656946808436 0
outer loop
vertex 1.0157740116119385 -35.70220184326172 0
vertex 0.9182262420654297 -35.84819412231445 0
vertex 0.9182262420654297 -35.84819412231445 1.7000000476837158
endloop
endfacet
facet normal 0 0 -1
outer loop
vertex 1.0500282049179077 -35.52999496459961 1.7000000476837158
vertex 1.0157740116119385 -35.70220184326172 1.7000000476837158
vertex 1.0157740116119385 -35.3577880859375 1.7000000476837158
endloop
endfacet
facet normal 0 0 -1
outer loop
vertex 1.0157740116119385 -35.70220184326172 1.7000000476837158
vertex 0.9182262420654297 -35.84819412231445 1.7000000476837158
vertex 1.0157740116119385 -35.3577880859375 1.7000000476837158
endloop
endfacet
facet normal 0 0 -1
outer loop
vertex 0.9182262420654297 -35.84819412231445 1.7000000476837158
vertex 0.7722357511520386 -35.94573974609375 1.7000000476837158
vertex 0.9182262420654297 -35.211795806884766 1.7000000476837158
endloop
endfacet
facet normal 0 0 -1
outer loop
vertex 0.7722357511520386 -35.11425018310547 1.7000000476837158
vertex 0.6000282168388367 -35.97999572753906 1.7000000476837158
vertex 0.6000282168388367 -35.079994201660156 1.7000000476837158
endloop
endfacet
facet normal 0 0 -1
outer loop
vertex 0.6000282168388367 -35.079994201660156 1.7000000476837158
vertex 0.42782068252563477 -35.94573974609375 1.7000000476837158
vertex 0.42782068252563477 -35.11425018310547 1.7000000476837158
endloop
endfacet
facet normal -0.9807851546525584 0.19509095420638264 0
outer loop
vertex 1.0500282049179077 -35.52999496459961 0
vertex 1.0157740116119385 -35.70220184326172 0
vertex 1.0157740116119385 -35.70220184326172 1.7000000476837158
endloop
endfacet
facet normal 0 0 -1
outer loop
vertex 0.7722357511520386 -35.94573974609375 1.7000000476837158
vertex 0.6000282168388367 -35.97999572753906 1.7000000476837158
vertex 0.7722357511520386 -35.11425018310547 1.7000000476837158
endloop
endfacet
facet normal 0 0 -1
outer loop
vertex 0.6000282168388367 -35.97999572753906 1.7000000476837158
vertex 0.42782068252563477 -35.94573974609375 1.7000000476837158
vertex 0.6000282168388367 -35.079994201660156 1.7000000476837158
endloop
endfacet
facet normal 0 0 -1
outer loop
vertex 0.42782068252563477 -35.11425018310547 1.7000000476837158
vertex 0.28183016180992126 -35.84819412231445 1.7000000476837158
vertex 0.28183016180992126 -35.211795806884766 1.7000000476837158
endloop
endfacet
facet normal 0 0 -1
outer loop
vertex 0.28183016180992126 -35.211795806884766 1.7000000476837158
vertex 0.18428242206573486 -35.70220184326172 1.7000000476837158
vertex 0.18428242206573486 -35.3577880859375 1.7000000476837158
endloop
endfacet
facet normal -0.9807851546525584 -0.19509095420638264 0
outer loop
vertex 1.0157740116119385 -35.3577880859375 0
vertex 1.0500282049179077 -35.52999496459961 0
vertex 1.0500282049179077 -35.52999496459961 1.7000000476837158
endloop
endfacet
facet normal 0 0 -1
outer loop
vertex 0.42782068252563477 -35.94573974609375 1.7000000476837158
vertex 0.28183016180992126 -35.84819412231445 1.7000000476837158
vertex 0.42782068252563477 -35.11425018310547 1.7000000476837158
endloop
endfacet
facet normal 0.8314727231120498 -0.5555655773359548 0
outer loop
vertex 0.28183016180992126 -35.211795806884766 0
vertex 0.28183016180992126 -35.211795806884766 1.7000000476837158
vertex 0.18428242206573486 -35.3577880859375 0
endloop
endfacet
facet normal 0.5555618717645963 -0.831475199053717 0
outer loop
vertex 0.42782068252563477 -35.11425018310547 0
vertex 0.42782068252563477 -35.11425018310547 1.7000000476837158
vertex 0.28183016180992126 -35.211795806884766 0
endloop
endfacet
facet normal 0 0 -1
outer loop
vertex 0.28183016180992126 -35.84819412231445 1.7000000476837158
vertex 0.18428242206573486 -35.70220184326172 1.7000000476837158
vertex 0.28183016180992126 -35.211795806884766 1.7000000476837158
endloop
endfacet
facet normal 0 0 -1
outer loop
vertex 0.18428242206573486 -35.70220184326172 1.7000000476837158
vertex 0.15002821385860443 -35.52999496459961 1.7000000476837158
vertex 0.18428242206573486 -35.3577880859375 1.7000000476837158
endloop
endfacet
facet normal 0.19510003617400823 -0.9807833480870791 0
outer loop
vertex 0.6000282168388367 -35.079994201660156 0
vertex 0.6000282168388367 -35.079994201660156 1.7000000476837158
vertex 0.42782068252563477 -35.11425018310547 0
endloop
endfacet
facet normal -0.19510003617400823 -0.9807833480870791 0
outer loop
vertex 0.7722357511520386 -35.11425018310547 0
vertex 0.7722357511520386 -35.11425018310547 1.7000000476837158
vertex 0.6000282168388367 -35.079994201660156 0
endloop
endfacet
facet normal -0.555561950171902 -0.8314751466647655 0
outer loop
vertex 0.7722357511520386 -35.11425018310547 0
vertex 0.9182262420654297 -35.211795806884766 0
vertex 0.9182262420654297 -35.211795806884766 1.7000000476837158
endloop
endfacet
facet normal 0.5555618717645963 0.831475199053717 0
outer loop
vertex 0.42782068252563477 -35.94573974609375 1.7000000476837158
vertex 0.42782068252563477 -35.94573974609375 0
vertex 0.28183016180992126 -35.84819412231445 1.7000000476837158
endloop
endfacet
facet normal -0.83147264470564 -0.5555656946808436 0
outer loop
vertex 0.9182262420654297 -35.211795806884766 0
vertex 1.0157740116119385 -35.3577880859375 0
vertex 1.0157740116119385 -35.3577880859375 1.7000000476837158
endloop
endfacet
facet normal 0 0 -1
outer loop
vertex 0.7722357511520386 -35.11425018310547 1.7000000476837158
vertex 0.9182262420654297 -35.211795806884766 1.7000000476837158
vertex 0.7722357511520386 -35.94573974609375 1.7000000476837158
endloop
endfacet
facet normal 0 0 -1
outer loop
vertex 0.9182262420654297 -35.211795806884766 1.7000000476837158
vertex 1.0157740116119385 -35.3577880859375 1.7000000476837158
vertex 0.9182262420654297 -35.84819412231445 1.7000000476837158
endloop
endfacet
facet normal 0.5555618717645963 0.831475199053717 0
outer loop
vertex 0.28183016180992126 -35.84819412231445 0
vertex 0.28183016180992126 -35.84819412231445 1.7000000476837158
vertex 0.42782068252563477 -35.94573974609375 0
endloop
endfacet
facet normal 0.8314727231120498 0.5555655773359548 0
outer loop
vertex 0.28183016180992126 -35.84819412231445 0
vertex 0.18428242206573486 -35.70220184326172 0
vertex 0.18428242206573486 -35.70220184326172 1.7000000476837158
endloop
endfacet
facet normal 0.19510003617400823 0.9807833480870791 0
outer loop
vertex 0.6000282168388367 -35.97999572753906 0
vertex 0.42782068252563477 -35.94573974609375 0
vertex 0.42782068252563477 -35.94573974609375 1.7000000476837158
endloop
endfacet
facet normal -0.19510003617400823 0.9807833480870791 0
outer loop
vertex 0.7722357511520386 -35.94573974609375 0
vertex 0.6000282168388367 -35.97999572753906 0
vertex 0.6000282168388367 -35.97999572753906 1.7000000476837158
endloop
endfacet
facet normal 0.19510003617400823 0.9807833480870791 0
outer loop
vertex 0.6000282168388367 -35.97999572753906 1.7000000476837158
vertex 0.6000282168388367 -35.97999572753906 0
vertex 0.42782068252563477 -35.94573974609375 1.7000000476837158
endloop
endfacet
facet normal 0.8314727231120498 0.5555655773359548 0
outer loop
vertex 0.28183016180992126 -34.57819366455078 1.7000000476837158
vertex 0.28183016180992126 -34.57819366455078 0
vertex 0.18428242206573486 -34.43220138549805 1.7000000476837158
endloop
endfacet
facet normal 0.8314727231120498 -0.5555655773359548 0
outer loop
vertex 0.18428242206573486 -34.08778762817383 1.7000000476837158
vertex 0.18428242206573486 -34.08778762817383 0
vertex 0.28183016180992126 -33.941795349121094 1.7000000476837158
endloop
endfacet
facet normal 0 0 -1
outer loop
vertex 1.0500282049179077 -34.25999450683594 1.7000000476837158
vertex 1.0157740116119385 -34.43220138549805 1.7000000476837158
vertex 1.0157740116119385 -34.08778762817383 1.7000000476837158
endloop
endfacet
facet normal 0.5555618717645963 0.831475199053717 0
outer loop
vertex 0.28183016180992126 -34.57819366455078 0
vertex 0.28183016180992126 -34.57819366455078 1.7000000476837158
vertex 0.42782068252563477 -34.67573928833008 0
endloop
endfacet
facet normal 0 0 -1
outer loop
vertex 0.9182262420654297 -34.57819366455078 1.7000000476837158
vertex 0.7722357511520386 -34.67573928833008 1.7000000476837158
vertex 0.9182262420654297 -33.941795349121094 1.7000000476837158
endloop
endfacet
facet normal 0 0 -1
outer loop
vertex 0.6000282168388367 -33.809993743896484 1.7000000476837158
vertex 0.7722357511520386 -33.8442497253418 1.7000000476837158
vertex 0.6000282168388367 -34.70999526977539 1.7000000476837158
endloop
endfacet
facet normal 0 0 -1
outer loop
vertex 0.6000282168388367 -33.809993743896484 1.7000000476837158
vertex 0.42782068252563477 -34.67573928833008 1.7000000476837158
vertex 0.42782068252563477 -33.8442497253418 1.7000000476837158
endloop
endfacet
facet normal 0 0 -1
outer loop
vertex 0.42782068252563477 -33.8442497253418 1.7000000476837158
vertex 0.28183016180992126 -34.57819366455078 1.7000000476837158
vertex 0.28183016180992126 -33.941795349121094 1.7000000476837158
endloop
endfacet
facet normal 0 0 -1
outer loop
vertex 0.28183016180992126 -33.941795349121094 1.7000000476837158
vertex 0.18428242206573486 -34.43220138549805 1.7000000476837158
vertex 0.18428242206573486 -34.08778762817383 1.7000000476837158
endloop
endfacet
facet normal 0 0 -1
outer loop
vertex 0.7722357511520386 -34.67573928833008 1.7000000476837158
vertex 0.6000282168388367 -34.70999526977539 1.7000000476837158
vertex 0.7722357511520386 -33.8442497253418 1.7000000476837158
endloop
endfacet
facet normal 0 0 -1
outer loop
vertex 0.6000282168388367 -34.70999526977539 1.7000000476837158
vertex 0.42782068252563477 -34.67573928833008 1.7000000476837158
vertex 0.6000282168388367 -33.809993743896484 1.7000000476837158
endloop
endfacet
facet normal 0 0 -1
outer loop
vertex 0.42782068252563477 -34.67573928833008 1.7000000476837158
vertex 0.28183016180992126 -34.57819366455078 1.7000000476837158
vertex 0.42782068252563477 -33.8442497253418 1.7000000476837158
endloop
endfacet
facet normal 0.19510003617400823 -0.9807833480870791 0
outer loop
vertex 0.6000282168388367 -33.809993743896484 0
vertex 0.6000282168388367 -33.809993743896484 1.7000000476837158
vertex 0.42782068252563477 -33.8442497253418 0
endloop
endfacet
facet normal -0.555561950171902 -0.8314751466647655 0
outer loop
vertex 0.9182262420654297 -33.941795349121094 0
vertex 0.9182262420654297 -33.941795349121094 1.7000000476837158
vertex 0.7722357511520386 -33.8442497253418 0
endloop
endfacet
facet normal -0.83147264470564 -0.5555656946808436 0
outer loop
vertex 0.9182262420654297 -33.941795349121094 0
vertex 1.0157740116119385 -34.08778762817383 0
vertex 1.0157740116119385 -34.08778762817383 1.7000000476837158
endloop
endfacet
facet normal -0.9807851546525584 -0.19509095420638264 0
outer loop
vertex 1.0157740116119385 -34.08778762817383 0
vertex 1.0500282049179077 -34.25999450683594 0
vertex 1.0500282049179077 -34.25999450683594 1.7000000476837158
endloop
endfacet
facet normal -0.9807851546525584 0.19509095420638264 0
outer loop
vertex 1.0500282049179077 -34.25999450683594 0
vertex 1.0157740116119385 -34.43220138549805 0
vertex 1.0157740116119385 -34.43220138549805 1.7000000476837158
endloop
endfacet
facet normal -0.83147264470564 0.5555656946808436 0
outer loop
vertex 1.0157740116119385 -34.43220138549805 0
vertex 0.9182262420654297 -34.57819366455078 0
vertex 0.9182262420654297 -34.57819366455078 1.7000000476837158
endloop
endfacet
facet normal -0.19510003617400823 -0.9807833480870791 0
outer loop
vertex 0.6000282168388367 -33.809993743896484 0
vertex 0.7722357511520386 -33.8442497253418 0
vertex 0.7722357511520386 -33.8442497253418 1.7000000476837158
endloop
endfacet
facet normal 0.5555618717645963 -0.831475199053717 0
outer loop
vertex 0.42782068252563477 -33.8442497253418 0
vertex 0.42782068252563477 -33.8442497253418 1.7000000476837158
vertex 0.28183016180992126 -33.941795349121094 0
endloop
endfacet
facet normal 0.8314727231120498 -0.5555655773359548 0
outer loop
vertex 0.28183016180992126 -33.941795349121094 0
vertex 0.28183016180992126 -33.941795349121094 1.7000000476837158
vertex 0.18428242206573486 -34.08778762817383 0
endloop
endfacet
facet normal 0.9807851384137336 -0.19509103584417611 0
outer loop
vertex 0.18428242206573486 -34.08778762817383 0
vertex 0.18428242206573486 -34.08778762817383 1.7000000476837158
vertex 0.15002821385860443 -34.25999450683594 0
endloop
endfacet
facet normal 0.8314727231120498 0.5555655773359548 0
outer loop
vertex 0.18428242206573486 -34.43220138549805 0
vertex 0.18428242206573486 -34.43220138549805 1.7000000476837158
vertex 0.28183016180992126 -34.57819366455078 0
endloop
endfacet
facet normal 0.9807851384137336 0.19509103584417611 0
outer loop
vertex 0.15002821385860443 -34.25999450683594 0
vertex 0.15002821385860443 -34.25999450683594 1.7000000476837158
vertex 0.18428242206573486 -34.43220138549805 0
endloop
endfacet
facet normal -0.19510003617400823 0.9807833480870791 0
outer loop
vertex 0.7722357511520386 -34.67573928833008 0
vertex 0.6000282168388367 -34.70999526977539 0
vertex 0.6000282168388367 -34.70999526977539 1.7000000476837158
endloop
endfacet
facet normal 0.19510003617400823 0.9807833480870791 0
outer loop
vertex 0.6000282168388367 -34.70999526977539 0
vertex 0.42782068252563477 -34.67573928833008 0
vertex 0.42782068252563477 -34.67573928833008 1.7000000476837158
endloop
endfacet
facet normal -0.555561950171902 0.8314751466647655 0
outer loop
vertex 0.9182262420654297 -34.57819366455078 0
vertex 0.7722357511520386 -34.67573928833008 0
vertex 0.7722357511520386 -34.67573928833008 1.7000000476837158
endloop
endfacet
facet normal 0 0 -1
outer loop
vertex 0.18428242206573486 -34.43220138549805 1.7000000476837158
vertex 0.15002821385860443 -34.25999450683594 1.7000000476837158
vertex 0.18428242206573486 -34.08778762817383 1.7000000476837158
endloop
endfacet
facet normal 0 0 -1
outer loop
vertex 0.28183016180992126 -34.57819366455078 1.7000000476837158
vertex 0.18428242206573486 -34.43220138549805 1.7000000476837158
vertex 0.28183016180992126 -33.941795349121094 1.7000000476837158
endloop
endfacet
facet normal 0 0 -1
outer loop
vertex 0.9182262420654297 -33.941795349121094 1.7000000476837158
vertex 0.7722357511520386 -34.67573928833008 1.7000000476837158
vertex 0.7722357511520386 -33.8442497253418 1.7000000476837158
endloop
endfacet
facet normal 0 0 -1
outer loop
vertex 0.9182262420654297 -33.941795349121094 1.7000000476837158
vertex 1.0157740116119385 -34.08778762817383 1.7000000476837158
vertex 0.9182262420654297 -34.57819366455078 1.7000000476837158
endloop
endfacet
facet normal 0.5555618717645963 0.831475199053717 0
outer loop
vertex 0.42782068252563477 -34.67573928833008 1.7000000476837158
vertex 0.42782068252563477 -34.67573928833008 0
vertex 0.28183016180992126 -34.57819366455078 1.7000000476837158
endloop
endfacet
facet normal 0.19510003617400823 0.9807833480870791 0
outer loop
vertex 0.6000282168388367 -34.70999526977539 1.7000000476837158
vertex 0.6000282168388367 -34.70999526977539 0
vertex 0.42782068252563477 -34.67573928833008 1.7000000476837158
endloop
endfacet
facet normal -0.19510003617400823 0.9807833480870791 0
outer loop
vertex 0.7722357511520386 -34.67573928833008 1.7000000476837158
vertex 0.7722357511520386 -34.67573928833008 0
vertex 0.6000282168388367 -34.70999526977539 1.7000000476837158
endloop
endfacet
facet normal -0.19510003617400823 -0.9807833480870791 0
outer loop
vertex 0.6000282168388367 -33.809993743896484 1.7000000476837158
vertex 0.6000282168388367 -33.809993743896484 0
vertex 0.7722357511520386 -33.8442497253418 1.7000000476837158
endloop
endfacet
facet normal -0.83147264470564 -0.5555656946808436 0
outer loop
vertex 0.9182262420654297 -33.941795349121094 1.7000000476837158
vertex 0.9182262420654297 -33.941795349121094 0
vertex 1.0157740116119385 -34.08778762817383 1.7000000476837158
endloop
endfacet
facet normal -0.555561950171902 -0.8314751466647655 0
outer loop
vertex 0.7722357511520386 -33.8442497253418 1.7000000476837158
vertex 0.7722357511520386 -33.8442497253418 0
vertex 0.9182262420654297 -33.941795349121094 1.7000000476837158
endloop
endfacet
facet normal -0.9807851546525584 -0.19509095420638264 0
outer loop
vertex 1.0157740116119385 -34.08778762817383 1.7000000476837158
vertex 1.0157740116119385 -34.08778762817383 0
vertex 1.0500282049179077 -34.25999450683594 1.7000000476837158
endloop
endfacet
facet normal -0.9807851546525584 0.19509095420638264 0
outer loop
vertex 1.0500282049179077 -34.25999450683594 1.7000000476837158
vertex 1.0500282049179077 -34.25999450683594 0
vertex 1.0157740116119385 -34.43220138549805 1.7000000476837158
endloop
endfacet
facet normal -0.83147264470564 0.5555656946808436 0
outer loop
vertex 1.0157740116119385 -34.43220138549805 1.7000000476837158
vertex 1.0157740116119385 -34.43220138549805 0
vertex 0.9182262420654297 -34.57819366455078 1.7000000476837158
endloop
endfacet
facet normal 0.19510003617400823 -0.9807833480870791 0
outer loop
vertex 0.42782068252563477 -33.8442497253418 1.7000000476837158
vertex 0.42782068252563477 -33.8442497253418 0
vertex 0.6000282168388367 -33.809993743896484 1.7000000476837158
endloop
endfacet
facet normal 0.5555618717645963 -0.831475199053717 0
outer loop
vertex 0.28183016180992126 -33.941795349121094 1.7000000476837158
vertex 0.28183016180992126 -33.941795349121094 0
vertex 0.42782068252563477 -33.8442497253418 1.7000000476837158
endloop
endfacet
facet normal -0.555561950171902 0.8314751466647655 0
outer loop
vertex 0.9182262420654297 -34.57819366455078 1.7000000476837158
vertex 0.9182262420654297 -34.57819366455078 0
vertex 0.7722357511520386 -34.67573928833008 1.7000000476837158
endloop
endfacet
facet normal 0.9807851384137336 0.19509103584417611 0
outer loop
vertex 0.18428242206573486 -34.43220138549805 1.7000000476837158
vertex 0.18428242206573486 -34.43220138549805 0
vertex 0.15002821385860443 -34.25999450683594 1.7000000476837158
endloop
endfacet
facet normal 0.9807851384137336 -0.19509103584417611 0
outer loop
vertex 0.15002821385860443 -34.25999450683594 1.7000000476837158
vertex 0.15002821385860443 -34.25999450683594 0
vertex 0.18428242206573486 -34.08778762817383 1.7000000476837158
endloop
endfacet
facet normal 0 0 -1
outer loop
vertex 1.0157740116119385 -34.43220138549805 1.7000000476837158
vertex 0.9182262420654297 -34.57819366455078 1.7000000476837158
vertex 1.0157740116119385 -34.08778762817383 1.7000000476837158
endloop
endfacet
facet normal 0.9807851384137336 -0.19509103584417611 0
outer loop
vertex 0.15002821385860443 -32.989994049072266 1.7000000476837158
vertex 0.15002821385860443 -32.989994049072266 0
vertex 0.18428242206573486 -32.817787170410156 1.7000000476837158
endloop
endfacet
facet normal 0 0 -1
outer loop
vertex 0.9182262420654297 -32.67179489135742 1.7000000476837158
vertex 0.7722357511520386 -33.405738830566406 1.7000000476837158
vertex 0.7722357511520386 -32.574249267578125 1.7000000476837158
endloop
endfacet
facet normal -0.555561950171902 -0.8314751466647655 0
outer loop
vertex 0.9182262420654297 -32.67179489135742 0
vertex 0.9182262420654297 -32.67179489135742 1.7000000476837158
vertex 0.7722357511520386 -32.574249267578125 0
endloop
endfacet
facet normal -0.83147264470564 -0.5555656946808436 0
outer loop
vertex 0.9182262420654297 -32.67179489135742 0
vertex 1.0157740116119385 -32.817787170410156 0
vertex 1.0157740116119385 -32.817787170410156 1.7000000476837158
endloop
endfacet
facet normal -0.9807851546525584 -0.19509095420638264 0
outer loop
vertex 1.0157740116119385 -32.817787170410156 0
vertex 1.0500282049179077 -32.989994049072266 0
vertex 1.0500282049179077 -32.989994049072266 1.7000000476837158
endloop
endfacet
facet normal -0.19510003617400823 -0.9807833480870791 0
outer loop
vertex 0.7722357511520386 -32.574249267578125 0
vertex 0.7722357511520386 -32.574249267578125 1.7000000476837158
vertex 0.6000282168388367 -32.53999328613281 0
endloop
endfacet
facet normal 0.19510003617400823 -0.9807833480870791 0
outer loop
vertex 0.6000282168388367 -32.53999328613281 0
vertex 0.6000282168388367 -32.53999328613281 1.7000000476837158
vertex 0.42782068252563477 -32.574249267578125 0
endloop
endfacet
facet normal 0.5555618717645963 -0.831475199053717 0
outer loop
vertex 0.42782068252563477 -32.574249267578125 0
vertex 0.42782068252563477 -32.574249267578125 1.7000000476837158
vertex 0.28183016180992126 -32.67179489135742 0
endloop
endfacet
facet normal 0.8314727231120498 -0.5555655773359548 0
outer loop
vertex 0.28183016180992126 -32.67179489135742 0
vertex 0.28183016180992126 -32.67179489135742 1.7000000476837158
vertex 0.18428242206573486 -32.817787170410156 0
endloop
endfacet
facet normal 0.9807851384137336 -0.19509103584417611 0
outer loop
vertex 0.18428242206573486 -32.817787170410156 0
vertex 0.18428242206573486 -32.817787170410156 1.7000000476837158
vertex 0.15002821385860443 -32.989994049072266 0
endloop
endfacet
facet normal 0.9807851384137336 0.19509103584417611 0
outer loop
vertex 0.15002821385860443 -32.989994049072266 0
vertex 0.15002821385860443 -32.989994049072266 1.7000000476837158
vertex 0.18428242206573486 -33.162200927734375 0
endloop
endfacet
facet normal -0.9807851546525584 0.19509095420638264 0
outer loop
vertex 1.0500282049179077 -32.989994049072266 0
vertex 1.0157740116119385 -33.162200927734375 0
vertex 1.0157740116119385 -33.162200927734375 1.7000000476837158
endloop
endfacet
facet normal 0.5555618717645963 0.831475199053717 0
outer loop
vertex 0.42782068252563477 -33.405738830566406 1.7000000476837158
vertex 0.42782068252563477 -33.405738830566406 0
vertex 0.28183016180992126 -33.30819320678711 1.7000000476837158
endloop
endfacet
facet normal 0.8314727231120498 0.5555655773359548 0
outer loop
vertex 0.28183016180992126 -33.30819320678711 1.7000000476837158
vertex 0.28183016180992126 -33.30819320678711 0
vertex 0.18428242206573486 -33.162200927734375 1.7000000476837158
endloop
endfacet
facet normal 0.9807851384137336 0.19509103584417611 0
outer loop
vertex 0.18428242206573486 -33.162200927734375 1.7000000476837158
vertex 0.18428242206573486 -33.162200927734375 0
vertex 0.15002821385860443 -32.989994049072266 1.7000000476837158
endloop
endfacet
facet normal -0.83147264470564 0.5555656946808436 0
outer loop
vertex 1.0157740116119385 -33.162200927734375 0
vertex 0.9182262420654297 -33.30819320678711 0
vertex 0.9182262420654297 -33.30819320678711 1.7000000476837158
endloop
endfacet
facet normal -0.555561950171902 0.8314751466647655 0
outer loop
vertex 0.9182262420654297 -33.30819320678711 0
vertex 0.7722357511520386 -33.405738830566406 0
vertex 0.7722357511520386 -33.405738830566406 1.7000000476837158
endloop
endfacet
facet normal -0.19510003617400823 0.9807833480870791 0
outer loop
vertex 0.7722357511520386 -33.405738830566406 0
vertex 0.6000282168388367 -33.43999481201172 0
vertex 0.6000282168388367 -33.43999481201172 1.7000000476837158
endloop
endfacet
facet normal 0.19510003617400823 0.9807833480870791 0
outer loop
vertex 0.6000282168388367 -33.43999481201172 0
vertex 0.42782068252563477 -33.405738830566406 0
vertex 0.42782068252563477 -33.405738830566406 1.7000000476837158
endloop
endfacet
facet normal 0.8314727231120498 0.5555655773359548 0
outer loop
vertex 0.18428242206573486 -33.162200927734375 0
vertex 0.18428242206573486 -33.162200927734375 1.7000000476837158
vertex 0.28183016180992126 -33.30819320678711 0
endloop
endfacet
facet normal 0.5555618717645963 0.831475199053717 0
outer loop
vertex 0.28183016180992126 -33.30819320678711 0
vertex 0.28183016180992126 -33.30819320678711 1.7000000476837158
vertex 0.42782068252563477 -33.405738830566406 0
endloop
endfacet
facet normal -0.555561950171902 -0.8314751466647655 0
outer loop
vertex 0.7722357511520386 -32.574249267578125 1.7000000476837158
vertex 0.7722357511520386 -32.574249267578125 0
vertex 0.9182262420654297 -32.67179489135742 1.7000000476837158
endloop
endfacet
facet normal 0.19510003617400823 0.9807833480870791 0
outer loop
vertex 0.6000282168388367 -33.43999481201172 1.7000000476837158
vertex 0.6000282168388367 -33.43999481201172 0
vertex 0.42782068252563477 -33.405738830566406 1.7000000476837158
endloop
endfacet
facet normal -0.19510003617400823 0.9807833480870791 0
outer loop
vertex 0.7722357511520386 -33.405738830566406 1.7000000476837158
vertex 0.7722357511520386 -33.405738830566406 0
vertex 0.6000282168388367 -33.43999481201172 1.7000000476837158
endloop
endfacet
facet normal -0.83147264470564 -0.5555656946808436 0
outer loop
vertex 0.9182262420654297 -32.67179489135742 1.7000000476837158
vertex 0.9182262420654297 -32.67179489135742 0
vertex 1.0157740116119385 -32.817787170410156 1.7000000476837158
endloop
endfacet
facet normal -0.9807851546525584 -0.19509095420638264 0
outer loop
vertex 1.0157740116119385 -32.817787170410156 1.7000000476837158
vertex 1.0157740116119385 -32.817787170410156 0
vertex 1.0500282049179077 -32.989994049072266 1.7000000476837158
endloop
endfacet
facet normal -0.9807851546525584 0.19509095420638264 0
outer loop
vertex 1.0500282049179077 -32.989994049072266 1.7000000476837158
vertex 1.0500282049179077 -32.989994049072266 0
vertex 1.0157740116119385 -33.162200927734375 1.7000000476837158
endloop
endfacet
facet normal -0.19510003617400823 -0.9807833480870791 0
outer loop
vertex 0.6000282168388367 -32.53999328613281 1.7000000476837158
vertex 0.6000282168388367 -32.53999328613281 0
vertex 0.7722357511520386 -32.574249267578125 1.7000000476837158
endloop
endfacet
facet normal 0 0 -1
outer loop
vertex 0.42782068252563477 -33.405738830566406 1.7000000476837158
vertex 0.28183016180992126 -33.30819320678711 1.7000000476837158
vertex 0.42782068252563477 -32.574249267578125 1.7000000476837158
endloop
endfacet
facet normal 0 0 -1
outer loop
vertex 0.6000282168388367 -33.43999481201172 1.7000000476837158
vertex 0.42782068252563477 -33.405738830566406 1.7000000476837158
vertex 0.6000282168388367 -32.53999328613281 1.7000000476837158
endloop
endfacet
facet normal 0 0 -1
outer loop
vertex 0.9182262420654297 -32.67179489135742 1.7000000476837158
vertex 1.0157740116119385 -32.817787170410156 1.7000000476837158
vertex 0.9182262420654297 -33.30819320678711 1.7000000476837158
endloop
endfacet
facet normal -0.555561950171902 0.8314751466647655 0
outer loop
vertex 0.9182262420654297 -33.30819320678711 1.7000000476837158
vertex 0.9182262420654297 -33.30819320678711 0
vertex 0.7722357511520386 -33.405738830566406 1.7000000476837158
endloop
endfacet
facet normal -0.83147264470564 0.5555656946808436 0
outer loop
vertex 1.0157740116119385 -33.162200927734375 1.7000000476837158
vertex 1.0157740116119385 -33.162200927734375 0
vertex 0.9182262420654297 -33.30819320678711 1.7000000476837158
endloop
endfacet
facet normal 0 0 -1
outer loop
vertex 1.0500282049179077 -32.989994049072266 1.7000000476837158
vertex 1.0157740116119385 -33.162200927734375 1.7000000476837158
vertex 1.0157740116119385 -32.817787170410156 1.7000000476837158
endloop
endfacet
facet normal 0.19510003617400823 -0.9807833480870791 0
outer loop
vertex 0.42782068252563477 -32.574249267578125 1.7000000476837158
vertex 0.42782068252563477 -32.574249267578125 0
vertex 0.6000282168388367 -32.53999328613281 1.7000000476837158
endloop
endfacet
facet normal 0.5555618717645963 -0.831475199053717 0
outer loop
vertex 0.28183016180992126 -32.67179489135742 1.7000000476837158
vertex 0.28183016180992126 -32.67179489135742 0
vertex 0.42782068252563477 -32.574249267578125 1.7000000476837158
endloop
endfacet
facet normal 0 0 -1
outer loop
vertex 0.7722357511520386 -32.574249267578125 1.7000000476837158
vertex 0.6000282168388367 -33.43999481201172 1.7000000476837158
vertex 0.6000282168388367 -32.53999328613281 1.7000000476837158
endloop
endfacet
facet normal 0 0 -1
outer loop
vertex 0.6000282168388367 -32.53999328613281 1.7000000476837158
vertex 0.42782068252563477 -33.405738830566406 1.7000000476837158
vertex 0.42782068252563477 -32.574249267578125 1.7000000476837158
endloop
endfacet
facet normal 0 0 -1
outer loop
vertex 0.42782068252563477 -32.574249267578125 1.7000000476837158
vertex 0.28183016180992126 -33.30819320678711 1.7000000476837158
vertex 0.28183016180992126 -32.67179489135742 1.7000000476837158
endloop
endfacet
facet normal 0 0 -1
outer loop
vertex 0.28183016180992126 -32.67179489135742 1.7000000476837158
vertex 0.18428242206573486 -33.162200927734375 1.7000000476837158
vertex 0.18428242206573486 -32.817787170410156 1.7000000476837158
endloop
endfacet
facet normal 0 0 -1
outer loop
vertex 0.28183016180992126 -33.30819320678711 1.7000000476837158
vertex 0.18428242206573486 -33.162200927734375 1.7000000476837158
vertex 0.28183016180992126 -32.67179489135742 1.7000000476837158
endloop
endfacet
facet normal 0 0 -1
outer loop
vertex 0.18428242206573486 -33.162200927734375 1.7000000476837158
vertex 0.15002821385860443 -32.989994049072266 1.7000000476837158
vertex 0.18428242206573486 -32.817787170410156 1.7000000476837158
endloop
endfacet
facet normal 0 0 -1
outer loop
vertex 1.0157740116119385 -33.162200927734375 1.7000000476837158
vertex 0.9182262420654297 -33.30819320678711 1.7000000476837158
vertex 1.0157740116119385 -32.817787170410156 1.7000000476837158
endloop
endfacet
facet normal 0 0 -1
outer loop
vertex 0.9182262420654297 -33.30819320678711 1.7000000476837158
vertex 0.7722357511520386 -33.405738830566406 1.7000000476837158
vertex 0.9182262420654297 -32.67179489135742 1.7000000476837158
endloop
endfacet
facet normal 0 0 -1
outer loop
vertex 0.7722357511520386 -33.405738830566406 1.7000000476837158
vertex 0.6000282168388367 -33.43999481201172 1.7000000476837158
vertex 0.7722357511520386 -32.574249267578125 1.7000000476837158
endloop
endfacet
facet normal 0.8314727231120498 -0.5555655773359548 0
outer loop
vertex 0.18428242206573486 -32.817787170410156 1.7000000476837158
vertex 0.18428242206573486 -32.817787170410156 0
vertex 0.28183016180992126 -32.67179489135742 1.7000000476837158
endloop
endfacet
facet normal -0.19507913696054377 0.9807875051828147 0
outer loop
vertex 0.7722357511520386 -32.1357421875 0
vertex 0.6000282168388367 -32.16999435424805 0
vertex 0.6000282168388367 -32.16999435424805 1.7000000476837158
endloop
endfacet
facet normal -0.9807851546525584 0.19509095420638264 0
outer loop
vertex 1.0500282049179077 -31.719995498657227 0
vertex 1.0157740116119385 -31.892202377319336 0
vertex 1.0157740116119385 -31.892202377319336 1.7000000476837158
endloop
endfacet
facet normal 0.831469370180071 -0.5555705953813216 0
outer loop
vertex 0.18428242206573486 -31.547786712646484 1.7000000476837158
vertex 0.18428242206573486 -31.547786712646484 0
vertex 0.28183016180992126 -31.401796340942383 1.7000000476837158
endloop
endfacet
facet normal -0.5555694603355263 -0.8314701285930194 0
outer loop
vertex 0.7722357511520386 -31.304248809814453 0
vertex 0.9182262420654297 -31.401796340942383 0
vertex 0.9182262420654297 -31.401796340942383 1.7000000476837158
endloop
endfacet
facet normal -0.8314692917725611 -0.555570712726324 0
outer loop
vertex 0.9182262420654297 -31.401796340942383 0
vertex 1.0157740116119385 -31.547786712646484 0
vertex 1.0157740116119385 -31.547786712646484 1.7000000476837158
endloop
endfacet
facet normal -0.19508958660049425 -0.9807854266862085 0
outer loop
vertex 0.7722357511520386 -31.304248809814453 0
vertex 0.7722357511520386 -31.304248809814453 1.7000000476837158
vertex 0.6000282168388367 -31.269994735717773 0
endloop
endfacet
facet normal 0.19508958660049425 -0.9807854266862085 0
outer loop
vertex 0.6000282168388367 -31.269994735717773 0
vertex 0.6000282168388367 -31.269994735717773 1.7000000476837158
vertex 0.42782068252563477 -31.304248809814453 0
endloop
endfacet
facet normal 0.5555693819281071 -0.8314701809830711 0
outer loop
vertex 0.42782068252563477 -31.304248809814453 0
vertex 0.42782068252563477 -31.304248809814453 1.7000000476837158
vertex 0.28183016180992126 -31.401796340942383 0
endloop
endfacet
facet normal 0.19507913696054377 0.9807875051828147 0
outer loop
vertex 0.6000282168388367 -32.16999435424805 0
vertex 0.42782068252563477 -32.1357421875 0
vertex 0.42782068252563477 -32.1357421875 1.7000000476837158
endloop
endfacet
facet normal 0.831469370180071 -0.5555705953813216 0
outer loop
vertex 0.28183016180992126 -31.401796340942383 0
vertex 0.28183016180992126 -31.401796340942383 1.7000000476837158
vertex 0.18428242206573486 -31.547786712646484 0
endloop
endfacet
facet normal -0.980785568100464 -0.19508887565889044 0
outer loop
vertex 1.0157740116119385 -31.547786712646484 0
vertex 1.0500282049179077 -31.719995498657227 0
vertex 1.0500282049179077 -31.719995498657227 1.7000000476837158
endloop
endfacet
facet normal 0.19508958660049425 -0.9807854266862085 0
outer loop
vertex 0.42782068252563477 -31.304248809814453 1.7000000476837158
vertex 0.42782068252563477 -31.304248809814453 0
vertex 0.6000282168388367 -31.269994735717773 1.7000000476837158
endloop
endfacet
facet normal 0 0 -1
outer loop
vertex 0.28183016180992126 -32.03819274902344 1.7000000476837158
vertex 0.18428242206573486 -31.892202377319336 1.7000000476837158
vertex 0.28183016180992126 -31.401796340942383 1.7000000476837158
endloop
endfacet
facet normal 0 0 -1
outer loop
vertex 1.0500282049179077 -31.719995498657227 1.7000000476837158
vertex 1.0157740116119385 -31.892202377319336 1.7000000476837158
vertex 1.0157740116119385 -31.547786712646484 1.7000000476837158
endloop
endfacet
facet normal 0 0 -1
outer loop
vertex 0.9182262420654297 -31.401796340942383 1.7000000476837158
vertex 1.0157740116119385 -31.547786712646484 1.7000000476837158
vertex 0.9182262420654297 -32.03819274902344 1.7000000476837158
endloop
endfacet
facet normal 0 0 -1
outer loop
vertex 0.6000282168388367 -31.269994735717773 1.7000000476837158
vertex 0.42782068252563477 -32.1357421875 1.7000000476837158
vertex 0.42782068252563477 -31.304248809814453 1.7000000476837158
endloop
endfacet
facet normal 0.831469370180071 0.5555705953813216 0
outer loop
vertex 0.28183016180992126 -32.03819274902344 1.7000000476837158
vertex 0.28183016180992126 -32.03819274902344 0
vertex 0.18428242206573486 -31.892202377319336 1.7000000476837158
endloop
endfacet
facet normal 0.5555768919556435 0.8314651629051618 0
outer loop
vertex 0.42782068252563477 -32.1357421875 1.7000000476837158
vertex 0.42782068252563477 -32.1357421875 0
vertex 0.28183016180992126 -32.03819274902344 1.7000000476837158
endloop
endfacet
facet normal 0.19507913696054377 0.9807875051828147 0
outer loop
vertex 0.6000282168388367 -32.16999435424805 1.7000000476837158
vertex 0.6000282168388367 -32.16999435424805 0
vertex 0.42782068252563477 -32.1357421875 1.7000000476837158
endloop
endfacet
facet normal 0 0 -1
outer loop
vertex 0.42782068252563477 -32.1357421875 1.7000000476837158
vertex 0.28183016180992126 -32.03819274902344 1.7000000476837158
vertex 0.42782068252563477 -31.304248809814453 1.7000000476837158
endloop
endfacet
facet normal -0.5555769703631762 0.8314651105140098 0
outer loop
vertex 0.9182262420654297 -32.03819274902344 0
vertex 0.7722357511520386 -32.1357421875 0
vertex 0.7722357511520386 -32.1357421875 1.7000000476837158
endloop
endfacet
facet normal 0 0 -1
outer loop
vertex 0.18428242206573486 -31.892202377319336 1.7000000476837158
vertex 0.15002821385860443 -31.719995498657227 1.7000000476837158
vertex 0.18428242206573486 -31.547786712646484 1.7000000476837158
endloop
endfacet
facet normal 0 0 -1
outer loop
vertex 0.28183016180992126 -31.401796340942383 1.7000000476837158
vertex 0.18428242206573486 -31.892202377319336 1.7000000476837158
vertex 0.18428242206573486 -31.547786712646484 1.7000000476837158
endloop
endfacet
facet normal 0 0 -1
outer loop
vertex 0.42782068252563477 -31.304248809814453 1.7000000476837158
vertex 0.28183016180992126 -32.03819274902344 1.7000000476837158
vertex 0.28183016180992126 -31.401796340942383 1.7000000476837158
endloop
endfacet
facet normal 0 0 -1
outer loop
vertex 0.6000282168388367 -32.16999435424805 1.7000000476837158
vertex 0.42782068252563477 -32.1357421875 1.7000000476837158
vertex 0.6000282168388367 -31.269994735717773 1.7000000476837158
endloop
endfacet
facet normal 0 0 -1
outer loop
vertex 0.7722357511520386 -32.1357421875 1.7000000476837158
vertex 0.6000282168388367 -32.16999435424805 1.7000000476837158
vertex 0.7722357511520386 -31.304248809814453 1.7000000476837158
endloop
endfacet
facet normal 0.9807855518619782 -0.19508895729588294 0
outer loop
vertex 0.18428242206573486 -31.547786712646484 0
vertex 0.18428242206573486 -31.547786712646484 1.7000000476837158
vertex 0.15002821385860443 -31.719995498657227 0
endloop
endfacet
facet normal -0.8314692917725611 -0.555570712726324 0
outer loop
vertex 0.9182262420654297 -31.401796340942383 1.7000000476837158
vertex 0.9182262420654297 -31.401796340942383 0
vertex 1.0157740116119385 -31.547786712646484 1.7000000476837158
endloop
endfacet
facet normal 0.5555768919556435 0.8314651629051618 0
outer loop
vertex 0.28183016180992126 -32.03819274902344 0
vertex 0.28183016180992126 -32.03819274902344 1.7000000476837158
vertex 0.42782068252563477 -32.1357421875 0
endloop
endfacet
facet normal -0.5555694603355263 -0.8314701285930194 0
outer loop
vertex 0.7722357511520386 -31.304248809814453 1.7000000476837158
vertex 0.7722357511520386 -31.304248809814453 0
vertex 0.9182262420654297 -31.401796340942383 1.7000000476837158
endloop
endfacet
facet normal 0 0 -1
outer loop
vertex 0.7722357511520386 -31.304248809814453 1.7000000476837158
vertex 0.9182262420654297 -31.401796340942383 1.7000000476837158
vertex 0.7722357511520386 -32.1357421875 1.7000000476837158
endloop
endfacet
facet normal 0 0 -1
outer loop
vertex 1.0157740116119385 -31.892202377319336 1.7000000476837158
vertex 0.9182262420654297 -32.03819274902344 1.7000000476837158
vertex 1.0157740116119385 -31.547786712646484 1.7000000476837158
endloop
endfacet
facet normal 0 0 -1
outer loop
vertex 0.7722357511520386 -31.304248809814453 1.7000000476837158
vertex 0.6000282168388367 -32.16999435424805 1.7000000476837158
vertex 0.6000282168388367 -31.269994735717773 1.7000000476837158
endloop
endfacet
facet normal 0 0 -1
outer loop
vertex 0.9182262420654297 -32.03819274902344 1.7000000476837158
vertex 0.7722357511520386 -32.1357421875 1.7000000476837158
vertex 0.9182262420654297 -31.401796340942383 1.7000000476837158
endloop
endfacet
facet normal 0.9807851384137336 0.19509103584417611 0
outer loop
vertex 0.15002821385860443 -31.719995498657227 0
vertex 0.15002821385860443 -31.719995498657227 1.7000000476837158
vertex 0.18428242206573486 -31.892202377319336 0
endloop
endfacet
facet normal -0.19507913696054377 0.9807875051828147 0
outer loop
vertex 0.7722357511520386 -32.1357421875 1.7000000476837158
vertex 0.7722357511520386 -32.1357421875 0
vertex 0.6000282168388367 -32.16999435424805 1.7000000476837158
endloop
endfacet
facet normal 0.9807851384137336 0.19509103584417611 0
outer loop
vertex 0.18428242206573486 -31.892202377319336 1.7000000476837158
vertex 0.18428242206573486 -31.892202377319336 0
vertex 0.15002821385860443 -31.719995498657227 1.7000000476837158
endloop
endfacet
facet normal 0.9807855518619782 -0.19508895729588294 0
outer loop
vertex 0.15002821385860443 -31.719995498657227 1.7000000476837158
vertex 0.15002821385860443 -31.719995498657227 0
vertex 0.18428242206573486 -31.547786712646484 1.7000000476837158
endloop
endfacet
facet normal -0.5555769703631762 0.8314651105140098 0
outer loop
vertex 0.9182262420654297 -32.03819274902344 1.7000000476837158
vertex 0.9182262420654297 -32.03819274902344 0
vertex 0.7722357511520386 -32.1357421875 1.7000000476837158
endloop
endfacet
facet normal -0.8314692917725611 0.555570712726324 0
outer loop
vertex 1.0157740116119385 -31.892202377319336 1.7000000476837158
vertex 1.0157740116119385 -31.892202377319336 0
vertex 0.9182262420654297 -32.03819274902344 1.7000000476837158
endloop
endfacet
facet normal -0.9807851546525584 0.19509095420638264 0
outer loop
vertex 1.0500282049179077 -31.719995498657227 1.7000000476837158
vertex 1.0500282049179077 -31.719995498657227 0
vertex 1.0157740116119385 -31.892202377319336 1.7000000476837158
endloop
endfacet
facet normal -0.19508958660049425 -0.9807854266862085 0
outer loop
vertex 0.6000282168388367 -31.269994735717773 1.7000000476837158
vertex 0.6000282168388367 -31.269994735717773 0
vertex 0.7722357511520386 -31.304248809814453 1.7000000476837158
endloop
endfacet
facet normal -0.980785568100464 -0.19508887565889044 0
outer loop
vertex 1.0157740116119385 -31.547786712646484 1.7000000476837158
vertex 1.0157740116119385 -31.547786712646484 0
vertex 1.0500282049179077 -31.719995498657227 1.7000000476837158
endloop
endfacet
facet normal 0.831469370180071 0.5555705953813216 0
outer loop
vertex 0.18428242206573486 -31.892202377319336 0
vertex 0.18428242206573486 -31.892202377319336 1.7000000476837158
vertex 0.28183016180992126 -32.03819274902344 0
endloop
endfacet
facet normal -0.8314692917725611 0.555570712726324 0
outer loop
vertex 1.0157740116119385 -31.892202377319336 0
vertex 0.9182262420654297 -32.03819274902344 0
vertex 0.9182262420654297 -32.03819274902344 1.7000000476837158
endloop
endfacet
facet normal 0.5555693819281071 -0.8314701809830711 0
outer loop
vertex 0.28183016180992126 -31.401796340942383 1.7000000476837158
vertex 0.28183016180992126 -31.401796340942383 0
vertex 0.42782068252563477 -31.304248809814453 1.7000000476837158
endloop
endfacet
facet normal -0.5555694603355263 -0.8314701285930194 0
outer loop
vertex 0.7722357511520386 -30.03424835205078 0
vertex 0.9182262420654297 -30.13179588317871 0
vertex 0.9182262420654297 -30.13179588317871 1.7000000476837158
endloop
endfacet
facet normal 0 0 -1
outer loop
vertex 0.9182262420654297 -30.13179588317871 1.7000000476837158
vertex 1.0157740116119385 -30.277786254882812 1.7000000476837158
vertex 0.9182262420654297 -30.768192291259766 1.7000000476837158
endloop
endfacet
facet normal 0.19508958660049425 -0.9807854266862085 0
outer loop
vertex 0.6000282168388367 -29.9999942779541 0
vertex 0.6000282168388367 -29.9999942779541 1.7000000476837158
vertex 0.42782068252563477 -30.03424835205078 0
endloop
endfacet
facet normal -0.19508958660049425 -0.9807854266862085 0
outer loop
vertex 0.7722357511520386 -30.03424835205078 0
vertex 0.7722357511520386 -30.03424835205078 1.7000000476837158
vertex 0.6000282168388367 -29.9999942779541 0
endloop
endfacet
facet normal 0.5555693819281071 -0.8314701809830711 0
outer loop
vertex 0.42782068252563477 -30.03424835205078 0
vertex 0.42782068252563477 -30.03424835205078 1.7000000476837158
vertex 0.28183016180992126 -30.13179588317871 0
endloop
endfacet
facet normal -0.8314692917725611 -0.555570712726324 0
outer loop
vertex 0.9182262420654297 -30.13179588317871 0
vertex 1.0157740116119385 -30.277786254882812 0
vertex 1.0157740116119385 -30.277786254882812 1.7000000476837158
endloop
endfacet
facet normal -0.980785568100464 -0.19508887565889044 0
outer loop
vertex 1.0157740116119385 -30.277786254882812 0
vertex 1.0500282049179077 -30.449995040893555 0
vertex 1.0500282049179077 -30.449995040893555 1.7000000476837158
endloop
endfacet
facet normal -0.9807851546525584 0.19509095420638264 0
outer loop
vertex 1.0500282049179077 -30.449995040893555 0
vertex 1.0157740116119385 -30.622201919555664 0
vertex 1.0157740116119385 -30.622201919555664 1.7000000476837158
endloop
endfacet
facet normal -0.8314692917725611 0.555570712726324 0
outer loop
vertex 1.0157740116119385 -30.622201919555664 0
vertex 0.9182262420654297 -30.768192291259766 0
vertex 0.9182262420654297 -30.768192291259766 1.7000000476837158
endloop
endfacet
facet normal 0.831469370180071 -0.5555705953813216 0
outer loop
vertex 0.28183016180992126 -30.13179588317871 0
vertex 0.28183016180992126 -30.13179588317871 1.7000000476837158
vertex 0.18428242206573486 -30.277786254882812 0
endloop
endfacet
facet normal 0.9807855518619782 -0.19508895729588294 0
outer loop
vertex 0.18428242206573486 -30.277786254882812 0
vertex 0.18428242206573486 -30.277786254882812 1.7000000476837158
vertex 0.15002821385860443 -30.449995040893555 0
endloop
endfacet
facet normal 0.9807851384137336 0.19509103584417611 0
outer loop
vertex 0.15002821385860443 -30.449995040893555 0
vertex 0.15002821385860443 -30.449995040893555 1.7000000476837158
vertex 0.18428242206573486 -30.622201919555664 0
endloop
endfacet
facet normal 0.5555693819281071 0.8314701809830711 0
outer loop
vertex 0.28183016180992126 -30.768192291259766 0
vertex 0.28183016180992126 -30.768192291259766 1.7000000476837158
vertex 0.42782068252563477 -30.865739822387695 0
endloop
endfacet
facet normal 0.831469370180071 0.5555705953813216 0
outer loop
vertex 0.18428242206573486 -30.622201919555664 0
vertex 0.18428242206573486 -30.622201919555664 1.7000000476837158
vertex 0.28183016180992126 -30.768192291259766 0
endloop
endfacet
facet normal -0.5555694603355263 0.8314701285930194 0
outer loop
vertex 0.9182262420654297 -30.768192291259766 0
vertex 0.7722357511520386 -30.865739822387695 0
vertex 0.7722357511520386 -30.865739822387695 1.7000000476837158
endloop
endfacet
facet normal -0.19508958660049425 0.9807854266862085 0
outer loop
vertex 0.7722357511520386 -30.865739822387695 0
vertex 0.6000282168388367 -30.899993896484375 0
vertex 0.6000282168388367 -30.899993896484375 1.7000000476837158
endloop
endfacet
facet normal 0.19508958660049425 0.9807854266862085 0
outer loop
vertex 0.6000282168388367 -30.899993896484375 0
vertex 0.42782068252563477 -30.865739822387695 0
vertex 0.42782068252563477 -30.865739822387695 1.7000000476837158
endloop
endfacet
facet normal -0.19508958660049425 -0.9807854266862085 0
outer loop
vertex 0.6000282168388367 -29.9999942779541 1.7000000476837158
vertex 0.6000282168388367 -29.9999942779541 0
vertex 0.7722357511520386 -30.03424835205078 1.7000000476837158
endloop
endfacet
facet normal 0.19508958660049425 -0.9807854266862085 0
outer loop
vertex 0.42782068252563477 -30.03424835205078 1.7000000476837158
vertex 0.42782068252563477 -30.03424835205078 0
vertex 0.6000282168388367 -29.9999942779541 1.7000000476837158
endloop
endfacet
facet normal -0.8314692917725611 -0.555570712726324 0
outer loop
vertex 0.9182262420654297 -30.13179588317871 1.7000000476837158
vertex 0.9182262420654297 -30.13179588317871 0
vertex 1.0157740116119385 -30.277786254882812 1.7000000476837158
endloop
endfacet
facet normal -0.980785568100464 -0.19508887565889044 0
outer loop
vertex 1.0157740116119385 -30.277786254882812 1.7000000476837158
vertex 1.0157740116119385 -30.277786254882812 0
vertex 1.0500282049179077 -30.449995040893555 1.7000000476837158
endloop
endfacet
facet normal -0.9807851546525584 0.19509095420638264 0
outer loop
vertex 1.0500282049179077 -30.449995040893555 1.7000000476837158
vertex 1.0500282049179077 -30.449995040893555 0
vertex 1.0157740116119385 -30.622201919555664 1.7000000476837158
endloop
endfacet
facet normal -0.8314692917725611 0.555570712726324 0
outer loop
vertex 1.0157740116119385 -30.622201919555664 1.7000000476837158
vertex 1.0157740116119385 -30.622201919555664 0
vertex 0.9182262420654297 -30.768192291259766 1.7000000476837158
endloop
endfacet
facet normal -0.5555694603355263 0.8314701285930194 0
outer loop
vertex 0.9182262420654297 -30.768192291259766 1.7000000476837158
vertex 0.9182262420654297 -30.768192291259766 0
vertex 0.7722357511520386 -30.865739822387695 1.7000000476837158
endloop
endfacet
facet normal 0.5555693819281071 -0.8314701809830711 0
outer loop
vertex 0.28183016180992126 -30.13179588317871 1.7000000476837158
vertex 0.28183016180992126 -30.13179588317871 0
vertex 0.42782068252563477 -30.03424835205078 1.7000000476837158
endloop
endfacet
facet normal 0.831469370180071 -0.5555705953813216 0
outer loop
vertex 0.18428242206573486 -30.277786254882812 1.7000000476837158
vertex 0.18428242206573486 -30.277786254882812 0
vertex 0.28183016180992126 -30.13179588317871 1.7000000476837158
endloop
endfacet
facet normal 0.9807855518619782 -0.19508895729588294 0
outer loop
vertex 0.15002821385860443 -30.449995040893555 1.7000000476837158
vertex 0.15002821385860443 -30.449995040893555 0
vertex 0.18428242206573486 -30.277786254882812 1.7000000476837158
endloop
endfacet
facet normal 0.9807851384137336 0.19509103584417611 0
outer loop
vertex 0.18428242206573486 -30.622201919555664 1.7000000476837158
vertex 0.18428242206573486 -30.622201919555664 0
vertex 0.15002821385860443 -30.449995040893555 1.7000000476837158
endloop
endfacet
facet normal 0.831469370180071 0.5555705953813216 0
outer loop
vertex 0.28183016180992126 -30.768192291259766 1.7000000476837158
vertex 0.28183016180992126 -30.768192291259766 0
vertex 0.18428242206573486 -30.622201919555664 1.7000000476837158
endloop
endfacet
facet normal -0.19508958660049425 0.9807854266862085 0
outer loop
vertex 0.7722357511520386 -30.865739822387695 1.7000000476837158
vertex 0.7722357511520386 -30.865739822387695 0
vertex 0.6000282168388367 -30.899993896484375 1.7000000476837158
endloop
endfacet
facet normal 0.19508958660049425 0.9807854266862085 0
outer loop
vertex 0.6000282168388367 -30.899993896484375 1.7000000476837158
vertex 0.6000282168388367 -30.899993896484375 0
vertex 0.42782068252563477 -30.865739822387695 1.7000000476837158
endloop
endfacet
facet normal 0.5555693819281071 0.8314701809830711 0
outer loop
vertex 0.42782068252563477 -30.865739822387695 1.7000000476837158
vertex 0.42782068252563477 -30.865739822387695 0
vertex 0.28183016180992126 -30.768192291259766 1.7000000476837158
endloop
endfacet
facet normal 0 0 -1
outer loop
vertex 0.28183016180992126 -30.768192291259766 1.7000000476837158
vertex 0.18428242206573486 -30.622201919555664 1.7000000476837158
vertex 0.28183016180992126 -30.13179588317871 1.7000000476837158
endloop
endfacet
facet normal 0 0 -1
outer loop
vertex 0.42782068252563477 -30.865739822387695 1.7000000476837158
vertex 0.28183016180992126 -30.768192291259766 1.7000000476837158
vertex 0.42782068252563477 -30.03424835205078 1.7000000476837158
endloop
endfacet
facet normal 0 0 -1
outer loop
vertex 0.6000282168388367 -30.899993896484375 1.7000000476837158
vertex 0.42782068252563477 -30.865739822387695 1.7000000476837158
vertex 0.6000282168388367 -29.9999942779541 1.7000000476837158
endloop
endfacet
facet normal 0 0 -1
outer loop
vertex 0.7722357511520386 -30.865739822387695 1.7000000476837158
vertex 0.6000282168388367 -30.899993896484375 1.7000000476837158
vertex 0.7722357511520386 -30.03424835205078 1.7000000476837158
endloop
endfacet
facet normal 0 0 -1
outer loop
vertex 0.18428242206573486 -30.622201919555664 1.7000000476837158
vertex 0.15002821385860443 -30.449995040893555 1.7000000476837158
vertex 0.18428242206573486 -30.277786254882812 1.7000000476837158
endloop
endfacet
facet normal 0 0 -1
outer loop
vertex 0.28183016180992126 -30.13179588317871 1.7000000476837158
vertex 0.18428242206573486 -30.622201919555664 1.7000000476837158
vertex 0.18428242206573486 -30.277786254882812 1.7000000476837158
endloop
endfacet
facet normal 0 0 -1
outer loop
vertex 0.42782068252563477 -30.03424835205078 1.7000000476837158
vertex 0.28183016180992126 -30.768192291259766 1.7000000476837158
vertex 0.28183016180992126 -30.13179588317871 1.7000000476837158
endloop
endfacet
facet normal 0 0 -1
outer loop
vertex 0.6000282168388367 -29.9999942779541 1.7000000476837158
vertex 0.42782068252563477 -30.865739822387695 1.7000000476837158
vertex 0.42782068252563477 -30.03424835205078 1.7000000476837158
endloop
endfacet
facet normal 0 0 -1
outer loop
vertex 0.7722357511520386 -30.03424835205078 1.7000000476837158
vertex 0.6000282168388367 -30.899993896484375 1.7000000476837158
vertex 0.6000282168388367 -29.9999942779541 1.7000000476837158
endloop
endfacet
facet normal 0 0 -1
outer loop
vertex 0.9182262420654297 -30.768192291259766 1.7000000476837158
vertex 0.7722357511520386 -30.865739822387695 1.7000000476837158
vertex 0.9182262420654297 -30.13179588317871 1.7000000476837158
endloop
endfacet
facet normal 0 0 -1
outer loop
vertex 1.0157740116119385 -30.622201919555664 1.7000000476837158
vertex 0.9182262420654297 -30.768192291259766 1.7000000476837158
vertex 1.0157740116119385 -30.277786254882812 1.7000000476837158
endloop
endfacet
facet normal 0 0 -1
outer loop
vertex 0.7722357511520386 -30.03424835205078 1.7000000476837158
vertex 0.9182262420654297 -30.13179588317871 1.7000000476837158
vertex 0.7722357511520386 -30.865739822387695 1.7000000476837158
endloop
endfacet
facet normal 0 0 -1
outer loop
vertex 1.0500282049179077 -30.449995040893555 1.7000000476837158
vertex 1.0157740116119385 -30.622201919555664 1.7000000476837158
vertex 1.0157740116119385 -30.277786254882812 1.7000000476837158
endloop
endfacet
facet normal -0.5555694603355263 -0.8314701285930194 0
outer loop
vertex 0.7722357511520386 -30.03424835205078 1.7000000476837158
vertex 0.7722357511520386 -30.03424835205078 0
vertex 0.9182262420654297 -30.13179588317871 1.7000000476837158
endloop
endfacet
facet normal -0.19508958660049425 0.9807854266862085 0
outer loop
vertex 0.7722357511520386 -29.595741271972656 1.7000000476837158
vertex 0.7722357511520386 -29.595741271972656 0
vertex 0.6000282168388367 -29.629995346069336 1.7000000476837158
endloop
endfacet
facet normal -0.19510003617400823 -0.9807833480870791 0
outer loop
vertex 0.7722357511520386 -28.764249801635742 0
vertex 0.7722357511520386 -28.764249801635742 1.7000000476837158
vertex 0.6000282168388367 -28.72999382019043 0
endloop
endfacet
facet normal 0 0 -1
outer loop
vertex 0.18428242206573486 -29.352201461791992 1.7000000476837158
vertex 0.15002821385860443 -29.179994583129883 1.7000000476837158
vertex 0.18428242206573486 -29.007787704467773 1.7000000476837158
endloop
endfacet
facet normal -0.5555769703631762 0.8314651105140098 0
outer loop
vertex 0.9182262420654297 -29.498191833496094 1.7000000476837158
vertex 0.9182262420654297 -29.498191833496094 0
vertex 0.7722357511520386 -29.595741271972656 1.7000000476837158
endloop
endfacet
facet normal 0 0 -1
outer loop
vertex 0.9182262420654297 -28.861797332763672 1.7000000476837158
vertex 1.0157740116119385 -29.007787704467773 1.7000000476837158
vertex 0.9182262420654297 -29.498191833496094 1.7000000476837158
endloop
endfacet
facet normal 0 0 -1
outer loop
vertex 0.7722357511520386 -28.764249801635742 1.7000000476837158
vertex 0.9182262420654297 -28.861797332763672 1.7000000476837158
vertex 0.7722357511520386 -29.595741271972656 1.7000000476837158
endloop
endfacet
facet normal 0 0 -1
outer loop
vertex 1.0500282049179077 -29.179994583129883 1.7000000476837158
vertex 1.0157740116119385 -29.352201461791992 1.7000000476837158
vertex 1.0157740116119385 -29.007787704467773 1.7000000476837158
endloop
endfacet
facet normal 0 0 -1
outer loop
vertex 1.0157740116119385 -29.352201461791992 1.7000000476837158
vertex 0.9182262420654297 -29.498191833496094 1.7000000476837158
vertex 1.0157740116119385 -29.007787704467773 1.7000000476837158
endloop
endfacet
facet normal 0 0 -1
outer loop
vertex 0.9182262420654297 -29.498191833496094 1.7000000476837158
vertex 0.7722357511520386 -29.595741271972656 1.7000000476837158
vertex 0.9182262420654297 -28.861797332763672 1.7000000476837158
endloop
endfacet
facet normal 0 0 -1
outer loop
vertex 0.7722357511520386 -28.764249801635742 1.7000000476837158
vertex 0.6000282168388367 -29.629995346069336 1.7000000476837158
vertex 0.6000282168388367 -28.72999382019043 1.7000000476837158
endloop
endfacet
facet normal 0 0 -1
outer loop
vertex 0.6000282168388367 -28.72999382019043 1.7000000476837158
vertex 0.42782068252563477 -29.595741271972656 1.7000000476837158
vertex 0.42782068252563477 -28.764249801635742 1.7000000476837158
endloop
endfacet
facet normal 0.5555768919556435 0.8314651629051618 0
outer loop
vertex 0.42782068252563477 -29.595741271972656 1.7000000476837158
vertex 0.42782068252563477 -29.595741271972656 0
vertex 0.28183016180992126 -29.498191833496094 1.7000000476837158
endloop
endfacet
facet normal 0 0 -1
outer loop
vertex 0.7722357511520386 -29.595741271972656 1.7000000476837158
vertex 0.6000282168388367 -29.629995346069336 1.7000000476837158
vertex 0.7722357511520386 -28.764249801635742 1.7000000476837158
endloop
endfacet
facet normal 0 0 -1
outer loop
vertex 0.6000282168388367 -29.629995346069336 1.7000000476837158
vertex 0.42782068252563477 -29.595741271972656 1.7000000476837158
vertex 0.6000282168388367 -28.72999382019043 1.7000000476837158
endloop
endfacet
facet normal 0 0 -1
outer loop
vertex 0.42782068252563477 -28.764249801635742 1.7000000476837158
vertex 0.28183016180992126 -29.498191833496094 1.7000000476837158
vertex 0.28183016180992126 -28.861797332763672 1.7000000476837158
endloop
endfacet
facet normal 0 0 -1
outer loop
vertex 0.28183016180992126 -28.861797332763672 1.7000000476837158
vertex 0.18428242206573486 -29.352201461791992 1.7000000476837158
vertex 0.18428242206573486 -29.007787704467773 1.7000000476837158
endloop
endfacet
facet normal 0 0 -1
outer loop
vertex 0.42782068252563477 -29.595741271972656 1.7000000476837158
vertex 0.28183016180992126 -29.498191833496094 1.7000000476837158
vertex 0.42782068252563477 -28.764249801635742 1.7000000476837158
endloop
endfacet
facet normal -0.8314692917725611 -0.555570712726324 0
outer loop
vertex 0.9182262420654297 -28.861797332763672 0
vertex 1.0157740116119385 -29.007787704467773 0
vertex 1.0157740116119385 -29.007787704467773 1.7000000476837158
endloop
endfacet
facet normal -0.5555694603355263 -0.8314701285930194 0
outer loop
vertex 0.7722357511520386 -28.764249801635742 0
vertex 0.9182262420654297 -28.861797332763672 0
vertex 0.9182262420654297 -28.861797332763672 1.7000000476837158
endloop
endfacet
facet normal -0.9807851546525584 -0.19509095420638264 0
outer loop
vertex 1.0157740116119385 -29.007787704467773 0
vertex 1.0500282049179077 -29.179994583129883 0
vertex 1.0500282049179077 -29.179994583129883 1.7000000476837158
endloop
endfacet
facet normal -0.9807851546525584 0.19509095420638264 0
outer loop
vertex 1.0500282049179077 -29.179994583129883 0
vertex 1.0157740116119385 -29.352201461791992 0
vertex 1.0157740116119385 -29.352201461791992 1.7000000476837158
endloop
endfacet
facet normal -0.8314692917725611 -0.555570712726324 0
outer loop
vertex 0.9182262420654297 -28.861797332763672 1.7000000476837158
vertex 0.9182262420654297 -28.861797332763672 0
vertex 1.0157740116119385 -29.007787704467773 1.7000000476837158
endloop
endfacet
facet normal 0.831469370180071 0.5555705953813216 0
outer loop
vertex 0.28183016180992126 -29.498191833496094 1.7000000476837158
vertex 0.28183016180992126 -29.498191833496094 0
vertex 0.18428242206573486 -29.352201461791992 1.7000000476837158
endloop
endfacet
facet normal 0.19508958660049425 0.9807854266862085 0
outer loop
vertex 0.6000282168388367 -29.629995346069336 1.7000000476837158
vertex 0.6000282168388367 -29.629995346069336 0
vertex 0.42782068252563477 -29.595741271972656 1.7000000476837158
endloop
endfacet
facet normal -0.5555694603355263 -0.8314701285930194 0
outer loop
vertex 0.7722357511520386 -28.764249801635742 1.7000000476837158
vertex 0.7722357511520386 -28.764249801635742 0
vertex 0.9182262420654297 -28.861797332763672 1.7000000476837158
endloop
endfacet
facet normal -0.9807851546525584 -0.19509095420638264 0
outer loop
vertex 1.0157740116119385 -29.007787704467773 1.7000000476837158
vertex 1.0157740116119385 -29.007787704467773 0
vertex 1.0500282049179077 -29.179994583129883 1.7000000476837158
endloop
endfacet
facet normal -0.9807851546525584 0.19509095420638264 0
outer loop
vertex 1.0500282049179077 -29.179994583129883 1.7000000476837158
vertex 1.0500282049179077 -29.179994583129883 0
vertex 1.0157740116119385 -29.352201461791992 1.7000000476837158
endloop
endfacet
facet normal -0.19510003617400823 -0.9807833480870791 0
outer loop
vertex 0.6000282168388367 -28.72999382019043 1.7000000476837158
vertex 0.6000282168388367 -28.72999382019043 0
vertex 0.7722357511520386 -28.764249801635742 1.7000000476837158
endloop
endfacet
facet normal 0.19510003617400823 -0.9807833480870791 0
outer loop
vertex 0.42782068252563477 -28.764249801635742 1.7000000476837158
vertex 0.42782068252563477 -28.764249801635742 0
vertex 0.6000282168388367 -28.72999382019043 1.7000000476837158
endloop
endfacet
facet normal 0.5555693819281071 -0.8314701809830711 0
outer loop
vertex 0.28183016180992126 -28.861797332763672 1.7000000476837158
vertex 0.28183016180992126 -28.861797332763672 0
vertex 0.42782068252563477 -28.764249801635742 1.7000000476837158
endloop
endfacet
facet normal 0.831469370180071 -0.5555705953813216 0
outer loop
vertex 0.18428242206573486 -29.007787704467773 1.7000000476837158
vertex 0.18428242206573486 -29.007787704467773 0
vertex 0.28183016180992126 -28.861797332763672 1.7000000476837158
endloop
endfacet
facet normal 0.9807851384137336 -0.19509103584417611 0
outer loop
vertex 0.15002821385860443 -29.179994583129883 1.7000000476837158
vertex 0.15002821385860443 -29.179994583129883 0
vertex 0.18428242206573486 -29.007787704467773 1.7000000476837158
endloop
endfacet
facet normal 0.9807851384137336 0.19509103584417611 0
outer loop
vertex 0.18428242206573486 -29.352201461791992 1.7000000476837158
vertex 0.18428242206573486 -29.352201461791992 0
vertex 0.15002821385860443 -29.179994583129883 1.7000000476837158
endloop
endfacet
facet normal -0.8314692917725611 0.555570712726324 0
outer loop
vertex 1.0157740116119385 -29.352201461791992 1.7000000476837158
vertex 1.0157740116119385 -29.352201461791992 0
vertex 0.9182262420654297 -29.498191833496094 1.7000000476837158
endloop
endfacet
facet normal 0.5555768919556435 0.8314651629051618 0
outer loop
vertex 0.28183016180992126 -29.498191833496094 0
vertex 0.28183016180992126 -29.498191833496094 1.7000000476837158
vertex 0.42782068252563477 -29.595741271972656 0
endloop
endfacet
facet normal 0.831469370180071 0.5555705953813216 0
outer loop
vertex 0.28183016180992126 -29.498191833496094 0
vertex 0.18428242206573486 -29.352201461791992 0
vertex 0.18428242206573486 -29.352201461791992 1.7000000476837158
endloop
endfacet
facet normal 0.19508958660049425 0.9807854266862085 0
outer loop
vertex 0.6000282168388367 -29.629995346069336 0
vertex 0.42782068252563477 -29.595741271972656 0
vertex 0.42782068252563477 -29.595741271972656 1.7000000476837158
endloop
endfacet
facet normal -0.19508958660049425 0.9807854266862085 0
outer loop
vertex 0.7722357511520386 -29.595741271972656 0
vertex 0.6000282168388367 -29.629995346069336 0
vertex 0.6000282168388367 -29.629995346069336 1.7000000476837158
endloop
endfacet
facet normal -0.5555769703631762 0.8314651105140098 0
outer loop
vertex 0.9182262420654297 -29.498191833496094 0
vertex 0.7722357511520386 -29.595741271972656 0
vertex 0.7722357511520386 -29.595741271972656 1.7000000476837158
endloop
endfacet
facet normal -0.8314692917725611 0.555570712726324 0
outer loop
vertex 1.0157740116119385 -29.352201461791992 0
vertex 0.9182262420654297 -29.498191833496094 0
vertex 0.9182262420654297 -29.498191833496094 1.7000000476837158
endloop
endfacet
facet normal 0.9807851384137336 0.19509103584417611 0
outer loop
vertex 0.15002821385860443 -29.179994583129883 0
vertex 0.15002821385860443 -29.179994583129883 1.7000000476837158
vertex 0.18428242206573486 -29.352201461791992 0
endloop
endfacet
facet normal 0.9807851384137336 -0.19509103584417611 0
outer loop
vertex 0.18428242206573486 -29.007787704467773 0
vertex 0.18428242206573486 -29.007787704467773 1.7000000476837158
vertex 0.15002821385860443 -29.179994583129883 0
endloop
endfacet
facet normal 0.831469370180071 -0.5555705953813216 0
outer loop
vertex 0.28183016180992126 -28.861797332763672 0
vertex 0.28183016180992126 -28.861797332763672 1.7000000476837158
vertex 0.18428242206573486 -29.007787704467773 0
endloop
endfacet
facet normal 0.5555693819281071 -0.8314701809830711 0
outer loop
vertex 0.42782068252563477 -28.764249801635742 0
vertex 0.42782068252563477 -28.764249801635742 1.7000000476837158
vertex 0.28183016180992126 -28.861797332763672 0
endloop
endfacet
facet normal 0.19510003617400823 -0.9807833480870791 0
outer loop
vertex 0.6000282168388367 -28.72999382019043 0
vertex 0.6000282168388367 -28.72999382019043 1.7000000476837158
vertex 0.42782068252563477 -28.764249801635742 0
endloop
endfacet
facet normal 0 0 -1
outer loop
vertex 0.28183016180992126 -29.498191833496094 1.7000000476837158
vertex 0.18428242206573486 -29.352201461791992 1.7000000476837158
vertex 0.28183016180992126 -28.861797332763672 1.7000000476837158
endloop
endfacet
facet normal 0.5555693819281071 0.8314701809830711 0
outer loop
vertex 0.42782068252563477 -28.325740814208984 1.7000000476837158
vertex 0.42782068252563477 -28.325740814208984 0
vertex 0.28183016180992126 -28.228193283081055 1.7000000476837158
endloop
endfacet
facet normal 0.19508958660049425 0.9807854266862085 0
outer loop
vertex 0.6000282168388367 -28.359994888305664 1.7000000476837158
vertex 0.6000282168388367 -28.359994888305664 0
vertex 0.42782068252563477 -28.325740814208984 1.7000000476837158
endloop
endfacet
facet normal -0.19508958660049425 0.9807854266862085 0
outer loop
vertex 0.7722357511520386 -28.325740814208984 1.7000000476837158
vertex 0.7722357511520386 -28.325740814208984 0
vertex 0.6000282168388367 -28.359994888305664 1.7000000476837158
endloop
endfacet
facet normal 0.831469370180071 0.5555705953813216 0
outer loop
vertex 0.28183016180992126 -28.228193283081055 1.7000000476837158
vertex 0.28183016180992126 -28.228193283081055 0
vertex 0.18428242206573486 -28.082202911376953 1.7000000476837158
endloop
endfacet
facet normal 0.5555693819281071 0.8314701809830711 0
outer loop
vertex 0.28183016180992126 -28.228193283081055 0
vertex 0.28183016180992126 -28.228193283081055 1.7000000476837158
vertex 0.42782068252563477 -28.325740814208984 0
endloop
endfacet
facet normal 0.19508958660049425 0.9807854266862085 0
outer loop
vertex 0.6000282168388367 -28.359994888305664 0
vertex 0.42782068252563477 -28.325740814208984 0
vertex 0.42782068252563477 -28.325740814208984 1.7000000476837158
endloop
endfacet
facet normal -0.19508958660049425 0.9807854266862085 0
outer loop
vertex 0.7722357511520386 -28.325740814208984 0
vertex 0.6000282168388367 -28.359994888305664 0
vertex 0.6000282168388367 -28.359994888305664 1.7000000476837158
endloop
endfacet
facet normal 0.831469370180071 0.5555705953813216 0
outer loop
vertex 0.18428242206573486 -28.082202911376953 0
vertex 0.18428242206573486 -28.082202911376953 1.7000000476837158
vertex 0.28183016180992126 -28.228193283081055 0
endloop
endfacet
facet normal 0.9807855518619782 0.19508895729588294 0
outer loop
vertex 0.15002821385860443 -27.90999412536621 0
vertex 0.15002821385860443 -27.90999412536621 1.7000000476837158
vertex 0.18428242206573486 -28.082202911376953 0
endloop
endfacet
facet normal -0.5555694603355263 0.8314701285930194 0
outer loop
vertex 0.9182262420654297 -28.228193283081055 0
vertex 0.7722357511520386 -28.325740814208984 0
vertex 0.7722357511520386 -28.325740814208984 1.7000000476837158
endloop
endfacet
facet normal -0.8314692917725611 0.555570712726324 0
outer loop
vertex 1.0157740116119385 -28.082202911376953 0
vertex 0.9182262420654297 -28.228193283081055 0
vertex 0.9182262420654297 -28.228193283081055 1.7000000476837158
endloop
endfacet
facet normal -0.980785568100464 0.19508887565889044 0
outer loop
vertex 1.0500282049179077 -27.90999412536621 0
vertex 1.0157740116119385 -28.082202911376953 0
vertex 1.0157740116119385 -28.082202911376953 1.7000000476837158
endloop
endfacet
facet normal -0.9807851546525584 -0.19509095420638264 0
outer loop
vertex 1.0157740116119385 -27.7377872467041 0
vertex 1.0500282049179077 -27.90999412536621 0
vertex 1.0500282049179077 -27.90999412536621 1.7000000476837158
endloop
endfacet
facet normal 0.9807851384137336 -0.19509103584417611 0
outer loop
vertex 0.18428242206573486 -27.7377872467041 0
vertex 0.18428242206573486 -27.7377872467041 1.7000000476837158
vertex 0.15002821385860443 -27.90999412536621 0
endloop
endfacet
facet normal 0.831469370180071 -0.5555705953813216 0
outer loop
vertex 0.28183016180992126 -27.591796875 0
vertex 0.28183016180992126 -27.591796875 1.7000000476837158
vertex 0.18428242206573486 -27.7377872467041 0
endloop
endfacet
facet normal 0.5555693819281071 -0.8314701809830711 0
outer loop
vertex 0.42782068252563477 -27.49424934387207 0
vertex 0.42782068252563477 -27.49424934387207 1.7000000476837158
vertex 0.28183016180992126 -27.591796875 0
endloop
endfacet
facet normal 0.19508958660049425 -0.9807854266862085 0
outer loop
vertex 0.6000282168388367 -27.45999526977539 0
vertex 0.6000282168388367 -27.45999526977539 1.7000000476837158
vertex 0.42782068252563477 -27.49424934387207 0
endloop
endfacet
facet normal -0.19508958660049425 -0.9807854266862085 0
outer loop
vertex 0.7722357511520386 -27.49424934387207 0
vertex 0.7722357511520386 -27.49424934387207 1.7000000476837158
vertex 0.6000282168388367 -27.45999526977539 0
endloop
endfacet
facet normal -0.8314692917725611 -0.555570712726324 0
outer loop
vertex 0.9182262420654297 -27.591796875 0
vertex 1.0157740116119385 -27.7377872467041 0
vertex 1.0157740116119385 -27.7377872467041 1.7000000476837158
endloop
endfacet
facet normal -0.5555694603355263 -0.8314701285930194 0
outer loop
vertex 0.9182262420654297 -27.591796875 0
vertex 0.9182262420654297 -27.591796875 1.7000000476837158
vertex 0.7722357511520386 -27.49424934387207 0
endloop
endfacet
facet normal 0.9807855518619782 0.19508895729588294 0
outer loop
vertex 0.18428242206573486 -28.082202911376953 1.7000000476837158
vertex 0.18428242206573486 -28.082202911376953 0
vertex 0.15002821385860443 -27.90999412536621 1.7000000476837158
endloop
endfacet
facet normal 0.9807851384137336 -0.19509103584417611 0
outer loop
vertex 0.15002821385860443 -27.90999412536621 1.7000000476837158
vertex 0.15002821385860443 -27.90999412536621 0
vertex 0.18428242206573486 -27.7377872467041 1.7000000476837158
endloop
endfacet
facet normal -0.5555694603355263 0.8314701285930194 0
outer loop
vertex 0.9182262420654297 -28.228193283081055 1.7000000476837158
vertex 0.9182262420654297 -28.228193283081055 0
vertex 0.7722357511520386 -28.325740814208984 1.7000000476837158
endloop
endfacet
facet normal -0.8314692917725611 0.555570712726324 0
outer loop
vertex 1.0157740116119385 -28.082202911376953 1.7000000476837158
vertex 1.0157740116119385 -28.082202911376953 0
vertex 0.9182262420654297 -28.228193283081055 1.7000000476837158
endloop
endfacet
facet normal -0.980785568100464 0.19508887565889044 0
outer loop
vertex 1.0500282049179077 -27.90999412536621 1.7000000476837158
vertex 1.0500282049179077 -27.90999412536621 0
vertex 1.0157740116119385 -28.082202911376953 1.7000000476837158
endloop
endfacet
facet normal 0.831469370180071 -0.5555705953813216 0
outer loop
vertex 0.18428242206573486 -27.7377872467041 1.7000000476837158
vertex 0.18428242206573486 -27.7377872467041 0
vertex 0.28183016180992126 -27.591796875 1.7000000476837158
endloop
endfacet
facet normal 0.5555693819281071 -0.8314701809830711 0
outer loop
vertex 0.28183016180992126 -27.591796875 1.7000000476837158
vertex 0.28183016180992126 -27.591796875 0
vertex 0.42782068252563477 -27.49424934387207 1.7000000476837158
endloop
endfacet
facet normal 0.19508958660049425 -0.9807854266862085 0
outer loop
vertex 0.42782068252563477 -27.49424934387207 1.7000000476837158
vertex 0.42782068252563477 -27.49424934387207 0
vertex 0.6000282168388367 -27.45999526977539 1.7000000476837158
endloop
endfacet
facet normal -0.19508958660049425 -0.9807854266862085 0
outer loop
vertex 0.6000282168388367 -27.45999526977539 1.7000000476837158
vertex 0.6000282168388367 -27.45999526977539 0
vertex 0.7722357511520386 -27.49424934387207 1.7000000476837158
endloop
endfacet
facet normal -0.9807851546525584 -0.19509095420638264 0
outer loop
vertex 1.0157740116119385 -27.7377872467041 1.7000000476837158
vertex 1.0157740116119385 -27.7377872467041 0
vertex 1.0500282049179077 -27.90999412536621 1.7000000476837158
endloop
endfacet
facet normal -0.5555694603355263 -0.8314701285930194 0
outer loop
vertex 0.7722357511520386 -27.49424934387207 1.7000000476837158
vertex 0.7722357511520386 -27.49424934387207 0
vertex 0.9182262420654297 -27.591796875 1.7000000476837158
endloop
endfacet
facet normal -0.8314692917725611 -0.555570712726324 0
outer loop
vertex 0.9182262420654297 -27.591796875 1.7000000476837158
vertex 0.9182262420654297 -27.591796875 0
vertex 1.0157740116119385 -27.7377872467041 1.7000000476837158
endloop
endfacet
facet normal 0 0 -1
outer loop
vertex 0.28183016180992126 -28.228193283081055 1.7000000476837158
vertex 0.18428242206573486 -28.082202911376953 1.7000000476837158
vertex 0.28183016180992126 -27.591796875 1.7000000476837158
endloop
endfacet
facet normal 0 0 -1
outer loop
vertex 0.18428242206573486 -28.082202911376953 1.7000000476837158
vertex 0.15002821385860443 -27.90999412536621 1.7000000476837158
vertex 0.18428242206573486 -27.7377872467041 1.7000000476837158
endloop
endfacet
facet normal 0 0 -1
outer loop
vertex 0.42782068252563477 -28.325740814208984 1.7000000476837158
vertex 0.28183016180992126 -28.228193283081055 1.7000000476837158
vertex 0.42782068252563477 -27.49424934387207 1.7000000476837158
endloop
endfacet
facet normal 0 0 -1
outer loop
vertex 0.6000282168388367 -28.359994888305664 1.7000000476837158
vertex 0.42782068252563477 -28.325740814208984 1.7000000476837158
vertex 0.6000282168388367 -27.45999526977539 1.7000000476837158
endloop
endfacet
facet normal 0 0 -1
outer loop
vertex 0.7722357511520386 -28.325740814208984 1.7000000476837158
vertex 0.6000282168388367 -28.359994888305664 1.7000000476837158
vertex 0.7722357511520386 -27.49424934387207 1.7000000476837158
endloop
endfacet
facet normal 0 0 -1
outer loop
vertex 0.9182262420654297 -28.228193283081055 1.7000000476837158
vertex 0.7722357511520386 -28.325740814208984 1.7000000476837158
vertex 0.9182262420654297 -27.591796875 1.7000000476837158
endloop
endfacet
facet normal 0 0 -1
outer loop
vertex 1.0157740116119385 -28.082202911376953 1.7000000476837158
vertex 0.9182262420654297 -28.228193283081055 1.7000000476837158
vertex 1.0157740116119385 -27.7377872467041 1.7000000476837158
endloop
endfacet
facet normal 0 0 -1
outer loop
vertex 1.0500282049179077 -27.90999412536621 1.7000000476837158
vertex 1.0157740116119385 -28.082202911376953 1.7000000476837158
vertex 1.0157740116119385 -27.7377872467041 1.7000000476837158
endloop
endfacet
facet normal 0 0 -1
outer loop
vertex 0.9182262420654297 -27.591796875 1.7000000476837158
vertex 1.0157740116119385 -27.7377872467041 1.7000000476837158
vertex 0.9182262420654297 -28.228193283081055 1.7000000476837158
endloop
endfacet
facet normal 0 0 -1
outer loop
vertex 0.9182262420654297 -27.591796875 1.7000000476837158
vertex 0.7722357511520386 -28.325740814208984 1.7000000476837158
vertex 0.7722357511520386 -27.49424934387207 1.7000000476837158
endloop
endfacet
facet normal 0 0 -1
outer loop
vertex 0.28183016180992126 -27.591796875 1.7000000476837158
vertex 0.18428242206573486 -28.082202911376953 1.7000000476837158
vertex 0.18428242206573486 -27.7377872467041 1.7000000476837158
endloop
endfacet
facet normal 0 0 -1
outer loop
vertex 0.42782068252563477 -27.49424934387207 1.7000000476837158
vertex 0.28183016180992126 -28.228193283081055 1.7000000476837158
vertex 0.28183016180992126 -27.591796875 1.7000000476837158
endloop
endfacet
facet normal 0 0 -1
outer loop
vertex 0.6000282168388367 -27.45999526977539 1.7000000476837158
vertex 0.42782068252563477 -28.325740814208984 1.7000000476837158
vertex 0.42782068252563477 -27.49424934387207 1.7000000476837158
endloop
endfacet
facet normal 0 0 -1
outer loop
vertex 0.7722357511520386 -27.49424934387207 1.7000000476837158
vertex 0.6000282168388367 -28.359994888305664 1.7000000476837158
vertex 0.6000282168388367 -27.45999526977539 1.7000000476837158
endloop
endfacet
facet normal -0.19508958660049425 -0.9807854266862085 0
outer loop
vertex 0.7722357511520386 -26.2242488861084 1.7000000476837158
vertex 0.6000282168388367 -26.18999481201172 1.7000000476837158
vertex 0.6000282168388367 -26.18999481201172 0
endloop
endfacet
facet normal -0.980785568100464 -0.19508887565889044 0
outer loop
vertex 1.0500282049179077 -26.639995574951172 0
vertex 1.0500282049179077 -26.639995574951172 1.7000000476837158
vertex 1.0157740116119385 -26.46778678894043 0
endloop
endfacet
facet normal -0.19508958660049425 0.9807854266862085 0
outer loop
vertex 0.7722357511520386 -27.055740356445312 1.7000000476837158
vertex 0.7722357511520386 -27.055740356445312 0
vertex 0.6000282168388367 -27.089994430541992 1.7000000476837158
endloop
endfacet
facet normal 0.9807851384137336 0.19509103584417611 0
outer loop
vertex 0.18428242206573486 -26.81220245361328 1.7000000476837158
vertex 0.18428242206573486 -26.81220245361328 0
vertex 0.15002821385860443 -26.639995574951172 1.7000000476837158
endloop
endfacet
facet normal 0.19508958660049425 -0.9807854266862085 0
outer loop
vertex 0.6000282168388367 -26.18999481201172 1.7000000476837158
vertex 0.42782068252563477 -26.2242488861084 1.7000000476837158
vertex 0.42782068252563477 -26.2242488861084 0
endloop
endfacet
facet normal -0.9807851546525584 0.19509095420638264 0
outer loop
vertex 1.0500282049179077 -26.639995574951172 0
vertex 1.0157740116119385 -26.81220245361328 0
vertex 1.0157740116119385 -26.81220245361328 1.7000000476837158
endloop
endfacet
facet normal -0.8314692917725611 0.555570712726324 0
outer loop
vertex 1.0157740116119385 -26.81220245361328 0
vertex 0.9182262420654297 -26.958192825317383 0
vertex 0.9182262420654297 -26.958192825317383 1.7000000476837158
endloop
endfacet
facet normal -0.5555694603355263 0.8314701285930194 0
outer loop
vertex 0.9182262420654297 -26.958192825317383 0
vertex 0.7722357511520386 -27.055740356445312 0
vertex 0.7722357511520386 -27.055740356445312 1.7000000476837158
endloop
endfacet
facet normal 0.831469370180071 -0.5555705953813216 0
outer loop
vertex 0.28183016180992126 -26.321796417236328 0
vertex 0.28183016180992126 -26.321796417236328 1.7000000476837158
vertex 0.18428242206573486 -26.46778678894043 0
endloop
endfacet
facet normal -0.5555694603355263 -0.8314701285930194 0
outer loop
vertex 0.9182262420654297 -26.321796417236328 1.7000000476837158
vertex 0.7722357511520386 -26.2242488861084 1.7000000476837158
vertex 0.7722357511520386 -26.2242488861084 0
endloop
endfacet
facet normal 0.9807855518619782 -0.19508895729588294 0
outer loop
vertex 0.18428242206573486 -26.46778678894043 0
vertex 0.18428242206573486 -26.46778678894043 1.7000000476837158
vertex 0.15002821385860443 -26.639995574951172 0
endloop
endfacet
facet normal 0.9807851384137336 0.19509103584417611 0
outer loop
vertex 0.15002821385860443 -26.639995574951172 0
vertex 0.15002821385860443 -26.639995574951172 1.7000000476837158
vertex 0.18428242206573486 -26.81220245361328 0
endloop
endfacet
facet normal 0.831469370180071 0.5555705953813216 0
outer loop
vertex 0.28183016180992126 -26.958192825317383 1.7000000476837158
vertex 0.28183016180992126 -26.958192825317383 0
vertex 0.18428242206573486 -26.81220245361328 1.7000000476837158
endloop
endfacet
facet normal 0.5555693819281071 0.8314701809830711 0
outer loop
vertex 0.42782068252563477 -27.055740356445312 1.7000000476837158
vertex 0.42782068252563477 -27.055740356445312 0
vertex 0.28183016180992126 -26.958192825317383 1.7000000476837158
endloop
endfacet
facet normal 0 0 -1
outer loop
vertex 0.9182262420654297 -26.321796417236328 1.7000000476837158
vertex 1.0157740116119385 -26.46778678894043 1.7000000476837158
vertex 0.9182262420654297 -26.958192825317383 1.7000000476837158
endloop
endfacet
facet normal 0 0 -1
outer loop
vertex 1.0500282049179077 -26.639995574951172 1.7000000476837158
vertex 1.0157740116119385 -26.81220245361328 1.7000000476837158
vertex 1.0157740116119385 -26.46778678894043 1.7000000476837158
endloop
endfacet
facet normal 0 0 -1
outer loop
vertex 0.9182262420654297 -26.321796417236328 1.7000000476837158
vertex 0.7722357511520386 -27.055740356445312 1.7000000476837158
vertex 0.7722357511520386 -26.2242488861084 1.7000000476837158
endloop
endfacet
facet normal 0 0 -1
outer loop
vertex 1.0157740116119385 -26.81220245361328 1.7000000476837158
vertex 0.9182262420654297 -26.958192825317383 1.7000000476837158
vertex 1.0157740116119385 -26.46778678894043 1.7000000476837158
endloop
endfacet
facet normal 0 0 -1
outer loop
vertex 0.9182262420654297 -26.958192825317383 1.7000000476837158
vertex 0.7722357511520386 -27.055740356445312 1.7000000476837158
vertex 0.9182262420654297 -26.321796417236328 1.7000000476837158
endloop
endfacet
facet normal 0 0 -1
outer loop
vertex 0.7722357511520386 -26.2242488861084 1.7000000476837158
vertex 0.6000282168388367 -27.089994430541992 1.7000000476837158
vertex 0.6000282168388367 -26.18999481201172 1.7000000476837158
endloop
endfacet
facet normal 0 0 -1
outer loop
vertex 0.6000282168388367 -26.18999481201172 1.7000000476837158
vertex 0.42782068252563477 -27.055740356445312 1.7000000476837158
vertex 0.42782068252563477 -26.2242488861084 1.7000000476837158
endloop
endfacet
facet normal 0 0 -1
outer loop
vertex 0.42782068252563477 -26.2242488861084 1.7000000476837158
vertex 0.28183016180992126 -26.958192825317383 1.7000000476837158
vertex 0.28183016180992126 -26.321796417236328 1.7000000476837158
endloop
endfacet
facet normal 0 0 -1
outer loop
vertex 0.28183016180992126 -26.321796417236328 1.7000000476837158
vertex 0.18428242206573486 -26.81220245361328 1.7000000476837158
vertex 0.18428242206573486 -26.46778678894043 1.7000000476837158
endloop
endfacet
facet normal 0 0 -1
outer loop
vertex 0.18428242206573486 -26.81220245361328 1.7000000476837158
vertex 0.15002821385860443 -26.639995574951172 1.7000000476837158
vertex 0.18428242206573486 -26.46778678894043 1.7000000476837158
endloop
endfacet
facet normal 0 0 -1
outer loop
vertex 0.28183016180992126 -26.958192825317383 1.7000000476837158
vertex 0.18428242206573486 -26.81220245361328 1.7000000476837158
vertex 0.28183016180992126 -26.321796417236328 1.7000000476837158
endloop
endfacet
facet normal 0 0 -1
outer loop
vertex 0.7722357511520386 -27.055740356445312 1.7000000476837158
vertex 0.6000282168388367 -27.089994430541992 1.7000000476837158
vertex 0.7722357511520386 -26.2242488861084 1.7000000476837158
endloop
endfacet
facet normal 0 0 -1
outer loop
vertex 0.6000282168388367 -27.089994430541992 1.7000000476837158
vertex 0.42782068252563477 -27.055740356445312 1.7000000476837158
vertex 0.6000282168388367 -26.18999481201172 1.7000000476837158
endloop
endfacet
facet normal 0 0 -1
outer loop
vertex 0.42782068252563477 -27.055740356445312 1.7000000476837158
vertex 0.28183016180992126 -26.958192825317383 1.7000000476837158
vertex 0.42782068252563477 -26.2242488861084 1.7000000476837158
endloop
endfacet
facet normal -0.19508958660049425 0.9807854266862085 0
outer loop
vertex 0.7722357511520386 -27.055740356445312 0
vertex 0.6000282168388367 -27.089994430541992 0
vertex 0.6000282168388367 -27.089994430541992 1.7000000476837158
endloop
endfacet
facet normal 0.19508958660049425 0.9807854266862085 0
outer loop
vertex 0.6000282168388367 -27.089994430541992 1.7000000476837158
vertex 0.6000282168388367 -27.089994430541992 0
vertex 0.42782068252563477 -27.055740356445312 1.7000000476837158
endloop
endfacet
facet normal 0.5555693819281071 -0.8314701809830711 0
outer loop
vertex 0.42782068252563477 -26.2242488861084 0
vertex 0.42782068252563477 -26.2242488861084 1.7000000476837158
vertex 0.28183016180992126 -26.321796417236328 0
endloop
endfacet
facet normal 0.19508958660049425 -0.9807854266862085 0
outer loop
vertex 0.6000282168388367 -26.18999481201172 0
vertex 0.6000282168388367 -26.18999481201172 1.7000000476837158
vertex 0.42782068252563477 -26.2242488861084 0
endloop
endfacet
facet normal -0.19508958660049425 -0.9807854266862085 0
outer loop
vertex 0.7722357511520386 -26.2242488861084 0
vertex 0.7722357511520386 -26.2242488861084 1.7000000476837158
vertex 0.6000282168388367 -26.18999481201172 0
endloop
endfacet
facet normal 0.5555693819281071 -0.8314701809830711 0
outer loop
vertex 0.28183016180992126 -26.321796417236328 1.7000000476837158
vertex 0.28183016180992126 -26.321796417236328 0
vertex 0.42782068252563477 -26.2242488861084 1.7000000476837158
endloop
endfacet
facet normal 0.9807855518619782 -0.19508895729588294 0
outer loop
vertex 0.15002821385860443 -26.639995574951172 1.7000000476837158
vertex 0.15002821385860443 -26.639995574951172 0
vertex 0.18428242206573486 -26.46778678894043 1.7000000476837158
endloop
endfacet
facet normal 0.831469370180071 -0.5555705953813216 0
outer loop
vertex 0.18428242206573486 -26.46778678894043 1.7000000476837158
vertex 0.18428242206573486 -26.46778678894043 0
vertex 0.28183016180992126 -26.321796417236328 1.7000000476837158
endloop
endfacet
facet normal -0.5555694603355263 -0.8314701285930194 0
outer loop
vertex 0.9182262420654297 -26.321796417236328 0
vertex 0.9182262420654297 -26.321796417236328 1.7000000476837158
vertex 0.7722357511520386 -26.2242488861084 0
endloop
endfacet
facet normal -0.5555694603355263 0.8314701285930194 0
outer loop
vertex 0.9182262420654297 -26.958192825317383 1.7000000476837158
vertex 0.9182262420654297 -26.958192825317383 0
vertex 0.7722357511520386 -27.055740356445312 1.7000000476837158
endloop
endfacet
facet normal -0.8314692917725611 0.555570712726324 0
outer loop
vertex 1.0157740116119385 -26.81220245361328 1.7000000476837158
vertex 1.0157740116119385 -26.81220245361328 0
vertex 0.9182262420654297 -26.958192825317383 1.7000000476837158
endloop
endfacet
facet normal -0.9807851546525584 0.19509095420638264 0
outer loop
vertex 1.0500282049179077 -26.639995574951172 1.7000000476837158
vertex 1.0500282049179077 -26.639995574951172 0
vertex 1.0157740116119385 -26.81220245361328 1.7000000476837158
endloop
endfacet
facet normal -0.980785568100464 -0.19508887565889044 0
outer loop
vertex 1.0157740116119385 -26.46778678894043 1.7000000476837158
vertex 1.0157740116119385 -26.46778678894043 0
vertex 1.0500282049179077 -26.639995574951172 1.7000000476837158
endloop
endfacet
facet normal -0.8314692917725611 -0.555570712726324 0
outer loop
vertex 0.9182262420654297 -26.321796417236328 0
vertex 1.0157740116119385 -26.46778678894043 1.7000000476837158
vertex 0.9182262420654297 -26.321796417236328 1.7000000476837158
endloop
endfacet
facet normal 0.19508958660049425 0.9807854266862085 0
outer loop
vertex 0.6000282168388367 -27.089994430541992 0
vertex 0.42782068252563477 -27.055740356445312 0
vertex 0.42782068252563477 -27.055740356445312 1.7000000476837158
endloop
endfacet
facet normal 0.831469370180071 0.5555705953813216 0
outer loop
vertex 0.18428242206573486 -26.81220245361328 0
vertex 0.18428242206573486 -26.81220245361328 1.7000000476837158
vertex 0.28183016180992126 -26.958192825317383 0
endloop
endfacet
facet normal 0.5555693819281071 0.8314701809830711 0
outer loop
vertex 0.28183016180992126 -26.958192825317383 0
vertex 0.28183016180992126 -26.958192825317383 1.7000000476837158
vertex 0.42782068252563477 -27.055740356445312 0
endloop
endfacet
facet normal -0.8314692917725611 -0.555570712726324 0
outer loop
vertex 1.0157740116119385 -26.46778678894043 0
vertex 1.0157740116119385 -26.46778678894043 1.7000000476837158
vertex 0.9182262420654297 -26.321796417236328 0
endloop
endfacet
facet normal -0.19508958660049425 -0.9807854266862085 0
outer loop
vertex 0.7722357511520386 -24.954248428344727 0
vertex 0.7722357511520386 -24.954248428344727 1.7000000476837158
vertex 0.6000282168388367 -24.919994354248047 0
endloop
endfacet
facet normal -0.980785568100464 -0.19508887565889044 0
outer loop
vertex 1.0157740116119385 -25.197786331176758 0
vertex 1.0500282049179077 -25.3699951171875 0
vertex 1.0500282049179077 -25.3699951171875 1.7000000476837158
endloop
endfacet
facet normal -0.8314692917725611 -0.555570712726324 0
outer loop
vertex 0.9182262420654297 -25.051795959472656 0
vertex 1.0157740116119385 -25.197786331176758 0
vertex 1.0157740116119385 -25.197786331176758 1.7000000476837158
endloop
endfacet
facet normal -0.5555694603355263 -0.8314701285930194 0
outer loop
vertex 0.7722357511520386 -24.954248428344727 0
vertex 0.9182262420654297 -25.051795959472656 0
vertex 0.9182262420654297 -25.051795959472656 1.7000000476837158
endloop
endfacet
facet normal -0.19508958660049425 -0.9807854266862085 0
outer loop
vertex 0.6000282168388367 -24.919994354248047 1.7000000476837158
vertex 0.6000282168388367 -24.919994354248047 0
vertex 0.7722357511520386 -24.954248428344727 1.7000000476837158
endloop
endfacet
facet normal -0.8314692917725611 0.555570712726324 0
outer loop
vertex 1.0157740116119385 -25.54220199584961 1.7000000476837158
vertex 1.0157740116119385 -25.54220199584961 0
vertex 0.9182262420654297 -25.68819236755371 1.7000000476837158
endloop
endfacet
facet normal -0.9807851546525584 0.19509095420638264 0
outer loop
vertex 1.0500282049179077 -25.3699951171875 1.7000000476837158
vertex 1.0500282049179077 -25.3699951171875 0
vertex 1.0157740116119385 -25.54220199584961 1.7000000476837158
endloop
endfacet
facet normal -0.980785568100464 -0.19508887565889044 0
outer loop
vertex 1.0157740116119385 -25.197786331176758 1.7000000476837158
vertex 1.0157740116119385 -25.197786331176758 0
vertex 1.0500282049179077 -25.3699951171875 1.7000000476837158
endloop
endfacet
facet normal -0.8314692917725611 -0.555570712726324 0
outer loop
vertex 0.9182262420654297 -25.051795959472656 1.7000000476837158
vertex 0.9182262420654297 -25.051795959472656 0
vertex 1.0157740116119385 -25.197786331176758 1.7000000476837158
endloop
endfacet
facet normal -0.5555694603355263 -0.8314701285930194 0
outer loop
vertex 0.7722357511520386 -24.954248428344727 1.7000000476837158
vertex 0.7722357511520386 -24.954248428344727 0
vertex 0.9182262420654297 -25.051795959472656 1.7000000476837158
endloop
endfacet
facet normal 0.19508958660049425 -0.9807854266862085 0
outer loop
vertex 0.6000282168388367 -24.919994354248047 0
vertex 0.6000282168388367 -24.919994354248047 1.7000000476837158
vertex 0.42782068252563477 -24.954248428344727 0
endloop
endfacet
facet normal 0.5555693819281071 -0.8314701809830711 0
outer loop
vertex 0.42782068252563477 -24.954248428344727 0
vertex 0.42782068252563477 -24.954248428344727 1.7000000476837158
vertex 0.28183016180992126 -25.051795959472656 0
endloop
endfacet
facet normal 0.831469370180071 -0.5555705953813216 0
outer loop
vertex 0.28183016180992126 -25.051795959472656 0
vertex 0.28183016180992126 -25.051795959472656 1.7000000476837158
vertex 0.18428242206573486 -25.197786331176758 0
endloop
endfacet
facet normal 0 0 -1
outer loop
vertex 0.9182262420654297 -25.051795959472656 1.7000000476837158
vertex 1.0157740116119385 -25.197786331176758 1.7000000476837158
vertex 0.9182262420654297 -25.68819236755371 1.7000000476837158
endloop
endfacet
facet normal 0 0 -1
outer loop
vertex 1.0500282049179077 -25.3699951171875 1.7000000476837158
vertex 1.0157740116119385 -25.54220199584961 1.7000000476837158
vertex 1.0157740116119385 -25.197786331176758 1.7000000476837158
endloop
endfacet
facet normal 0.9807855518619782 -0.19508895729588294 0
outer loop
vertex 0.18428242206573486 -25.197786331176758 0
vertex 0.18428242206573486 -25.197786331176758 1.7000000476837158
vertex 0.15002821385860443 -25.3699951171875 0
endloop
endfacet
facet normal 0.9807851384137336 0.19509103584417611 0
outer loop
vertex 0.15002821385860443 -25.3699951171875 0
vertex 0.15002821385860443 -25.3699951171875 1.7000000476837158
vertex 0.18428242206573486 -25.54220199584961 0
endloop
endfacet
facet normal 0.831469370180071 0.5555705953813216 0
outer loop
vertex 0.18428242206573486 -25.54220199584961 0
vertex 0.18428242206573486 -25.54220199584961 1.7000000476837158
vertex 0.28183016180992126 -25.68819236755371 0
endloop
endfacet
facet normal -0.8314692917725611 0.555570712726324 0
outer loop
vertex 1.0157740116119385 -25.54220199584961 0
vertex 0.9182262420654297 -25.68819236755371 0
vertex 0.9182262420654297 -25.68819236755371 1.7000000476837158
endloop
endfacet
facet normal -0.5555694603355263 0.8314701285930194 0
outer loop
vertex 0.9182262420654297 -25.68819236755371 0
vertex 0.7722357511520386 -25.78573989868164 0
vertex 0.7722357511520386 -25.78573989868164 1.7000000476837158
endloop
endfacet
facet normal -0.19508958660049425 0.9807854266862085 0
outer loop
vertex 0.7722357511520386 -25.78573989868164 0
vertex 0.6000282168388367 -25.81999397277832 0
vertex 0.6000282168388367 -25.81999397277832 1.7000000476837158
endloop
endfacet
facet normal 0.19508958660049425 0.9807854266862085 0
outer loop
vertex 0.6000282168388367 -25.81999397277832 0
vertex 0.42782068252563477 -25.78573989868164 0
vertex 0.42782068252563477 -25.78573989868164 1.7000000476837158
endloop
endfacet
facet normal 0.5555693819281071 0.8314701809830711 0
outer loop
vertex 0.28183016180992126 -25.68819236755371 0
vertex 0.28183016180992126 -25.68819236755371 1.7000000476837158
vertex 0.42782068252563477 -25.78573989868164 0
endloop
endfacet
facet normal 0.19508958660049425 -0.9807854266862085 0
outer loop
vertex 0.42782068252563477 -24.954248428344727 1.7000000476837158
vertex 0.42782068252563477 -24.954248428344727 0
vertex 0.6000282168388367 -24.919994354248047 1.7000000476837158
endloop
endfacet
facet normal 0.5555693819281071 -0.8314701809830711 0
outer loop
vertex 0.28183016180992126 -25.051795959472656 1.7000000476837158
vertex 0.28183016180992126 -25.051795959472656 0
vertex 0.42782068252563477 -24.954248428344727 1.7000000476837158
endloop
endfacet
facet normal 0.831469370180071 -0.5555705953813216 0
outer loop
vertex 0.18428242206573486 -25.197786331176758 1.7000000476837158
vertex 0.18428242206573486 -25.197786331176758 0
vertex 0.28183016180992126 -25.051795959472656 1.7000000476837158
endloop
endfacet
facet normal 0.9807855518619782 -0.19508895729588294 0
outer loop
vertex 0.15002821385860443 -25.3699951171875 1.7000000476837158
vertex 0.15002821385860443 -25.3699951171875 0
vertex 0.18428242206573486 -25.197786331176758 1.7000000476837158
endloop
endfacet
facet normal 0 0 -1
outer loop
vertex 0.7722357511520386 -24.954248428344727 1.7000000476837158
vertex 0.9182262420654297 -25.051795959472656 1.7000000476837158
vertex 0.7722357511520386 -25.78573989868164 1.7000000476837158
endloop
endfacet
facet normal 0 0 -1
outer loop
vertex 1.0157740116119385 -25.54220199584961 1.7000000476837158
vertex 0.9182262420654297 -25.68819236755371 1.7000000476837158
vertex 1.0157740116119385 -25.197786331176758 1.7000000476837158
endloop
endfacet
facet normal 0 0 -1
outer loop
vertex 0.9182262420654297 -25.68819236755371 1.7000000476837158
vertex 0.7722357511520386 -25.78573989868164 1.7000000476837158
vertex 0.9182262420654297 -25.051795959472656 1.7000000476837158
endloop
endfacet
facet normal 0 0 -1
outer loop
vertex 0.6000282168388367 -24.919994354248047 1.7000000476837158
vertex 0.42782068252563477 -25.78573989868164 1.7000000476837158
vertex 0.42782068252563477 -24.954248428344727 1.7000000476837158
endloop
endfacet
facet normal 0 0 -1
outer loop
vertex 0.7722357511520386 -24.954248428344727 1.7000000476837158
vertex 0.6000282168388367 -25.81999397277832 1.7000000476837158
vertex 0.6000282168388367 -24.919994354248047 1.7000000476837158
endloop
endfacet
facet normal 0 0 -1
outer loop
vertex 0.7722357511520386 -25.78573989868164 1.7000000476837158
vertex 0.6000282168388367 -25.81999397277832 1.7000000476837158
vertex 0.7722357511520386 -24.954248428344727 1.7000000476837158
endloop
endfacet
facet normal 0 0 -1
outer loop
vertex 0.6000282168388367 -25.81999397277832 1.7000000476837158
vertex 0.42782068252563477 -25.78573989868164 1.7000000476837158
vertex 0.6000282168388367 -24.919994354248047 1.7000000476837158
endloop
endfacet
facet normal 0 0 -1
outer loop
vertex 0.42782068252563477 -24.954248428344727 1.7000000476837158
vertex 0.28183016180992126 -25.68819236755371 1.7000000476837158
vertex 0.28183016180992126 -25.051795959472656 1.7000000476837158
endloop
endfacet
facet normal 0 0 -1
outer loop
vertex 0.28183016180992126 -25.051795959472656 1.7000000476837158
vertex 0.18428242206573486 -25.54220199584961 1.7000000476837158
vertex 0.18428242206573486 -25.197786331176758 1.7000000476837158
endloop
endfacet
facet normal 0 0 -1
outer loop
vertex 0.18428242206573486 -25.54220199584961 1.7000000476837158
vertex 0.15002821385860443 -25.3699951171875 1.7000000476837158
vertex 0.18428242206573486 -25.197786331176758 1.7000000476837158
endloop
endfacet
facet normal 0 0 -1
outer loop
vertex 0.42782068252563477 -25.78573989868164 1.7000000476837158
vertex 0.28183016180992126 -25.68819236755371 1.7000000476837158
vertex 0.42782068252563477 -24.954248428344727 1.7000000476837158
endloop
endfacet
facet normal 0 0 -1
outer loop
vertex 0.28183016180992126 -25.68819236755371 1.7000000476837158
vertex 0.18428242206573486 -25.54220199584961 1.7000000476837158
vertex 0.28183016180992126 -25.051795959472656 1.7000000476837158
endloop
endfacet
facet normal 0.9807851384137336 0.19509103584417611 0
outer loop
vertex 0.18428242206573486 -25.54220199584961 1.7000000476837158
vertex 0.18428242206573486 -25.54220199584961 0
vertex 0.15002821385860443 -25.3699951171875 1.7000000476837158
endloop
endfacet
facet normal -0.5555694603355263 0.8314701285930194 0
outer loop
vertex 0.9182262420654297 -25.68819236755371 1.7000000476837158
vertex 0.9182262420654297 -25.68819236755371 0
vertex 0.7722357511520386 -25.78573989868164 1.7000000476837158
endloop
endfacet
facet normal -0.19508958660049425 0.9807854266862085 0
outer loop
vertex 0.7722357511520386 -25.78573989868164 1.7000000476837158
vertex 0.7722357511520386 -25.78573989868164 0
vertex 0.6000282168388367 -25.81999397277832 1.7000000476837158
endloop
endfacet
facet normal 0.19508958660049425 0.9807854266862085 0
outer loop
vertex 0.6000282168388367 -25.81999397277832 1.7000000476837158
vertex 0.6000282168388367 -25.81999397277832 0
vertex 0.42782068252563477 -25.78573989868164 1.7000000476837158
endloop
endfacet
facet normal 0.5555693819281071 0.8314701809830711 0
outer loop
vertex 0.42782068252563477 -25.78573989868164 1.7000000476837158
vertex 0.42782068252563477 -25.78573989868164 0
vertex 0.28183016180992126 -25.68819236755371 1.7000000476837158
endloop
endfacet
facet normal 0.831469370180071 0.5555705953813216 0
outer loop
vertex 0.28183016180992126 -25.68819236755371 1.7000000476837158
vertex 0.28183016180992126 -25.68819236755371 0
vertex 0.18428242206573486 -25.54220199584961 1.7000000476837158
endloop
endfacet
facet normal -0.9807851546525584 0.19509095420638264 0
outer loop
vertex 1.0500282049179077 -25.3699951171875 0
vertex 1.0157740116119385 -25.54220199584961 0
vertex 1.0157740116119385 -25.54220199584961 1.7000000476837158
endloop
endfacet
facet normal 0.9807856980081253 -0.19508822256280442 0
outer loop
vertex 19.149736404418945 -25.3699951171875 1.7000000476837158
vertex 19.149736404418945 -25.3699951171875 0
vertex 19.183990478515625 -25.197786331176758 1.7000000476837158
endloop
endfacet
facet normal -0.9807856980081253 -0.19508822256280442 0
outer loop
vertex 20.01548194885254 -25.197786331176758 0
vertex 20.04973602294922 -25.3699951171875 0
vertex 20.04973602294922 -25.3699951171875 1.7000000476837158
endloop
endfacet
facet normal -0.555569773965375 -0.8314699190325903 0
outer loop
vertex 19.771944046020508 -24.954248428344727 1.7000000476837158
vertex 19.771944046020508 -24.954248428344727 0
vertex 19.91793441772461 -25.051795959472656 1.7000000476837158
endloop
endfacet
facet normal -0.8314699190325903 0.555569773965375 0
outer loop
vertex 20.01548194885254 -25.54220199584961 1.7000000476837158
vertex 20.01548194885254 -25.54220199584961 0
vertex 19.91793441772461 -25.68819236755371 1.7000000476837158
endloop
endfacet
facet normal -0.9807852845629332 0.19509030110388895 0
outer loop
vertex 20.04973602294922 -25.3699951171875 1.7000000476837158
vertex 20.04973602294922 -25.3699951171875 0
vertex 20.01548194885254 -25.54220199584961 1.7000000476837158
endloop
endfacet
facet normal -0.9807856980081253 -0.19508822256280442 0
outer loop
vertex 20.01548194885254 -25.197786331176758 1.7000000476837158
vertex 20.01548194885254 -25.197786331176758 0
vertex 20.04973602294922 -25.3699951171875 1.7000000476837158
endloop
endfacet
facet normal -0.8314699190325903 -0.555569773965375 0
outer loop
vertex 19.91793441772461 -25.051795959472656 1.7000000476837158
vertex 19.91793441772461 -25.051795959472656 0
vertex 20.01548194885254 -25.197786331176758 1.7000000476837158
endloop
endfacet
facet normal -0.9807852845629332 0.19509030110388895 0
outer loop
vertex 20.04973602294922 -25.3699951171875 0
vertex 20.01548194885254 -25.54220199584961 0
vertex 20.01548194885254 -25.54220199584961 1.7000000476837158
endloop
endfacet
facet normal -0.19509030110388895 0.9807852845629332 0
outer loop
vertex 19.771944046020508 -25.78573989868164 0
vertex 19.5997371673584 -25.81999397277832 0
vertex 19.5997371673584 -25.81999397277832 1.7000000476837158
endloop
endfacet
facet normal 0.555569773965375 0.8314699190325903 0
outer loop
vertex 19.427528381347656 -25.78573989868164 0
vertex 19.281538009643555 -25.68819236755371 0
vertex 19.281538009643555 -25.68819236755371 1.7000000476837158
endloop
endfacet
facet normal 0.19508822256280442 0.9807856980081253 0
outer loop
vertex 19.5997371673584 -25.81999397277832 0
vertex 19.427528381347656 -25.78573989868164 0
vertex 19.427528381347656 -25.78573989868164 1.7000000476837158
endloop
endfacet
facet normal 0.19508822256280442 -0.9807856980081253 0
outer loop
vertex 19.427528381347656 -24.954248428344727 1.7000000476837158
vertex 19.427528381347656 -24.954248428344727 0
vertex 19.5997371673584 -24.919994354248047 1.7000000476837158
endloop
endfacet
facet normal 0.555569773965375 -0.8314699190325903 0
outer loop
vertex 19.281538009643555 -25.051795959472656 1.7000000476837158
vertex 19.281538009643555 -25.051795959472656 0
vertex 19.427528381347656 -24.954248428344727 1.7000000476837158
endloop
endfacet
facet normal -0.555569773965375 0.8314699190325903 0
outer loop
vertex 19.91793441772461 -25.68819236755371 1.7000000476837158
vertex 19.91793441772461 -25.68819236755371 0
vertex 19.771944046020508 -25.78573989868164 1.7000000476837158
endloop
endfacet
facet normal -0.19509030110388895 0.9807852845629332 0
outer loop
vertex 19.771944046020508 -25.78573989868164 1.7000000476837158
vertex 19.771944046020508 -25.78573989868164 0
vertex 19.5997371673584 -25.81999397277832 1.7000000476837158
endloop
endfacet
facet normal 0.555569773965375 0.8314699190325903 0
outer loop
vertex 19.427528381347656 -25.78573989868164 1.7000000476837158
vertex 19.427528381347656 -25.78573989868164 0
vertex 19.281538009643555 -25.68819236755371 1.7000000476837158
endloop
endfacet
facet normal 0.19508822256280442 0.9807856980081253 0
outer loop
vertex 19.5997371673584 -25.81999397277832 1.7000000476837158
vertex 19.5997371673584 -25.81999397277832 0
vertex 19.427528381347656 -25.78573989868164 1.7000000476837158
endloop
endfacet
facet normal -0.555569773965375 0.8314699190325903 0
outer loop
vertex 19.91793441772461 -25.68819236755371 0
vertex 19.771944046020508 -25.78573989868164 0
vertex 19.771944046020508 -25.78573989868164 1.7000000476837158
endloop
endfacet
facet normal -0.8314699190325903 0.555569773965375 0
outer loop
vertex 20.01548194885254 -25.54220199584961 0
vertex 19.91793441772461 -25.68819236755371 0
vertex 19.91793441772461 -25.68819236755371 1.7000000476837158
endloop
endfacet
facet normal 0.555569773965375 -0.8314699190325903 0
outer loop
vertex 19.427528381347656 -24.954248428344727 0
vertex 19.427528381347656 -24.954248428344727 1.7000000476837158
vertex 19.281538009643555 -25.051795959472656 0
endloop
endfacet
facet normal 0.19508822256280442 -0.9807856980081253 0
outer loop
vertex 19.5997371673584 -24.919994354248047 0
vertex 19.5997371673584 -24.919994354248047 1.7000000476837158
vertex 19.427528381347656 -24.954248428344727 0
endloop
endfacet
facet normal 0.8314699190325903 -0.555569773965375 0
outer loop
vertex 19.183990478515625 -25.197786331176758 1.7000000476837158
vertex 19.183990478515625 -25.197786331176758 0
vertex 19.281538009643555 -25.051795959472656 1.7000000476837158
endloop
endfacet
facet normal -0.19509030110388895 -0.9807852845629332 0
outer loop
vertex 19.771944046020508 -24.954248428344727 0
vertex 19.771944046020508 -24.954248428344727 1.7000000476837158
vertex 19.5997371673584 -24.919994354248047 0
endloop
endfacet
facet normal 0.9807852845629332 0.19509030110388895 0
outer loop
vertex 19.183990478515625 -25.54220199584961 1.7000000476837158
vertex 19.183990478515625 -25.54220199584961 0
vertex 19.149736404418945 -25.3699951171875 1.7000000476837158
endloop
endfacet
facet normal -0.555569773965375 -0.8314699190325903 0
outer loop
vertex 19.771944046020508 -24.954248428344727 0
vertex 19.91793441772461 -25.051795959472656 0
vertex 19.91793441772461 -25.051795959472656 1.7000000476837158
endloop
endfacet
facet normal 0 0 -1
outer loop
vertex 19.281538009643555 -25.68819236755371 1.7000000476837158
vertex 19.183990478515625 -25.54220199584961 1.7000000476837158
vertex 19.281538009643555 -25.051795959472656 1.7000000476837158
endloop
endfacet
facet normal 0 0 -1
outer loop
vertex 19.183990478515625 -25.54220199584961 1.7000000476837158
vertex 19.149736404418945 -25.3699951171875 1.7000000476837158
vertex 19.183990478515625 -25.197786331176758 1.7000000476837158
endloop
endfacet
facet normal 0.8314699190325903 -0.555569773965375 0
outer loop
vertex 19.281538009643555 -25.051795959472656 0
vertex 19.281538009643555 -25.051795959472656 1.7000000476837158
vertex 19.183990478515625 -25.197786331176758 0
endloop
endfacet
facet normal 0.9807856980081253 -0.19508822256280442 0
outer loop
vertex 19.183990478515625 -25.197786331176758 0
vertex 19.183990478515625 -25.197786331176758 1.7000000476837158
vertex 19.149736404418945 -25.3699951171875 0
endloop
endfacet
facet normal 0.9807852845629332 0.19509030110388895 0
outer loop
vertex 19.149736404418945 -25.3699951171875 0
vertex 19.149736404418945 -25.3699951171875 1.7000000476837158
vertex 19.183990478515625 -25.54220199584961 0
endloop
endfacet
facet normal 0.8314699190325903 0.555569773965375 0
outer loop
vertex 19.183990478515625 -25.54220199584961 0
vertex 19.183990478515625 -25.54220199584961 1.7000000476837158
vertex 19.281538009643555 -25.68819236755371 0
endloop
endfacet
facet normal 0 0 -1
outer loop
vertex 20.01548194885254 -25.197786331176758 1.7000000476837158
vertex 19.91793441772461 -25.68819236755371 1.7000000476837158
vertex 19.91793441772461 -25.051795959472656 1.7000000476837158
endloop
endfacet
facet normal 0 0 -1
outer loop
vertex 19.281538009643555 -25.051795959472656 1.7000000476837158
vertex 19.183990478515625 -25.54220199584961 1.7000000476837158
vertex 19.183990478515625 -25.197786331176758 1.7000000476837158
endloop
endfacet
facet normal 0 0 -1
outer loop
vertex 19.427528381347656 -25.78573989868164 1.7000000476837158
vertex 19.281538009643555 -25.68819236755371 1.7000000476837158
vertex 19.427528381347656 -24.954248428344727 1.7000000476837158
endloop
endfacet
facet normal 0 0 -1
outer loop
vertex 19.5997371673584 -25.81999397277832 1.7000000476837158
vertex 19.427528381347656 -25.78573989868164 1.7000000476837158
vertex 19.5997371673584 -24.919994354248047 1.7000000476837158
endloop
endfacet
facet normal 0 0 -1
outer loop
vertex 19.427528381347656 -24.954248428344727 1.7000000476837158
vertex 19.281538009643555 -25.68819236755371 1.7000000476837158
vertex 19.281538009643555 -25.051795959472656 1.7000000476837158
endloop
endfacet
facet normal 0 0 -1
outer loop
vertex 19.771944046020508 -25.78573989868164 1.7000000476837158
vertex 19.5997371673584 -25.81999397277832 1.7000000476837158
vertex 19.771944046020508 -24.954248428344727 1.7000000476837158
endloop
endfacet
facet normal 0 0 -1
outer loop
vertex 19.91793441772461 -25.68819236755371 1.7000000476837158
vertex 19.771944046020508 -25.78573989868164 1.7000000476837158
vertex 19.91793441772461 -25.051795959472656 1.7000000476837158
endloop
endfacet
facet normal 0 0 -1
outer loop
vertex 19.771944046020508 -24.954248428344727 1.7000000476837158
vertex 19.5997371673584 -25.81999397277832 1.7000000476837158
vertex 19.5997371673584 -24.919994354248047 1.7000000476837158
endloop
endfacet
facet normal 0 0 -1
outer loop
vertex 19.771944046020508 -24.954248428344727 1.7000000476837158
vertex 19.91793441772461 -25.051795959472656 1.7000000476837158
vertex 19.771944046020508 -25.78573989868164 1.7000000476837158
endloop
endfacet
facet normal 0 0 -1
outer loop
vertex 19.5997371673584 -24.919994354248047 1.7000000476837158
vertex 19.427528381347656 -25.78573989868164 1.7000000476837158
vertex 19.427528381347656 -24.954248428344727 1.7000000476837158
endloop
endfacet
facet normal 0 0 -1
outer loop
vertex 20.01548194885254 -25.54220199584961 1.7000000476837158
vertex 19.91793441772461 -25.68819236755371 1.7000000476837158
vertex 20.01548194885254 -25.197786331176758 1.7000000476837158
endloop
endfacet
facet normal 0 0 -1
outer loop
vertex 20.04973602294922 -25.3699951171875 1.7000000476837158
vertex 20.01548194885254 -25.54220199584961 1.7000000476837158
vertex 20.01548194885254 -25.197786331176758 1.7000000476837158
endloop
endfacet
facet normal 0.8314699190325903 0.555569773965375 0
outer loop
vertex 19.281538009643555 -25.68819236755371 1.7000000476837158
vertex 19.281538009643555 -25.68819236755371 0
vertex 19.183990478515625 -25.54220199584961 1.7000000476837158
endloop
endfacet
facet normal -0.8314699190325903 -0.555569773965375 0
outer loop
vertex 20.01548194885254 -25.197786331176758 0
vertex 20.01548194885254 -25.197786331176758 1.7000000476837158
vertex 19.91793441772461 -25.051795959472656 0
endloop
endfacet
facet normal -0.19509030110388895 -0.9807852845629332 0
outer loop
vertex 19.5997371673584 -24.919994354248047 1.7000000476837158
vertex 19.5997371673584 -24.919994354248047 0
vertex 19.771944046020508 -24.954248428344727 1.7000000476837158
endloop
endfacet
facet normal 0 0 -1
outer loop
vertex 19.771944046020508 -27.055740356445312 1.7000000476837158
vertex 19.5997371673584 -27.089994430541992 1.7000000476837158
vertex 19.771944046020508 -26.2242488861084 1.7000000476837158
endloop
endfacet
facet normal 0 0 -1
outer loop
vertex 19.771944046020508 -26.2242488861084 1.7000000476837158
vertex 19.5997371673584 -27.089994430541992 1.7000000476837158
vertex 19.5997371673584 -26.18999481201172 1.7000000476837158
endloop
endfacet
facet normal 0 0 -1
outer loop
vertex 19.427528381347656 -27.055740356445312 1.7000000476837158
vertex 19.281538009643555 -26.958192825317383 1.7000000476837158
vertex 19.427528381347656 -26.2242488861084 1.7000000476837158
endloop
endfacet
facet normal 0.555569773965375 -0.8314699190325903 0
outer loop
vertex 19.281538009643555 -26.321796417236328 1.7000000476837158
vertex 19.281538009643555 -26.321796417236328 0
vertex 19.427528381347656 -26.2242488861084 1.7000000476837158
endloop
endfacet
facet normal 0.19508822256280442 -0.9807856980081253 0
outer loop
vertex 19.5997371673584 -26.18999481201172 1.7000000476837158
vertex 19.427528381347656 -26.2242488861084 1.7000000476837158
vertex 19.427528381347656 -26.2242488861084 0
endloop
endfacet
facet normal -0.19509030110388895 -0.9807852845629332 0
outer loop
vertex 19.771944046020508 -26.2242488861084 1.7000000476837158
vertex 19.5997371673584 -26.18999481201172 1.7000000476837158
vertex 19.5997371673584 -26.18999481201172 0
endloop
endfacet
facet normal -0.555569773965375 -0.8314699190325903 0
outer loop
vertex 19.771944046020508 -26.2242488861084 1.7000000476837158
vertex 19.771944046020508 -26.2242488861084 0
vertex 19.91793441772461 -26.321796417236328 1.7000000476837158
endloop
endfacet
facet normal 0.8314699190325903 -0.555569773965375 0
outer loop
vertex 19.281538009643555 -26.321796417236328 0
vertex 19.281538009643555 -26.321796417236328 1.7000000476837158
vertex 19.183990478515625 -26.46778678894043 0
endloop
endfacet
facet normal 0.9807856980081253 -0.19508822256280442 0
outer loop
vertex 19.183990478515625 -26.46778678894043 0
vertex 19.183990478515625 -26.46778678894043 1.7000000476837158
vertex 19.149736404418945 -26.639995574951172 0
endloop
endfacet
facet normal 0.9807852845629332 0.19509030110388895 0
outer loop
vertex 19.149736404418945 -26.639995574951172 0
vertex 19.149736404418945 -26.639995574951172 1.7000000476837158
vertex 19.183990478515625 -26.81220245361328 0
endloop
endfacet
facet normal 0.8314699190325903 0.555569773965375 0
outer loop
vertex 19.183990478515625 -26.81220245361328 0
vertex 19.183990478515625 -26.81220245361328 1.7000000476837158
vertex 19.281538009643555 -26.958192825317383 0
endloop
endfacet
facet normal 0.555569773965375 0.8314699190325903 0
outer loop
vertex 19.427528381347656 -27.055740356445312 0
vertex 19.281538009643555 -26.958192825317383 0
vertex 19.281538009643555 -26.958192825317383 1.7000000476837158
endloop
endfacet
facet normal -0.555569773965375 -0.8314699190325903 0
outer loop
vertex 19.771944046020508 -26.2242488861084 0
vertex 19.91793441772461 -26.321796417236328 0
vertex 19.91793441772461 -26.321796417236328 1.7000000476837158
endloop
endfacet
facet normal -0.19509030110388895 -0.9807852845629332 0
outer loop
vertex 19.771944046020508 -26.2242488861084 0
vertex 19.771944046020508 -26.2242488861084 1.7000000476837158
vertex 19.5997371673584 -26.18999481201172 0
endloop
endfacet
facet normal 0.19508822256280442 -0.9807856980081253 0
outer loop
vertex 19.5997371673584 -26.18999481201172 0
vertex 19.5997371673584 -26.18999481201172 1.7000000476837158
vertex 19.427528381347656 -26.2242488861084 0
endloop
endfacet
facet normal 0.555569773965375 -0.8314699190325903 0
outer loop
vertex 19.427528381347656 -26.2242488861084 0
vertex 19.427528381347656 -26.2242488861084 1.7000000476837158
vertex 19.281538009643555 -26.321796417236328 0
endloop
endfacet
facet normal 0.19508822256280442 0.9807856980081253 0
outer loop
vertex 19.5997371673584 -27.089994430541992 0
vertex 19.427528381347656 -27.055740356445312 0
vertex 19.427528381347656 -27.055740356445312 1.7000000476837158
endloop
endfacet
facet normal -0.19509030110388895 0.9807852845629332 0
outer loop
vertex 19.771944046020508 -27.055740356445312 0
vertex 19.5997371673584 -27.089994430541992 0
vertex 19.5997371673584 -27.089994430541992 1.7000000476837158
endloop
endfacet
facet normal -0.555569773965375 0.8314699190325903 0
outer loop
vertex 19.91793441772461 -26.958192825317383 0
vertex 19.771944046020508 -27.055740356445312 0
vertex 19.771944046020508 -27.055740356445312 1.7000000476837158
endloop
endfacet
facet normal -0.8314699190325903 0.555569773965375 0
outer loop
vertex 20.01548194885254 -26.81220245361328 0
vertex 19.91793441772461 -26.958192825317383 0
vertex 19.91793441772461 -26.958192825317383 1.7000000476837158
endloop
endfacet
facet normal -0.9807852845629332 0.19509030110388895 0
outer loop
vertex 20.04973602294922 -26.639995574951172 0
vertex 20.01548194885254 -26.81220245361328 0
vertex 20.01548194885254 -26.81220245361328 1.7000000476837158
endloop
endfacet
facet normal -0.9807856980081253 -0.19508822256280442 0
outer loop
vertex 20.01548194885254 -26.46778678894043 0
vertex 20.04973602294922 -26.639995574951172 0
vertex 20.04973602294922 -26.639995574951172 1.7000000476837158
endloop
endfacet
facet normal -0.8314699190325903 -0.555569773965375 0
outer loop
vertex 20.01548194885254 -26.46778678894043 0
vertex 20.01548194885254 -26.46778678894043 1.7000000476837158
vertex 19.91793441772461 -26.321796417236328 0
endloop
endfacet
facet normal 0 0 -1
outer loop
vertex 19.183990478515625 -26.81220245361328 1.7000000476837158
vertex 19.149736404418945 -26.639995574951172 1.7000000476837158
vertex 19.183990478515625 -26.46778678894043 1.7000000476837158
endloop
endfacet
facet normal 0 0 -1
outer loop
vertex 19.281538009643555 -26.958192825317383 1.7000000476837158
vertex 19.183990478515625 -26.81220245361328 1.7000000476837158
vertex 19.281538009643555 -26.321796417236328 1.7000000476837158
endloop
endfacet
facet normal 0.8314699190325903 0.555569773965375 0
outer loop
vertex 19.281538009643555 -26.958192825317383 1.7000000476837158
vertex 19.281538009643555 -26.958192825317383 0
vertex 19.183990478515625 -26.81220245361328 1.7000000476837158
endloop
endfacet
facet normal 0.9807852845629332 0.19509030110388895 0
outer loop
vertex 19.183990478515625 -26.81220245361328 1.7000000476837158
vertex 19.183990478515625 -26.81220245361328 0
vertex 19.149736404418945 -26.639995574951172 1.7000000476837158
endloop
endfacet
facet normal 0.9807856980081253 -0.19508822256280442 0
outer loop
vertex 19.149736404418945 -26.639995574951172 1.7000000476837158
vertex 19.149736404418945 -26.639995574951172 0
vertex 19.183990478515625 -26.46778678894043 1.7000000476837158
endloop
endfacet
facet normal 0.8314699190325903 -0.555569773965375 0
outer loop
vertex 19.183990478515625 -26.46778678894043 1.7000000476837158
vertex 19.183990478515625 -26.46778678894043 0
vertex 19.281538009643555 -26.321796417236328 1.7000000476837158
endloop
endfacet
facet normal 0 0 -1
outer loop
vertex 19.281538009643555 -26.321796417236328 1.7000000476837158
vertex 19.183990478515625 -26.81220245361328 1.7000000476837158
vertex 19.183990478515625 -26.46778678894043 1.7000000476837158
endloop
endfacet
facet normal 0 0 -1
outer loop
vertex 19.5997371673584 -27.089994430541992 1.7000000476837158
vertex 19.427528381347656 -27.055740356445312 1.7000000476837158
vertex 19.5997371673584 -26.18999481201172 1.7000000476837158
endloop
endfacet
facet normal -0.8314699190325903 -0.555569773965375 0
outer loop
vertex 19.91793441772461 -26.321796417236328 0
vertex 20.01548194885254 -26.46778678894043 1.7000000476837158
vertex 19.91793441772461 -26.321796417236328 1.7000000476837158
endloop
endfacet
facet normal 0 0 -1
outer loop
vertex 19.91793441772461 -26.958192825317383 1.7000000476837158
vertex 19.771944046020508 -27.055740356445312 1.7000000476837158
vertex 19.91793441772461 -26.321796417236328 1.7000000476837158
endloop
endfacet
facet normal 0 0 -1
outer loop
vertex 19.427528381347656 -26.2242488861084 1.7000000476837158
vertex 19.281538009643555 -26.958192825317383 1.7000000476837158
vertex 19.281538009643555 -26.321796417236328 1.7000000476837158
endloop
endfacet
facet normal 0 0 -1
outer loop
vertex 19.5997371673584 -26.18999481201172 1.7000000476837158
vertex 19.427528381347656 -27.055740356445312 1.7000000476837158
vertex 19.427528381347656 -26.2242488861084 1.7000000476837158
endloop
endfacet
facet normal 0.555569773965375 0.8314699190325903 0
outer loop
vertex 19.427528381347656 -27.055740356445312 1.7000000476837158
vertex 19.427528381347656 -27.055740356445312 0
vertex 19.281538009643555 -26.958192825317383 1.7000000476837158
endloop
endfacet
facet normal 0.19508822256280442 0.9807856980081253 0
outer loop
vertex 19.5997371673584 -27.089994430541992 1.7000000476837158
vertex 19.5997371673584 -27.089994430541992 0
vertex 19.427528381347656 -27.055740356445312 1.7000000476837158
endloop
endfacet
facet normal -0.19509030110388895 0.9807852845629332 0
outer loop
vertex 19.771944046020508 -27.055740356445312 1.7000000476837158
vertex 19.771944046020508 -27.055740356445312 0
vertex 19.5997371673584 -27.089994430541992 1.7000000476837158
endloop
endfacet
facet normal -0.555569773965375 0.8314699190325903 0
outer loop
vertex 19.91793441772461 -26.958192825317383 1.7000000476837158
vertex 19.91793441772461 -26.958192825317383 0
vertex 19.771944046020508 -27.055740356445312 1.7000000476837158
endloop
endfacet
facet normal -0.8314699190325903 0.555569773965375 0
outer loop
vertex 20.01548194885254 -26.81220245361328 1.7000000476837158
vertex 20.01548194885254 -26.81220245361328 0
vertex 19.91793441772461 -26.958192825317383 1.7000000476837158
endloop
endfacet
facet normal -0.9807852845629332 0.19509030110388895 0
outer loop
vertex 20.04973602294922 -26.639995574951172 1.7000000476837158
vertex 20.04973602294922 -26.639995574951172 0
vertex 20.01548194885254 -26.81220245361328 1.7000000476837158
endloop
endfacet
facet normal -0.9807856980081253 -0.19508822256280442 0
outer loop
vertex 20.01548194885254 -26.46778678894043 1.7000000476837158
vertex 20.01548194885254 -26.46778678894043 0
vertex 20.04973602294922 -26.639995574951172 1.7000000476837158
endloop
endfacet
facet normal 0 0 -1
outer loop
vertex 19.91793441772461 -26.321796417236328 1.7000000476837158
vertex 20.01548194885254 -26.46778678894043 1.7000000476837158
vertex 19.91793441772461 -26.958192825317383 1.7000000476837158
endloop
endfacet
facet normal 0 0 -1
outer loop
vertex 20.04973602294922 -26.639995574951172 1.7000000476837158
vertex 20.01548194885254 -26.81220245361328 1.7000000476837158
vertex 20.01548194885254 -26.46778678894043 1.7000000476837158
endloop
endfacet
facet normal 0 0 -1
outer loop
vertex 20.01548194885254 -26.81220245361328 1.7000000476837158
vertex 19.91793441772461 -26.958192825317383 1.7000000476837158
vertex 20.01548194885254 -26.46778678894043 1.7000000476837158
endloop
endfacet
facet normal 0 0 -1
outer loop
vertex 19.91793441772461 -26.321796417236328 1.7000000476837158
vertex 19.771944046020508 -27.055740356445312 1.7000000476837158
vertex 19.771944046020508 -26.2242488861084 1.7000000476837158
endloop
endfacet
facet normal -0.8314699190325903 -0.555569773965375 0
outer loop
vertex 19.91793441772461 -27.591796875 0
vertex 20.01548194885254 -27.7377872467041 0
vertex 20.01548194885254 -27.7377872467041 1.7000000476837158
endloop
endfacet
facet normal -0.555569773965375 -0.8314699190325903 0
outer loop
vertex 19.771944046020508 -27.49424934387207 0
vertex 19.91793441772461 -27.591796875 0
vertex 19.91793441772461 -27.591796875 1.7000000476837158
endloop
endfacet
facet normal -0.9807852845629332 -0.19509030110388895 0
outer loop
vertex 20.01548194885254 -27.7377872467041 1.7000000476837158
vertex 20.01548194885254 -27.7377872467041 0
vertex 20.04973602294922 -27.90999412536621 1.7000000476837158
endloop
endfacet
facet normal -0.555569773965375 -0.8314699190325903 0
outer loop
vertex 19.771944046020508 -27.49424934387207 1.7000000476837158
vertex 19.771944046020508 -27.49424934387207 0
vertex 19.91793441772461 -27.591796875 1.7000000476837158
endloop
endfacet
facet normal -0.19509030110388895 -0.9807852845629332 0
outer loop
vertex 19.5997371673584 -27.45999526977539 1.7000000476837158
vertex 19.5997371673584 -27.45999526977539 0
vertex 19.771944046020508 -27.49424934387207 1.7000000476837158
endloop
endfacet
facet normal 0.19508822256280442 -0.9807856980081253 0
outer loop
vertex 19.427528381347656 -27.49424934387207 1.7000000476837158
vertex 19.427528381347656 -27.49424934387207 0
vertex 19.5997371673584 -27.45999526977539 1.7000000476837158
endloop
endfacet
facet normal 0 0 -1
outer loop
vertex 19.771944046020508 -27.49424934387207 1.7000000476837158
vertex 19.91793441772461 -27.591796875 1.7000000476837158
vertex 19.771944046020508 -28.325740814208984 1.7000000476837158
endloop
endfacet
facet normal 0 0 -1
outer loop
vertex 19.5997371673584 -27.45999526977539 1.7000000476837158
vertex 19.771944046020508 -27.49424934387207 1.7000000476837158
vertex 19.5997371673584 -28.359994888305664 1.7000000476837158
endloop
endfacet
facet normal 0 0 -1
outer loop
vertex 19.5997371673584 -27.45999526977539 1.7000000476837158
vertex 19.427528381347656 -28.325740814208984 1.7000000476837158
vertex 19.427528381347656 -27.49424934387207 1.7000000476837158
endloop
endfacet
facet normal 0 0 -1
outer loop
vertex 19.427528381347656 -27.49424934387207 1.7000000476837158
vertex 19.281538009643555 -28.228193283081055 1.7000000476837158
vertex 19.281538009643555 -27.591796875 1.7000000476837158
endloop
endfacet
facet normal 0.555569773965375 -0.8314699190325903 0
outer loop
vertex 19.281538009643555 -27.591796875 1.7000000476837158
vertex 19.281538009643555 -27.591796875 0
vertex 19.427528381347656 -27.49424934387207 1.7000000476837158
endloop
endfacet
facet normal 0 0 -1
outer loop
vertex 19.427528381347656 -28.325740814208984 1.7000000476837158
vertex 19.281538009643555 -28.228193283081055 1.7000000476837158
vertex 19.427528381347656 -27.49424934387207 1.7000000476837158
endloop
endfacet
facet normal 0 0 -1
outer loop
vertex 19.5997371673584 -28.359994888305664 1.7000000476837158
vertex 19.427528381347656 -28.325740814208984 1.7000000476837158
vertex 19.5997371673584 -27.45999526977539 1.7000000476837158
endloop
endfacet
facet normal 0 0 -1
outer loop
vertex 19.281538009643555 -27.591796875 1.7000000476837158
vertex 19.183990478515625 -28.082202911376953 1.7000000476837158
vertex 19.183990478515625 -27.7377872467041 1.7000000476837158
endloop
endfacet
facet normal 0 0 -1
outer loop
vertex 20.01548194885254 -27.7377872467041 1.7000000476837158
vertex 19.91793441772461 -28.228193283081055 1.7000000476837158
vertex 19.91793441772461 -27.591796875 1.7000000476837158
endloop
endfacet
facet normal 0 0 -1
outer loop
vertex 20.04973602294922 -27.90999412536621 1.7000000476837158
vertex 20.01548194885254 -28.082202911376953 1.7000000476837158
vertex 20.01548194885254 -27.7377872467041 1.7000000476837158
endloop
endfacet
facet normal 0 0 -1
outer loop
vertex 20.01548194885254 -28.082202911376953 1.7000000476837158
vertex 19.91793441772461 -28.228193283081055 1.7000000476837158
vertex 20.01548194885254 -27.7377872467041 1.7000000476837158
endloop
endfacet
facet normal 0 0 -1
outer loop
vertex 19.91793441772461 -28.228193283081055 1.7000000476837158
vertex 19.771944046020508 -28.325740814208984 1.7000000476837158
vertex 19.91793441772461 -27.591796875 1.7000000476837158
endloop
endfacet
facet normal 0 0 -1
outer loop
vertex 19.771944046020508 -28.325740814208984 1.7000000476837158
vertex 19.5997371673584 -28.359994888305664 1.7000000476837158
vertex 19.771944046020508 -27.49424934387207 1.7000000476837158
endloop
endfacet
facet normal 0.8314699190325903 -0.555569773965375 0
outer loop
vertex 19.183990478515625 -27.7377872467041 1.7000000476837158
vertex 19.183990478515625 -27.7377872467041 0
vertex 19.281538009643555 -27.591796875 1.7000000476837158
endloop
endfacet
facet normal 0.8314699190325903 0.555569773965375 0
outer loop
vertex 19.183990478515625 -28.082202911376953 0
vertex 19.183990478515625 -28.082202911376953 1.7000000476837158
vertex 19.281538009643555 -28.228193283081055 0
endloop
endfacet
facet normal 0.9807856980081253 0.19508822256280442 0
outer loop
vertex 19.149736404418945 -27.90999412536621 0
vertex 19.149736404418945 -27.90999412536621 1.7000000476837158
vertex 19.183990478515625 -28.082202911376953 0
endloop
endfacet
facet normal -0.9807856980081253 0.19508822256280442 0
outer loop
vertex 20.04973602294922 -27.90999412536621 1.7000000476837158
vertex 20.04973602294922 -27.90999412536621 0
vertex 20.01548194885254 -28.082202911376953 1.7000000476837158
endloop
endfacet
facet normal -0.8314699190325903 0.555569773965375 0
outer loop
vertex 20.01548194885254 -28.082202911376953 1.7000000476837158
vertex 20.01548194885254 -28.082202911376953 0
vertex 19.91793441772461 -28.228193283081055 1.7000000476837158
endloop
endfacet
facet normal -0.555569773965375 0.8314699190325903 0
outer loop
vertex 19.91793441772461 -28.228193283081055 1.7000000476837158
vertex 19.91793441772461 -28.228193283081055 0
vertex 19.771944046020508 -28.325740814208984 1.7000000476837158
endloop
endfacet
facet normal -0.19509030110388895 0.9807852845629332 0
outer loop
vertex 19.771944046020508 -28.325740814208984 1.7000000476837158
vertex 19.771944046020508 -28.325740814208984 0
vertex 19.5997371673584 -28.359994888305664 1.7000000476837158
endloop
endfacet
facet normal 0.19508822256280442 0.9807856980081253 0
outer loop
vertex 19.5997371673584 -28.359994888305664 1.7000000476837158
vertex 19.5997371673584 -28.359994888305664 0
vertex 19.427528381347656 -28.325740814208984 1.7000000476837158
endloop
endfacet
facet normal 0.555569773965375 0.8314699190325903 0
outer loop
vertex 19.427528381347656 -28.325740814208984 1.7000000476837158
vertex 19.427528381347656 -28.325740814208984 0
vertex 19.281538009643555 -28.228193283081055 1.7000000476837158
endloop
endfacet
facet normal 0 0 -1
outer loop
vertex 19.183990478515625 -28.082202911376953 1.7000000476837158
vertex 19.149736404418945 -27.90999412536621 1.7000000476837158
vertex 19.183990478515625 -27.7377872467041 1.7000000476837158
endloop
endfacet
facet normal 0.555569773965375 0.8314699190325903 0
outer loop
vertex 19.427528381347656 -28.325740814208984 0
vertex 19.281538009643555 -28.228193283081055 0
vertex 19.281538009643555 -28.228193283081055 1.7000000476837158
endloop
endfacet
facet normal 0.19508822256280442 0.9807856980081253 0
outer loop
vertex 19.5997371673584 -28.359994888305664 0
vertex 19.427528381347656 -28.325740814208984 0
vertex 19.427528381347656 -28.325740814208984 1.7000000476837158
endloop
endfacet
facet normal -0.19509030110388895 0.9807852845629332 0
outer loop
vertex 19.771944046020508 -28.325740814208984 0
vertex 19.5997371673584 -28.359994888305664 0
vertex 19.5997371673584 -28.359994888305664 1.7000000476837158
endloop
endfacet
facet normal -0.555569773965375 0.8314699190325903 0
outer loop
vertex 19.91793441772461 -28.228193283081055 0
vertex 19.771944046020508 -28.325740814208984 0
vertex 19.771944046020508 -28.325740814208984 1.7000000476837158
endloop
endfacet
facet normal -0.8314699190325903 0.555569773965375 0
outer loop
vertex 20.01548194885254 -28.082202911376953 0
vertex 19.91793441772461 -28.228193283081055 0
vertex 19.91793441772461 -28.228193283081055 1.7000000476837158
endloop
endfacet
facet normal -0.9807856980081253 0.19508822256280442 0
outer loop
vertex 20.04973602294922 -27.90999412536621 0
vertex 20.01548194885254 -28.082202911376953 0
vertex 20.01548194885254 -28.082202911376953 1.7000000476837158
endloop
endfacet
facet normal -0.9807852845629332 -0.19509030110388895 0
outer loop
vertex 20.01548194885254 -27.7377872467041 0
vertex 20.04973602294922 -27.90999412536621 0
vertex 20.04973602294922 -27.90999412536621 1.7000000476837158
endloop
endfacet
facet normal 0.9807852845629332 -0.19509030110388895 0
outer loop
vertex 19.183990478515625 -27.7377872467041 0
vertex 19.183990478515625 -27.7377872467041 1.7000000476837158
vertex 19.149736404418945 -27.90999412536621 0
endloop
endfacet
facet normal 0.8314699190325903 -0.555569773965375 0
outer loop
vertex 19.281538009643555 -27.591796875 0
vertex 19.281538009643555 -27.591796875 1.7000000476837158
vertex 19.183990478515625 -27.7377872467041 0
endloop
endfacet
facet normal 0 0 -1
outer loop
vertex 19.281538009643555 -28.228193283081055 1.7000000476837158
vertex 19.183990478515625 -28.082202911376953 1.7000000476837158
vertex 19.281538009643555 -27.591796875 1.7000000476837158
endloop
endfacet
facet normal 0.9807852845629332 -0.19509030110388895 0
outer loop
vertex 19.149736404418945 -27.90999412536621 1.7000000476837158
vertex 19.149736404418945 -27.90999412536621 0
vertex 19.183990478515625 -27.7377872467041 1.7000000476837158
endloop
endfacet
facet normal 0.9807856980081253 0.19508822256280442 0
outer loop
vertex 19.183990478515625 -28.082202911376953 1.7000000476837158
vertex 19.183990478515625 -28.082202911376953 0
vertex 19.149736404418945 -27.90999412536621 1.7000000476837158
endloop
endfacet
facet normal 0.8314699190325903 0.555569773965375 0
outer loop
vertex 19.281538009643555 -28.228193283081055 1.7000000476837158
vertex 19.281538009643555 -28.228193283081055 0
vertex 19.183990478515625 -28.082202911376953 1.7000000476837158
endloop
endfacet
facet normal 0.555569773965375 -0.8314699190325903 0
outer loop
vertex 19.427528381347656 -27.49424934387207 0
vertex 19.427528381347656 -27.49424934387207 1.7000000476837158
vertex 19.281538009643555 -27.591796875 0
endloop
endfacet
facet normal 0.19508822256280442 -0.9807856980081253 0
outer loop
vertex 19.5997371673584 -27.45999526977539 0
vertex 19.5997371673584 -27.45999526977539 1.7000000476837158
vertex 19.427528381347656 -27.49424934387207 0
endloop
endfacet
facet normal -0.19509030110388895 -0.9807852845629332 0
outer loop
vertex 19.5997371673584 -27.45999526977539 0
vertex 19.771944046020508 -27.49424934387207 0
vertex 19.771944046020508 -27.49424934387207 1.7000000476837158
endloop
endfacet
facet normal -0.8314699190325903 -0.555569773965375 0
outer loop
vertex 19.91793441772461 -27.591796875 1.7000000476837158
vertex 19.91793441772461 -27.591796875 0
vertex 20.01548194885254 -27.7377872467041 1.7000000476837158
endloop
endfacet
facet normal -0.1951007507126451 -0.9807832059488795 0
outer loop
vertex 19.5997371673584 -28.72999382019043 1.7000000476837158
vertex 19.5997371673584 -28.72999382019043 0
vertex 19.771944046020508 -28.764249801635742 1.7000000476837158
endloop
endfacet
facet normal 0 0 -1
outer loop
vertex 20.04973602294922 -29.179994583129883 1.7000000476837158
vertex 20.01548194885254 -29.352201461791992 1.7000000476837158
vertex 20.01548194885254 -29.007787704467773 1.7000000476837158
endloop
endfacet
facet normal -0.9807852845629332 -0.19509030110388895 0
outer loop
vertex 20.01548194885254 -29.007787704467773 0
vertex 20.04973602294922 -29.179994583129883 0
vertex 20.04973602294922 -29.179994583129883 1.7000000476837158
endloop
endfacet
facet normal -0.9807852845629332 0.19509030110388895 0
outer loop
vertex 20.04973602294922 -29.179994583129883 0
vertex 20.01548194885254 -29.352201461791992 0
vertex 20.01548194885254 -29.352201461791992 1.7000000476837158
endloop
endfacet
facet normal -0.1951007507126451 -0.9807832059488795 0
outer loop
vertex 19.771944046020508 -28.764249801635742 0
vertex 19.771944046020508 -28.764249801635742 1.7000000476837158
vertex 19.5997371673584 -28.72999382019043 0
endloop
endfacet
facet normal -0.555569773965375 -0.8314699190325903 0
outer loop
vertex 19.771944046020508 -28.764249801635742 0
vertex 19.91793441772461 -28.861797332763672 0
vertex 19.91793441772461 -28.861797332763672 1.7000000476837158
endloop
endfacet
facet normal 0.1950986720690384 -0.9807836194374872 0
outer loop
vertex 19.5997371673584 -28.72999382019043 0
vertex 19.5997371673584 -28.72999382019043 1.7000000476837158
vertex 19.427528381347656 -28.764249801635742 0
endloop
endfacet
facet normal 0.555569773965375 -0.8314699190325903 0
outer loop
vertex 19.427528381347656 -28.764249801635742 0
vertex 19.427528381347656 -28.764249801635742 1.7000000476837158
vertex 19.281538009643555 -28.861797332763672 0
endloop
endfacet
facet normal 0.8314699190325903 -0.555569773965375 0
outer loop
vertex 19.281538009643555 -28.861797332763672 0
vertex 19.281538009643555 -28.861797332763672 1.7000000476837158
vertex 19.183990478515625 -29.007787704467773 0
endloop
endfacet
facet normal 0.9807852845629332 -0.19509030110388895 0
outer loop
vertex 19.183990478515625 -29.007787704467773 0
vertex 19.183990478515625 -29.007787704467773 1.7000000476837158
vertex 19.149736404418945 -29.179994583129883 0
endloop
endfacet
facet normal 0.9807852845629332 0.19509030110388895 0
outer loop
vertex 19.149736404418945 -29.179994583129883 0
vertex 19.149736404418945 -29.179994583129883 1.7000000476837158
vertex 19.183990478515625 -29.352201461791992 0
endloop
endfacet
facet normal -0.8314699190325903 0.555569773965375 0
outer loop
vertex 20.01548194885254 -29.352201461791992 0
vertex 19.91793441772461 -29.498191833496094 0
vertex 19.91793441772461 -29.498191833496094 1.7000000476837158
endloop
endfacet
facet normal -0.5555772839934787 0.8314649009491799 0
outer loop
vertex 19.91793441772461 -29.498191833496094 0
vertex 19.771944046020508 -29.595741271972656 0
vertex 19.771944046020508 -29.595741271972656 1.7000000476837158
endloop
endfacet
facet normal -0.19509030110388895 0.9807852845629332 0
outer loop
vertex 19.771944046020508 -29.595741271972656 0
vertex 19.5997371673584 -29.629995346069336 0
vertex 19.5997371673584 -29.629995346069336 1.7000000476837158
endloop
endfacet
facet normal 0.19508822256280442 0.9807856980081253 0
outer loop
vertex 19.5997371673584 -29.629995346069336 0
vertex 19.427528381347656 -29.595741271972656 0
vertex 19.427528381347656 -29.595741271972656 1.7000000476837158
endloop
endfacet
facet normal 0.5555772839934787 0.8314649009491799 0
outer loop
vertex 19.427528381347656 -29.595741271972656 0
vertex 19.281538009643555 -29.498191833496094 0
vertex 19.281538009643555 -29.498191833496094 1.7000000476837158
endloop
endfacet
facet normal 0.8314699190325903 0.555569773965375 0
outer loop
vertex 19.281538009643555 -29.498191833496094 1.7000000476837158
vertex 19.281538009643555 -29.498191833496094 0
vertex 19.183990478515625 -29.352201461791992 1.7000000476837158
endloop
endfacet
facet normal -0.8314699190325903 -0.555569773965375 0
outer loop
vertex 19.91793441772461 -28.861797332763672 1.7000000476837158
vertex 19.91793441772461 -28.861797332763672 0
vertex 20.01548194885254 -29.007787704467773 1.7000000476837158
endloop
endfacet
facet normal -0.9807852845629332 0.19509030110388895 0
outer loop
vertex 20.04973602294922 -29.179994583129883 1.7000000476837158
vertex 20.04973602294922 -29.179994583129883 0
vertex 20.01548194885254 -29.352201461791992 1.7000000476837158
endloop
endfacet
facet normal 0.555569773965375 -0.8314699190325903 0
outer loop
vertex 19.281538009643555 -28.861797332763672 1.7000000476837158
vertex 19.281538009643555 -28.861797332763672 0
vertex 19.427528381347656 -28.764249801635742 1.7000000476837158
endloop
endfacet
facet normal 0.5555772839934787 0.8314649009491799 0
outer loop
vertex 19.427528381347656 -29.595741271972656 1.7000000476837158
vertex 19.427528381347656 -29.595741271972656 0
vertex 19.281538009643555 -29.498191833496094 1.7000000476837158
endloop
endfacet
facet normal 0.19508822256280442 0.9807856980081253 0
outer loop
vertex 19.5997371673584 -29.629995346069336 1.7000000476837158
vertex 19.5997371673584 -29.629995346069336 0
vertex 19.427528381347656 -29.595741271972656 1.7000000476837158
endloop
endfacet
facet normal -0.19509030110388895 0.9807852845629332 0
outer loop
vertex 19.771944046020508 -29.595741271972656 1.7000000476837158
vertex 19.771944046020508 -29.595741271972656 0
vertex 19.5997371673584 -29.629995346069336 1.7000000476837158
endloop
endfacet
facet normal -0.5555772839934787 0.8314649009491799 0
outer loop
vertex 19.91793441772461 -29.498191833496094 1.7000000476837158
vertex 19.91793441772461 -29.498191833496094 0
vertex 19.771944046020508 -29.595741271972656 1.7000000476837158
endloop
endfacet
facet normal -0.9807852845629332 -0.19509030110388895 0
outer loop
vertex 20.01548194885254 -29.007787704467773 1.7000000476837158
vertex 20.01548194885254 -29.007787704467773 0
vertex 20.04973602294922 -29.179994583129883 1.7000000476837158
endloop
endfacet
facet normal -0.8314699190325903 0.555569773965375 0
outer loop
vertex 20.01548194885254 -29.352201461791992 1.7000000476837158
vertex 20.01548194885254 -29.352201461791992 0
vertex 19.91793441772461 -29.498191833496094 1.7000000476837158
endloop
endfacet
facet normal 0.8314699190325903 0.555569773965375 0
outer loop
vertex 19.183990478515625 -29.352201461791992 0
vertex 19.183990478515625 -29.352201461791992 1.7000000476837158
vertex 19.281538009643555 -29.498191833496094 0
endloop
endfacet
facet normal 0.9807852845629332 0.19509030110388895 0
outer loop
vertex 19.183990478515625 -29.352201461791992 1.7000000476837158
vertex 19.183990478515625 -29.352201461791992 0
vertex 19.149736404418945 -29.179994583129883 1.7000000476837158
endloop
endfacet
facet normal 0.9807852845629332 -0.19509030110388895 0
outer loop
vertex 19.149736404418945 -29.179994583129883 1.7000000476837158
vertex 19.149736404418945 -29.179994583129883 0
vertex 19.183990478515625 -29.007787704467773 1.7000000476837158
endloop
endfacet
facet normal 0.8314699190325903 -0.555569773965375 0
outer loop
vertex 19.183990478515625 -29.007787704467773 1.7000000476837158
vertex 19.183990478515625 -29.007787704467773 0
vertex 19.281538009643555 -28.861797332763672 1.7000000476837158
endloop
endfacet
facet normal -0.555569773965375 -0.8314699190325903 0
outer loop
vertex 19.771944046020508 -28.764249801635742 1.7000000476837158
vertex 19.771944046020508 -28.764249801635742 0
vertex 19.91793441772461 -28.861797332763672 1.7000000476837158
endloop
endfacet
facet normal 0.1950986720690384 -0.9807836194374872 0
outer loop
vertex 19.427528381347656 -28.764249801635742 1.7000000476837158
vertex 19.427528381347656 -28.764249801635742 0
vertex 19.5997371673584 -28.72999382019043 1.7000000476837158
endloop
endfacet
facet normal -0.8314699190325903 -0.555569773965375 0
outer loop
vertex 20.01548194885254 -29.007787704467773 0
vertex 20.01548194885254 -29.007787704467773 1.7000000476837158
vertex 19.91793441772461 -28.861797332763672 0
endloop
endfacet
facet normal 0 0 -1
outer loop
vertex 19.183990478515625 -29.352201461791992 1.7000000476837158
vertex 19.149736404418945 -29.179994583129883 1.7000000476837158
vertex 19.183990478515625 -29.007787704467773 1.7000000476837158
endloop
endfacet
facet normal 0 0 -1
outer loop
vertex 19.281538009643555 -29.498191833496094 1.7000000476837158
vertex 19.183990478515625 -29.352201461791992 1.7000000476837158
vertex 19.281538009643555 -28.861797332763672 1.7000000476837158
endloop
endfacet
facet normal 0 0 -1
outer loop
vertex 19.281538009643555 -28.861797332763672 1.7000000476837158
vertex 19.183990478515625 -29.352201461791992 1.7000000476837158
vertex 19.183990478515625 -29.007787704467773 1.7000000476837158
endloop
endfacet
facet normal 0 0 -1
outer loop
vertex 19.427528381347656 -29.595741271972656 1.7000000476837158
vertex 19.281538009643555 -29.498191833496094 1.7000000476837158
vertex 19.427528381347656 -28.764249801635742 1.7000000476837158
endloop
endfacet
facet normal 0 0 -1
outer loop
vertex 19.5997371673584 -29.629995346069336 1.7000000476837158
vertex 19.427528381347656 -29.595741271972656 1.7000000476837158
vertex 19.5997371673584 -28.72999382019043 1.7000000476837158
endloop
endfacet
facet normal 0 0 -1
outer loop
vertex 19.427528381347656 -28.764249801635742 1.7000000476837158
vertex 19.281538009643555 -29.498191833496094 1.7000000476837158
vertex 19.281538009643555 -28.861797332763672 1.7000000476837158
endloop
endfacet
facet normal 0 0 -1
outer loop
vertex 19.5997371673584 -28.72999382019043 1.7000000476837158
vertex 19.427528381347656 -29.595741271972656 1.7000000476837158
vertex 19.427528381347656 -28.764249801635742 1.7000000476837158
endloop
endfacet
facet normal 0 0 -1
outer loop
vertex 19.771944046020508 -29.595741271972656 1.7000000476837158
vertex 19.5997371673584 -29.629995346069336 1.7000000476837158
vertex 19.771944046020508 -28.764249801635742 1.7000000476837158
endloop
endfacet
facet normal 0 0 -1
outer loop
vertex 19.91793441772461 -29.498191833496094 1.7000000476837158
vertex 19.771944046020508 -29.595741271972656 1.7000000476837158
vertex 19.91793441772461 -28.861797332763672 1.7000000476837158
endloop
endfacet
facet normal 0 0 -1
outer loop
vertex 19.771944046020508 -28.764249801635742 1.7000000476837158
vertex 19.5997371673584 -29.629995346069336 1.7000000476837158
vertex 19.5997371673584 -28.72999382019043 1.7000000476837158
endloop
endfacet
facet normal 0 0 -1
outer loop
vertex 19.771944046020508 -28.764249801635742 1.7000000476837158
vertex 19.91793441772461 -28.861797332763672 1.7000000476837158
vertex 19.771944046020508 -29.595741271972656 1.7000000476837158
endloop
endfacet
facet normal 0 0 -1
outer loop
vertex 20.01548194885254 -29.352201461791992 1.7000000476837158
vertex 19.91793441772461 -29.498191833496094 1.7000000476837158
vertex 20.01548194885254 -29.007787704467773 1.7000000476837158
endloop
endfacet
facet normal 0 0 -1
outer loop
vertex 20.01548194885254 -29.007787704467773 1.7000000476837158
vertex 19.91793441772461 -29.498191833496094 1.7000000476837158
vertex 19.91793441772461 -28.861797332763672 1.7000000476837158
endloop
endfacet
facet normal 0 0 -1
outer loop
vertex 19.5997371673584 -29.9999942779541 1.7000000476837158
vertex 19.427528381347656 -30.865739822387695 1.7000000476837158
vertex 19.427528381347656 -30.03424835205078 1.7000000476837158
endloop
endfacet
facet normal 0.8314699190325903 0.555569773965375 0
outer loop
vertex 19.183990478515625 -30.622201919555664 0
vertex 19.183990478515625 -30.622201919555664 1.7000000476837158
vertex 19.281538009643555 -30.768192291259766 0
endloop
endfacet
facet normal 0.555569773965375 -0.8314699190325903 0
outer loop
vertex 19.281538009643555 -30.13179588317871 1.7000000476837158
vertex 19.281538009643555 -30.13179588317871 0
vertex 19.427528381347656 -30.03424835205078 1.7000000476837158
endloop
endfacet
facet normal -0.555569773965375 0.8314699190325903 0
outer loop
vertex 19.91793441772461 -30.768192291259766 1.7000000476837158
vertex 19.91793441772461 -30.768192291259766 0
vertex 19.771944046020508 -30.865739822387695 1.7000000476837158
endloop
endfacet
facet normal -0.19509030110388895 -0.9807852845629332 0
outer loop
vertex 19.771944046020508 -30.03424835205078 0
vertex 19.771944046020508 -30.03424835205078 1.7000000476837158
vertex 19.5997371673584 -29.9999942779541 0
endloop
endfacet
facet normal 0.8314699190325903 -0.555569773965375 0
outer loop
vertex 19.183990478515625 -30.277786254882812 1.7000000476837158
vertex 19.183990478515625 -30.277786254882812 0
vertex 19.281538009643555 -30.13179588317871 1.7000000476837158
endloop
endfacet
facet normal -0.9807852845629332 0.19509030110388895 0
outer loop
vertex 20.04973602294922 -30.449995040893555 1.7000000476837158
vertex 20.04973602294922 -30.449995040893555 0
vertex 20.01548194885254 -30.622201919555664 1.7000000476837158
endloop
endfacet
facet normal 0.9807856980081253 -0.19508822256280442 0
outer loop
vertex 19.149736404418945 -30.449995040893555 1.7000000476837158
vertex 19.149736404418945 -30.449995040893555 0
vertex 19.183990478515625 -30.277786254882812 1.7000000476837158
endloop
endfacet
facet normal 0.9807852845629332 0.19509030110388895 0
outer loop
vertex 19.183990478515625 -30.622201919555664 1.7000000476837158
vertex 19.183990478515625 -30.622201919555664 0
vertex 19.149736404418945 -30.449995040893555 1.7000000476837158
endloop
endfacet
facet normal 0.8314699190325903 0.555569773965375 0
outer loop
vertex 19.281538009643555 -30.768192291259766 1.7000000476837158
vertex 19.281538009643555 -30.768192291259766 0
vertex 19.183990478515625 -30.622201919555664 1.7000000476837158
endloop
endfacet
facet normal -0.19509030110388895 0.9807852845629332 0
outer loop
vertex 19.771944046020508 -30.865739822387695 1.7000000476837158
vertex 19.771944046020508 -30.865739822387695 0
vertex 19.5997371673584 -30.899993896484375 1.7000000476837158
endloop
endfacet
facet normal 0.19508822256280442 -0.9807856980081253 0
outer loop
vertex 19.5997371673584 -29.9999942779541 0
vertex 19.5997371673584 -29.9999942779541 1.7000000476837158
vertex 19.427528381347656 -30.03424835205078 0
endloop
endfacet
facet normal 0.19508822256280442 0.9807856980081253 0
outer loop
vertex 19.5997371673584 -30.899993896484375 1.7000000476837158
vertex 19.5997371673584 -30.899993896484375 0
vertex 19.427528381347656 -30.865739822387695 1.7000000476837158
endloop
endfacet
facet normal 0.555569773965375 0.8314699190325903 0
outer loop
vertex 19.427528381347656 -30.865739822387695 1.7000000476837158
vertex 19.427528381347656 -30.865739822387695 0
vertex 19.281538009643555 -30.768192291259766 1.7000000476837158
endloop
endfacet
facet normal 0.555569773965375 -0.8314699190325903 0
outer loop
vertex 19.427528381347656 -30.03424835205078 0
vertex 19.427528381347656 -30.03424835205078 1.7000000476837158
vertex 19.281538009643555 -30.13179588317871 0
endloop
endfacet
facet normal -0.9807856980081253 -0.19508822256280442 0
outer loop
vertex 20.01548194885254 -30.277786254882812 1.7000000476837158
vertex 20.01548194885254 -30.277786254882812 0
vertex 20.04973602294922 -30.449995040893555 1.7000000476837158
endloop
endfacet
facet normal 0.19508822256280442 0.9807856980081253 0
outer loop
vertex 19.5997371673584 -30.899993896484375 0
vertex 19.427528381347656 -30.865739822387695 0
vertex 19.427528381347656 -30.865739822387695 1.7000000476837158
endloop
endfacet
facet normal -0.19509030110388895 0.9807852845629332 0
outer loop
vertex 19.771944046020508 -30.865739822387695 0
vertex 19.5997371673584 -30.899993896484375 0
vertex 19.5997371673584 -30.899993896484375 1.7000000476837158
endloop
endfacet
facet normal 0 0 -1
outer loop
vertex 20.04973602294922 -30.449995040893555 1.7000000476837158
vertex 20.01548194885254 -30.622201919555664 1.7000000476837158
vertex 20.01548194885254 -30.277786254882812 1.7000000476837158
endloop
endfacet
facet normal 0 0 -1
outer loop
vertex 20.01548194885254 -30.277786254882812 1.7000000476837158
vertex 19.91793441772461 -30.768192291259766 1.7000000476837158
vertex 19.91793441772461 -30.13179588317871 1.7000000476837158
endloop
endfacet
facet normal 0 0 -1
outer loop
vertex 20.01548194885254 -30.622201919555664 1.7000000476837158
vertex 19.91793441772461 -30.768192291259766 1.7000000476837158
vertex 20.01548194885254 -30.277786254882812 1.7000000476837158
endloop
endfacet
facet normal 0 0 -1
outer loop
vertex 19.771944046020508 -30.03424835205078 1.7000000476837158
vertex 19.91793441772461 -30.13179588317871 1.7000000476837158
vertex 19.771944046020508 -30.865739822387695 1.7000000476837158
endloop
endfacet
facet normal 0 0 -1
outer loop
vertex 19.771944046020508 -30.03424835205078 1.7000000476837158
vertex 19.5997371673584 -30.899993896484375 1.7000000476837158
vertex 19.5997371673584 -29.9999942779541 1.7000000476837158
endloop
endfacet
facet normal -0.555569773965375 0.8314699190325903 0
outer loop
vertex 19.91793441772461 -30.768192291259766 0
vertex 19.771944046020508 -30.865739822387695 0
vertex 19.771944046020508 -30.865739822387695 1.7000000476837158
endloop
endfacet
facet normal 0 0 -1
outer loop
vertex 19.427528381347656 -30.03424835205078 1.7000000476837158
vertex 19.281538009643555 -30.768192291259766 1.7000000476837158
vertex 19.281538009643555 -30.13179588317871 1.7000000476837158
endloop
endfacet
facet normal 0 0 -1
outer loop
vertex 19.91793441772461 -30.768192291259766 1.7000000476837158
vertex 19.771944046020508 -30.865739822387695 1.7000000476837158
vertex 19.91793441772461 -30.13179588317871 1.7000000476837158
endloop
endfacet
facet normal 0 0 -1
outer loop
vertex 19.771944046020508 -30.865739822387695 1.7000000476837158
vertex 19.5997371673584 -30.899993896484375 1.7000000476837158
vertex 19.771944046020508 -30.03424835205078 1.7000000476837158
endloop
endfacet
facet normal 0 0 -1
outer loop
vertex 19.5997371673584 -30.899993896484375 1.7000000476837158
vertex 19.427528381347656 -30.865739822387695 1.7000000476837158
vertex 19.5997371673584 -29.9999942779541 1.7000000476837158
endloop
endfacet
facet normal 0 0 -1
outer loop
vertex 19.427528381347656 -30.865739822387695 1.7000000476837158
vertex 19.281538009643555 -30.768192291259766 1.7000000476837158
vertex 19.427528381347656 -30.03424835205078 1.7000000476837158
endloop
endfacet
facet normal 0 0 -1
outer loop
vertex 19.281538009643555 -30.13179588317871 1.7000000476837158
vertex 19.183990478515625 -30.622201919555664 1.7000000476837158
vertex 19.183990478515625 -30.277786254882812 1.7000000476837158
endloop
endfacet
facet normal 0 0 -1
outer loop
vertex 19.183990478515625 -30.622201919555664 1.7000000476837158
vertex 19.149736404418945 -30.449995040893555 1.7000000476837158
vertex 19.183990478515625 -30.277786254882812 1.7000000476837158
endloop
endfacet
facet normal 0 0 -1
outer loop
vertex 19.281538009643555 -30.768192291259766 1.7000000476837158
vertex 19.183990478515625 -30.622201919555664 1.7000000476837158
vertex 19.281538009643555 -30.13179588317871 1.7000000476837158
endloop
endfacet
facet normal -0.8314699190325903 -0.555569773965375 0
outer loop
vertex 19.91793441772461 -30.13179588317871 1.7000000476837158
vertex 19.91793441772461 -30.13179588317871 0
vertex 20.01548194885254 -30.277786254882812 1.7000000476837158
endloop
endfacet
facet normal 0.19508822256280442 -0.9807856980081253 0
outer loop
vertex 19.427528381347656 -30.03424835205078 1.7000000476837158
vertex 19.427528381347656 -30.03424835205078 0
vertex 19.5997371673584 -29.9999942779541 1.7000000476837158
endloop
endfacet
facet normal -0.19509030110388895 -0.9807852845629332 0
outer loop
vertex 19.5997371673584 -29.9999942779541 1.7000000476837158
vertex 19.5997371673584 -29.9999942779541 0
vertex 19.771944046020508 -30.03424835205078 1.7000000476837158
endloop
endfacet
facet normal -0.8314699190325903 -0.555569773965375 0
outer loop
vertex 20.01548194885254 -30.277786254882812 0
vertex 20.01548194885254 -30.277786254882812 1.7000000476837158
vertex 19.91793441772461 -30.13179588317871 0
endloop
endfacet
facet normal -0.555569773965375 -0.8314699190325903 0
outer loop
vertex 19.771944046020508 -30.03424835205078 1.7000000476837158
vertex 19.771944046020508 -30.03424835205078 0
vertex 19.91793441772461 -30.13179588317871 1.7000000476837158
endloop
endfacet
facet normal -0.9807856980081253 -0.19508822256280442 0
outer loop
vertex 20.01548194885254 -30.277786254882812 0
vertex 20.04973602294922 -30.449995040893555 0
vertex 20.04973602294922 -30.449995040893555 1.7000000476837158
endloop
endfacet
facet normal -0.9807852845629332 0.19509030110388895 0
outer loop
vertex 20.04973602294922 -30.449995040893555 0
vertex 20.01548194885254 -30.622201919555664 0
vertex 20.01548194885254 -30.622201919555664 1.7000000476837158
endloop
endfacet
facet normal -0.8314699190325903 0.555569773965375 0
outer loop
vertex 20.01548194885254 -30.622201919555664 0
vertex 19.91793441772461 -30.768192291259766 0
vertex 19.91793441772461 -30.768192291259766 1.7000000476837158
endloop
endfacet
facet normal -0.555569773965375 -0.8314699190325903 0
outer loop
vertex 19.771944046020508 -30.03424835205078 0
vertex 19.91793441772461 -30.13179588317871 0
vertex 19.91793441772461 -30.13179588317871 1.7000000476837158
endloop
endfacet
facet normal 0.555569773965375 0.8314699190325903 0
outer loop
vertex 19.281538009643555 -30.768192291259766 0
vertex 19.281538009643555 -30.768192291259766 1.7000000476837158
vertex 19.427528381347656 -30.865739822387695 0
endloop
endfacet
facet normal 0.8314699190325903 -0.555569773965375 0
outer loop
vertex 19.281538009643555 -30.13179588317871 0
vertex 19.281538009643555 -30.13179588317871 1.7000000476837158
vertex 19.183990478515625 -30.277786254882812 0
endloop
endfacet
facet normal 0.9807856980081253 -0.19508822256280442 0
outer loop
vertex 19.183990478515625 -30.277786254882812 0
vertex 19.183990478515625 -30.277786254882812 1.7000000476837158
vertex 19.149736404418945 -30.449995040893555 0
endloop
endfacet
facet normal 0.9807852845629332 0.19509030110388895 0
outer loop
vertex 19.149736404418945 -30.449995040893555 0
vertex 19.149736404418945 -30.449995040893555 1.7000000476837158
vertex 19.183990478515625 -30.622201919555664 0
endloop
endfacet
facet normal -0.8314699190325903 0.555569773965375 0
outer loop
vertex 20.01548194885254 -30.622201919555664 1.7000000476837158
vertex 20.01548194885254 -30.622201919555664 0
vertex 19.91793441772461 -30.768192291259766 1.7000000476837158
endloop
endfacet
facet normal 0.8314699190325903 0.555569773965375 0
outer loop
vertex 19.281538009643555 -32.03819274902344 1.7000000476837158
vertex 19.281538009643555 -32.03819274902344 0
vertex 19.183990478515625 -31.892202377319336 1.7000000476837158
endloop
endfacet
facet normal 0.9807856980081253 -0.19508822256280442 0
outer loop
vertex 19.183990478515625 -31.547786712646484 0
vertex 19.183990478515625 -31.547786712646484 1.7000000476837158
vertex 19.149736404418945 -31.719995498657227 0
endloop
endfacet
facet normal 0.9807856980081253 -0.19508822256280442 0
outer loop
vertex 19.149736404418945 -31.719995498657227 1.7000000476837158
vertex 19.149736404418945 -31.719995498657227 0
vertex 19.183990478515625 -31.547786712646484 1.7000000476837158
endloop
endfacet
facet normal 0.8314699190325903 -0.555569773965375 0
outer loop
vertex 19.183990478515625 -31.547786712646484 1.7000000476837158
vertex 19.183990478515625 -31.547786712646484 0
vertex 19.281538009643555 -31.401796340942383 1.7000000476837158
endloop
endfacet
facet normal 0.19507777299013523 0.9807877764762413 0
outer loop
vertex 19.5997371673584 -32.16999435424805 1.7000000476837158
vertex 19.5997371673584 -32.16999435424805 0
vertex 19.427528381347656 -32.1357421875 1.7000000476837158
endloop
endfacet
facet normal 0.5555772839934787 0.8314649009491799 0
outer loop
vertex 19.427528381347656 -32.1357421875 1.7000000476837158
vertex 19.427528381347656 -32.1357421875 0
vertex 19.281538009643555 -32.03819274902344 1.7000000476837158
endloop
endfacet
facet normal -0.1950798514286955 0.9807873630744628 0
outer loop
vertex 19.771944046020508 -32.1357421875 1.7000000476837158
vertex 19.771944046020508 -32.1357421875 0
vertex 19.5997371673584 -32.16999435424805 1.7000000476837158
endloop
endfacet
facet normal -0.8314699190325903 -0.555569773965375 0
outer loop
vertex 20.01548194885254 -31.547786712646484 0
vertex 20.01548194885254 -31.547786712646484 1.7000000476837158
vertex 19.91793441772461 -31.401796340942383 0
endloop
endfacet
facet normal -0.5555772839934787 0.8314649009491799 0
outer loop
vertex 19.91793441772461 -32.03819274902344 1.7000000476837158
vertex 19.91793441772461 -32.03819274902344 0
vertex 19.771944046020508 -32.1357421875 1.7000000476837158
endloop
endfacet
facet normal -0.8314699190325903 0.555569773965375 0
outer loop
vertex 20.01548194885254 -31.892202377319336 1.7000000476837158
vertex 20.01548194885254 -31.892202377319336 0
vertex 19.91793441772461 -32.03819274902344 1.7000000476837158
endloop
endfacet
facet normal -0.9807852845629332 0.19509030110388895 0
outer loop
vertex 20.04973602294922 -31.719995498657227 1.7000000476837158
vertex 20.04973602294922 -31.719995498657227 0
vertex 20.01548194885254 -31.892202377319336 1.7000000476837158
endloop
endfacet
facet normal -0.9807856980081253 -0.19508822256280442 0
outer loop
vertex 20.01548194885254 -31.547786712646484 1.7000000476837158
vertex 20.01548194885254 -31.547786712646484 0
vertex 20.04973602294922 -31.719995498657227 1.7000000476837158
endloop
endfacet
facet normal 0 0 -1
outer loop
vertex 19.281538009643555 -32.03819274902344 1.7000000476837158
vertex 19.183990478515625 -31.892202377319336 1.7000000476837158
vertex 19.281538009643555 -31.401796340942383 1.7000000476837158
endloop
endfacet
facet normal 0.555569773965375 -0.8314699190325903 0
outer loop
vertex 19.281538009643555 -31.401796340942383 1.7000000476837158
vertex 19.281538009643555 -31.401796340942383 0
vertex 19.427528381347656 -31.304248809814453 1.7000000476837158
endloop
endfacet
facet normal 0 0 -1
outer loop
vertex 19.183990478515625 -31.892202377319336 1.7000000476837158
vertex 19.149736404418945 -31.719995498657227 1.7000000476837158
vertex 19.183990478515625 -31.547786712646484 1.7000000476837158
endloop
endfacet
facet normal 0 0 -1
outer loop
vertex 19.281538009643555 -31.401796340942383 1.7000000476837158
vertex 19.183990478515625 -31.892202377319336 1.7000000476837158
vertex 19.183990478515625 -31.547786712646484 1.7000000476837158
endloop
endfacet
facet normal 0 0 -1
outer loop
vertex 19.427528381347656 -32.1357421875 1.7000000476837158
vertex 19.281538009643555 -32.03819274902344 1.7000000476837158
vertex 19.427528381347656 -31.304248809814453 1.7000000476837158
endloop
endfacet
facet normal 0 0 -1
outer loop
vertex 19.5997371673584 -32.16999435424805 1.7000000476837158
vertex 19.427528381347656 -32.1357421875 1.7000000476837158
vertex 19.5997371673584 -31.269994735717773 1.7000000476837158
endloop
endfacet
facet normal 0 0 -1
outer loop
vertex 19.427528381347656 -31.304248809814453 1.7000000476837158
vertex 19.281538009643555 -32.03819274902344 1.7000000476837158
vertex 19.281538009643555 -31.401796340942383 1.7000000476837158
endloop
endfacet
facet normal 0 0 -1
outer loop
vertex 19.771944046020508 -32.1357421875 1.7000000476837158
vertex 19.5997371673584 -32.16999435424805 1.7000000476837158
vertex 19.771944046020508 -31.304248809814453 1.7000000476837158
endloop
endfacet
facet normal 0 0 -1
outer loop
vertex 19.91793441772461 -32.03819274902344 1.7000000476837158
vertex 19.771944046020508 -32.1357421875 1.7000000476837158
vertex 19.91793441772461 -31.401796340942383 1.7000000476837158
endloop
endfacet
facet normal 0 0 -1
outer loop
vertex 19.771944046020508 -31.304248809814453 1.7000000476837158
vertex 19.5997371673584 -32.16999435424805 1.7000000476837158
vertex 19.5997371673584 -31.269994735717773 1.7000000476837158
endloop
endfacet
facet normal 0 0 -1
outer loop
vertex 19.771944046020508 -31.304248809814453 1.7000000476837158
vertex 19.91793441772461 -31.401796340942383 1.7000000476837158
vertex 19.771944046020508 -32.1357421875 1.7000000476837158
endloop
endfacet
facet normal 0 0 -1
outer loop
vertex 20.01548194885254 -31.892202377319336 1.7000000476837158
vertex 19.91793441772461 -32.03819274902344 1.7000000476837158
vertex 20.01548194885254 -31.547786712646484 1.7000000476837158
endloop
endfacet
facet normal 0 0 -1
outer loop
vertex 20.04973602294922 -31.719995498657227 1.7000000476837158
vertex 20.01548194885254 -31.892202377319336 1.7000000476837158
vertex 20.01548194885254 -31.547786712646484 1.7000000476837158
endloop
endfacet
facet normal 0 0 -1
outer loop
vertex 20.01548194885254 -31.547786712646484 1.7000000476837158
vertex 19.91793441772461 -32.03819274902344 1.7000000476837158
vertex 19.91793441772461 -31.401796340942383 1.7000000476837158
endloop
endfacet
facet normal 0 0 -1
outer loop
vertex 19.5997371673584 -31.269994735717773 1.7000000476837158
vertex 19.427528381347656 -32.1357421875 1.7000000476837158
vertex 19.427528381347656 -31.304248809814453 1.7000000476837158
endloop
endfacet
facet normal -0.555569773965375 -0.8314699190325903 0
outer loop
vertex 19.771944046020508 -31.304248809814453 0
vertex 19.91793441772461 -31.401796340942383 0
vertex 19.91793441772461 -31.401796340942383 1.7000000476837158
endloop
endfacet
facet normal -0.19509030110388895 -0.9807852845629332 0
outer loop
vertex 19.771944046020508 -31.304248809814453 0
vertex 19.771944046020508 -31.304248809814453 1.7000000476837158
vertex 19.5997371673584 -31.269994735717773 0
endloop
endfacet
facet normal 0.19508822256280442 -0.9807856980081253 0
outer loop
vertex 19.427528381347656 -31.304248809814453 1.7000000476837158
vertex 19.427528381347656 -31.304248809814453 0
vertex 19.5997371673584 -31.269994735717773 1.7000000476837158
endloop
endfacet
facet normal -0.19509030110388895 -0.9807852845629332 0
outer loop
vertex 19.5997371673584 -31.269994735717773 1.7000000476837158
vertex 19.5997371673584 -31.269994735717773 0
vertex 19.771944046020508 -31.304248809814453 1.7000000476837158
endloop
endfacet
facet normal -0.555569773965375 -0.8314699190325903 0
outer loop
vertex 19.771944046020508 -31.304248809814453 1.7000000476837158
vertex 19.771944046020508 -31.304248809814453 0
vertex 19.91793441772461 -31.401796340942383 1.7000000476837158
endloop
endfacet
facet normal 0.19508822256280442 -0.9807856980081253 0
outer loop
vertex 19.5997371673584 -31.269994735717773 0
vertex 19.5997371673584 -31.269994735717773 1.7000000476837158
vertex 19.427528381347656 -31.304248809814453 0
endloop
endfacet
facet normal 0.555569773965375 -0.8314699190325903 0
outer loop
vertex 19.427528381347656 -31.304248809814453 0
vertex 19.427528381347656 -31.304248809814453 1.7000000476837158
vertex 19.281538009643555 -31.401796340942383 0
endloop
endfacet
facet normal -0.9807856980081253 -0.19508822256280442 0
outer loop
vertex 20.01548194885254 -31.547786712646484 0
vertex 20.04973602294922 -31.719995498657227 0
vertex 20.04973602294922 -31.719995498657227 1.7000000476837158
endloop
endfacet
facet normal -0.9807852845629332 0.19509030110388895 0
outer loop
vertex 20.04973602294922 -31.719995498657227 0
vertex 20.01548194885254 -31.892202377319336 0
vertex 20.01548194885254 -31.892202377319336 1.7000000476837158
endloop
endfacet
facet normal -0.8314699190325903 -0.555569773965375 0
outer loop
vertex 19.91793441772461 -31.401796340942383 1.7000000476837158
vertex 19.91793441772461 -31.401796340942383 0
vertex 20.01548194885254 -31.547786712646484 1.7000000476837158
endloop
endfacet
facet normal -0.8314699190325903 0.555569773965375 0
outer loop
vertex 20.01548194885254 -31.892202377319336 0
vertex 19.91793441772461 -32.03819274902344 0
vertex 19.91793441772461 -32.03819274902344 1.7000000476837158
endloop
endfacet
facet normal -0.5555772839934787 0.8314649009491799 0
outer loop
vertex 19.91793441772461 -32.03819274902344 0
vertex 19.771944046020508 -32.1357421875 0
vertex 19.771944046020508 -32.1357421875 1.7000000476837158
endloop
endfacet
facet normal -0.1950798514286955 0.9807873630744628 0
outer loop
vertex 19.771944046020508 -32.1357421875 0
vertex 19.5997371673584 -32.16999435424805 0
vertex 19.5997371673584 -32.16999435424805 1.7000000476837158
endloop
endfacet
facet normal 0.5555772839934787 0.8314649009491799 0
outer loop
vertex 19.427528381347656 -32.1357421875 0
vertex 19.281538009643555 -32.03819274902344 0
vertex 19.281538009643555 -32.03819274902344 1.7000000476837158
endloop
endfacet
facet normal 0.19507777299013523 0.9807877764762413 0
outer loop
vertex 19.427528381347656 -32.1357421875 0
vertex 19.427528381347656 -32.1357421875 1.7000000476837158
vertex 19.5997371673584 -32.16999435424805 0
endloop
endfacet
facet normal 0.8314699190325903 -0.555569773965375 0
outer loop
vertex 19.281538009643555 -31.401796340942383 0
vertex 19.281538009643555 -31.401796340942383 1.7000000476837158
vertex 19.183990478515625 -31.547786712646484 0
endloop
endfacet
facet normal 0.8314699190325903 0.555569773965375 0
outer loop
vertex 19.183990478515625 -31.892202377319336 0
vertex 19.183990478515625 -31.892202377319336 1.7000000476837158
vertex 19.281538009643555 -32.03819274902344 0
endloop
endfacet
facet normal 0.9807852845629332 0.19509030110388895 0
outer loop
vertex 19.149736404418945 -31.719995498657227 0
vertex 19.149736404418945 -31.719995498657227 1.7000000476837158
vertex 19.183990478515625 -31.892202377319336 0
endloop
endfacet
facet normal 0.9807852845629332 0.19509030110388895 0
outer loop
vertex 19.183990478515625 -31.892202377319336 1.7000000476837158
vertex 19.183990478515625 -31.892202377319336 0
vertex 19.149736404418945 -31.719995498657227 1.7000000476837158
endloop
endfacet
facet normal 0 0 -1
outer loop
vertex 20.01548194885254 -32.817787170410156 1.7000000476837158
vertex 19.91793441772461 -33.30819320678711 1.7000000476837158
vertex 19.91793441772461 -32.67179489135742 1.7000000476837158
endloop
endfacet
facet normal -0.9807852845629332 0.19509030110388895 0
outer loop
vertex 20.04973602294922 -32.989994049072266 1.7000000476837158
vertex 20.04973602294922 -32.989994049072266 0
vertex 20.01548194885254 -33.162200927734375 1.7000000476837158
endloop
endfacet
facet normal 0.9807852845629332 0.19509030110388895 0
outer loop
vertex 19.149736404418945 -32.989994049072266 0
vertex 19.149736404418945 -32.989994049072266 1.7000000476837158
vertex 19.183990478515625 -33.162200927734375 0
endloop
endfacet
facet normal 0.9807852845629332 -0.19509030110388895 0
outer loop
vertex 19.183990478515625 -32.817787170410156 0
vertex 19.183990478515625 -32.817787170410156 1.7000000476837158
vertex 19.149736404418945 -32.989994049072266 0
endloop
endfacet
facet normal 0.8314732719568675 -0.5555647559208026 0
outer loop
vertex 19.281538009643555 -32.67179489135742 0
vertex 19.281538009643555 -32.67179489135742 1.7000000476837158
vertex 19.183990478515625 -32.817787170410156 0
endloop
endfacet
facet normal 0.5555622638012966 0.8314749371087372 0
outer loop
vertex 19.427528381347656 -33.405738830566406 0
vertex 19.281538009643555 -33.30819320678711 0
vertex 19.281538009643555 -33.30819320678711 1.7000000476837158
endloop
endfacet
facet normal 0.1950986720690384 0.9807836194374872 0
outer loop
vertex 19.5997371673584 -33.43999481201172 0
vertex 19.427528381347656 -33.405738830566406 0
vertex 19.427528381347656 -33.405738830566406 1.7000000476837158
endloop
endfacet
facet normal -0.1951007507126451 0.9807832059488795 0
outer loop
vertex 19.771944046020508 -33.405738830566406 0
vertex 19.5997371673584 -33.43999481201172 0
vertex 19.5997371673584 -33.43999481201172 1.7000000476837158
endloop
endfacet
facet normal -0.5555622638012966 0.8314749371087372 0
outer loop
vertex 19.91793441772461 -33.30819320678711 0
vertex 19.771944046020508 -33.405738830566406 0
vertex 19.771944046020508 -33.405738830566406 1.7000000476837158
endloop
endfacet
facet normal -0.8314732719568675 0.5555647559208026 0
outer loop
vertex 20.01548194885254 -33.162200927734375 0
vertex 19.91793441772461 -33.30819320678711 0
vertex 19.91793441772461 -33.30819320678711 1.7000000476837158
endloop
endfacet
facet normal -0.9807852845629332 0.19509030110388895 0
outer loop
vertex 20.04973602294922 -32.989994049072266 0
vertex 20.01548194885254 -33.162200927734375 0
vertex 20.01548194885254 -33.162200927734375 1.7000000476837158
endloop
endfacet
facet normal 0.5555622638012966 -0.8314749371087372 0
outer loop
vertex 19.427528381347656 -32.574249267578125 0
vertex 19.427528381347656 -32.574249267578125 1.7000000476837158
vertex 19.281538009643555 -32.67179489135742 0
endloop
endfacet
facet normal 0.1950986720690384 -0.9807836194374872 0
outer loop
vertex 19.5997371673584 -32.53999328613281 0
vertex 19.5997371673584 -32.53999328613281 1.7000000476837158
vertex 19.427528381347656 -32.574249267578125 0
endloop
endfacet
facet normal -0.1951007507126451 -0.9807832059488795 0
outer loop
vertex 19.771944046020508 -32.574249267578125 0
vertex 19.771944046020508 -32.574249267578125 1.7000000476837158
vertex 19.5997371673584 -32.53999328613281 0
endloop
endfacet
facet normal -0.5555622638012966 -0.8314749371087372 0
outer loop
vertex 19.771944046020508 -32.574249267578125 0
vertex 19.91793441772461 -32.67179489135742 0
vertex 19.91793441772461 -32.67179489135742 1.7000000476837158
endloop
endfacet
facet normal -0.9807852845629332 -0.19509030110388895 0
outer loop
vertex 20.01548194885254 -32.817787170410156 0
vertex 20.04973602294922 -32.989994049072266 0
vertex 20.04973602294922 -32.989994049072266 1.7000000476837158
endloop
endfacet
facet normal -0.8314732719568675 -0.5555647559208026 0
outer loop
vertex 20.01548194885254 -32.817787170410156 0
vertex 20.01548194885254 -32.817787170410156 1.7000000476837158
vertex 19.91793441772461 -32.67179489135742 0
endloop
endfacet
facet normal 0 0 -1
outer loop
vertex 19.183990478515625 -33.162200927734375 1.7000000476837158
vertex 19.149736404418945 -32.989994049072266 1.7000000476837158
vertex 19.183990478515625 -32.817787170410156 1.7000000476837158
endloop
endfacet
facet normal 0 0 -1
outer loop
vertex 19.281538009643555 -33.30819320678711 1.7000000476837158
vertex 19.183990478515625 -33.162200927734375 1.7000000476837158
vertex 19.281538009643555 -32.67179489135742 1.7000000476837158
endloop
endfacet
facet normal 0 0 -1
outer loop
vertex 19.281538009643555 -32.67179489135742 1.7000000476837158
vertex 19.183990478515625 -33.162200927734375 1.7000000476837158
vertex 19.183990478515625 -32.817787170410156 1.7000000476837158
endloop
endfacet
facet normal 0 0 -1
outer loop
vertex 19.427528381347656 -33.405738830566406 1.7000000476837158
vertex 19.281538009643555 -33.30819320678711 1.7000000476837158
vertex 19.427528381347656 -32.574249267578125 1.7000000476837158
endloop
endfacet
facet normal 0 0 -1
outer loop
vertex 19.5997371673584 -33.43999481201172 1.7000000476837158
vertex 19.427528381347656 -33.405738830566406 1.7000000476837158
vertex 19.5997371673584 -32.53999328613281 1.7000000476837158
endloop
endfacet
facet normal 0 0 -1
outer loop
vertex 19.771944046020508 -33.405738830566406 1.7000000476837158
vertex 19.5997371673584 -33.43999481201172 1.7000000476837158
vertex 19.771944046020508 -32.574249267578125 1.7000000476837158
endloop
endfacet
facet normal 0 0 -1
outer loop
vertex 19.91793441772461 -33.30819320678711 1.7000000476837158
vertex 19.771944046020508 -33.405738830566406 1.7000000476837158
vertex 19.91793441772461 -32.67179489135742 1.7000000476837158
endloop
endfacet
facet normal 0 0 -1
outer loop
vertex 20.01548194885254 -33.162200927734375 1.7000000476837158
vertex 19.91793441772461 -33.30819320678711 1.7000000476837158
vertex 20.01548194885254 -32.817787170410156 1.7000000476837158
endloop
endfacet
facet normal 0 0 -1
outer loop
vertex 19.427528381347656 -32.574249267578125 1.7000000476837158
vertex 19.281538009643555 -33.30819320678711 1.7000000476837158
vertex 19.281538009643555 -32.67179489135742 1.7000000476837158
endloop
endfacet
facet normal 0 0 -1
outer loop
vertex 19.5997371673584 -32.53999328613281 1.7000000476837158
vertex 19.427528381347656 -33.405738830566406 1.7000000476837158
vertex 19.427528381347656 -32.574249267578125 1.7000000476837158
endloop
endfacet
facet normal 0 0 -1
outer loop
vertex 19.771944046020508 -32.574249267578125 1.7000000476837158
vertex 19.5997371673584 -33.43999481201172 1.7000000476837158
vertex 19.5997371673584 -32.53999328613281 1.7000000476837158
endloop
endfacet
facet normal 0 0 -1
outer loop
vertex 19.771944046020508 -32.574249267578125 1.7000000476837158
vertex 19.91793441772461 -32.67179489135742 1.7000000476837158
vertex 19.771944046020508 -33.405738830566406 1.7000000476837158
endloop
endfacet
facet normal 0 0 -1
outer loop
vertex 20.04973602294922 -32.989994049072266 1.7000000476837158
vertex 20.01548194885254 -33.162200927734375 1.7000000476837158
vertex 20.01548194885254 -32.817787170410156 1.7000000476837158
endloop
endfacet
facet normal -0.9807852845629332 -0.19509030110388895 0
outer loop
vertex 20.01548194885254 -32.817787170410156 1.7000000476837158
vertex 20.01548194885254 -32.817787170410156 0
vertex 20.04973602294922 -32.989994049072266 1.7000000476837158
endloop
endfacet
facet normal 0.8314732719568675 0.5555647559208026 0
outer loop
vertex 19.281538009643555 -33.30819320678711 1.7000000476837158
vertex 19.281538009643555 -33.30819320678711 0
vertex 19.183990478515625 -33.162200927734375 1.7000000476837158
endloop
endfacet
facet normal 0.9807852845629332 0.19509030110388895 0
outer loop
vertex 19.183990478515625 -33.162200927734375 1.7000000476837158
vertex 19.183990478515625 -33.162200927734375 0
vertex 19.149736404418945 -32.989994049072266 1.7000000476837158
endloop
endfacet
facet normal 0.9807852845629332 -0.19509030110388895 0
outer loop
vertex 19.149736404418945 -32.989994049072266 1.7000000476837158
vertex 19.149736404418945 -32.989994049072266 0
vertex 19.183990478515625 -32.817787170410156 1.7000000476837158
endloop
endfacet
facet normal 0.8314732719568675 -0.5555647559208026 0
outer loop
vertex 19.183990478515625 -32.817787170410156 1.7000000476837158
vertex 19.183990478515625 -32.817787170410156 0
vertex 19.281538009643555 -32.67179489135742 1.7000000476837158
endloop
endfacet
facet normal -0.8314732719568675 -0.5555647559208026 0
outer loop
vertex 19.91793441772461 -32.67179489135742 1.7000000476837158
vertex 19.91793441772461 -32.67179489135742 0
vertex 20.01548194885254 -32.817787170410156 1.7000000476837158
endloop
endfacet
facet normal 0.5555622638012966 0.8314749371087372 0
outer loop
vertex 19.427528381347656 -33.405738830566406 1.7000000476837158
vertex 19.427528381347656 -33.405738830566406 0
vertex 19.281538009643555 -33.30819320678711 1.7000000476837158
endloop
endfacet
facet normal 0.1950986720690384 0.9807836194374872 0
outer loop
vertex 19.5997371673584 -33.43999481201172 1.7000000476837158
vertex 19.5997371673584 -33.43999481201172 0
vertex 19.427528381347656 -33.405738830566406 1.7000000476837158
endloop
endfacet
facet normal -0.1951007507126451 0.9807832059488795 0
outer loop
vertex 19.771944046020508 -33.405738830566406 1.7000000476837158
vertex 19.771944046020508 -33.405738830566406 0
vertex 19.5997371673584 -33.43999481201172 1.7000000476837158
endloop
endfacet
facet normal -0.5555622638012966 0.8314749371087372 0
outer loop
vertex 19.91793441772461 -33.30819320678711 1.7000000476837158
vertex 19.91793441772461 -33.30819320678711 0
vertex 19.771944046020508 -33.405738830566406 1.7000000476837158
endloop
endfacet
facet normal -0.8314732719568675 0.5555647559208026 0
outer loop
vertex 20.01548194885254 -33.162200927734375 1.7000000476837158
vertex 20.01548194885254 -33.162200927734375 0
vertex 19.91793441772461 -33.30819320678711 1.7000000476837158
endloop
endfacet
facet normal 0.5555622638012966 -0.8314749371087372 0
outer loop
vertex 19.281538009643555 -32.67179489135742 1.7000000476837158
vertex 19.281538009643555 -32.67179489135742 0
vertex 19.427528381347656 -32.574249267578125 1.7000000476837158
endloop
endfacet
facet normal 0.1950986720690384 -0.9807836194374872 0
outer loop
vertex 19.427528381347656 -32.574249267578125 1.7000000476837158
vertex 19.427528381347656 -32.574249267578125 0
vertex 19.5997371673584 -32.53999328613281 1.7000000476837158
endloop
endfacet
facet normal -0.1951007507126451 -0.9807832059488795 0
outer loop
vertex 19.5997371673584 -32.53999328613281 1.7000000476837158
vertex 19.5997371673584 -32.53999328613281 0
vertex 19.771944046020508 -32.574249267578125 1.7000000476837158
endloop
endfacet
facet normal -0.5555622638012966 -0.8314749371087372 0
outer loop
vertex 19.771944046020508 -32.574249267578125 1.7000000476837158
vertex 19.771944046020508 -32.574249267578125 0
vertex 19.91793441772461 -32.67179489135742 1.7000000476837158
endloop
endfacet
facet normal 0.8314732719568675 0.5555647559208026 0
outer loop
vertex 19.183990478515625 -33.162200927734375 0
vertex 19.183990478515625 -33.162200927734375 1.7000000476837158
vertex 19.281538009643555 -33.30819320678711 0
endloop
endfacet
facet normal 0 0 -1
outer loop
vertex 19.427528381347656 -34.67573928833008 1.7000000476837158
vertex 19.281538009643555 -34.57819366455078 1.7000000476837158
vertex 19.427528381347656 -33.8442497253418 1.7000000476837158
endloop
endfacet
facet normal -0.8314732719568675 0.5555647559208026 0
outer loop
vertex 20.01548194885254 -34.43220138549805 0
vertex 19.91793441772461 -34.57819366455078 0
vertex 19.91793441772461 -34.57819366455078 1.7000000476837158
endloop
endfacet
facet normal -0.8314732719568675 -0.5555647559208026 0
outer loop
vertex 19.91793441772461 -33.941795349121094 1.7000000476837158
vertex 19.91793441772461 -33.941795349121094 0
vertex 20.01548194885254 -34.08778762817383 1.7000000476837158
endloop
endfacet
facet normal -0.9807852845629332 -0.19509030110388895 0
outer loop
vertex 20.01548194885254 -34.08778762817383 1.7000000476837158
vertex 20.01548194885254 -34.08778762817383 0
vertex 20.04973602294922 -34.25999450683594 1.7000000476837158
endloop
endfacet
facet normal -0.9807852845629332 0.19509030110388895 0
outer loop
vertex 20.04973602294922 -34.25999450683594 1.7000000476837158
vertex 20.04973602294922 -34.25999450683594 0
vertex 20.01548194885254 -34.43220138549805 1.7000000476837158
endloop
endfacet
facet normal -0.8314732719568675 0.5555647559208026 0
outer loop
vertex 20.01548194885254 -34.43220138549805 1.7000000476837158
vertex 20.01548194885254 -34.43220138549805 0
vertex 19.91793441772461 -34.57819366455078 1.7000000476837158
endloop
endfacet
facet normal -0.5555622638012966 -0.8314749371087372 0
outer loop
vertex 19.771944046020508 -33.8442497253418 1.7000000476837158
vertex 19.771944046020508 -33.8442497253418 0
vertex 19.91793441772461 -33.941795349121094 1.7000000476837158
endloop
endfacet
facet normal 0.1950986720690384 -0.9807836194374872 0
outer loop
vertex 19.427528381347656 -33.8442497253418 1.7000000476837158
vertex 19.427528381347656 -33.8442497253418 0
vertex 19.5997371673584 -33.809993743896484 1.7000000476837158
endloop
endfacet
facet normal 0.5555622638012966 -0.8314749371087372 0
outer loop
vertex 19.281538009643555 -33.941795349121094 1.7000000476837158
vertex 19.281538009643555 -33.941795349121094 0
vertex 19.427528381347656 -33.8442497253418 1.7000000476837158
endloop
endfacet
facet normal -0.5555622638012966 0.8314749371087372 0
outer loop
vertex 19.91793441772461 -34.57819366455078 1.7000000476837158
vertex 19.91793441772461 -34.57819366455078 0
vertex 19.771944046020508 -34.67573928833008 1.7000000476837158
endloop
endfacet
facet normal -0.1951007507126451 0.9807832059488795 0
outer loop
vertex 19.771944046020508 -34.67573928833008 1.7000000476837158
vertex 19.771944046020508 -34.67573928833008 0
vertex 19.5997371673584 -34.70999526977539 1.7000000476837158
endloop
endfacet
facet normal 0.1950986720690384 0.9807836194374872 0
outer loop
vertex 19.5997371673584 -34.70999526977539 1.7000000476837158
vertex 19.5997371673584 -34.70999526977539 0
vertex 19.427528381347656 -34.67573928833008 1.7000000476837158
endloop
endfacet
facet normal 0.5555622638012966 0.8314749371087372 0
outer loop
vertex 19.427528381347656 -34.67573928833008 1.7000000476837158
vertex 19.427528381347656 -34.67573928833008 0
vertex 19.281538009643555 -34.57819366455078 1.7000000476837158
endloop
endfacet
facet normal -0.5555622638012966 -0.8314749371087372 0
outer loop
vertex 19.771944046020508 -33.8442497253418 0
vertex 19.91793441772461 -33.941795349121094 0
vertex 19.91793441772461 -33.941795349121094 1.7000000476837158
endloop
endfacet
facet normal -0.1951007507126451 -0.9807832059488795 0
outer loop
vertex 19.5997371673584 -33.809993743896484 0
vertex 19.771944046020508 -33.8442497253418 0
vertex 19.771944046020508 -33.8442497253418 1.7000000476837158
endloop
endfacet
facet normal 0.8314732719568675 -0.5555647559208026 0
outer loop
vertex 19.183990478515625 -34.08778762817383 1.7000000476837158
vertex 19.183990478515625 -34.08778762817383 0
vertex 19.281538009643555 -33.941795349121094 1.7000000476837158
endloop
endfacet
facet normal 0.9807852845629332 -0.19509030110388895 0
outer loop
vertex 19.149736404418945 -34.25999450683594 1.7000000476837158
vertex 19.149736404418945 -34.25999450683594 0
vertex 19.183990478515625 -34.08778762817383 1.7000000476837158
endloop
endfacet
facet normal 0.9807852845629332 0.19509030110388895 0
outer loop
vertex 19.183990478515625 -34.43220138549805 1.7000000476837158
vertex 19.183990478515625 -34.43220138549805 0
vertex 19.149736404418945 -34.25999450683594 1.7000000476837158
endloop
endfacet
facet normal 0.8314732719568675 0.5555647559208026 0
outer loop
vertex 19.281538009643555 -34.57819366455078 1.7000000476837158
vertex 19.281538009643555 -34.57819366455078 0
vertex 19.183990478515625 -34.43220138549805 1.7000000476837158
endloop
endfacet
facet normal 0.5555622638012966 -0.8314749371087372 0
outer loop
vertex 19.427528381347656 -33.8442497253418 0
vertex 19.427528381347656 -33.8442497253418 1.7000000476837158
vertex 19.281538009643555 -33.941795349121094 0
endloop
endfacet
facet normal -0.5555622638012966 0.8314749371087372 0
outer loop
vertex 19.91793441772461 -34.57819366455078 0
vertex 19.771944046020508 -34.67573928833008 0
vertex 19.771944046020508 -34.67573928833008 1.7000000476837158
endloop
endfacet
facet normal -0.1951007507126451 0.9807832059488795 0
outer loop
vertex 19.771944046020508 -34.67573928833008 0
vertex 19.5997371673584 -34.70999526977539 0
vertex 19.5997371673584 -34.70999526977539 1.7000000476837158
endloop
endfacet
facet normal 0.1950986720690384 0.9807836194374872 0
outer loop
vertex 19.5997371673584 -34.70999526977539 0
vertex 19.427528381347656 -34.67573928833008 0
vertex 19.427528381347656 -34.67573928833008 1.7000000476837158
endloop
endfacet
facet normal 0.5555622638012966 0.8314749371087372 0
outer loop
vertex 19.427528381347656 -34.67573928833008 0
vertex 19.281538009643555 -34.57819366455078 0
vertex 19.281538009643555 -34.57819366455078 1.7000000476837158
endloop
endfacet
facet normal 0.8314732719568675 -0.5555647559208026 0
outer loop
vertex 19.281538009643555 -33.941795349121094 0
vertex 19.281538009643555 -33.941795349121094 1.7000000476837158
vertex 19.183990478515625 -34.08778762817383 0
endloop
endfacet
facet normal 0.9807852845629332 -0.19509030110388895 0
outer loop
vertex 19.183990478515625 -34.08778762817383 0
vertex 19.183990478515625 -34.08778762817383 1.7000000476837158
vertex 19.149736404418945 -34.25999450683594 0
endloop
endfacet
facet normal 0.9807852845629332 0.19509030110388895 0
outer loop
vertex 19.149736404418945 -34.25999450683594 0
vertex 19.149736404418945 -34.25999450683594 1.7000000476837158
vertex 19.183990478515625 -34.43220138549805 0
endloop
endfacet
facet normal 0.8314732719568675 0.5555647559208026 0
outer loop
vertex 19.183990478515625 -34.43220138549805 0
vertex 19.183990478515625 -34.43220138549805 1.7000000476837158
vertex 19.281538009643555 -34.57819366455078 0
endloop
endfacet
facet normal -0.8314732719568675 -0.5555647559208026 0
outer loop
vertex 20.01548194885254 -34.08778762817383 0
vertex 20.01548194885254 -34.08778762817383 1.7000000476837158
vertex 19.91793441772461 -33.941795349121094 0
endloop
endfacet
facet normal 0.1950986720690384 -0.9807836194374872 0
outer loop
vertex 19.5997371673584 -33.809993743896484 0
vertex 19.5997371673584 -33.809993743896484 1.7000000476837158
vertex 19.427528381347656 -33.8442497253418 0
endloop
endfacet
facet normal 0 0 -1
outer loop
vertex 19.281538009643555 -34.57819366455078 1.7000000476837158
vertex 19.183990478515625 -34.43220138549805 1.7000000476837158
vertex 19.281538009643555 -33.941795349121094 1.7000000476837158
endloop
endfacet
facet normal 0 0 -1
outer loop
vertex 19.183990478515625 -34.43220138549805 1.7000000476837158
vertex 19.149736404418945 -34.25999450683594 1.7000000476837158
vertex 19.183990478515625 -34.08778762817383 1.7000000476837158
endloop
endfacet
facet normal 0 0 -1
outer loop
vertex 19.281538009643555 -33.941795349121094 1.7000000476837158
vertex 19.183990478515625 -34.43220138549805 1.7000000476837158
vertex 19.183990478515625 -34.08778762817383 1.7000000476837158
endloop
endfacet
facet normal 0 0 -1
outer loop
vertex 19.5997371673584 -34.70999526977539 1.7000000476837158
vertex 19.427528381347656 -34.67573928833008 1.7000000476837158
vertex 19.5997371673584 -33.809993743896484 1.7000000476837158
endloop
endfacet
facet normal 0 0 -1
outer loop
vertex 19.771944046020508 -34.67573928833008 1.7000000476837158
vertex 19.5997371673584 -34.70999526977539 1.7000000476837158
vertex 19.771944046020508 -33.8442497253418 1.7000000476837158
endloop
endfacet
facet normal 0 0 -1
outer loop
vertex 19.91793441772461 -34.57819366455078 1.7000000476837158
vertex 19.771944046020508 -34.67573928833008 1.7000000476837158
vertex 19.91793441772461 -33.941795349121094 1.7000000476837158
endloop
endfacet
facet normal 0 0 -1
outer loop
vertex 19.427528381347656 -33.8442497253418 1.7000000476837158
vertex 19.281538009643555 -34.57819366455078 1.7000000476837158
vertex 19.281538009643555 -33.941795349121094 1.7000000476837158
endloop
endfacet
facet normal 0 0 -1
outer loop
vertex 19.5997371673584 -33.809993743896484 1.7000000476837158
vertex 19.427528381347656 -34.67573928833008 1.7000000476837158
vertex 19.427528381347656 -33.8442497253418 1.7000000476837158
endloop
endfacet
facet normal 0 0 -1
outer loop
vertex 19.5997371673584 -33.809993743896484 1.7000000476837158
vertex 19.771944046020508 -33.8442497253418 1.7000000476837158
vertex 19.5997371673584 -34.70999526977539 1.7000000476837158
endloop
endfacet
facet normal 0 0 -1
outer loop
vertex 19.771944046020508 -33.8442497253418 1.7000000476837158
vertex 19.91793441772461 -33.941795349121094 1.7000000476837158
vertex 19.771944046020508 -34.67573928833008 1.7000000476837158
endloop
endfacet
facet normal 0 0 -1
outer loop
vertex 20.01548194885254 -34.43220138549805 1.7000000476837158
vertex 19.91793441772461 -34.57819366455078 1.7000000476837158
vertex 20.01548194885254 -34.08778762817383 1.7000000476837158
endloop
endfacet
facet normal 0 0 -1
outer loop
vertex 20.01548194885254 -34.08778762817383 1.7000000476837158
vertex 19.91793441772461 -34.57819366455078 1.7000000476837158
vertex 19.91793441772461 -33.941795349121094 1.7000000476837158
endloop
endfacet
facet normal 0 0 -1
outer loop
vertex 20.04973602294922 -34.25999450683594 1.7000000476837158
vertex 20.01548194885254 -34.43220138549805 1.7000000476837158
vertex 20.01548194885254 -34.08778762817383 1.7000000476837158
endloop
endfacet
facet normal -0.9807852845629332 -0.19509030110388895 0
outer loop
vertex 20.01548194885254 -34.08778762817383 0
vertex 20.04973602294922 -34.25999450683594 0
vertex 20.04973602294922 -34.25999450683594 1.7000000476837158
endloop
endfacet
facet normal -0.9807852845629332 0.19509030110388895 0
outer loop
vertex 20.04973602294922 -34.25999450683594 0
vertex 20.01548194885254 -34.43220138549805 0
vertex 20.01548194885254 -34.43220138549805 1.7000000476837158
endloop
endfacet
facet normal -0.1951007507126451 -0.9807832059488795 0
outer loop
vertex 19.5997371673584 -33.809993743896484 1.7000000476837158
vertex 19.5997371673584 -33.809993743896484 0
vertex 19.771944046020508 -33.8442497253418 1.7000000476837158
endloop
endfacet
facet normal 0.8314732719568675 0.5555647559208026 0
outer loop
vertex 19.281538009643555 -35.84819412231445 1.7000000476837158
vertex 19.281538009643555 -35.84819412231445 0
vertex 19.183990478515625 -35.70220184326172 1.7000000476837158
endloop
endfacet
facet normal 0 0 -1
outer loop
vertex 20.04973602294922 -35.52999496459961 1.7000000476837158
vertex 20.01548194885254 -35.70220184326172 1.7000000476837158
vertex 20.01548194885254 -35.3577880859375 1.7000000476837158
endloop
endfacet
facet normal -0.1951007507126451 -0.9807832059488795 0
outer loop
vertex 19.5997371673584 -35.079994201660156 1.7000000476837158
vertex 19.5997371673584 -35.079994201660156 0
vertex 19.771944046020508 -35.11425018310547 1.7000000476837158
endloop
endfacet
facet normal -0.5555622638012966 -0.8314749371087372 0
outer loop
vertex 19.771944046020508 -35.11425018310547 1.7000000476837158
vertex 19.771944046020508 -35.11425018310547 0
vertex 19.91793441772461 -35.211795806884766 1.7000000476837158
endloop
endfacet
facet normal 0.1950986720690384 -0.9807836194374872 0
outer loop
vertex 19.427528381347656 -35.11425018310547 1.7000000476837158
vertex 19.427528381347656 -35.11425018310547 0
vertex 19.5997371673584 -35.079994201660156 1.7000000476837158
endloop
endfacet
facet normal 0.5555622638012966 -0.8314749371087372 0
outer loop
vertex 19.281538009643555 -35.211795806884766 1.7000000476837158
vertex 19.281538009643555 -35.211795806884766 0
vertex 19.427528381347656 -35.11425018310547 1.7000000476837158
endloop
endfacet
facet normal 0.8314732719568675 -0.5555647559208026 0
outer loop
vertex 19.183990478515625 -35.3577880859375 1.7000000476837158
vertex 19.183990478515625 -35.3577880859375 0
vertex 19.281538009643555 -35.211795806884766 1.7000000476837158
endloop
endfacet
facet normal -0.9807852845629332 -0.19509030110388895 0
outer loop
vertex 20.01548194885254 -35.3577880859375 1.7000000476837158
vertex 20.01548194885254 -35.3577880859375 0
vertex 20.04973602294922 -35.52999496459961 1.7000000476837158
endloop
endfacet
facet normal -0.8314732719568675 -0.5555647559208026 0
outer loop
vertex 20.01548194885254 -35.3577880859375 0
vertex 20.01548194885254 -35.3577880859375 1.7000000476837158
vertex 19.91793441772461 -35.211795806884766 0
endloop
endfacet
facet normal -0.9807852845629332 0.19509030110388895 0
outer loop
vertex 20.04973602294922 -35.52999496459961 1.7000000476837158
vertex 20.04973602294922 -35.52999496459961 0
vertex 20.01548194885254 -35.70220184326172 1.7000000476837158
endloop
endfacet
facet normal -0.8314732719568675 0.5555647559208026 0
outer loop
vertex 20.01548194885254 -35.70220184326172 1.7000000476837158
vertex 20.01548194885254 -35.70220184326172 0
vertex 19.91793441772461 -35.84819412231445 1.7000000476837158
endloop
endfacet
facet normal -0.5555622638012966 0.8314749371087372 0
outer loop
vertex 19.91793441772461 -35.84819412231445 1.7000000476837158
vertex 19.91793441772461 -35.84819412231445 0
vertex 19.771944046020508 -35.94573974609375 1.7000000476837158
endloop
endfacet
facet normal -0.1951007507126451 0.9807832059488795 0
outer loop
vertex 19.771944046020508 -35.94573974609375 1.7000000476837158
vertex 19.771944046020508 -35.94573974609375 0
vertex 19.5997371673584 -35.97999572753906 1.7000000476837158
endloop
endfacet
facet normal -0.1951007507126451 -0.9807832059488795 0
outer loop
vertex 19.771944046020508 -35.11425018310547 0
vertex 19.771944046020508 -35.11425018310547 1.7000000476837158
vertex 19.5997371673584 -35.079994201660156 0
endloop
endfacet
facet normal -0.5555622638012966 -0.8314749371087372 0
outer loop
vertex 19.91793441772461 -35.211795806884766 0
vertex 19.91793441772461 -35.211795806884766 1.7000000476837158
vertex 19.771944046020508 -35.11425018310547 0
endloop
endfacet
facet normal 0.1950986720690384 -0.9807836194374872 0
outer loop
vertex 19.5997371673584 -35.079994201660156 0
vertex 19.5997371673584 -35.079994201660156 1.7000000476837158
vertex 19.427528381347656 -35.11425018310547 0
endloop
endfacet
facet normal 0.5555622638012966 -0.8314749371087372 0
outer loop
vertex 19.427528381347656 -35.11425018310547 0
vertex 19.427528381347656 -35.11425018310547 1.7000000476837158
vertex 19.281538009643555 -35.211795806884766 0
endloop
endfacet
facet normal 0.1950986720690384 0.9807836194374872 0
outer loop
vertex 19.5997371673584 -35.97999572753906 1.7000000476837158
vertex 19.5997371673584 -35.97999572753906 0
vertex 19.427528381347656 -35.94573974609375 1.7000000476837158
endloop
endfacet
facet normal 0.5555622638012966 0.8314749371087372 0
outer loop
vertex 19.427528381347656 -35.94573974609375 1.7000000476837158
vertex 19.427528381347656 -35.94573974609375 0
vertex 19.281538009643555 -35.84819412231445 1.7000000476837158
endloop
endfacet
facet normal 0.9807852845629332 -0.19509030110388895 0
outer loop
vertex 19.149736404418945 -35.52999496459961 1.7000000476837158
vertex 19.149736404418945 -35.52999496459961 0
vertex 19.183990478515625 -35.3577880859375 1.7000000476837158
endloop
endfacet
facet normal 0.9807852845629332 0.19509030110388895 0
outer loop
vertex 19.183990478515625 -35.70220184326172 1.7000000476837158
vertex 19.183990478515625 -35.70220184326172 0
vertex 19.149736404418945 -35.52999496459961 1.7000000476837158
endloop
endfacet
facet normal 0.8314732719568675 -0.5555647559208026 0
outer loop
vertex 19.281538009643555 -35.211795806884766 0
vertex 19.281538009643555 -35.211795806884766 1.7000000476837158
vertex 19.183990478515625 -35.3577880859375 0
endloop
endfacet
facet normal -0.9807852845629332 -0.19509030110388895 0
outer loop
vertex 20.04973602294922 -35.52999496459961 0
vertex 20.04973602294922 -35.52999496459961 1.7000000476837158
vertex 20.01548194885254 -35.3577880859375 0
endloop
endfacet
facet normal -0.9807852845629332 0.19509030110388895 0
outer loop
vertex 20.01548194885254 -35.70220184326172 0
vertex 20.01548194885254 -35.70220184326172 1.7000000476837158
vertex 20.04973602294922 -35.52999496459961 0
endloop
endfacet
facet normal -0.8314732719568675 0.5555647559208026 0
outer loop
vertex 19.91793441772461 -35.84819412231445 0
vertex 19.91793441772461 -35.84819412231445 1.7000000476837158
vertex 20.01548194885254 -35.70220184326172 0
endloop
endfacet
facet normal -0.5555622638012966 0.8314749371087372 0
outer loop
vertex 19.771944046020508 -35.94573974609375 0
vertex 19.771944046020508 -35.94573974609375 1.7000000476837158
vertex 19.91793441772461 -35.84819412231445 0
endloop
endfacet
facet normal -0.1951007507126451 0.9807832059488795 0
outer loop
vertex 19.771944046020508 -35.94573974609375 0
vertex 19.5997371673584 -35.97999572753906 0
vertex 19.5997371673584 -35.97999572753906 1.7000000476837158
endloop
endfacet
facet normal 0.1950986720690384 0.9807836194374872 0
outer loop
vertex 19.5997371673584 -35.97999572753906 0
vertex 19.427528381347656 -35.94573974609375 0
vertex 19.427528381347656 -35.94573974609375 1.7000000476837158
endloop
endfacet
facet normal 0.5555622638012966 0.8314749371087372 0
outer loop
vertex 19.427528381347656 -35.94573974609375 0
vertex 19.281538009643555 -35.84819412231445 0
vertex 19.281538009643555 -35.84819412231445 1.7000000476837158
endloop
endfacet
facet normal 0.9807852845629332 -0.19509030110388895 0
outer loop
vertex 19.183990478515625 -35.3577880859375 0
vertex 19.183990478515625 -35.3577880859375 1.7000000476837158
vertex 19.149736404418945 -35.52999496459961 0
endloop
endfacet
facet normal 0.9807852845629332 0.19509030110388895 0
outer loop
vertex 19.149736404418945 -35.52999496459961 0
vertex 19.149736404418945 -35.52999496459961 1.7000000476837158
vertex 19.183990478515625 -35.70220184326172 0
endloop
endfacet
facet normal 0.8314732719568675 0.5555647559208026 0
outer loop
vertex 19.183990478515625 -35.70220184326172 0
vertex 19.183990478515625 -35.70220184326172 1.7000000476837158
vertex 19.281538009643555 -35.84819412231445 0
endloop
endfacet
facet normal 0 0 -1
outer loop
vertex 19.91793441772461 -35.211795806884766 1.7000000476837158
vertex 20.01548194885254 -35.3577880859375 1.7000000476837158
vertex 19.91793441772461 -35.84819412231445 1.7000000476837158
endloop
endfacet
facet normal 0 0 -1
outer loop
vertex 19.183990478515625 -35.70220184326172 1.7000000476837158
vertex 19.149736404418945 -35.52999496459961 1.7000000476837158
vertex 19.183990478515625 -35.3577880859375 1.7000000476837158
endloop
endfacet
facet normal 0 0 -1
outer loop
vertex 19.281538009643555 -35.84819412231445 1.7000000476837158
vertex 19.183990478515625 -35.70220184326172 1.7000000476837158
vertex 19.281538009643555 -35.211795806884766 1.7000000476837158
endloop
endfacet
facet normal 0 0 -1
outer loop
vertex 19.281538009643555 -35.211795806884766 1.7000000476837158
vertex 19.183990478515625 -35.70220184326172 1.7000000476837158
vertex 19.183990478515625 -35.3577880859375 1.7000000476837158
endloop
endfacet
facet normal 0 0 -1
outer loop
vertex 19.427528381347656 -35.94573974609375 1.7000000476837158
vertex 19.281538009643555 -35.84819412231445 1.7000000476837158
vertex 19.427528381347656 -35.11425018310547 1.7000000476837158
endloop
endfacet
facet normal 0 0 -1
outer loop
vertex 19.5997371673584 -35.97999572753906 1.7000000476837158
vertex 19.427528381347656 -35.94573974609375 1.7000000476837158
vertex 19.5997371673584 -35.079994201660156 1.7000000476837158
endloop
endfacet
facet normal 0 0 -1
outer loop
vertex 19.427528381347656 -35.11425018310547 1.7000000476837158
vertex 19.281538009643555 -35.84819412231445 1.7000000476837158
vertex 19.281538009643555 -35.211795806884766 1.7000000476837158
endloop
endfacet
facet normal 0 0 -1
outer loop
vertex 19.5997371673584 -35.079994201660156 1.7000000476837158
vertex 19.427528381347656 -35.94573974609375 1.7000000476837158
vertex 19.427528381347656 -35.11425018310547 1.7000000476837158
endloop
endfacet
facet normal 0 0 -1
outer loop
vertex 19.771944046020508 -35.94573974609375 1.7000000476837158
vertex 19.5997371673584 -35.97999572753906 1.7000000476837158
vertex 19.771944046020508 -35.11425018310547 1.7000000476837158
endloop
endfacet
facet normal 0 0 -1
outer loop
vertex 19.91793441772461 -35.84819412231445 1.7000000476837158
vertex 19.771944046020508 -35.94573974609375 1.7000000476837158
vertex 19.91793441772461 -35.211795806884766 1.7000000476837158
endloop
endfacet
facet normal 0 0 -1
outer loop
vertex 19.771944046020508 -35.11425018310547 1.7000000476837158
vertex 19.5997371673584 -35.97999572753906 1.7000000476837158
vertex 19.5997371673584 -35.079994201660156 1.7000000476837158
endloop
endfacet
facet normal 0 0 -1
outer loop
vertex 19.771944046020508 -35.11425018310547 1.7000000476837158
vertex 19.91793441772461 -35.211795806884766 1.7000000476837158
vertex 19.771944046020508 -35.94573974609375 1.7000000476837158
endloop
endfacet
facet normal 0 0 -1
outer loop
vertex 20.01548194885254 -35.70220184326172 1.7000000476837158
vertex 19.91793441772461 -35.84819412231445 1.7000000476837158
vertex 20.01548194885254 -35.3577880859375 1.7000000476837158
endloop
endfacet
facet normal -0.8314732719568675 -0.5555647559208026 0
outer loop
vertex 19.91793441772461 -35.211795806884766 1.7000000476837158
vertex 19.91793441772461 -35.211795806884766 0
vertex 20.01548194885254 -35.3577880859375 1.7000000476837158
endloop
endfacet
facet normal 0 0 1
outer loop
vertex 73.85167694091797 44.968971252441406 5
vertex 72.96278381347656 45.36309051513672 5
vertex 68.8000259399414 38.02000427246094 5
endloop
endfacet
facet normal 0 0 -1
outer loop
vertex 64.25003051757812 23.22000503540039 0
vertex 54.55002975463867 19.02000617980957 0
vertex 59.25002670288086 23.22000503540039 0
endloop
endfacet
facet normal 0 0 -1
outer loop
vertex 26.000028610229492 -33.079994201660156 0
vertex 20.01548194885254 -35.3577880859375 0
vertex 19.91793441772461 -35.211795806884766 0
endloop
endfacet
facet normal 0 0 -1
outer loop
vertex 26.000028610229492 -33.079994201660156 0
vertex 19.91793441772461 -35.211795806884766 0
vertex 19.771944046020508 -35.11425018310547 0
endloop
endfacet
facet normal 0 0 -1
outer loop
vertex 26.000028610229492 -33.079994201660156 0
vertex 19.771944046020508 -35.11425018310547 0
vertex 21.450027465820312 -33.079994201660156 0
endloop
endfacet
facet normal 0 0 -1
outer loop
vertex 31.000028610229492 -33.77999496459961 0
vertex 19.771944046020508 -35.94573974609375 0
vertex 19.91793441772461 -35.84819412231445 0
endloop
endfacet
facet normal 0 0 -1
outer loop
vertex 26.000028610229492 -33.77999496459961 0
vertex 20.04973602294922 -35.52999496459961 0
vertex 26.000028610229492 -33.079994201660156 0
endloop
endfacet
facet normal 0 0 -1
outer loop
vertex 31.000028610229492 -33.77999496459961 0
vertex 19.91793441772461 -35.84819412231445 0
vertex 26.000028610229492 -33.77999496459961 0
endloop
endfacet
facet normal 0 0 -1
outer loop
vertex 19.22793197631836 -40.805641174316406 0
vertex 40.45002746582031 -33.079994201660156 0
vertex 19.250028610229492 -41.02999496459961 0
endloop
endfacet
facet normal 0 0 -1
outer loop
vertex 40.45002746582031 -33.079994201660156 0
vertex 19.22793197631836 -40.805641174316406 0
vertex 19.16248893737793 -40.589908599853516 0
endloop
endfacet
facet normal 0 0 -1
outer loop
vertex 40.45002746582031 -33.079994201660156 0
vertex 19.16248893737793 -40.589908599853516 0
vertex 19.05621910095215 -40.391090393066406 0
endloop
endfacet
facet normal 0 0 -1
outer loop
vertex 18.54011344909668 -39.967533111572266 0
vertex 40.45002746582031 -33.079994201660156 0
vertex 18.738933563232422 -40.07380294799805 0
endloop
endfacet
facet normal 0 0 -1
outer loop
vertex 40.45002746582031 -33.079994201660156 0
vertex 19.05621910095215 -40.391090393066406 0
vertex 18.91320037841797 -40.21682357788086 0
endloop
endfacet
facet normal 0 0 -1
outer loop
vertex 40.45002746582031 -33.079994201660156 0
vertex 18.91320037841797 -40.21682357788086 0
vertex 18.738933563232422 -40.07380294799805 0
endloop
endfacet
facet normal 0 0 -1
outer loop
vertex 21.450027465820312 -33.079994201660156 0
vertex 20.01548194885254 -31.547786712646484 0
vertex 21.450027465820312 -26.14151954650879 0
endloop
endfacet
facet normal 0 0 -1
outer loop
vertex 40.45002746582031 -33.079994201660156 0
vertex 18.54011344909668 -39.967533111572266 0
vertex 35.55002975463867 -33.079994201660156 0
endloop
endfacet
facet normal 0 0 -1
outer loop
vertex 40.45002746582031 -33.079994201660156 0
vertex 45.00002670288086 -33.77999496459961 0
vertex 19.250028610229492 -41.02999496459961 0
endloop
endfacet
facet normal 0 0 -1
outer loop
vertex 35.55002975463867 -33.079994201660156 0
vertex 31.000028610229492 -33.77999496459961 0
vertex 31.000028610229492 -33.079994201660156 0
endloop
endfacet
facet normal 0 0 -1
outer loop
vertex 50.00002670288086 -33.77999496459961 0
vertex 19.250028610229492 -41.02999496459961 0
vertex 45.00002670288086 -33.77999496459961 0
endloop
endfacet
facet normal 0 0 -1
outer loop
vertex 40.45002746582031 -33.079994201660156 0
vertex 35.55002975463867 -33.079994201660156 0
vertex 35.55002975463867 -18.97999382019043 0
endloop
endfacet
facet normal 0 0 -1
outer loop
vertex 26.000028610229492 -33.77999496459961 0
vertex 20.01548194885254 -35.70220184326172 0
vertex 20.04973602294922 -35.52999496459961 0
endloop
endfacet
facet normal 0 0 -1
outer loop
vertex 19.91793441772461 -35.84819412231445 0
vertex 20.01548194885254 -35.70220184326172 0
vertex 26.000028610229492 -33.77999496459961 0
endloop
endfacet
facet normal 0 0 -1
outer loop
vertex 18.324382781982422 -39.90209197998047 0
vertex 35.55002975463867 -33.079994201660156 0
vertex 18.54011344909668 -39.967533111572266 0
endloop
endfacet
facet normal 0 0 -1
outer loop
vertex 18.10002899169922 -39.8799934387207 0
vertex 35.55002975463867 -33.079994201660156 0
vertex 18.324382781982422 -39.90209197998047 0
endloop
endfacet
facet normal 0 0 -1
outer loop
vertex 17.875675201416016 -39.90209197998047 0
vertex 35.55002975463867 -33.079994201660156 0
vertex 18.10002899169922 -39.8799934387207 0
endloop
endfacet
facet normal 0.2902852831965865 -0.9569401519214655 0
outer loop
vertex 0.8713812232017517 -45.59027862548828 0
vertex 1.0701093673706055 -45.52999496459961 0
vertex 0.8713812232017517 -45.59027862548828 5
endloop
endfacet
facet normal 0 0 1
outer loop
vertex 75.94136047363281 42.665771484375 5
vertex 73.85167694091797 44.968971252441406 5
vertex 68.8000259399414 38.02000427246094 5
endloop
endfacet
facet normal 0 0 1
outer loop
vertex 75.94136047363281 42.665771484375 5
vertex 68.8000259399414 23.920005798339844 5
vertex 76.25003051757812 41.866207122802734 5
endloop
endfacet
facet normal 0 0 1
outer loop
vertex 72.96278381347656 45.36309051513672 5
vertex 54.70002746582031 38.02000427246094 5
vertex 68.8000259399414 38.02000427246094 5
endloop
endfacet
facet normal 0 0 1
outer loop
vertex 68.8000259399414 38.02000427246094 5
vertex 68.8000259399414 23.920005798339844 5
vertex 75.94136047363281 42.665771484375 5
endloop
endfacet
facet normal -0.9238791069161851 -0.38268445984094035 0
outer loop
vertex -60.754798889160156 -46.99510955810547 0
vertex -60.462318420410156 -47.70121765136719 0
vertex -60.754798889160156 -46.99510955810547 0.20000000298023224
endloop
endfacet
facet normal 0 0 1
outer loop
vertex 76.25003051757812 28.55314826965332 5
vertex 76.25003051757812 41.866207122802734 5
vertex 68.8000259399414 23.920005798339844 5
endloop
endfacet
facet normal 0 0 1
outer loop
vertex 78.70470428466797 25.855409622192383 5
vertex 79.69841003417969 22.997278213500977 5
vertex 80.6902084350586 23.66704559326172 5
endloop
endfacet
facet normal 0 0 1
outer loop
vertex 80.6902084350586 23.66704559326172 5
vertex 79.69841003417969 22.997278213500977 5
vertex 80.94847869873047 23.00089454650879 5
endloop
endfacet
facet normal 0 0 1
outer loop
vertex 79.69841003417969 22.997278213500977 5
vertex 78.70470428466797 25.855409622192383 5
vertex 73.5500259399414 19.02000617980957 5
endloop
endfacet
facet normal 0.9323769729834885 0.36148745517672826 0
outer loop
vertex 80.94847869873047 23.00089454650879 5
vertex 80.94847869873047 23.00089454650879 4.5
vertex 80.6902084350586 23.66704559326172 5
endloop
endfacet
facet normal 0 0 1
outer loop
vertex 76.2956771850586 28.378793716430664 5
vertex 73.5500259399414 19.02000617980957 5
vertex 77.15377807617188 26.85235023498535 5
endloop
endfacet
facet normal 0 0 1
outer loop
vertex 76.25003051757812 28.55314826965332 5
vertex 73.5500259399414 19.02000617980957 5
vertex 76.2956771850586 28.378793716430664 5
endloop
endfacet
facet normal 0 0 1
outer loop
vertex 77.27900695800781 26.722734451293945 5
vertex 73.5500259399414 19.02000617980957 5
vertex 78.70470428466797 25.855409622192383 5
endloop
endfacet
facet normal 0 0 1
outer loop
vertex 77.27900695800781 26.722734451293945 5
vertex 77.15377807617188 26.85235023498535 5
vertex 73.5500259399414 19.02000617980957 5
endloop
endfacet
facet normal 0 0 1
outer loop
vertex 68.8000259399414 23.920005798339844 5
vertex 73.5500259399414 19.02000617980957 5
vertex 76.25003051757812 28.55314826965332 5
endloop
endfacet
facet normal 0 0 1
outer loop
vertex 54.70002746582031 23.920005798339844 5
vertex 73.5500259399414 19.02000617980957 5
vertex 68.8000259399414 23.920005798339844 5
endloop
endfacet
facet normal 0 0 1
outer loop
vertex 72.96278381347656 45.36309051513672 5
vertex 49.80002975463867 38.02000427246094 5
vertex 54.70002746582031 38.02000427246094 5
endloop
endfacet
facet normal 0 0 1
outer loop
vertex 72.96278381347656 45.36309051513672 5
vertex 35.70002746582031 38.02000427246094 5
vertex 49.80002975463867 38.02000427246094 5
endloop
endfacet
facet normal 0 0 1
outer loop
vertex 72.96278381347656 45.36309051513672 5
vertex 28.42502784729004 38.02000427246094 5
vertex 35.70002746582031 38.02000427246094 5
endloop
endfacet
facet normal 0 0 1
outer loop
vertex 49.80002975463867 38.02000427246094 5
vertex 54.70002746582031 23.920005798339844 5
vertex 54.70002746582031 38.02000427246094 5
endloop
endfacet
facet normal 0 0 1
outer loop
vertex 49.80002975463867 38.02000427246094 5
vertex 49.80002975463867 23.920005798339844 5
vertex 54.70002746582031 23.920005798339844 5
endloop
endfacet
facet normal 0 0 1
outer loop
vertex 49.80002975463867 23.920005798339844 5
vertex 54.55002975463867 19.02000617980957 5
vertex 54.70002746582031 23.920005798339844 5
endloop
endfacet
facet normal 0 0 1
outer loop
vertex 49.80002975463867 23.920005798339844 5
vertex 35.70002746582031 23.920005798339844 5
vertex 54.55002975463867 19.02000617980957 5
endloop
endfacet
facet normal 0 0 -1
outer loop
vertex -53.70572280883789 -35.650882720947266 0
vertex -50.849971771240234 -47.6299934387207 0
vertex -57.38834762573242 -50.27999496459961 0
endloop
endfacet
facet normal 0 0 -1
outer loop
vertex -58.23369216918945 -49.929840087890625 0
vertex -59.51247024536133 -46.99510955810547 0
vertex -59.51247024536133 -27.995107650756836 0
endloop
endfacet
facet normal 0.7406014286761446 0.6719445839076713 0
outer loop
vertex 75.94136047363281 42.665771484375 5
vertex 73.85167694091797 44.968971252441406 0
vertex 73.85167694091797 44.968971252441406 5
endloop
endfacet
facet normal 0.40532729979454896 0.9141716359859674 0
outer loop
vertex 73.85167694091797 44.968971252441406 5
vertex 72.96278381347656 45.36309051513672 0
vertex 72.96278381347656 45.36309051513672 5
endloop
endfacet
facet normal 0.9328971595086438 0.3601428741217906 0
outer loop
vertex 76.25003051757812 41.866207122802734 5
vertex 75.94136047363281 42.665771484375 0
vertex 75.94136047363281 42.665771484375 5
endloop
endfacet
facet normal 1 0 0
outer loop
vertex 76.25003051757812 28.55314826965332 5
vertex 76.25003051757812 41.866207122802734 0
vertex 76.25003051757812 41.866207122802734 5
endloop
endfacet
facet normal 0 0 -1
outer loop
vertex -58.23369216918945 -49.929840087890625 0
vertex -59.51247024536133 -27.995107650756836 0
vertex -57.38834762573242 -50.27999496459961 0
endloop
endfacet
facet normal 0.9673961805656313 0.25326790129629245 0
outer loop
vertex 76.2956771850586 28.378793716430664 5
vertex 76.25003051757812 28.55314826965332 0
vertex 76.25003051757812 28.55314826965332 5
endloop
endfacet
facet normal 0.8717032669609552 0.4900340951093072 0
outer loop
vertex 77.15377807617188 26.85235023498535 5
vertex 76.2956771850586 28.378793716430664 0
vertex 76.2956771850586 28.378793716430664 5
endloop
endfacet
facet normal 0 0 -1
outer loop
vertex 17.659942626953125 -39.967533111572266 0
vertex 35.55002975463867 -33.079994201660156 0
vertex 17.875675201416016 -39.90209197998047 0
endloop
endfacet
facet normal 0 0 -1
outer loop
vertex 35.55002975463867 -33.079994201660156 0
vertex 1.0701093673706055 -45.52999496459961 0
vertex 31.000028610229492 -33.77999496459961 0
endloop
endfacet
facet normal 0 0 -1
outer loop
vertex 64.00003051757812 -33.77999496459961 0
vertex 18.54011344909668 -42.09245681762695 0
vertex 18.738933563232422 -41.986183166503906 0
endloop
endfacet
facet normal 0 0 -1
outer loop
vertex 64.00003051757812 -33.77999496459961 0
vertex 18.324382781982422 -42.15789794921875 0
vertex 18.54011344909668 -42.09245681762695 0
endloop
endfacet
facet normal 0 0 -1
outer loop
vertex 59.45002746582031 -33.079994201660156 0
vertex 19.05621910095215 -41.66889953613281 0
vertex 19.16248893737793 -41.4700813293457 0
endloop
endfacet
facet normal 0 0 -1
outer loop
vertex 59.45002746582031 -33.079994201660156 0
vertex 18.91320037841797 -41.84316635131836 0
vertex 19.05621910095215 -41.66889953613281 0
endloop
endfacet
facet normal 0 0 -1
outer loop
vertex 18.738933563232422 -41.986183166503906 0
vertex 18.91320037841797 -41.84316635131836 0
vertex 59.45002746582031 -33.079994201660156 0
endloop
endfacet
facet normal 0 0 -1
outer loop
vertex 50.00002670288086 -33.77999496459961 0
vertex 19.22793197631836 -41.25434875488281 0
vertex 19.250028610229492 -41.02999496459961 0
endloop
endfacet
facet normal 0 0 -1
outer loop
vertex 19.22793197631836 -41.25434875488281 0
vertex 50.00002670288086 -33.77999496459961 0
vertex 19.16248893737793 -41.4700813293457 0
endloop
endfacet
facet normal 0 0 -1
outer loop
vertex 18.324382781982422 -42.15789794921875 0
vertex 64.00003051757812 -33.77999496459961 0
vertex 1.0701093673706055 -45.52999496459961 0
endloop
endfacet
facet normal 0 0 -1
outer loop
vertex -59.51247024536133 -46.99510955810547 0
vertex -60.462318420410156 -47.70121765136719 0
vertex -60.754798889160156 -46.99510955810547 0
endloop
endfacet
facet normal 0 0 -1
outer loop
vertex -60.462318420410156 -47.70121765136719 0
vertex -59.51247024536133 -46.99510955810547 0
vertex -58.23369216918945 -49.929840087890625 0
endloop
endfacet
facet normal 0 0 -1
outer loop
vertex 21.450027465820312 -26.14151954650879 0
vertex 20.04973602294922 -26.639995574951172 0
vertex 20.01548194885254 -26.46778678894043 0
endloop
endfacet
facet normal 0 0 -1
outer loop
vertex 21.450027465820312 -26.14151954650879 0
vertex 20.01548194885254 -26.81220245361328 0
vertex 20.04973602294922 -26.639995574951172 0
endloop
endfacet
facet normal 0 0 -1
outer loop
vertex 21.450027465820312 -26.14151954650879 0
vertex 19.91793441772461 -26.958192825317383 0
vertex 20.01548194885254 -26.81220245361328 0
endloop
endfacet
facet normal 0 0 -1
outer loop
vertex 19.91793441772461 -26.958192825317383 0
vertex 21.450027465820312 -26.14151954650879 0
vertex 19.427528381347656 -27.49424934387207 0
endloop
endfacet
facet normal 0 0 -1
outer loop
vertex 21.450027465820312 -26.14151954650879 0
vertex 19.771944046020508 -27.49424934387207 0
vertex 19.5997371673584 -27.45999526977539 0
endloop
endfacet
facet normal 0 0 -1
outer loop
vertex 21.450027465820312 -26.14151954650879 0
vertex 19.91793441772461 -27.591796875 0
vertex 19.771944046020508 -27.49424934387207 0
endloop
endfacet
facet normal 0 0 -1
outer loop
vertex 19.427528381347656 -27.49424934387207 0
vertex 21.450027465820312 -26.14151954650879 0
vertex 19.5997371673584 -27.45999526977539 0
endloop
endfacet
facet normal 0 0 -1
outer loop
vertex 21.450027465820312 -26.14151954650879 0
vertex 20.01548194885254 -27.7377872467041 0
vertex 19.91793441772461 -27.591796875 0
endloop
endfacet
facet normal 0 0 -1
outer loop
vertex 21.450027465820312 -26.14151954650879 0
vertex 20.04973602294922 -27.90999412536621 0
vertex 20.01548194885254 -27.7377872467041 0
endloop
endfacet
facet normal 0 0 -1
outer loop
vertex 21.450027465820312 -26.14151954650879 0
vertex 20.01548194885254 -28.082202911376953 0
vertex 20.04973602294922 -27.90999412536621 0
endloop
endfacet
facet normal 0 0 -1
outer loop
vertex 21.450027465820312 -26.14151954650879 0
vertex 19.91793441772461 -28.861797332763672 0
vertex 20.01548194885254 -28.082202911376953 0
endloop
endfacet
facet normal 0 0 -1
outer loop
vertex 19.281538009643555 -27.591796875 0
vertex 19.771944046020508 -27.055740356445312 0
vertex 19.91793441772461 -26.958192825317383 0
endloop
endfacet
facet normal 0 0 -1
outer loop
vertex 19.427528381347656 -27.49424934387207 0
vertex 19.281538009643555 -27.591796875 0
vertex 19.91793441772461 -26.958192825317383 0
endloop
endfacet
facet normal 0 0 -1
outer loop
vertex 19.183990478515625 -26.46778678894043 0
vertex 16.55002784729004 -26.28175926208496 0
vertex 19.281538009643555 -26.321796417236328 0
endloop
endfacet
facet normal 0 0 -1
outer loop
vertex 16.55002784729004 -26.28175926208496 0
vertex 19.183990478515625 -26.81220245361328 0
vertex 19.281538009643555 -26.958192825317383 0
endloop
endfacet
facet normal 0 0 -1
outer loop
vertex 19.149736404418945 -26.639995574951172 0
vertex 16.55002784729004 -26.28175926208496 0
vertex 19.183990478515625 -26.46778678894043 0
endloop
endfacet
facet normal 0 0 -1
outer loop
vertex 19.183990478515625 -26.81220245361328 0
vertex 16.55002784729004 -26.28175926208496 0
vertex 19.149736404418945 -26.639995574951172 0
endloop
endfacet
facet normal 0 0 -1
outer loop
vertex 19.281538009643555 -26.958192825317383 0
vertex 19.427528381347656 -27.055740356445312 0
vertex 16.55002784729004 -26.28175926208496 0
endloop
endfacet
facet normal 0 0 -1
outer loop
vertex 21.450027465820312 -26.14151954650879 0
vertex 20.01548194885254 -29.007787704467773 0
vertex 19.91793441772461 -28.861797332763672 0
endloop
endfacet
facet normal 0 0 -1
outer loop
vertex 21.450027465820312 -26.14151954650879 0
vertex 20.04973602294922 -29.179994583129883 0
vertex 20.01548194885254 -29.007787704467773 0
endloop
endfacet
facet normal 0 0 -1
outer loop
vertex 21.450027465820312 -26.14151954650879 0
vertex 20.01548194885254 -29.352201461791992 0
vertex 20.04973602294922 -29.179994583129883 0
endloop
endfacet
facet normal 0 0 -1
outer loop
vertex 21.450027465820312 -26.14151954650879 0
vertex 19.91793441772461 -30.13179588317871 0
vertex 20.01548194885254 -29.352201461791992 0
endloop
endfacet
facet normal 0 0 -1
outer loop
vertex 19.91793441772461 -28.228193283081055 0
vertex 20.01548194885254 -28.082202911376953 0
vertex 19.91793441772461 -28.861797332763672 0
endloop
endfacet
facet normal 0 0 -1
outer loop
vertex 19.281538009643555 -28.861797332763672 0
vertex 19.771944046020508 -28.325740814208984 0
vertex 19.91793441772461 -28.228193283081055 0
endloop
endfacet
facet normal 0 0 -1
outer loop
vertex 19.91793441772461 -28.228193283081055 0
vertex 19.5997371673584 -28.72999382019043 0
vertex 19.427528381347656 -28.764249801635742 0
endloop
endfacet
facet normal 0 0 -1
outer loop
vertex 19.91793441772461 -28.228193283081055 0
vertex 19.771944046020508 -28.764249801635742 0
vertex 19.5997371673584 -28.72999382019043 0
endloop
endfacet
facet normal 0 0 -1
outer loop
vertex 21.450027465820312 -26.14151954650879 0
vertex 20.01548194885254 -30.277786254882812 0
vertex 19.91793441772461 -30.13179588317871 0
endloop
endfacet
facet normal 0 0 -1
outer loop
vertex 21.450027465820312 -26.14151954650879 0
vertex 20.04973602294922 -30.449995040893555 0
vertex 20.01548194885254 -30.277786254882812 0
endloop
endfacet
facet normal 0 0 -1
outer loop
vertex 21.450027465820312 -26.14151954650879 0
vertex 20.01548194885254 -30.622201919555664 0
vertex 20.04973602294922 -30.449995040893555 0
endloop
endfacet
facet normal 0 0 -1
outer loop
vertex 19.91793441772461 -28.861797332763672 0
vertex 19.771944046020508 -28.764249801635742 0
vertex 19.91793441772461 -28.228193283081055 0
endloop
endfacet
facet normal 0 0 -1
outer loop
vertex 19.281538009643555 -28.861797332763672 0
vertex 19.91793441772461 -28.228193283081055 0
vertex 19.427528381347656 -28.764249801635742 0
endloop
endfacet
facet normal 0 0 -1
outer loop
vertex 19.5997371673584 -27.089994430541992 0
vertex 16.55002784729004 -30.275907516479492 0
vertex 19.427528381347656 -27.055740356445312 0
endloop
endfacet
facet normal 0 0 -1
outer loop
vertex 19.5997371673584 -27.089994430541992 0
vertex 19.771944046020508 -27.055740356445312 0
vertex 16.55002784729004 -30.275907516479492 0
endloop
endfacet
facet normal 0 0 -1
outer loop
vertex 19.281538009643555 -27.591796875 0
vertex 16.55002784729004 -30.275907516479492 0
vertex 19.771944046020508 -27.055740356445312 0
endloop
endfacet
facet normal 0 0 -1
outer loop
vertex 19.183990478515625 -27.7377872467041 0
vertex 16.55002784729004 -30.275907516479492 0
vertex 19.281538009643555 -27.591796875 0
endloop
endfacet
facet normal 0 0 -1
outer loop
vertex 19.281538009643555 -28.228193283081055 0
vertex 16.55002784729004 -30.275907516479492 0
vertex 19.183990478515625 -28.082202911376953 0
endloop
endfacet
facet normal 0 0 -1
outer loop
vertex 19.149736404418945 -27.90999412536621 0
vertex 16.55002784729004 -30.275907516479492 0
vertex 19.183990478515625 -27.7377872467041 0
endloop
endfacet
facet normal 0 0 -1
outer loop
vertex 16.55002784729004 -30.275907516479492 0
vertex 19.149736404418945 -27.90999412536621 0
vertex 19.183990478515625 -28.082202911376953 0
endloop
endfacet
facet normal 0 0 -1
outer loop
vertex 19.427528381347656 -28.325740814208984 0
vertex 16.55002784729004 -30.803144454956055 0
vertex 19.281538009643555 -28.228193283081055 0
endloop
endfacet
facet normal 0 0 -1
outer loop
vertex 19.5997371673584 -28.359994888305664 0
vertex 16.55002784729004 -30.803144454956055 0
vertex 19.427528381347656 -28.325740814208984 0
endloop
endfacet
facet normal 0 0 -1
outer loop
vertex 19.5997371673584 -28.359994888305664 0
vertex 19.771944046020508 -28.325740814208984 0
vertex 16.55002784729004 -30.803144454956055 0
endloop
endfacet
facet normal 0 0 -1
outer loop
vertex 19.281538009643555 -28.861797332763672 0
vertex 16.55002784729004 -30.803144454956055 0
vertex 19.771944046020508 -28.325740814208984 0
endloop
endfacet
facet normal 0 0 -1
outer loop
vertex 16.55002784729004 -30.275907516479492 0
vertex 16.55002784729004 -26.28175926208496 0
vertex 19.427528381347656 -27.055740356445312 0
endloop
endfacet
facet normal 0 0 -1
outer loop
vertex 21.450027465820312 -26.14151954650879 0
vertex 19.91793441772461 -31.401796340942383 0
vertex 20.01548194885254 -30.622201919555664 0
endloop
endfacet
facet normal 0 0 -1
outer loop
vertex 19.91793441772461 -31.401796340942383 0
vertex 21.450027465820312 -26.14151954650879 0
vertex 20.01548194885254 -31.547786712646484 0
endloop
endfacet
facet normal 0 0 -1
outer loop
vertex 19.91793441772461 -29.498191833496094 0
vertex 20.01548194885254 -29.352201461791992 0
vertex 19.91793441772461 -30.13179588317871 0
endloop
endfacet
facet normal 0 0 -1
outer loop
vertex 19.91793441772461 -30.13179588317871 0
vertex 19.771944046020508 -30.03424835205078 0
vertex 19.91793441772461 -29.498191833496094 0
endloop
endfacet
facet normal 0 0 -1
outer loop
vertex 19.281538009643555 -30.13179588317871 0
vertex 19.771944046020508 -29.595741271972656 0
vertex 19.91793441772461 -29.498191833496094 0
endloop
endfacet
facet normal 0 0 -1
outer loop
vertex 19.91793441772461 -29.498191833496094 0
vertex 19.5997371673584 -29.9999942779541 0
vertex 19.427528381347656 -30.03424835205078 0
endloop
endfacet
facet normal 0 0 -1
outer loop
vertex 19.5997371673584 -29.9999942779541 0
vertex 19.91793441772461 -29.498191833496094 0
vertex 19.771944046020508 -30.03424835205078 0
endloop
endfacet
facet normal 0 0 -1
outer loop
vertex 19.281538009643555 -30.13179588317871 0
vertex 19.91793441772461 -29.498191833496094 0
vertex 19.427528381347656 -30.03424835205078 0
endloop
endfacet
facet normal 0 0 -1
outer loop
vertex 19.183990478515625 -29.007787704467773 0
vertex 16.55002784729004 -30.803144454956055 0
vertex 19.281538009643555 -28.861797332763672 0
endloop
endfacet
facet normal 0 0 -1
outer loop
vertex 19.149736404418945 -29.179994583129883 0
vertex 16.55002784729004 -30.803144454956055 0
vertex 19.183990478515625 -29.007787704467773 0
endloop
endfacet
facet normal 0 0 -1
outer loop
vertex 19.281538009643555 -29.498191833496094 0
vertex 16.55002784729004 -30.803144454956055 0
vertex 19.183990478515625 -29.352201461791992 0
endloop
endfacet
facet normal 0 0 -1
outer loop
vertex 19.427528381347656 -29.595741271972656 0
vertex 16.55002784729004 -30.803144454956055 0
vertex 19.281538009643555 -29.498191833496094 0
endloop
endfacet
facet normal 0 0 -1
outer loop
vertex 16.55002784729004 -30.803144454956055 0
vertex 19.149736404418945 -29.179994583129883 0
vertex 19.183990478515625 -29.352201461791992 0
endloop
endfacet
facet normal 0 0 -1
outer loop
vertex 19.5997371673584 -29.629995346069336 0
vertex 16.55002784729004 -32.0765495300293 0
vertex 19.427528381347656 -29.595741271972656 0
endloop
endfacet
facet normal 0 0 -1
outer loop
vertex 19.5997371673584 -29.629995346069336 0
vertex 19.771944046020508 -29.595741271972656 0
vertex 16.55002784729004 -32.0765495300293 0
endloop
endfacet
facet normal 0 0 -1
outer loop
vertex 19.281538009643555 -30.13179588317871 0
vertex 16.55002784729004 -32.0765495300293 0
vertex 19.771944046020508 -29.595741271972656 0
endloop
endfacet
facet normal 0 0 -1
outer loop
vertex 19.183990478515625 -30.277786254882812 0
vertex 16.55002784729004 -32.0765495300293 0
vertex 19.281538009643555 -30.13179588317871 0
endloop
endfacet
facet normal 0 0 -1
outer loop
vertex 19.91793441772461 -31.401796340942383 0
vertex 19.91793441772461 -30.768192291259766 0
vertex 20.01548194885254 -30.622201919555664 0
endloop
endfacet
facet normal 0 0 -1
outer loop
vertex 19.91793441772461 -31.401796340942383 0
vertex 19.771944046020508 -30.865739822387695 0
vertex 19.91793441772461 -30.768192291259766 0
endloop
endfacet
facet normal 0 0 -1
outer loop
vertex 19.91793441772461 -31.401796340942383 0
vertex 19.771944046020508 -31.304248809814453 0
vertex 19.771944046020508 -30.865739822387695 0
endloop
endfacet
facet normal 0 0 -1
outer loop
vertex 19.771944046020508 -31.304248809814453 0
vertex 19.5997371673584 -30.899993896484375 0
vertex 19.771944046020508 -30.865739822387695 0
endloop
endfacet
facet normal 0 0 -1
outer loop
vertex 19.5997371673584 -31.269994735717773 0
vertex 19.5997371673584 -30.899993896484375 0
vertex 19.771944046020508 -31.304248809814453 0
endloop
endfacet
facet normal 0 0 -1
outer loop
vertex 19.5997371673584 -31.269994735717773 0
vertex 19.427528381347656 -30.865739822387695 0
vertex 19.5997371673584 -30.899993896484375 0
endloop
endfacet
facet normal 0 0 -1
outer loop
vertex 19.427528381347656 -31.304248809814453 0
vertex 19.427528381347656 -30.865739822387695 0
vertex 19.5997371673584 -31.269994735717773 0
endloop
endfacet
facet normal 0 0 -1
outer loop
vertex 19.281538009643555 -31.401796340942383 0
vertex 19.427528381347656 -30.865739822387695 0
vertex 19.427528381347656 -31.304248809814453 0
endloop
endfacet
facet normal 0 0 -1
outer loop
vertex 21.450027465820312 -33.079994201660156 0
vertex 20.04973602294922 -31.719995498657227 0
vertex 20.01548194885254 -31.547786712646484 0
endloop
endfacet
facet normal 0 0 -1
outer loop
vertex 21.450027465820312 -33.079994201660156 0
vertex 20.01548194885254 -31.892202377319336 0
vertex 20.04973602294922 -31.719995498657227 0
endloop
endfacet
facet normal 0 0 -1
outer loop
vertex 19.91793441772461 -32.03819274902344 0
vertex 19.91793441772461 -32.67179489135742 0
vertex 19.771944046020508 -32.1357421875 0
endloop
endfacet
facet normal 0 0 -1
outer loop
vertex 19.771944046020508 -32.1357421875 0
vertex 19.771944046020508 -32.574249267578125 0
vertex 19.5997371673584 -32.16999435424805 0
endloop
endfacet
facet normal 0 0 -1
outer loop
vertex 19.5997371673584 -32.16999435424805 0
vertex 19.427528381347656 -32.574249267578125 0
vertex 19.427528381347656 -32.1357421875 0
endloop
endfacet
facet normal 0 0 -1
outer loop
vertex 19.427528381347656 -32.574249267578125 0
vertex 19.281538009643555 -32.03819274902344 0
vertex 19.427528381347656 -32.1357421875 0
endloop
endfacet
facet normal 0 0 -1
outer loop
vertex 19.281538009643555 -30.768192291259766 0
vertex 16.55002784729004 -32.0765495300293 0
vertex 19.183990478515625 -30.622201919555664 0
endloop
endfacet
facet normal 0 0 -1
outer loop
vertex 19.149736404418945 -30.449995040893555 0
vertex 16.55002784729004 -32.0765495300293 0
vertex 19.183990478515625 -30.277786254882812 0
endloop
endfacet
facet normal 0 0 -1
outer loop
vertex 16.55002784729004 -32.0765495300293 0
vertex 19.149736404418945 -30.449995040893555 0
vertex 19.183990478515625 -30.622201919555664 0
endloop
endfacet
facet normal 0 0 -1
outer loop
vertex 19.427528381347656 -30.865739822387695 0
vertex 16.55002784729004 -32.0765495300293 0
vertex 19.281538009643555 -30.768192291259766 0
endloop
endfacet
facet normal 0 0 -1
outer loop
vertex 19.281538009643555 -31.401796340942383 0
vertex 16.55002784729004 -32.0765495300293 0
vertex 19.427528381347656 -30.865739822387695 0
endloop
endfacet
facet normal 0 0 -1
outer loop
vertex 19.183990478515625 -31.547786712646484 0
vertex 16.55002784729004 -32.0765495300293 0
vertex 19.281538009643555 -31.401796340942383 0
endloop
endfacet
facet normal 0 0 -1
outer loop
vertex 19.149736404418945 -31.719995498657227 0
vertex 16.55002784729004 -32.0765495300293 0
vertex 19.183990478515625 -31.547786712646484 0
endloop
endfacet
facet normal 0 0 -1
outer loop
vertex 19.183990478515625 -31.892202377319336 0
vertex 16.55002784729004 -32.0765495300293 0
vertex 19.149736404418945 -31.719995498657227 0
endloop
endfacet
facet normal 0 0 -1
outer loop
vertex 19.281538009643555 -32.03819274902344 0
vertex 16.55002784729004 -32.0765495300293 0
vertex 19.183990478515625 -31.892202377319336 0
endloop
endfacet
facet normal 0 0 -1
outer loop
vertex 19.281538009643555 -32.03819274902344 0
vertex 19.281538009643555 -32.67179489135742 0
vertex 16.55002784729004 -32.0765495300293 0
endloop
endfacet
facet normal 0 0 -1
outer loop
vertex 16.55002784729004 -30.803144454956055 0
vertex 16.55002784729004 -30.275907516479492 0
vertex 19.281538009643555 -28.228193283081055 0
endloop
endfacet
facet normal 0 0 -1
outer loop
vertex 16.55002784729004 -32.0765495300293 0
vertex 16.55002784729004 -30.803144454956055 0
vertex 19.427528381347656 -29.595741271972656 0
endloop
endfacet
facet normal 0 0 -1
outer loop
vertex 21.450027465820312 -33.079994201660156 0
vertex 19.91793441772461 -32.03819274902344 0
vertex 20.01548194885254 -31.892202377319336 0
endloop
endfacet
facet normal 0 0 -1
outer loop
vertex 21.450027465820312 -33.079994201660156 0
vertex 19.91793441772461 -32.67179489135742 0
vertex 19.91793441772461 -32.03819274902344 0
endloop
endfacet
facet normal 0 0 -1
outer loop
vertex 21.450027465820312 -33.079994201660156 0
vertex 20.01548194885254 -32.817787170410156 0
vertex 19.91793441772461 -32.67179489135742 0
endloop
endfacet
facet normal 0 0 -1
outer loop
vertex 21.450027465820312 -33.079994201660156 0
vertex 20.04973602294922 -32.989994049072266 0
vertex 20.01548194885254 -32.817787170410156 0
endloop
endfacet
facet normal 0 0 -1
outer loop
vertex 19.91793441772461 -32.67179489135742 0
vertex 19.771944046020508 -32.574249267578125 0
vertex 19.771944046020508 -32.1357421875 0
endloop
endfacet
facet normal 0 0 -1
outer loop
vertex 19.5997371673584 -32.53999328613281 0
vertex 19.5997371673584 -32.16999435424805 0
vertex 19.771944046020508 -32.574249267578125 0
endloop
endfacet
facet normal 0 0 -1
outer loop
vertex 19.427528381347656 -32.574249267578125 0
vertex 19.5997371673584 -32.16999435424805 0
vertex 19.5997371673584 -32.53999328613281 0
endloop
endfacet
facet normal 0 0 -1
outer loop
vertex 19.281538009643555 -32.67179489135742 0
vertex 19.281538009643555 -32.03819274902344 0
vertex 19.427528381347656 -32.574249267578125 0
endloop
endfacet
facet normal 0 0 -1
outer loop
vertex 21.450027465820312 -33.079994201660156 0
vertex 20.01548194885254 -33.162200927734375 0
vertex 20.04973602294922 -32.989994049072266 0
endloop
endfacet
facet normal 0 0 -1
outer loop
vertex 21.450027465820312 -33.079994201660156 0
vertex 19.91793441772461 -33.30819320678711 0
vertex 20.01548194885254 -33.162200927734375 0
endloop
endfacet
facet normal 0 0 -1
outer loop
vertex 21.450027465820312 -33.079994201660156 0
vertex 19.5997371673584 -33.809993743896484 0
vertex 19.91793441772461 -33.30819320678711 0
endloop
endfacet
facet normal 0 0 -1
outer loop
vertex 21.450027465820312 -33.079994201660156 0
vertex 19.91793441772461 -33.941795349121094 0
vertex 19.771944046020508 -33.8442497253418 0
endloop
endfacet
facet normal 0 0 -1
outer loop
vertex 19.771944046020508 -33.8442497253418 0
vertex 19.5997371673584 -33.809993743896484 0
vertex 21.450027465820312 -33.079994201660156 0
endloop
endfacet
facet normal 0 0 -1
outer loop
vertex 21.450027465820312 -33.079994201660156 0
vertex 20.01548194885254 -34.08778762817383 0
vertex 19.91793441772461 -33.941795349121094 0
endloop
endfacet
facet normal 0 0 -1
outer loop
vertex 21.450027465820312 -33.079994201660156 0
vertex 20.04973602294922 -34.25999450683594 0
vertex 20.01548194885254 -34.08778762817383 0
endloop
endfacet
facet normal 0 0 -1
outer loop
vertex 19.5997371673584 -33.809993743896484 0
vertex 19.771944046020508 -33.405738830566406 0
vertex 19.91793441772461 -33.30819320678711 0
endloop
endfacet
facet normal 0 0 -1
outer loop
vertex 19.5997371673584 -33.809993743896484 0
vertex 19.5997371673584 -33.43999481201172 0
vertex 19.771944046020508 -33.405738830566406 0
endloop
endfacet
facet normal 0 0 -1
outer loop
vertex 19.5997371673584 -33.809993743896484 0
vertex 19.427528381347656 -33.405738830566406 0
vertex 19.5997371673584 -33.43999481201172 0
endloop
endfacet
facet normal 0 0 -1
outer loop
vertex 19.427528381347656 -33.405738830566406 0
vertex 19.427528381347656 -33.8442497253418 0
vertex 19.281538009643555 -33.30819320678711 0
endloop
endfacet
facet normal 0 0 -1
outer loop
vertex 19.427528381347656 -33.8442497253418 0
vertex 19.427528381347656 -33.405738830566406 0
vertex 19.5997371673584 -33.809993743896484 0
endloop
endfacet
facet normal 0 0 -1
outer loop
vertex 19.281538009643555 -33.941795349121094 0
vertex 19.281538009643555 -33.30819320678711 0
vertex 19.427528381347656 -33.8442497253418 0
endloop
endfacet
facet normal 0 0 -1
outer loop
vertex 19.183990478515625 -32.817787170410156 0
vertex 16.55002784729004 -32.0765495300293 0
vertex 19.281538009643555 -32.67179489135742 0
endloop
endfacet
facet normal 0 0 -1
outer loop
vertex 19.149736404418945 -32.989994049072266 0
vertex 16.55002784729004 -32.0765495300293 0
vertex 19.183990478515625 -32.817787170410156 0
endloop
endfacet
facet normal 0 0 -1
outer loop
vertex 19.281538009643555 -33.30819320678711 0
vertex 16.55002784729004 -33.079994201660156 0
vertex 19.183990478515625 -33.162200927734375 0
endloop
endfacet
facet normal 0 0 -1
outer loop
vertex 19.281538009643555 -33.941795349121094 0
vertex 16.55002784729004 -33.079994201660156 0
vertex 19.281538009643555 -33.30819320678711 0
endloop
endfacet
facet normal 0 0 -1
outer loop
vertex 16.55002784729004 -33.079994201660156 0
vertex 19.149736404418945 -32.989994049072266 0
vertex 19.183990478515625 -33.162200927734375 0
endloop
endfacet
facet normal 0 0 -1
outer loop
vertex 19.183990478515625 -34.08778762817383 0
vertex 16.55002784729004 -33.079994201660156 0
vertex 19.281538009643555 -33.941795349121094 0
endloop
endfacet
facet normal 0 0 -1
outer loop
vertex 19.149736404418945 -34.25999450683594 0
vertex 16.55002784729004 -33.079994201660156 0
vertex 19.183990478515625 -34.08778762817383 0
endloop
endfacet
facet normal 0 0 -1
outer loop
vertex 21.450027465820312 -33.079994201660156 0
vertex 20.01548194885254 -34.43220138549805 0
vertex 20.04973602294922 -34.25999450683594 0
endloop
endfacet
facet normal 0 0 -1
outer loop
vertex 20.01548194885254 -34.43220138549805 0
vertex 21.450027465820312 -33.079994201660156 0
vertex 19.771944046020508 -35.11425018310547 0
endloop
endfacet
facet normal 0 0 -1
outer loop
vertex 19.91793441772461 -34.57819366455078 0
vertex 20.01548194885254 -34.43220138549805 0
vertex 19.771944046020508 -35.11425018310547 0
endloop
endfacet
facet normal 0 0 -1
outer loop
vertex 19.771944046020508 -34.67573928833008 0
vertex 19.91793441772461 -34.57819366455078 0
vertex 19.771944046020508 -35.11425018310547 0
endloop
endfacet
facet normal 0 0 -1
outer loop
vertex 19.771944046020508 -34.67573928833008 0
vertex 19.5997371673584 -35.079994201660156 0
vertex 19.5997371673584 -34.70999526977539 0
endloop
endfacet
facet normal 0 0 -1
outer loop
vertex 19.5997371673584 -35.079994201660156 0
vertex 19.771944046020508 -34.67573928833008 0
vertex 19.771944046020508 -35.11425018310547 0
endloop
endfacet
facet normal 0 0 -1
outer loop
vertex 19.427528381347656 -35.11425018310547 0
vertex 19.5997371673584 -34.70999526977539 0
vertex 19.5997371673584 -35.079994201660156 0
endloop
endfacet
facet normal 0 0 -1
outer loop
vertex 19.281538009643555 -35.211795806884766 0
vertex 19.5997371673584 -34.70999526977539 0
vertex 19.427528381347656 -35.11425018310547 0
endloop
endfacet
facet normal 0 0 -1
outer loop
vertex 16.55002784729004 -33.079994201660156 0
vertex 16.55002784729004 -32.0765495300293 0
vertex 19.149736404418945 -32.989994049072266 0
endloop
endfacet
facet normal 0 0 -1
outer loop
vertex 16.55002784729004 -33.079994201660156 0
vertex 12.000028610229492 -33.77999496459961 0
vertex 12.000028610229492 -33.079994201660156 0
endloop
endfacet
facet normal 0 0 -1
outer loop
vertex 19.5997371673584 -34.70999526977539 0
vertex 1.0701093673706055 -45.52999496459961 0
vertex 19.427528381347656 -34.67573928833008 0
endloop
endfacet
facet normal 0 0 -1
outer loop
vertex 1.0701093673706055 -45.52999496459961 0
vertex 19.281538009643555 -34.57819366455078 0
vertex 19.427528381347656 -34.67573928833008 0
endloop
endfacet
facet normal 0 0 -1
outer loop
vertex 19.183990478515625 -34.43220138549805 0
vertex 1.0701093673706055 -45.52999496459961 0
vertex 19.149736404418945 -34.25999450683594 0
endloop
endfacet
facet normal 0 0 -1
outer loop
vertex 1.0701093673706055 -45.52999496459961 0
vertex 19.183990478515625 -34.43220138549805 0
vertex 19.281538009643555 -34.57819366455078 0
endloop
endfacet
facet normal 0 0 -1
outer loop
vertex 1.0701093673706055 -45.52999496459961 0
vertex 16.55002784729004 -33.079994201660156 0
vertex 19.149736404418945 -34.25999450683594 0
endloop
endfacet
facet normal 0 0 -1
outer loop
vertex 2.45002818107605 -33.079994201660156 0
vertex 1.0157740116119385 -30.277786254882812 0
vertex 2.45002818107605 -18.97999382019043 0
endloop
endfacet
facet normal 0 0 -1
outer loop
vertex 0.18428242206573486 -26.81220245361328 0
vertex 0.18428242206573486 -27.7377872467041 0
vertex 0.15002821385860443 -26.639995574951172 0
endloop
endfacet
facet normal 0 0 -1
outer loop
vertex 1.0500282049179077 -27.90999412536621 0
vertex 1.0157740116119385 -26.81220245361328 0
vertex 1.0500282049179077 -26.639995574951172 0
endloop
endfacet
facet normal 0 0 -1
outer loop
vertex 1.0157740116119385 -26.81220245361328 0
vertex 1.0157740116119385 -27.7377872467041 0
vertex 0.9182262420654297 -26.958192825317383 0
endloop
endfacet
facet normal 0 0 -1
outer loop
vertex 0.9182262420654297 -26.958192825317383 0
vertex 0.9182262420654297 -27.591796875 0
vertex 0.7722357511520386 -27.055740356445312 0
endloop
endfacet
facet normal 0 0 -1
outer loop
vertex 1.0157740116119385 -27.7377872467041 0
vertex 0.9182262420654297 -27.591796875 0
vertex 0.9182262420654297 -26.958192825317383 0
endloop
endfacet
facet normal 0 0 -1
outer loop
vertex 0.7722357511520386 -27.49424934387207 0
vertex 0.7722357511520386 -27.055740356445312 0
vertex 0.9182262420654297 -27.591796875 0
endloop
endfacet
facet normal 0 0 -1
outer loop
vertex 1.0500282049179077 -27.90999412536621 0
vertex 1.0157740116119385 -27.7377872467041 0
vertex 1.0157740116119385 -26.81220245361328 0
endloop
endfacet
facet normal 0 0 -1
outer loop
vertex 0.7722357511520386 -27.49424934387207 0
vertex 0.6000282168388367 -27.089994430541992 0
vertex 0.7722357511520386 -27.055740356445312 0
endloop
endfacet
facet normal 0 0 -1
outer loop
vertex 0.6000282168388367 -27.089994430541992 0
vertex 0.42782068252563477 -27.49424934387207 0
vertex 0.42782068252563477 -27.055740356445312 0
endloop
endfacet
facet normal 0 0 -1
outer loop
vertex 0.6000282168388367 -27.45999526977539 0
vertex 0.6000282168388367 -27.089994430541992 0
vertex 0.7722357511520386 -27.49424934387207 0
endloop
endfacet
facet normal 0 0 -1
outer loop
vertex 0.42782068252563477 -27.49424934387207 0
vertex 0.6000282168388367 -27.089994430541992 0
vertex 0.6000282168388367 -27.45999526977539 0
endloop
endfacet
facet normal 0 0 -1
outer loop
vertex 0.42782068252563477 -27.49424934387207 0
vertex 0.28183016180992126 -26.958192825317383 0
vertex 0.42782068252563477 -27.055740356445312 0
endloop
endfacet
facet normal 0 0 -1
outer loop
vertex 0.28183016180992126 -26.958192825317383 0
vertex 0.28183016180992126 -27.591796875 0
vertex 0.18428242206573486 -26.81220245361328 0
endloop
endfacet
facet normal 0 0 -1
outer loop
vertex 0.28183016180992126 -27.591796875 0
vertex 0.28183016180992126 -26.958192825317383 0
vertex 0.42782068252563477 -27.49424934387207 0
endloop
endfacet
facet normal 0 0 -1
outer loop
vertex 0.18428242206573486 -27.7377872467041 0
vertex 0.18428242206573486 -26.81220245361328 0
vertex 0.28183016180992126 -27.591796875 0
endloop
endfacet
facet normal 0 0 -1
outer loop
vertex 0.15002821385860443 -27.90999412536621 0
vertex 0.15002821385860443 -26.639995574951172 0
vertex 0.18428242206573486 -27.7377872467041 0
endloop
endfacet
facet normal 0 0 -1
outer loop
vertex 1.0500282049179077 -29.179994583129883 0
vertex 1.0157740116119385 -28.082202911376953 0
vertex 1.0500282049179077 -27.90999412536621 0
endloop
endfacet
facet normal 0 0 -1
outer loop
vertex 1.0157740116119385 -28.082202911376953 0
vertex 1.0157740116119385 -29.007787704467773 0
vertex 0.9182262420654297 -28.228193283081055 0
endloop
endfacet
facet normal 0 0 -1
outer loop
vertex 0.9182262420654297 -28.228193283081055 0
vertex 0.9182262420654297 -28.861797332763672 0
vertex 0.7722357511520386 -28.325740814208984 0
endloop
endfacet
facet normal 0 0 -1
outer loop
vertex 0.7722357511520386 -28.325740814208984 0
vertex 0.7722357511520386 -28.764249801635742 0
vertex 0.6000282168388367 -28.359994888305664 0
endloop
endfacet
facet normal 0 0 -1
outer loop
vertex 0.6000282168388367 -28.359994888305664 0
vertex 0.6000282168388367 -28.72999382019043 0
vertex 0.42782068252563477 -28.325740814208984 0
endloop
endfacet
facet normal 0 0 -1
outer loop
vertex 0.28183016180992126 -28.228193283081055 0
vertex 0.28183016180992126 -28.861797332763672 0
vertex 0.18428242206573486 -28.082202911376953 0
endloop
endfacet
facet normal 0 0 -1
outer loop
vertex 0.18428242206573486 -28.082202911376953 0
vertex 0.18428242206573486 -29.007787704467773 0
vertex 0.15002821385860443 -27.90999412536621 0
endloop
endfacet
facet normal 0 0 -1
outer loop
vertex 0.42782068252563477 -28.325740814208984 0
vertex 0.42782068252563477 -28.764249801635742 0
vertex 0.28183016180992126 -28.228193283081055 0
endloop
endfacet
facet normal 0 0 -1
outer loop
vertex 1.0500282049179077 -29.179994583129883 0
vertex 1.0157740116119385 -29.007787704467773 0
vertex 1.0157740116119385 -28.082202911376953 0
endloop
endfacet
facet normal 0 0 -1
outer loop
vertex 1.0157740116119385 -29.007787704467773 0
vertex 0.9182262420654297 -28.861797332763672 0
vertex 0.9182262420654297 -28.228193283081055 0
endloop
endfacet
facet normal 0 0 -1
outer loop
vertex 0.9182262420654297 -28.861797332763672 0
vertex 0.7722357511520386 -28.764249801635742 0
vertex 0.7722357511520386 -28.325740814208984 0
endloop
endfacet
facet normal 0 0 -1
outer loop
vertex 0.6000282168388367 -28.72999382019043 0
vertex 0.6000282168388367 -28.359994888305664 0
vertex 0.7722357511520386 -28.764249801635742 0
endloop
endfacet
facet normal 0 0 -1
outer loop
vertex 0.42782068252563477 -28.764249801635742 0
vertex 0.42782068252563477 -28.325740814208984 0
vertex 0.6000282168388367 -28.72999382019043 0
endloop
endfacet
facet normal 0 0 -1
outer loop
vertex 0.28183016180992126 -28.861797332763672 0
vertex 0.28183016180992126 -28.228193283081055 0
vertex 0.42782068252563477 -28.764249801635742 0
endloop
endfacet
facet normal 0 0 -1
outer loop
vertex 0.18428242206573486 -29.007787704467773 0
vertex 0.18428242206573486 -28.082202911376953 0
vertex 0.28183016180992126 -28.861797332763672 0
endloop
endfacet
facet normal 0 0 -1
outer loop
vertex 0.15002821385860443 -29.179994583129883 0
vertex 0.15002821385860443 -27.90999412536621 0
vertex 0.18428242206573486 -29.007787704467773 0
endloop
endfacet
facet normal 0 0 -1
outer loop
vertex 1.0157740116119385 -30.277786254882812 0
vertex 1.0157740116119385 -29.352201461791992 0
vertex 1.0500282049179077 -29.179994583129883 0
endloop
endfacet
facet normal 0 0 -1
outer loop
vertex 1.0157740116119385 -30.277786254882812 0
vertex 0.9182262420654297 -29.498191833496094 0
vertex 1.0157740116119385 -29.352201461791992 0
endloop
endfacet
facet normal 0 0 -1
outer loop
vertex 0.9182262420654297 -29.498191833496094 0
vertex 0.9182262420654297 -30.13179588317871 0
vertex 0.7722357511520386 -29.595741271972656 0
endloop
endfacet
facet normal 0 0 -1
outer loop
vertex 1.0157740116119385 -30.277786254882812 0
vertex 0.9182262420654297 -30.13179588317871 0
vertex 0.9182262420654297 -29.498191833496094 0
endloop
endfacet
facet normal 0 0 -1
outer loop
vertex 0.9182262420654297 -30.13179588317871 0
vertex 0.7722357511520386 -30.03424835205078 0
vertex 0.7722357511520386 -29.595741271972656 0
endloop
endfacet
facet normal 0 0 -1
outer loop
vertex 0.6000282168388367 -29.9999942779541 0
vertex 0.7722357511520386 -29.595741271972656 0
vertex 0.7722357511520386 -30.03424835205078 0
endloop
endfacet
facet normal 0 0 -1
outer loop
vertex 0.42782068252563477 -30.03424835205078 0
vertex 0.7722357511520386 -29.595741271972656 0
vertex 0.6000282168388367 -29.9999942779541 0
endloop
endfacet
facet normal 0 0 -1
outer loop
vertex 0.28183016180992126 -30.13179588317871 0
vertex 0.6000282168388367 -29.629995346069336 0
vertex 0.7722357511520386 -29.595741271972656 0
endloop
endfacet
facet normal 0 0 -1
outer loop
vertex 0.28183016180992126 -30.13179588317871 0
vertex 0.7722357511520386 -29.595741271972656 0
vertex 0.42782068252563477 -30.03424835205078 0
endloop
endfacet
facet normal 0 0 -1
outer loop
vertex 2.45002818107605 -33.079994201660156 0
vertex 1.0500282049179077 -30.449995040893555 0
vertex 1.0157740116119385 -30.277786254882812 0
endloop
endfacet
facet normal 0 0 -1
outer loop
vertex 2.45002818107605 -33.079994201660156 0
vertex 1.0157740116119385 -30.622201919555664 0
vertex 1.0500282049179077 -30.449995040893555 0
endloop
endfacet
facet normal 0 0 -1
outer loop
vertex 2.45002818107605 -33.079994201660156 0
vertex 1.0157740116119385 -31.547786712646484 0
vertex 1.0157740116119385 -30.622201919555664 0
endloop
endfacet
facet normal 0 0 -1
outer loop
vertex 2.45002818107605 -33.079994201660156 0
vertex 1.0500282049179077 -31.719995498657227 0
vertex 1.0157740116119385 -31.547786712646484 0
endloop
endfacet
facet normal 0 0 -1
outer loop
vertex 2.45002818107605 -33.079994201660156 0
vertex 1.0157740116119385 -31.892202377319336 0
vertex 1.0500282049179077 -31.719995498657227 0
endloop
endfacet
facet normal 0 0 -1
outer loop
vertex 1.0157740116119385 -31.547786712646484 0
vertex 0.9182262420654297 -30.768192291259766 0
vertex 1.0157740116119385 -30.622201919555664 0
endloop
endfacet
facet normal 0 0 -1
outer loop
vertex 0.9182262420654297 -30.768192291259766 0
vertex 0.9182262420654297 -31.401796340942383 0
vertex 0.7722357511520386 -30.865739822387695 0
endloop
endfacet
facet normal 0 0 -1
outer loop
vertex 0.9182262420654297 -31.401796340942383 0
vertex 0.7722357511520386 -31.304248809814453 0
vertex 0.7722357511520386 -30.865739822387695 0
endloop
endfacet
facet normal 0 0 -1
outer loop
vertex 1.0157740116119385 -31.547786712646484 0
vertex 0.9182262420654297 -31.401796340942383 0
vertex 0.9182262420654297 -30.768192291259766 0
endloop
endfacet
facet normal 0 0 -1
outer loop
vertex 0.7722357511520386 -31.304248809814453 0
vertex 0.6000282168388367 -30.899993896484375 0
vertex 0.7722357511520386 -30.865739822387695 0
endloop
endfacet
facet normal 0 0 -1
outer loop
vertex 0.6000282168388367 -31.269994735717773 0
vertex 0.6000282168388367 -30.899993896484375 0
vertex 0.7722357511520386 -31.304248809814453 0
endloop
endfacet
facet normal 0 0 -1
outer loop
vertex 0.42782068252563477 -31.304248809814453 0
vertex 0.6000282168388367 -30.899993896484375 0
vertex 0.6000282168388367 -31.269994735717773 0
endloop
endfacet
facet normal 0 0 -1
outer loop
vertex 0.28183016180992126 -31.401796340942383 0
vertex 0.6000282168388367 -30.899993896484375 0
vertex 0.42782068252563477 -31.304248809814453 0
endloop
endfacet
facet normal 0 0 -1
outer loop
vertex 1.0157740116119385 -31.892202377319336 0
vertex 1.0157740116119385 -32.817787170410156 0
vertex 0.9182262420654297 -32.03819274902344 0
endloop
endfacet
facet normal 0 0 -1
outer loop
vertex 0.9182262420654297 -32.03819274902344 0
vertex 0.9182262420654297 -32.67179489135742 0
vertex 0.7722357511520386 -32.1357421875 0
endloop
endfacet
facet normal 0 0 -1
outer loop
vertex 0.7722357511520386 -32.1357421875 0
vertex 0.7722357511520386 -32.574249267578125 0
vertex 0.6000282168388367 -32.16999435424805 0
endloop
endfacet
facet normal 0 0 -1
outer loop
vertex 0.6000282168388367 -32.16999435424805 0
vertex 0.42782068252563477 -32.574249267578125 0
vertex 0.42782068252563477 -32.1357421875 0
endloop
endfacet
facet normal 0 0 -1
outer loop
vertex 7.000028133392334 -33.77999496459961 0
vertex 2.45002818107605 -33.079994201660156 0
vertex 7.000028133392334 -33.079994201660156 0
endloop
endfacet
facet normal 0 0 -1
outer loop
vertex 12.000028610229492 -33.77999496459961 0
vertex 16.55002784729004 -33.079994201660156 0
vertex 1.0701093673706055 -45.52999496459961 0
endloop
endfacet
facet normal 0 0 -1
outer loop
vertex 12.000028610229492 -33.77999496459961 0
vertex 0.8713812232017517 -45.59027862548828 0
vertex 7.000028133392334 -33.77999496459961 0
endloop
endfacet
facet normal 0 0 -1
outer loop
vertex 7.000028133392334 -33.77999496459961 0
vertex 0.9182262420654297 -34.57819366455078 0
vertex 2.45002818107605 -33.079994201660156 0
endloop
endfacet
facet normal 0 0 -1
outer loop
vertex 7.000028133392334 -33.77999496459961 0
vertex 0.7722357511520386 -35.11425018310547 0
vertex 0.9182262420654297 -34.57819366455078 0
endloop
endfacet
facet normal 0 0 -1
outer loop
vertex 7.000028133392334 -33.77999496459961 0
vertex 1.0500282049179077 -35.52999496459961 0
vertex 1.0157740116119385 -35.3577880859375 0
endloop
endfacet
facet normal 0 0 -1
outer loop
vertex 7.000028133392334 -33.77999496459961 0
vertex 0.9182262420654297 -35.211795806884766 0
vertex 0.7722357511520386 -35.11425018310547 0
endloop
endfacet
facet normal 0 0 -1
outer loop
vertex 1.0157740116119385 -35.3577880859375 0
vertex 0.9182262420654297 -35.211795806884766 0
vertex 7.000028133392334 -33.77999496459961 0
endloop
endfacet
facet normal 0 0 -1
outer loop
vertex 7.000028133392334 -33.77999496459961 0
vertex 1.0157740116119385 -35.70220184326172 0
vertex 1.0500282049179077 -35.52999496459961 0
endloop
endfacet
facet normal 0 0 -1
outer loop
vertex 7.000028133392334 -33.77999496459961 0
vertex 0.9182262420654297 -35.84819412231445 0
vertex 1.0157740116119385 -35.70220184326172 0
endloop
endfacet
facet normal 0 0 -1
outer loop
vertex 7.000028133392334 -33.77999496459961 0
vertex 0.7722357511520386 -35.94573974609375 0
vertex 0.9182262420654297 -35.84819412231445 0
endloop
endfacet
facet normal 0 0 -1
outer loop
vertex 2.45002818107605 -33.079994201660156 0
vertex 1.0157740116119385 -32.817787170410156 0
vertex 1.0157740116119385 -31.892202377319336 0
endloop
endfacet
facet normal 0 0 -1
outer loop
vertex 2.45002818107605 -33.079994201660156 0
vertex 1.0500282049179077 -32.989994049072266 0
vertex 1.0157740116119385 -32.817787170410156 0
endloop
endfacet
facet normal 0 0 -1
outer loop
vertex 2.45002818107605 -33.079994201660156 0
vertex 1.0157740116119385 -33.162200927734375 0
vertex 1.0500282049179077 -32.989994049072266 0
endloop
endfacet
facet normal 0 0 -1
outer loop
vertex 2.45002818107605 -33.079994201660156 0
vertex 0.9182262420654297 -33.30819320678711 0
vertex 1.0157740116119385 -33.162200927734375 0
endloop
endfacet
facet normal 0 0 -1
outer loop
vertex 2.45002818107605 -33.079994201660156 0
vertex 1.0157740116119385 -34.08778762817383 0
vertex 0.9182262420654297 -33.941795349121094 0
endloop
endfacet
facet normal 0 0 -1
outer loop
vertex 2.45002818107605 -33.079994201660156 0
vertex 1.0500282049179077 -34.25999450683594 0
vertex 1.0157740116119385 -34.08778762817383 0
endloop
endfacet
facet normal 0 0 -1
outer loop
vertex 1.0157740116119385 -32.817787170410156 0
vertex 0.9182262420654297 -32.67179489135742 0
vertex 0.9182262420654297 -32.03819274902344 0
endloop
endfacet
facet normal 0 0 -1
outer loop
vertex 0.7722357511520386 -32.574249267578125 0
vertex 0.7722357511520386 -32.1357421875 0
vertex 0.9182262420654297 -32.67179489135742 0
endloop
endfacet
facet normal 0 0 -1
outer loop
vertex 0.6000282168388367 -32.53999328613281 0
vertex 0.6000282168388367 -32.16999435424805 0
vertex 0.7722357511520386 -32.574249267578125 0
endloop
endfacet
facet normal 0 0 -1
outer loop
vertex 0.42782068252563477 -32.574249267578125 0
vertex 0.6000282168388367 -32.16999435424805 0
vertex 0.6000282168388367 -32.53999328613281 0
endloop
endfacet
facet normal 0 0 -1
outer loop
vertex 0.28183016180992126 -32.67179489135742 0
vertex 0.42782068252563477 -32.1357421875 0
vertex 0.42782068252563477 -32.574249267578125 0
endloop
endfacet
facet normal 0 0 -1
outer loop
vertex 2.45002818107605 -33.079994201660156 0
vertex 0.7722357511520386 -33.405738830566406 0
vertex 0.9182262420654297 -33.30819320678711 0
endloop
endfacet
facet normal 0 0 -1
outer loop
vertex 2.45002818107605 -33.079994201660156 0
vertex 0.6000282168388367 -33.809993743896484 0
vertex 0.7722357511520386 -33.405738830566406 0
endloop
endfacet
facet normal 0 0 -1
outer loop
vertex 2.45002818107605 -33.079994201660156 0
vertex 0.7722357511520386 -33.8442497253418 0
vertex 0.6000282168388367 -33.809993743896484 0
endloop
endfacet
facet normal 0 0 -1
outer loop
vertex 0.7722357511520386 -33.8442497253418 0
vertex 2.45002818107605 -33.079994201660156 0
vertex 0.9182262420654297 -33.941795349121094 0
endloop
endfacet
facet normal 0 0 -1
outer loop
vertex 0.6000282168388367 -33.809993743896484 0
vertex 0.6000282168388367 -33.43999481201172 0
vertex 0.7722357511520386 -33.405738830566406 0
endloop
endfacet
facet normal 0 0 -1
outer loop
vertex 0.6000282168388367 -33.809993743896484 0
vertex 0.42782068252563477 -33.405738830566406 0
vertex 0.6000282168388367 -33.43999481201172 0
endloop
endfacet
facet normal 0 0 -1
outer loop
vertex 0.42782068252563477 -33.8442497253418 0
vertex 0.42782068252563477 -33.405738830566406 0
vertex 0.6000282168388367 -33.809993743896484 0
endloop
endfacet
facet normal 0 0 -1
outer loop
vertex 2.45002818107605 -33.079994201660156 0
vertex 1.0157740116119385 -34.43220138549805 0
vertex 1.0500282049179077 -34.25999450683594 0
endloop
endfacet
facet normal 0 0 -1
outer loop
vertex 0.9182262420654297 -34.57819366455078 0
vertex 1.0157740116119385 -34.43220138549805 0
vertex 2.45002818107605 -33.079994201660156 0
endloop
endfacet
facet normal 0 -1 0
outer loop
vertex 1.0701093673706055 -45.52999496459961 0
vertex 79.84461975097656 -45.52999496459961 0
vertex 1.0701093673706055 -45.52999496459961 5
endloop
endfacet
facet normal 0 0 -1
outer loop
vertex 0.7722357511520386 -35.11425018310547 0
vertex 0.7722357511520386 -34.67573928833008 0
vertex 0.9182262420654297 -34.57819366455078 0
endloop
endfacet
facet normal 0 0 -1
outer loop
vertex 0.7722357511520386 -35.11425018310547 0
vertex 0.6000282168388367 -34.70999526977539 0
vertex 0.7722357511520386 -34.67573928833008 0
endloop
endfacet
facet normal 0 0 -1
outer loop
vertex 0.6000282168388367 -34.70999526977539 0
vertex 0.6000282168388367 -35.079994201660156 0
vertex 0.42782068252563477 -34.67573928833008 0
endloop
endfacet
facet normal 0 0 -1
outer loop
vertex 0.28183016180992126 -34.57819366455078 0
vertex 0.28183016180992126 -35.211795806884766 0
vertex 0.18428242206573486 -34.43220138549805 0
endloop
endfacet
facet normal 0 0 -1
outer loop
vertex 0.18428242206573486 -34.43220138549805 0
vertex 0.15002821385860443 -35.52999496459961 0
vertex 0.15002821385860443 -34.25999450683594 0
endloop
endfacet
facet normal 0 0 -1
outer loop
vertex 0.42782068252563477 -34.67573928833008 0
vertex 0.42782068252563477 -35.11425018310547 0
vertex 0.28183016180992126 -34.57819366455078 0
endloop
endfacet
facet normal 0 0 -1
outer loop
vertex 0.42782068252563477 -26.2242488861084 0
vertex 0.42782068252563477 -25.78573989868164 0
vertex 0.6000282168388367 -26.18999481201172 0
endloop
endfacet
facet normal 0 0 -1
outer loop
vertex 0.6000282168388367 -26.18999481201172 0
vertex 0.6000282168388367 -25.81999397277832 0
vertex 0.7722357511520386 -26.2242488861084 0
endloop
endfacet
facet normal 0 0 -1
outer loop
vertex 0.42782068252563477 -25.78573989868164 0
vertex 0.42782068252563477 -26.2242488861084 0
vertex 0.28183016180992126 -25.68819236755371 0
endloop
endfacet
facet normal 0 0 -1
outer loop
vertex 0.28183016180992126 -25.68819236755371 0
vertex 0.42782068252563477 -26.2242488861084 0
vertex 0.18428242206573486 -25.54220199584961 0
endloop
endfacet
facet normal 0 0 -1
outer loop
vertex 0.6000282168388367 -25.81999397277832 0
vertex 0.6000282168388367 -26.18999481201172 0
vertex 0.42782068252563477 -25.78573989868164 0
endloop
endfacet
facet normal 0 0 -1
outer loop
vertex 0.7722357511520386 -26.2242488861084 0
vertex 0.6000282168388367 -25.81999397277832 0
vertex 0.7722357511520386 -25.78573989868164 0
endloop
endfacet
facet normal 0 0 -1
outer loop
vertex 1.0157740116119385 -26.46778678894043 0
vertex 0.9182262420654297 -26.321796417236328 0
vertex 0.9182262420654297 -25.68819236755371 0
endloop
endfacet
facet normal 0 0 -1
outer loop
vertex 1.0500282049179077 -26.639995574951172 0
vertex 1.0157740116119385 -26.46778678894043 0
vertex 1.0157740116119385 -25.54220199584961 0
endloop
endfacet
facet normal 0 0 -1
outer loop
vertex 0.7722357511520386 -26.2242488861084 0
vertex 0.7722357511520386 -25.78573989868164 0
vertex 0.9182262420654297 -26.321796417236328 0
endloop
endfacet
facet normal 0 0 -1
outer loop
vertex 0.9182262420654297 -25.68819236755371 0
vertex 0.9182262420654297 -26.321796417236328 0
vertex 0.7722357511520386 -25.78573989868164 0
endloop
endfacet
facet normal 0 0 -1
outer loop
vertex 1.0157740116119385 -25.54220199584961 0
vertex 1.0157740116119385 -26.46778678894043 0
vertex 0.9182262420654297 -25.68819236755371 0
endloop
endfacet
facet normal 0 0 -1
outer loop
vertex 1.0500282049179077 -26.639995574951172 0
vertex 1.0157740116119385 -25.54220199584961 0
vertex 1.0500282049179077 -25.3699951171875 0
endloop
endfacet
facet normal 0 0 -1
outer loop
vertex 2.45002818107605 -18.97999382019043 0
vertex 1.0157740116119385 -30.277786254882812 0
vertex 1.0500282049179077 -29.179994583129883 0
endloop
endfacet
facet normal 0 0 -1
outer loop
vertex 2.45002818107605 -18.97999382019043 0
vertex 1.0500282049179077 -29.179994583129883 0
vertex 1.0500282049179077 -27.90999412536621 0
endloop
endfacet
facet normal 0 0 -1
outer loop
vertex 2.45002818107605 -18.97999382019043 0
vertex 1.0500282049179077 -27.90999412536621 0
vertex 1.0500282049179077 -26.639995574951172 0
endloop
endfacet
facet normal 0 0 -1
outer loop
vertex 2.45002818107605 -18.97999382019043 0
vertex 1.0500282049179077 -26.639995574951172 0
vertex 1.0500282049179077 -25.3699951171875 0
endloop
endfacet
facet normal 0 0 -1
outer loop
vertex 2.45002818107605 -18.97999382019043 0
vertex 1.0500282049179077 -25.3699951171875 0
vertex 1.0157740116119385 -25.197786331176758 0
endloop
endfacet
facet normal 0 0 -1
outer loop
vertex 2.45002818107605 -18.97999382019043 0
vertex 1.0157740116119385 -25.197786331176758 0
vertex 0.9182262420654297 -25.051795959472656 0
endloop
endfacet
facet normal 0 0 -1
outer loop
vertex 0.9182262420654297 -25.051795959472656 0
vertex -2.4499716758728027 -18.97999382019043 0
vertex 2.45002818107605 -18.97999382019043 0
endloop
endfacet
facet normal 0 0 -1
outer loop
vertex 0.6000282168388367 -35.079994201660156 0
vertex 0.6000282168388367 -34.70999526977539 0
vertex 0.7722357511520386 -35.11425018310547 0
endloop
endfacet
facet normal 0 0 -1
outer loop
vertex 0.42782068252563477 -35.11425018310547 0
vertex 0.42782068252563477 -34.67573928833008 0
vertex 0.6000282168388367 -35.079994201660156 0
endloop
endfacet
facet normal 0 0 -1
outer loop
vertex 0.28183016180992126 -35.211795806884766 0
vertex 0.28183016180992126 -34.57819366455078 0
vertex 0.42782068252563477 -35.11425018310547 0
endloop
endfacet
facet normal 0 0 -1
outer loop
vertex 0.18428242206573486 -35.3577880859375 0
vertex 0.18428242206573486 -34.43220138549805 0
vertex 0.28183016180992126 -35.211795806884766 0
endloop
endfacet
facet normal 0 0 -1
outer loop
vertex 0.15002821385860443 -35.52999496459961 0
vertex 0.18428242206573486 -34.43220138549805 0
vertex 0.18428242206573486 -35.3577880859375 0
endloop
endfacet
facet normal 0 0 -1
outer loop
vertex 17.659942626953125 -39.967533111572266 0
vertex 1.0701093673706055 -45.52999496459961 0
vertex 35.55002975463867 -33.079994201660156 0
endloop
endfacet
facet normal 0 0 -1
outer loop
vertex 1.0701093673706055 -45.52999496459961 0
vertex 19.771944046020508 -35.94573974609375 0
vertex 31.000028610229492 -33.77999496459961 0
endloop
endfacet
facet normal 0 0 -1
outer loop
vertex 19.281538009643555 -35.211795806884766 0
vertex 1.0701093673706055 -45.52999496459961 0
vertex 19.5997371673584 -34.70999526977539 0
endloop
endfacet
facet normal 0 0 -1
outer loop
vertex 19.183990478515625 -35.3577880859375 0
vertex 1.0701093673706055 -45.52999496459961 0
vertex 19.281538009643555 -35.211795806884766 0
endloop
endfacet
facet normal 0 0 -1
outer loop
vertex 19.149736404418945 -35.52999496459961 0
vertex 1.0701093673706055 -45.52999496459961 0
vertex 19.183990478515625 -35.3577880859375 0
endloop
endfacet
facet normal 0 0 -1
outer loop
vertex 19.183990478515625 -35.70220184326172 0
vertex 1.0701093673706055 -45.52999496459961 0
vertex 19.149736404418945 -35.52999496459961 0
endloop
endfacet
facet normal 0 0 -1
outer loop
vertex 19.281538009643555 -35.84819412231445 0
vertex 1.0701093673706055 -45.52999496459961 0
vertex 19.183990478515625 -35.70220184326172 0
endloop
endfacet
facet normal 0 0 -1
outer loop
vertex 1.0701093673706055 -45.52999496459961 0
vertex 19.5997371673584 -35.97999572753906 0
vertex 19.771944046020508 -35.94573974609375 0
endloop
endfacet
facet normal 0 0 -1
outer loop
vertex 1.0701093673706055 -45.52999496459961 0
vertex 19.427528381347656 -35.94573974609375 0
vertex 19.5997371673584 -35.97999572753906 0
endloop
endfacet
facet normal 0 0 -1
outer loop
vertex 1.0701093673706055 -45.52999496459961 0
vertex 19.281538009643555 -35.84819412231445 0
vertex 19.427528381347656 -35.94573974609375 0
endloop
endfacet
facet normal 0 0 -1
outer loop
vertex 17.461122512817383 -40.07380294799805 0
vertex 1.0701093673706055 -45.52999496459961 0
vertex 17.659942626953125 -39.967533111572266 0
endloop
endfacet
facet normal 0 0 -1
outer loop
vertex 17.286855697631836 -40.21682357788086 0
vertex 1.0701093673706055 -45.52999496459961 0
vertex 17.461122512817383 -40.07380294799805 0
endloop
endfacet
facet normal 0 0 -1
outer loop
vertex 17.14383888244629 -40.391090393066406 0
vertex 1.0701093673706055 -45.52999496459961 0
vertex 17.286855697631836 -40.21682357788086 0
endloop
endfacet
facet normal 0 0 -1
outer loop
vertex 17.037567138671875 -40.589908599853516 0
vertex 1.0701093673706055 -45.52999496459961 0
vertex 17.14383888244629 -40.391090393066406 0
endloop
endfacet
facet normal 0 0 -1
outer loop
vertex 16.972126007080078 -40.805641174316406 0
vertex 1.0701093673706055 -45.52999496459961 0
vertex 17.037567138671875 -40.589908599853516 0
endloop
endfacet
facet normal 0 0 -1
outer loop
vertex 2.45002818107605 -18.97999382019043 0
vertex -2.4499716758728027 -18.97999382019043 0
vertex 12.000028610229492 -14.77999496459961 0
endloop
endfacet
facet normal 0 0 -1
outer loop
vertex -2.4499716758728027 -18.97999382019043 0
vertex 2.45002818107605 -14.079994201660156 0
vertex 7.000028133392334 -14.77999496459961 0
endloop
endfacet
facet normal 0 0 -1
outer loop
vertex 2.45002818107605 -18.97999382019043 0
vertex 7.000028133392334 -18.27999496459961 0
vertex 7.000028133392334 -18.97999382019043 0
endloop
endfacet
facet normal 0 0 -1
outer loop
vertex 12.000028610229492 -14.77999496459961 0
vertex -2.4499716758728027 -18.97999382019043 0
vertex 7.000028133392334 -14.77999496459961 0
endloop
endfacet
facet normal 0 0 -1
outer loop
vertex 7.000028133392334 -18.27999496459961 0
vertex 2.45002818107605 -18.97999382019043 0
vertex 12.000028610229492 -14.77999496459961 0
endloop
endfacet
facet normal 0 0 -1
outer loop
vertex 7.000028133392334 -18.27999496459961 0
vertex 12.000028610229492 -14.77999496459961 0
vertex 12.000028610229492 -18.27999496459961 0
endloop
endfacet
facet normal 0 0 -1
outer loop
vertex 19.281538009643555 -26.321796417236328 0
vertex 16.55002784729004 -26.28175926208496 0
vertex 19.5997371673584 -25.81999397277832 0
endloop
endfacet
facet normal 0 0 -1
outer loop
vertex 16.55002784729004 -26.28175926208496 0
vertex 19.149736404418945 -25.3699951171875 0
vertex 19.183990478515625 -25.54220199584961 0
endloop
endfacet
facet normal 0 0 -1
outer loop
vertex 19.149736404418945 -25.3699951171875 0
vertex 16.55002784729004 -26.28175926208496 0
vertex 19.183990478515625 -25.197786331176758 0
endloop
endfacet
facet normal 0 0 -1
outer loop
vertex 16.55002784729004 -26.28175926208496 0
vertex 19.281538009643555 -25.68819236755371 0
vertex 19.427528381347656 -25.78573989868164 0
endloop
endfacet
facet normal 0 0 -1
outer loop
vertex 19.281538009643555 -25.68819236755371 0
vertex 16.55002784729004 -26.28175926208496 0
vertex 19.183990478515625 -25.54220199584961 0
endloop
endfacet
facet normal 0 0 -1
outer loop
vertex 19.5997371673584 -25.81999397277832 0
vertex 16.55002784729004 -26.28175926208496 0
vertex 19.427528381347656 -25.78573989868164 0
endloop
endfacet
facet normal 0 0 -1
outer loop
vertex 19.183990478515625 -25.197786331176758 0
vertex 16.55002784729004 -26.28175926208496 0
vertex 19.281538009643555 -25.051795959472656 0
endloop
endfacet
facet normal 0 0 -1
outer loop
vertex 19.281538009643555 -26.321796417236328 0
vertex 19.5997371673584 -25.81999397277832 0
vertex 19.427528381347656 -26.2242488861084 0
endloop
endfacet
facet normal 0 0 -1
outer loop
vertex 19.427528381347656 -26.2242488861084 0
vertex 19.5997371673584 -25.81999397277832 0
vertex 19.5997371673584 -26.18999481201172 0
endloop
endfacet
facet normal 0 0 -1
outer loop
vertex 19.5997371673584 -26.18999481201172 0
vertex 19.5997371673584 -25.81999397277832 0
vertex 19.771944046020508 -26.2242488861084 0
endloop
endfacet
facet normal 0 0 -1
outer loop
vertex 19.771944046020508 -26.2242488861084 0
vertex 19.5997371673584 -25.81999397277832 0
vertex 19.771944046020508 -25.78573989868164 0
endloop
endfacet
facet normal 0 0 -1
outer loop
vertex 19.771944046020508 -26.2242488861084 0
vertex 19.771944046020508 -25.78573989868164 0
vertex 19.91793441772461 -25.68819236755371 0
endloop
endfacet
facet normal 0 0 -1
outer loop
vertex 19.771944046020508 -26.2242488861084 0
vertex 19.91793441772461 -25.68819236755371 0
vertex 20.01548194885254 -25.54220199584961 0
endloop
endfacet
facet normal 0 0 -1
outer loop
vertex 19.91793441772461 -26.321796417236328 0
vertex 19.771944046020508 -26.2242488861084 0
vertex 21.450027465820312 -26.14151954650879 0
endloop
endfacet
facet normal 0 0 -1
outer loop
vertex 21.450027465820312 -26.14151954650879 0
vertex 20.01548194885254 -26.46778678894043 0
vertex 19.91793441772461 -26.321796417236328 0
endloop
endfacet
facet normal 0 0 -1
outer loop
vertex 19.771944046020508 -26.2242488861084 0
vertex 20.01548194885254 -25.54220199584961 0
vertex 21.450027465820312 -26.14151954650879 0
endloop
endfacet
facet normal 0 0 -1
outer loop
vertex 19.281538009643555 -25.051795959472656 0
vertex 16.55002784729004 -26.28175926208496 0
vertex 21.450027465820312 -21.83846092224121 0
endloop
endfacet
facet normal 0 0 -1
outer loop
vertex 21.450027465820312 -21.83846092224121 0
vertex 20.01548194885254 -25.54220199584961 0
vertex 20.04973602294922 -25.3699951171875 0
endloop
endfacet
facet normal 0 0 -1
outer loop
vertex 21.450027465820312 -21.83846092224121 0
vertex 20.04973602294922 -25.3699951171875 0
vertex 20.01548194885254 -25.197786331176758 0
endloop
endfacet
facet normal 0 0 -1
outer loop
vertex 19.281538009643555 -25.051795959472656 0
vertex 21.450027465820312 -21.83846092224121 0
vertex 19.427528381347656 -24.954248428344727 0
endloop
endfacet
facet normal 0 0 -1
outer loop
vertex 19.427528381347656 -24.954248428344727 0
vertex 21.450027465820312 -21.83846092224121 0
vertex 19.5997371673584 -24.919994354248047 0
endloop
endfacet
facet normal 0 0 -1
outer loop
vertex 19.91793441772461 -25.051795959472656 0
vertex 19.771944046020508 -24.954248428344727 0
vertex 21.450027465820312 -21.83846092224121 0
endloop
endfacet
facet normal 0 0 -1
outer loop
vertex 21.450027465820312 -21.83846092224121 0
vertex 20.01548194885254 -25.197786331176758 0
vertex 19.91793441772461 -25.051795959472656 0
endloop
endfacet
facet normal 0 0 -1
outer loop
vertex 21.450027465820312 -21.83846092224121 0
vertex 19.771944046020508 -24.954248428344727 0
vertex 19.5997371673584 -24.919994354248047 0
endloop
endfacet
facet normal 0 0 -1
outer loop
vertex 21.450027465820312 -21.83846092224121 0
vertex 16.55002784729004 -26.28175926208496 0
vertex 16.55002784729004 -18.97999382019043 0
endloop
endfacet
facet normal 0 0 -1
outer loop
vertex 16.950027465820312 -41.02999496459961 0
vertex 1.0701093673706055 -45.52999496459961 0
vertex 16.972126007080078 -40.805641174316406 0
endloop
endfacet
facet normal 0 0 -1
outer loop
vertex 16.972126007080078 -41.25434875488281 0
vertex 1.0701093673706055 -45.52999496459961 0
vertex 16.950027465820312 -41.02999496459961 0
endloop
endfacet
facet normal 0 0 -1
outer loop
vertex 17.037567138671875 -41.4700813293457 0
vertex 1.0701093673706055 -45.52999496459961 0
vertex 16.972126007080078 -41.25434875488281 0
endloop
endfacet
facet normal 0 0 -1
outer loop
vertex 1.0701093673706055 -45.52999496459961 0
vertex 18.10002899169922 -42.179996490478516 0
vertex 18.324382781982422 -42.15789794921875 0
endloop
endfacet
facet normal 0 0 -1
outer loop
vertex 1.0701093673706055 -45.52999496459961 0
vertex 17.875675201416016 -42.15789794921875 0
vertex 18.10002899169922 -42.179996490478516 0
endloop
endfacet
facet normal 0 0 -1
outer loop
vertex 17.461122512817383 -41.986183166503906 0
vertex 1.0701093673706055 -45.52999496459961 0
vertex 17.286855697631836 -41.84316635131836 0
endloop
endfacet
facet normal 0 0 -1
outer loop
vertex 17.14383888244629 -41.66889953613281 0
vertex 1.0701093673706055 -45.52999496459961 0
vertex 17.037567138671875 -41.4700813293457 0
endloop
endfacet
facet normal 0 0 -1
outer loop
vertex 1.0701093673706055 -45.52999496459961 0
vertex 17.14383888244629 -41.66889953613281 0
vertex 17.286855697631836 -41.84316635131836 0
endloop
endfacet
facet normal 0 0 -1
outer loop
vertex 1.0701093673706055 -45.52999496459961 0
vertex 17.659942626953125 -42.09245681762695 0
vertex 17.875675201416016 -42.15789794921875 0
endloop
endfacet
facet normal 0 0 -1
outer loop
vertex 1.0701093673706055 -45.52999496459961 0
vertex 17.461122512817383 -41.986183166503906 0
vertex 17.659942626953125 -42.09245681762695 0
endloop
endfacet
facet normal 0 0 -1
outer loop
vertex 0.8713812232017517 -45.59027862548828 0
vertex 0.7722357511520386 -35.94573974609375 0
vertex 7.000028133392334 -33.77999496459961 0
endloop
endfacet
facet normal 0 0 -1
outer loop
vertex 0.28183016180992126 -35.84819412231445 0
vertex 0.8713812232017517 -45.59027862548828 0
vertex 0.18428242206573486 -35.70220184326172 0
endloop
endfacet
facet normal 0 0 -1
outer loop
vertex 0.8713812232017517 -45.59027862548828 0
vertex 0.6000282168388367 -35.97999572753906 0
vertex 0.7722357511520386 -35.94573974609375 0
endloop
endfacet
facet normal 0 0 -1
outer loop
vertex 0.8713812232017517 -45.59027862548828 0
vertex 0.42782068252563477 -35.94573974609375 0
vertex 0.6000282168388367 -35.97999572753906 0
endloop
endfacet
facet normal 0 0 -1
outer loop
vertex 0.8713812232017517 -45.59027862548828 0
vertex 0.28183016180992126 -35.84819412231445 0
vertex 0.42782068252563477 -35.94573974609375 0
endloop
endfacet
facet normal 0 0 -1
outer loop
vertex 0.8713812232017517 -45.59027862548828 0
vertex 12.000028610229492 -33.77999496459961 0
vertex 1.0701093673706055 -45.52999496459961 0
endloop
endfacet
facet normal 0 0 1
outer loop
vertex 14.325028419494629 38.02000427246094 5
vertex 28.42502784729004 38.02000427246094 5
vertex -77.39495849609375 45.47031021118164 5
endloop
endfacet
facet normal 0 0 1
outer loop
vertex 4.675028324127197 38.02000427246094 5
vertex 14.325028419494629 38.02000427246094 5
vertex -77.39495849609375 45.47031021118164 5
endloop
endfacet
facet normal 0 0 1
outer loop
vertex 4.675028324127197 23.920005798339844 5
vertex -40.44997024536133 19.170005798339844 5
vertex 14.325028419494629 23.920005798339844 5
endloop
endfacet
facet normal 0 0 1
outer loop
vertex -9.424971580505371 38.02000427246094 5
vertex -19.07497215270996 38.02000427246094 5
vertex -9.424971580505371 23.920005798339844 5
endloop
endfacet
facet normal 0 0 -1
outer loop
vertex 12.000028610229492 -18.97999382019043 0
vertex 12.000028610229492 -18.27999496459961 0
vertex 16.55002784729004 -18.97999382019043 0
endloop
endfacet
facet normal 0 0 -1
outer loop
vertex 16.55002784729004 -18.97999382019043 0
vertex 12.000028610229492 -18.27999496459961 0
vertex 12.000028610229492 -14.77999496459961 0
endloop
endfacet
facet normal 0 0 -1
outer loop
vertex 16.55002784729004 -18.97999382019043 0
vertex 12.000028610229492 -14.77999496459961 0
vertex 16.55002784729004 -14.079994201660156 0
endloop
endfacet
facet normal 0 0 -1
outer loop
vertex 21.450027465820312 -21.83846092224121 0
vertex 16.55002784729004 -18.97999382019043 0
vertex 21.450027465820312 -18.97999382019043 0
endloop
endfacet
facet normal 0 0 -1
outer loop
vertex 21.450027465820312 -18.97999382019043 0
vertex 16.55002784729004 -18.97999382019043 0
vertex 21.450027465820312 -14.079994201660156 0
endloop
endfacet
facet normal 0 0 1
outer loop
vertex -19.07497215270996 38.02000427246094 5
vertex -19.07497215270996 23.920005798339844 5
vertex -9.424971580505371 23.920005798339844 5
endloop
endfacet
facet normal 0 0 1
outer loop
vertex -9.424971580505371 23.920005798339844 5
vertex -40.44997024536133 19.170005798339844 5
vertex 4.675028324127197 23.920005798339844 5
endloop
endfacet
facet normal 0 0 1
outer loop
vertex -9.424971580505371 38.02000427246094 5
vertex 4.675028324127197 38.02000427246094 5
vertex -77.39495849609375 45.47031021118164 5
endloop
endfacet
facet normal 0 0 1
outer loop
vertex -19.07497215270996 38.02000427246094 5
vertex -9.424971580505371 38.02000427246094 5
vertex -77.39495849609375 45.47031021118164 5
endloop
endfacet
facet normal 0 0 1
outer loop
vertex -19.07497215270996 23.920005798339844 5
vertex -40.44997024536133 19.170005798339844 5
vertex -9.424971580505371 23.920005798339844 5
endloop
endfacet
facet normal 0 0 1
outer loop
vertex -33.17497253417969 38.02000427246094 5
vertex -40.44997024536133 33.27000427246094 5
vertex -33.17497253417969 23.920005798339844 5
endloop
endfacet
facet normal 0 0 1
outer loop
vertex -33.17497253417969 23.920005798339844 5
vertex -40.44997024536133 19.170005798339844 5
vertex -19.07497215270996 23.920005798339844 5
endloop
endfacet
facet normal 0 0 1
outer loop
vertex -40.44997024536133 33.27000427246094 5
vertex -40.44997024536133 19.170005798339844 5
vertex -33.17497253417969 23.920005798339844 5
endloop
endfacet
facet normal 0.0007130970918887365 0.9999997457462364 0
outer loop
vertex -77.39495849609375 45.47031021118164 5
vertex 72.96278381347656 45.36309051513672 5
vertex -77.39495849609375 45.47031021118164 0
endloop
endfacet
facet normal 0 0 1
outer loop
vertex -40.44997024536133 19.170005798339844 5
vertex 16.55002784729004 19.02000617980957 5
vertex 21.450027465820312 19.02000617980957 5
endloop
endfacet
facet normal 0 0 1
outer loop
vertex -40.44997024536133 19.170005798339844 5
vertex 2.45002818107605 19.02000617980957 5
vertex 16.55002784729004 19.02000617980957 5
endloop
endfacet
facet normal 0 0 1
outer loop
vertex -2.4499716758728027 19.02000617980957 5
vertex -2.4499716758728027 4.9200053215026855 5
vertex 2.45002818107605 4.9200053215026855 5
endloop
endfacet
facet normal 0 0 1
outer loop
vertex -40.44997024536133 19.170005798339844 5
vertex -2.4499716758728027 19.02000617980957 5
vertex 2.45002818107605 19.02000617980957 5
endloop
endfacet
facet normal 0 0 1
outer loop
vertex -40.44997024536133 19.170005798339844 5
vertex -16.549972534179688 19.02000617980957 5
vertex -2.4499716758728027 19.02000617980957 5
endloop
endfacet
facet normal 0 0 1
outer loop
vertex -16.549972534179688 19.02000617980957 5
vertex -21.44997215270996 19.02000617980957 5
vertex -16.549972534179688 4.9200053215026855 5
endloop
endfacet
facet normal 0 0 1
outer loop
vertex -21.44997215270996 19.02000617980957 5
vertex -21.44997215270996 4.9200053215026855 5
vertex -16.549972534179688 4.9200053215026855 5
endloop
endfacet
facet normal 0 0 1
outer loop
vertex -2.4499716758728027 4.9200053215026855 5
vertex -2.4499716758728027 0.020005328580737114 5
vertex 2.45002818107605 4.9200053215026855 5
endloop
endfacet
facet normal 0 0 1
outer loop
vertex -2.4499716758728027 4.9200053215026855 5
vertex -16.549972534179688 0.020005328580737114 5
vertex -2.4499716758728027 0.020005328580737114 5
endloop
endfacet
facet normal 0 0 1
outer loop
vertex -16.549972534179688 4.9200053215026855 5
vertex -16.549972534179688 0.020005328580737114 5
vertex -2.4499716758728027 4.9200053215026855 5
endloop
endfacet
facet normal 0 0 1
outer loop
vertex -16.549972534179688 0.020005328580737114 5
vertex -16.549972534179688 4.9200053215026855 5
vertex -21.44997215270996 4.9200053215026855 5
endloop
endfacet
facet normal 0 0 1
outer loop
vertex -40.44997024536133 19.170005798339844 5
vertex -21.44997215270996 19.02000617980957 5
vertex -16.549972534179688 19.02000617980957 5
endloop
endfacet
facet normal 0 0 1
outer loop
vertex -40.44997024536133 19.170005798339844 5
vertex -35.54997253417969 19.02000617980957 5
vertex -21.44997215270996 19.02000617980957 5
endloop
endfacet
facet normal 0 0 1
outer loop
vertex -40.44997024536133 19.170005798339844 5
vertex -35.54997253417969 4.9200053215026855 5
vertex -35.54997253417969 19.02000617980957 5
endloop
endfacet
facet normal 0 0 1
outer loop
vertex -35.54997253417969 4.9200053215026855 5
vertex -16.549972534179688 -14.079994201660156 5
vertex -21.44997215270996 4.9200053215026855 5
endloop
endfacet
facet normal 0 0 1
outer loop
vertex -35.54997253417969 4.9200053215026855 5
vertex -54.54997253417969 19.170005798339844 5
vertex -30.849971771240234 -3.009486675262451 5
endloop
endfacet
facet normal 0 0 1
outer loop
vertex -34.00956726074219 -1.5361422300338745 5
vertex -30.849971771240234 -3.009486675262451 5
vertex -54.54997253417969 19.170005798339844 5
endloop
endfacet
facet normal 0 0 1
outer loop
vertex -30.849971771240234 -3.009486675262451 5
vertex -27.994218826293945 -5.009105682373047 5
vertex -35.54997253417969 4.9200053215026855 5
endloop
endfacet
facet normal 0.7405996427447259 0.6719465523137866 0
outer loop
vertex 80.6902084350586 23.66704559326172 5
vertex 78.70470428466797 25.855409622192383 0
vertex 78.70470428466797 25.855409622192383 5
endloop
endfacet
facet normal 0.7191723877486318 0.6948316894758987 0
outer loop
vertex 77.27900695800781 26.722734451293945 5
vertex 77.15377807617188 26.85235023498535 0
vertex 77.15377807617188 26.85235023498535 5
endloop
endfacet
facet normal 0.5197322762111938 0.8543291877633185 0
outer loop
vertex 78.70470428466797 25.855409622192383 5
vertex 77.27900695800781 26.722734451293945 0
vertex 77.27900695800781 26.722734451293945 5
endloop
endfacet
facet normal 0 0 1
outer loop
vertex -33.17497253417969 38.02000427246094 5
vertex -19.07497215270996 38.02000427246094 5
vertex -77.39495849609375 45.47031021118164 5
endloop
endfacet
facet normal 0 0 1
outer loop
vertex -33.17497253417969 38.02000427246094 5
vertex -54.54997253417969 33.27000427246094 5
vertex -40.44997024536133 33.27000427246094 5
endloop
endfacet
facet normal 0 0 1
outer loop
vertex -54.54997253417969 33.27000427246094 5
vertex -33.17497253417969 38.02000427246094 5
vertex -77.39495849609375 45.47031021118164 5
endloop
endfacet
facet normal 0 0 1
outer loop
vertex -54.54997253417969 33.27000427246094 5
vertex -59.44997024536133 33.27000427246094 5
vertex -59.44997024536133 19.170005798339844 5
endloop
endfacet
facet normal 0 0 1
outer loop
vertex -54.54997253417969 19.170005798339844 5
vertex -54.54997253417969 33.27000427246094 5
vertex -59.44997024536133 19.170005798339844 5
endloop
endfacet
facet normal 0 0 1
outer loop
vertex -77.39495849609375 45.47031021118164 5
vertex -59.44997024536133 33.27000427246094 5
vertex -54.54997253417969 33.27000427246094 5
endloop
endfacet
facet normal 0 0 1
outer loop
vertex -79.59120178222656 42.33039474487305 5
vertex -73.54997253417969 33.27000427246094 5
vertex -59.44997024536133 33.27000427246094 5
endloop
endfacet
facet normal 0 0 1
outer loop
vertex -77.39495849609375 45.47031021118164 5
vertex -78.19542694091797 45.161624908447266 5
vertex -59.44997024536133 33.27000427246094 5
endloop
endfacet
facet normal 0 0 1
outer loop
vertex -78.19542694091797 45.161624908447266 5
vertex -80.49771118164062 43.0727653503418 5
vertex -59.44997024536133 33.27000427246094 5
endloop
endfacet
facet normal 0 0 1
outer loop
vertex -80.49771118164062 43.0727653503418 5
vertex -79.59120178222656 42.33039474487305 5
vertex -59.44997024536133 33.27000427246094 5
endloop
endfacet
facet normal 0 0 1
outer loop
vertex -80.49771118164062 43.0727653503418 5
vertex -80.82617950439453 42.33468246459961 5
vertex -79.59120178222656 42.33039474487305 5
endloop
endfacet
facet normal -0.9136132170974149 0.40658441871880885 0
outer loop
vertex -80.49771118164062 43.0727653503418 5
vertex -80.82617950439453 42.33468246459961 4.5
vertex -80.82617950439453 42.33468246459961 5
endloop
endfacet
facet normal 0.9323769729834885 0.36148745517672826 0
outer loop
vertex 80.94847869873047 23.00089454650879 4.5
vertex 80.6902084350586 23.66704559326172 0
vertex 80.6902084350586 23.66704559326172 5
endloop
endfacet
facet normal 0 0 -1
outer loop
vertex -56.170860290527344 -33.18574523925781 0
vertex -53.70572280883789 -35.650882720947266 0
vertex -57.38834762573242 -50.27999496459961 0
endloop
endfacet
facet normal 0.9323750731710151 0.36149235528382617 8.344170090976274e-7
outer loop
vertex 80.99878692626953 22.871137619018555 4.5
vertex 80.6902084350586 23.66704559326172 0
vertex 80.94847869873047 23.00089454650879 4.5
endloop
endfacet
facet normal 0.9999958353909115 0.002886035487143743 0
outer loop
vertex 80.9998550415039 22.501041412353516 4.5
vertex 80.99878692626953 22.871137619018555 0.20000000298023224
vertex 80.99878692626953 22.871137619018555 4.5
endloop
endfacet
facet normal -0.0028909960930431854 0.9999958210620632 0
outer loop
vertex 81.6998519897461 22.50306510925293 4.5
vertex 80.9998550415039 22.501041412353516 0.20000000298023224
vertex 80.9998550415039 22.501041412353516 4.5
endloop
endfacet
facet normal 0 0 -1
outer loop
vertex 2.45002818107605 -14.079994201660156 0
vertex -2.4499716758728027 -14.079994201660156 0
vertex 2.45002818107605 0.020005328580737114 0
endloop
endfacet
facet normal 0 0 -1
outer loop
vertex 7.000028133392334 -14.079994201660156 0
vertex 7.000028133392334 -14.77999496459961 0
vertex 2.45002818107605 -14.079994201660156 0
endloop
endfacet
facet normal 0 0 -1
outer loop
vertex 16.55002784729004 -14.079994201660156 0
vertex 12.000028610229492 -14.77999496459961 0
vertex 12.000028610229492 -14.079994201660156 0
endloop
endfacet
facet normal 0 0 -1
outer loop
vertex 16.55002784729004 -18.97999382019043 0
vertex 16.55002784729004 -14.079994201660156 0
vertex 21.450027465820312 0.020005328580737114 0
endloop
endfacet
facet normal 0 0 -1
outer loop
vertex 21.450027465820312 -14.079994201660156 0
vertex 16.55002784729004 -18.97999382019043 0
vertex 21.450027465820312 0.020005328580737114 0
endloop
endfacet
facet normal 0 0 -1
outer loop
vertex 16.55002784729004 -14.079994201660156 0
vertex 16.55002784729004 0.020005328580737114 0
vertex 21.450027465820312 4.9200053215026855 0
endloop
endfacet
facet normal 0 0 -1
outer loop
vertex 21.450027465820312 0.020005328580737114 0
vertex 16.55002784729004 -14.079994201660156 0
vertex 21.450027465820312 4.9200053215026855 0
endloop
endfacet
facet normal 0 0 -1
outer loop
vertex -50.849971771240234 -47.6299934387207 0
vertex -53.70572280883789 -35.650882720947266 0
vertex -50.849971771240234 -37.6505012512207 0
endloop
endfacet
facet normal 0 0 -1
outer loop
vertex -57.38834762573242 -50.27999496459961 0
vertex -50.849971771240234 -47.6299934387207 0
vertex -27.849971771240234 -47.6299934387207 0
endloop
endfacet
facet normal 0 0 1
outer loop
vertex -79.65717315673828 23.330509185791016 5
vertex -73.54997253417969 33.27000427246094 5
vertex -79.59120178222656 42.33039474487305 5
endloop
endfacet
facet normal 0 0 -1
outer loop
vertex 21.450027465820312 -21.83846092224121 0
vertex 21.450027465820312 -26.14151954650879 0
vertex 20.01548194885254 -25.54220199584961 0
endloop
endfacet
facet normal 0 0 -1
outer loop
vertex 21.450027465820312 -18.97999382019043 0
vertex 26.000028610229492 -18.27999496459961 0
vertex 26.000028610229492 -18.97999382019043 0
endloop
endfacet
facet normal 0 0 -1
outer loop
vertex 21.450027465820312 -14.079994201660156 0
vertex 26.000028610229492 -14.079994201660156 0
vertex 21.450027465820312 -18.97999382019043 0
endloop
endfacet
facet normal 0 0 -1
outer loop
vertex 21.450027465820312 -18.97999382019043 0
vertex 26.000028610229492 -14.079994201660156 0
vertex 26.000028610229492 -14.77999496459961 0
endloop
endfacet
facet normal 0 0 -1
outer loop
vertex 26.000028610229492 -18.27999496459961 0
vertex 21.450027465820312 -18.97999382019043 0
vertex 31.000028610229492 -14.77999496459961 0
endloop
endfacet
facet normal 0 0 -1
outer loop
vertex 31.000028610229492 -14.77999496459961 0
vertex 21.450027465820312 -18.97999382019043 0
vertex 26.000028610229492 -14.77999496459961 0
endloop
endfacet
facet normal 0 0 -1
outer loop
vertex 40.45002746582031 -18.97999382019043 0
vertex 40.45002746582031 -33.079994201660156 0
vertex 35.55002975463867 -18.97999382019043 0
endloop
endfacet
facet normal 0 0 -1
outer loop
vertex 26.000028610229492 -18.27999496459961 0
vertex 35.55002975463867 -14.079994201660156 0
vertex 31.000028610229492 -18.27999496459961 0
endloop
endfacet
facet normal 0 0 -1
outer loop
vertex 31.000028610229492 -18.97999382019043 0
vertex 31.000028610229492 -18.27999496459961 0
vertex 35.55002975463867 -14.079994201660156 0
endloop
endfacet
facet normal 0 0 -1
outer loop
vertex 35.55002975463867 -14.079994201660156 0
vertex 26.000028610229492 -18.27999496459961 0
vertex 31.000028610229492 -14.77999496459961 0
endloop
endfacet
facet normal 0 0 -1
outer loop
vertex 31.000028610229492 -18.97999382019043 0
vertex 40.45002746582031 -14.079994201660156 0
vertex 35.55002975463867 -18.97999382019043 0
endloop
endfacet
facet normal 0 0 -1
outer loop
vertex 40.45002746582031 -14.079994201660156 0
vertex 31.000028610229492 -18.97999382019043 0
vertex 35.55002975463867 -14.079994201660156 0
endloop
endfacet
facet normal 0 0 -1
outer loop
vertex 40.45002746582031 -18.97999382019043 0
vertex 35.55002975463867 -18.97999382019043 0
vertex 40.45002746582031 -14.079994201660156 0
endloop
endfacet
facet normal 0 0 -1
outer loop
vertex -57.38834762573242 -50.27999496459961 0
vertex -58.17047882080078 -30.329994201660156 0
vertex -56.170860290527344 -33.18574523925781 0
endloop
endfacet
facet normal 0 0 -1
outer loop
vertex -57.38834762573242 -50.27999496459961 0
vertex -59.51247024536133 -27.995107650756836 0
vertex -58.17047882080078 -30.329994201660156 0
endloop
endfacet
facet normal 0 0 1
outer loop
vertex -79.65717315673828 23.330509185791016 5
vertex -73.54997253417969 19.170005798339844 5
vertex -73.54997253417969 33.27000427246094 5
endloop
endfacet
facet normal 0 0 -1
outer loop
vertex -59.51247024536133 -27.995107650756836 0
vertex -59.51247024536133 -27.452083587646484 0
vertex -58.17047882080078 -30.329994201660156 0
endloop
endfacet
facet normal 0 -1 0
outer loop
vertex -60.81247329711914 -46.49510955810547 0.20000000298023224
vertex -61.51247024536133 -46.49510955810547 4.5
vertex -61.51247024536133 -46.49510955810547 0.20000000298023224
endloop
endfacet
facet normal 0 0 1
outer loop
vertex 73.5500259399414 19.02000617980957 5
vertex 73.5500259399414 4.9200053215026855 5
vertex 79.69841003417969 22.997278213500977 5
endloop
endfacet
facet normal 0 0 1
outer loop
vertex 73.5500259399414 4.9200053215026855 5
vertex 79.75337219238281 3.9973578453063965 5
vertex 79.69841003417969 22.997278213500977 5
endloop
endfacet
facet normal 0 0 -1
outer loop
vertex 35.55002975463867 -14.079994201660156 0
vertex 31.000028610229492 -14.77999496459961 0
vertex 31.000028610229492 -14.079994201660156 0
endloop
endfacet
facet normal 0 0 -1
outer loop
vertex 40.45002746582031 -14.079994201660156 0
vertex 35.55002975463867 -14.079994201660156 0
vertex 35.55002975463867 0.020005328580737114 0
endloop
endfacet
facet normal 0 0 -1
outer loop
vertex 40.45002746582031 -14.079994201660156 0
vertex 35.55002975463867 0.020005328580737114 0
vertex 40.45002746582031 0.020005328580737114 0
endloop
endfacet
facet normal 0 0 1
outer loop
vertex 54.70002746582031 23.920005798339844 5
vertex 59.45002746582031 19.02000617980957 5
vertex 73.5500259399414 19.02000617980957 5
endloop
endfacet
facet normal -0.3598042769524251 0.9330278035979113 0
outer loop
vertex -77.39495849609375 45.47031021118164 5
vertex -78.19542694091797 45.161624908447266 0
vertex -78.19542694091797 45.161624908447266 5
endloop
endfacet
facet normal -0.6719457624344569 0.7406003594020033 0
outer loop
vertex -78.19542694091797 45.161624908447266 5
vertex -80.49771118164062 43.0727653503418 0
vertex -80.49771118164062 43.0727653503418 5
endloop
endfacet
facet normal -0.9136134705554022 0.4065838491857476 0.0000010072310507012616
outer loop
vertex -80.49771118164062 43.0727653503418 5
vertex -80.89170837402344 42.18744659423828 0.20000000298023224
vertex -80.82617950439453 42.33468246459961 4.5
endloop
endfacet
facet normal -0.9136025434671518 0.4066084019918318 0
outer loop
vertex -80.89170837402344 42.18744659423828 0.20000000298023224
vertex -80.89170837402344 42.18744659423828 4.5
vertex -80.82617950439453 42.33468246459961 4.5
endloop
endfacet
facet normal -0.9999940051113626 0.003462620587952562 0
outer loop
vertex -80.89170837402344 42.18744659423828 4.5
vertex -80.89292907714844 41.83491134643555 0.20000000298023224
vertex -80.89292907714844 41.83491134643555 4.5
endloop
endfacet
facet normal 0.0034713687298951706 0.9999939747814189 0
outer loop
vertex -80.89292907714844 41.83491134643555 4.5
vertex -81.59292602539062 41.83734130859375 0.20000000298023224
vertex -81.59292602539062 41.83734130859375 4.5
endloop
endfacet
facet normal -0.9999939722216726 0.0034721060338733993 -1.0080680319054085e-7
outer loop
vertex -81.59292602539062 41.83734130859375 4.5
vertex -81.65292358398438 24.557445526123047 0.20000000298023224
vertex -81.63516998291016 29.670747756958008 4.5
endloop
endfacet
facet normal -0.999993970976196 0.0034724646838949916 -5.272970516702486e-7
outer loop
vertex -81.65542602539062 23.83745002746582 4.5
vertex -81.63516998291016 29.670747756958008 4.5
vertex -81.65292358398438 24.557445526123047 0.20000000298023224
endloop
endfacet
facet normal -0.0034713687298951706 -0.9999939747814189 0
outer loop
vertex -81.65542602539062 23.83745002746582 4.5
vertex -80.95542907714844 23.835020065307617 0.20000000298023224
vertex -80.95542907714844 23.835020065307617 4.5
endloop
endfacet
facet normal -0.9999939482746745 0.003478996123590953 0
outer loop
vertex -80.95716857910156 23.33502197265625 4.5
vertex -80.95542907714844 23.835020065307617 4.5
vertex -80.95542907714844 23.835020065307617 0.20000000298023224
endloop
endfacet
facet normal 0 0 1
outer loop
vertex -40.44997024536133 19.170005798339844 5
vertex -54.54997253417969 19.170005798339844 5
vertex -35.54997253417969 4.9200053215026855 5
endloop
endfacet
facet normal 0 0 1
outer loop
vertex -59.44997024536133 19.170005798339844 5
vertex -37.37700653076172 -0.6338396072387695 5
vertex -54.54997253417969 19.170005798339844 5
endloop
endfacet
facet normal 0 0 1
outer loop
vertex -73.54997253417969 19.170005798339844 5
vertex -44.32293701171875 -0.6338396072387695 5
vertex -59.44997024536133 19.170005798339844 5
endloop
endfacet
facet normal 0 0 1
outer loop
vertex -34.00956726074219 -1.5361422300338745 5
vertex -54.54997253417969 19.170005798339844 5
vertex -37.37700653076172 -0.6338396072387695 5
endloop
endfacet
facet normal 0 0 1
outer loop
vertex -40.849971771240234 -0.32999467849731445 5
vertex -37.37700653076172 -0.6338396072387695 5
vertex -59.44997024536133 19.170005798339844 5
endloop
endfacet
facet normal 0 0 1
outer loop
vertex -40.849971771240234 -0.32999467849731445 5
vertex -59.44997024536133 19.170005798339844 5
vertex -44.32293701171875 -0.6338396072387695 5
endloop
endfacet
facet normal 0 0 1
outer loop
vertex -47.69037628173828 -1.5361422300338745 5
vertex -44.32293701171875 -0.6338396072387695 5
vertex -73.54997253417969 19.170005798339844 5
endloop
endfacet
facet normal 0 0 1
outer loop
vertex -73.54997253417969 19.170005798339844 5
vertex -50.849971771240234 -3.009486675262451 5
vertex -47.69037628173828 -1.5361422300338745 5
endloop
endfacet
facet normal 0 0 1
outer loop
vertex -59.51247024536133 4.541718006134033 5
vertex -62.859195709228516 6.888914108276367 5
vertex -60.918277740478516 4.9369120597839355 5
endloop
endfacet
facet normal 0 0 1
outer loop
vertex -60.918277740478516 4.9369120597839355 5
vertex -60.81247329711914 4.68043851852417 5
vertex -59.51247024536133 4.541718006134033 5
endloop
endfacet
facet normal 0 0 1
outer loop
vertex -60.81247329711914 4.68043851852417 5
vertex -60.81247329711914 4.541718006134033 5
vertex -59.51247024536133 4.541718006134033 5
endloop
endfacet
facet normal -1 0 0
outer loop
vertex -61.51247024536133 -27.995107650756836 0.20000000298023224
vertex -61.51247024536133 -46.49510955810547 0.20000000298023224
vertex -61.51247024536133 -46.49510955810547 4.5
endloop
endfacet
facet normal -1 0 0
outer loop
vertex -60.81247329711914 4.68043851852417 5
vertex -60.81247329711914 4.541718006134033 4.5
vertex -60.81247329711914 4.541718006134033 5
endloop
endfacet
facet normal -0.7071061760151407 -0.7071073863574364 0
outer loop
vertex -60.462318420410156 -47.70121765136719 0
vertex -58.23369216918945 -49.929840087890625 0
vertex -60.462318420410156 -47.70121765136719 5
endloop
endfacet
facet normal 0 0 1
outer loop
vertex 79.75337219238281 3.9973578453063965 5
vertex 81.06851196289062 -1.2337802648544312 5
vertex 81.0533676147461 4.001118183135986 5
endloop
endfacet
facet normal 0 0 1
outer loop
vertex -53.70572280883789 -5.009105682373047 5
vertex -50.849971771240234 -3.009486675262451 5
vertex -59.51247024536133 4.541718006134033 5
endloop
endfacet
facet normal 0 0 1
outer loop
vertex 79.75337219238281 3.9973578453063965 5
vertex 79.76851654052734 -1.237540602684021 5
vertex 81.06851196289062 -1.2337802648544312 5
endloop
endfacet
facet normal 0.9999958154195133 0.0028929471931974414 0
outer loop
vertex 81.06851196289062 -1.2337802648544312 5
vertex 81.06851196289062 -1.2337802648544312 4.5
vertex 81.0533676147461 4.001118183135986 5
endloop
endfacet
facet normal 0 0 1
outer loop
vertex -79.65717315673828 23.330509185791016 5
vertex -50.849971771240234 -3.009486675262451 5
vertex -73.54997253417969 19.170005798339844 5
endloop
endfacet
facet normal 0 0 1
outer loop
vertex -79.65717315673828 23.330509185791016 5
vertex -62.859195709228516 6.888914108276367 5
vertex -59.51247024536133 4.541718006134033 5
endloop
endfacet
facet normal 0 0 1
outer loop
vertex -63.11506271362305 6.996180057525635 5
vertex -62.859195709228516 6.888914108276367 5
vertex -79.65717315673828 23.330509185791016 5
endloop
endfacet
facet normal 0 0 1
outer loop
vertex -80.95716857910156 23.33502197265625 5
vertex -63.11506271362305 6.996180057525635 5
vertex -79.65717315673828 23.330509185791016 5
endloop
endfacet
facet normal -0.9999939741279901 0.0034715569574220928 0
outer loop
vertex -80.95716857910156 23.33502197265625 4.5
vertex -81.00144958496094 10.57972526550293 5
vertex -80.95716857910156 23.33502197265625 5
endloop
endfacet
facet normal 0 0 1
outer loop
vertex -81.00144958496094 10.57972526550293 5
vertex -63.11506271362305 6.996180057525635 5
vertex -80.95716857910156 23.33502197265625 5
endloop
endfacet
facet normal 0 0 1
outer loop
vertex -50.849971771240234 -3.009486675262451 5
vertex -79.65717315673828 23.330509185791016 5
vertex -59.51247024536133 4.541718006134033 5
endloop
endfacet
facet normal 0 0 1
outer loop
vertex 73.5500259399414 4.9200053215026855 5
vertex 73.5500259399414 0.020005328580737114 5
vertex 79.75337219238281 3.9973578453063965 5
endloop
endfacet
facet normal 0 0 1
outer loop
vertex -80.69269561767578 9.775769233703613 5
vertex -77.72118377685547 7.079362869262695 5
vertex -63.11506271362305 6.996180057525635 5
endloop
endfacet
facet normal 0 0 1
outer loop
vertex -81.00144958496094 10.57972526550293 5
vertex -80.69269561767578 9.775769233703613 5
vertex -63.11506271362305 6.996180057525635 5
endloop
endfacet
facet normal 0 0 1
outer loop
vertex -80.69269561767578 9.775769233703613 5
vertex -78.60363006591797 7.473255634307861 5
vertex -77.72118377685547 7.079362869262695 5
endloop
endfacet
facet normal 0.9999958154195133 0.0028929471931974414 0
outer loop
vertex 81.06851196289062 -1.2337802648544312 4.5
vertex 81.0533676147461 4.001118183135986 4.5
vertex 81.0533676147461 4.001118183135986 5
endloop
endfacet
facet normal -0.38268502001143 -0.9238788748850422 0
outer loop
vertex -58.23369216918945 -49.929840087890625 0
vertex -57.38834762573242 -50.27999496459961 0
vertex -58.23369216918945 -49.929840087890625 5
endloop
endfacet
facet normal -0.9244270285338029 -0.3813589764462921 0
outer loop
vertex -60.918277740478516 4.9369120597839355 5
vertex -60.81247329711914 4.68043851852417 0
vertex -60.81247329711914 4.68043851852417 5
endloop
endfacet
facet normal -1 0 0
outer loop
vertex -60.81247329711914 4.68043851852417 5
vertex -60.81247329711914 4.041718006134033 0.20000000298023224
vertex -60.81247329711914 4.541718006134033 4.5
endloop
endfacet
facet normal -1 0 0
outer loop
vertex -60.81247329711914 4.041718006134033 0.20000000298023224
vertex -60.81247329711914 4.041718006134033 4.5
vertex -60.81247329711914 4.541718006134033 4.5
endloop
endfacet
facet normal -0.9999939741279901 0.0034715569574220928 0
outer loop
vertex -80.95716857910156 23.33502197265625 4.5
vertex -81.00144958496094 10.57972526550293 0
vertex -81.00144958496094 10.57972526550293 5
endloop
endfacet
facet normal -0.9335244107358642 -0.35851384151836757 0
outer loop
vertex -81.00144958496094 10.57972526550293 5
vertex -80.69269561767578 9.775769233703613 0
vertex -80.69269561767578 9.775769233703613 5
endloop
endfacet
facet normal -0.3866251599864611 -0.9222369465953115 0
outer loop
vertex -63.11506271362305 6.996180057525635 5
vertex -62.859195709228516 6.888914108276367 0
vertex -62.859195709228516 6.888914108276367 5
endloop
endfacet
facet normal -0.7091172099668535 -0.7050906200828554 0
outer loop
vertex -62.859195709228516 6.888914108276367 5
vertex -60.918277740478516 4.9369120597839355 0
vertex -60.918277740478516 4.9369120597839355 5
endloop
endfacet
facet normal -0.005694972843493118 -0.9999837835106687 0
outer loop
vertex -77.72118377685547 7.079362869262695 5
vertex -63.11506271362305 6.996180057525635 0
vertex -63.11506271362305 6.996180057525635 5
endloop
endfacet
facet normal -0.4076021141339929 -0.9131596336640705 0
outer loop
vertex -78.60363006591797 7.473255634307861 5
vertex -77.72118377685547 7.079362869262695 0
vertex -77.72118377685547 7.079362869262695 5
endloop
endfacet
facet normal -0.7406006960501847 -0.6719453913897928 0
outer loop
vertex -80.69269561767578 9.775769233703613 5
vertex -78.60363006591797 7.473255634307861 0
vertex -78.60363006591797 7.473255634307861 5
endloop
endfacet
facet normal 0 0 -1
outer loop
vertex 1.0701093673706055 -45.52999496459961 0
vertex 64.00003051757812 -33.77999496459961 0
vertex 79.8935775756836 -44.4722785949707 0
endloop
endfacet
facet normal 0 0 -1
outer loop
vertex 79.84461975097656 -45.52999496459961 0
vertex 1.0701093673706055 -45.52999496459961 0
vertex 79.8935775756836 -44.4722785949707 0
endloop
endfacet
facet normal 0 0 -1
outer loop
vertex 59.45002746582031 -33.079994201660156 0
vertex 19.16248893737793 -41.4700813293457 0
vertex 50.00002670288086 -33.77999496459961 0
endloop
endfacet
facet normal 0 0 -1
outer loop
vertex 45.00002670288086 -33.77999496459961 0
vertex 40.45002746582031 -33.079994201660156 0
vertex 45.00002670288086 -33.079994201660156 0
endloop
endfacet
facet normal 0 0 -1
outer loop
vertex 64.00003051757812 -33.77999496459961 0
vertex 18.738933563232422 -41.986183166503906 0
vertex 59.45002746582031 -33.079994201660156 0
endloop
endfacet
facet normal 0 0 -1
outer loop
vertex 50.00002670288086 -33.77999496459961 0
vertex 50.00002670288086 -33.079994201660156 0
vertex 54.55002975463867 -33.079994201660156 0
endloop
endfacet
facet normal 0 0 -1
outer loop
vertex 59.45002746582031 -33.079994201660156 0
vertex 50.00002670288086 -33.77999496459961 0
vertex 54.55002975463867 -33.079994201660156 0
endloop
endfacet
facet normal 0 0 -1
outer loop
vertex 59.45002746582031 -33.079994201660156 0
vertex 54.55002975463867 -33.079994201660156 0
vertex 54.55002975463867 -18.97999382019043 0
endloop
endfacet
facet normal 0 1 0
outer loop
vertex -60.81247329711914 4.041718006134033 4.5
vertex -61.51247024536133 4.041718006134033 0.20000000298023224
vertex -61.51247024536133 4.041718006134033 4.5
endloop
endfacet
facet normal -1 0 0
outer loop
vertex -61.51247024536133 4.041718006134033 0.20000000298023224
vertex -61.51247024536133 -14.458282470703125 4.5
vertex -61.51247024536133 4.041718006134033 4.5
endloop
endfacet
facet normal 0 0 -1
outer loop
vertex -9.424971580505371 38.02000427246094 0
vertex -4.874971866607666 38.72000503540039 0
vertex -4.874971866607666 38.02000427246094 0
endloop
endfacet
facet normal 0 0 -1
outer loop
vertex 0.12502822279930115 38.72000503540039 0
vertex -77.39495849609375 45.47031021118164 0
vertex 18.875028610229492 38.72000503540039 0
endloop
endfacet
facet normal 0 0 -1
outer loop
vertex -9.424971580505371 38.02000427246094 0
vertex -19.07497215270996 38.02000427246094 0
vertex -4.874971866607666 38.72000503540039 0
endloop
endfacet
facet normal 0 0 -1
outer loop
vertex 79.84461975097656 -45.52999496459961 0
vertex 79.8935775756836 -44.4722785949707 0
vertex 80.90218353271484 -44.469364166259766 0
endloop
endfacet
facet normal 0.7081298863855714 -0.7060821935210925 0
outer loop
vertex 79.84461975097656 -45.52999496459961 0
vertex 80.90218353271484 -44.469364166259766 0
vertex 80.90218353271484 -44.469364166259766 0.20000000298023224
endloop
endfacet
facet normal 0 0 1
outer loop
vertex 59.45002746582031 4.9200053215026855 5
vertex 73.5500259399414 0.020005328580737114 5
vertex 73.5500259399414 4.9200053215026855 5
endloop
endfacet
facet normal 0 0 1
outer loop
vertex 59.45002746582031 4.9200053215026855 5
vertex 59.45002746582031 0.020005328580737114 5
vertex 73.5500259399414 0.020005328580737114 5
endloop
endfacet
facet normal -0.9238790856437652 -0.3826845111968804 2.1242305792016576e-7
outer loop
vertex -60.754798889160156 -46.99510955810547 0.20000000298023224
vertex -60.462318420410156 -47.70121765136719 0
vertex -60.81247329711914 -46.85586929321289 4.5
endloop
endfacet
facet normal -0.9238814049559442 -0.3826789118525224 0
outer loop
vertex -60.81247329711914 -46.85586929321289 0.20000000298023224
vertex -60.754798889160156 -46.99510955810547 0.20000000298023224
vertex -60.81247329711914 -46.85586929321289 4.5
endloop
endfacet
facet normal -1 0 0
outer loop
vertex -60.81247329711914 -46.49510955810547 0.20000000298023224
vertex -60.81247329711914 -46.85586929321289 0.20000000298023224
vertex -60.81247329711914 -46.49510955810547 4.5
endloop
endfacet
facet normal 0 0 -1
outer loop
vertex 64.00003051757812 -33.77999496459961 0
vertex 59.45002746582031 -33.079994201660156 0
vertex 64.00003051757812 -33.079994201660156 0
endloop
endfacet
facet normal 0 0 -1
outer loop
vertex 79.8935775756836 -44.4722785949707 0
vertex 64.00003051757812 -33.77999496459961 0
vertex 69.00003051757812 -33.77999496459961 0
endloop
endfacet
facet normal 0 0 -1
outer loop
vertex 69.00003051757812 -33.77999496459961 0
vertex 69.00003051757812 -33.079994201660156 0
vertex 73.5500259399414 -33.079994201660156 0
endloop
endfacet
facet normal 0 0 -1
outer loop
vertex 79.8935775756836 -44.4722785949707 0
vertex 69.00003051757812 -33.77999496459961 0
vertex 73.5500259399414 -33.079994201660156 0
endloop
endfacet
facet normal 0 0 1
outer loop
vertex 54.70002746582031 23.920005798339844 5
vertex 54.55002975463867 4.9200053215026855 5
vertex 59.45002746582031 19.02000617980957 5
endloop
endfacet
facet normal 0 0 1
outer loop
vertex 54.55002975463867 19.02000617980957 5
vertex 54.55002975463867 4.9200053215026855 5
vertex 54.70002746582031 23.920005798339844 5
endloop
endfacet
facet normal 0 0 -1
outer loop
vertex 79.8935775756836 -44.4722785949707 0
vertex 73.5500259399414 -33.079994201660156 0
vertex 79.83861541748047 -25.47235870361328 0
endloop
endfacet
facet normal 0 0 1
outer loop
vertex 59.45002746582031 19.02000617980957 5
vertex 54.55002975463867 0.020005328580737114 5
vertex 59.45002746582031 4.9200053215026855 5
endloop
endfacet
facet normal 0 0 1
outer loop
vertex 54.55002975463867 4.9200053215026855 5
vertex 54.55002975463867 0.020005328580737114 5
vertex 59.45002746582031 19.02000617980957 5
endloop
endfacet
facet normal 0 0 -1
outer loop
vertex -19.07497215270996 38.02000427246094 0
vertex -23.624971389770508 38.72000503540039 0
vertex -4.874971866607666 38.72000503540039 0
endloop
endfacet
facet normal 0 0 -1
outer loop
vertex 0.12502822279930115 23.22000503540039 0
vertex -2.4499716758728027 19.02000617980957 0
vertex -4.874971866607666 23.22000503540039 0
endloop
endfacet
facet normal 0 0 -1
outer loop
vertex -4.874971866607666 23.22000503540039 0
vertex -9.424971580505371 23.920005798339844 0
vertex -4.874971866607666 23.920005798339844 0
endloop
endfacet
facet normal 0 0 -1
outer loop
vertex -4.874971866607666 23.22000503540039 0
vertex -6.999971866607666 19.72000503540039 0
vertex -9.424971580505371 23.920005798339844 0
endloop
endfacet
facet normal 0 0 -1
outer loop
vertex -9.424971580505371 23.920005798339844 0
vertex -19.07497215270996 23.920005798339844 0
vertex -9.424971580505371 38.02000427246094 0
endloop
endfacet
facet normal 0 0 -1
outer loop
vertex -19.07497215270996 23.920005798339844 0
vertex -19.07497215270996 38.02000427246094 0
vertex -9.424971580505371 38.02000427246094 0
endloop
endfacet
facet normal 0 0 -1
outer loop
vertex -9.424971580505371 23.920005798339844 0
vertex -11.999971389770508 19.72000503540039 0
vertex -19.07497215270996 23.920005798339844 0
endloop
endfacet
facet normal 0 0 -1
outer loop
vertex -4.874971866607666 38.72000503540039 0
vertex -77.39495849609375 45.47031021118164 0
vertex 0.12502822279930115 38.72000503540039 0
endloop
endfacet
facet normal 0 0 -1
outer loop
vertex -23.624971389770508 38.02000427246094 0
vertex -23.624971389770508 38.72000503540039 0
vertex -19.07497215270996 38.02000427246094 0
endloop
endfacet
facet normal 0.7081298863855715 -0.7060821935210925 0
outer loop
vertex 79.84461975097656 -45.52999496459961 0
vertex 80.90218353271484 -44.469364166259766 0.20000000298023224
vertex 79.84461975097656 -45.52999496459961 5
endloop
endfacet
facet normal 0.708130434170603 -0.7060816441470159 0
outer loop
vertex 80.90218353271484 -44.469364166259766 0.20000000298023224
vertex 81.1927261352539 -44.177978515625 0.20000000298023224
vertex 81.1927261352539 -44.177978515625 4.5
endloop
endfacet
facet normal 0.9999958599057199 0.002877528700100236 0
outer loop
vertex 81.1927261352539 -44.177978515625 4.5
vertex 81.1927261352539 -44.177978515625 0.20000000298023224
vertex 81.19212341308594 -43.96852111816406 0.20000000298023224
endloop
endfacet
facet normal 0.0028937208544911933 -0.9999958131810432 0
outer loop
vertex 81.89212036132812 -43.966495513916016 0.20000000298023224
vertex 81.19212341308594 -43.96852111816406 4.5
vertex 81.19212341308594 -43.96852111816406 0.20000000298023224
endloop
endfacet
facet normal 0.9999958170865404 0.0028923708147631736 -7.018342450288737e-7
outer loop
vertex 81.89212036132812 -43.966495513916016 0.20000000298023224
vertex 81.8421401977539 -26.686569213867188 0.20000000298023224
vertex 81.88691711425781 -42.16650390625 4.5
endloop
endfacet
facet normal 0 0 -1
outer loop
vertex -33.17497253417969 38.02000427246094 0
vertex -28.624971389770508 38.72000503540039 0
vertex -28.624971389770508 38.02000427246094 0
endloop
endfacet
facet normal 0 0 -1
outer loop
vertex -23.624971389770508 38.72000503540039 0
vertex -77.39495849609375 45.47031021118164 0
vertex -4.874971866607666 38.72000503540039 0
endloop
endfacet
facet normal 0 0 -1
outer loop
vertex -19.07497215270996 23.920005798339844 0
vertex -23.624971389770508 23.22000503540039 0
vertex -23.624971389770508 23.920005798339844 0
endloop
endfacet
facet normal 0 0 -1
outer loop
vertex 43.514041900634766 -18.97999382019043 0
vertex 45.00002670288086 -18.27999496459961 0
vertex 45.00002670288086 -18.97999382019043 0
endloop
endfacet
facet normal 0 0 -1
outer loop
vertex 40.45002746582031 -14.079994201660156 0
vertex 43.514041900634766 -18.97999382019043 0
vertex 40.45002746582031 -18.97999382019043 0
endloop
endfacet
facet normal 0 0 -1
outer loop
vertex 43.514041900634766 -18.97999382019043 0
vertex 40.45002746582031 -14.079994201660156 0
vertex 45.00002670288086 -14.77999496459961 0
endloop
endfacet
facet normal 0 0 -1
outer loop
vertex 45.00002670288086 -18.27999496459961 0
vertex 43.514041900634766 -18.97999382019043 0
vertex 51.34738540649414 -14.079994201660156 0
endloop
endfacet
facet normal 0 0 -1
outer loop
vertex 45.00002670288086 -14.77999496459961 0
vertex 50.00002670288086 -14.77999496459961 0
vertex 43.514041900634766 -18.97999382019043 0
endloop
endfacet
facet normal 0 0 -1
outer loop
vertex 51.34738540649414 -14.079994201660156 0
vertex 43.514041900634766 -18.97999382019043 0
vertex 50.00002670288086 -14.77999496459961 0
endloop
endfacet
facet normal 0 0 -1
outer loop
vertex 45.00002670288086 -18.27999496459961 0
vertex 51.34738540649414 -14.079994201660156 0
vertex 50.00002670288086 -18.27999496459961 0
endloop
endfacet
facet normal 0 0 -1
outer loop
vertex 59.45002746582031 -18.97999382019043 0
vertex 59.45002746582031 -33.079994201660156 0
vertex 54.55002975463867 -18.97999382019043 0
endloop
endfacet
facet normal 0 0 -1
outer loop
vertex 50.00002670288086 -18.97999382019043 0
vertex 50.00002670288086 -18.27999496459961 0
vertex 54.55002975463867 -18.97999382019043 0
endloop
endfacet
facet normal 0 0 -1
outer loop
vertex 51.34738540649414 -14.079994201660156 0
vertex 54.55002975463867 -14.079994201660156 0
vertex 50.00002670288086 -18.27999496459961 0
endloop
endfacet
facet normal 0 0 -1
outer loop
vertex 54.55002975463867 -18.97999382019043 0
vertex 50.00002670288086 -18.27999496459961 0
vertex 59.45002746582031 -14.079994201660156 0
endloop
endfacet
facet normal 0 0 -1
outer loop
vertex 59.45002746582031 -14.079994201660156 0
vertex 50.00002670288086 -18.27999496459961 0
vertex 54.55002975463867 -14.079994201660156 0
endloop
endfacet
facet normal 0 0 -1
outer loop
vertex 59.45002746582031 -18.97999382019043 0
vertex 54.55002975463867 -18.97999382019043 0
vertex 59.45002746582031 -14.079994201660156 0
endloop
endfacet
facet normal 0 0 -1
outer loop
vertex 59.45002746582031 -18.97999382019043 0
vertex 59.45002746582031 -14.079994201660156 0
vertex 64.00003051757812 -18.27999496459961 0
endloop
endfacet
facet normal 0 0 -1
outer loop
vertex -19.07497215270996 23.920005798339844 0
vertex -21.44997215270996 19.02000617980957 0
vertex -23.624971389770508 23.22000503540039 0
endloop
endfacet
facet normal 0 0 -1
outer loop
vertex -23.624971389770508 23.22000503540039 0
vertex -25.999971389770508 19.72000503540039 0
vertex -28.624971389770508 23.22000503540039 0
endloop
endfacet
facet normal 0 0 -1
outer loop
vertex -28.624971389770508 23.22000503540039 0
vertex -33.17497253417969 23.920005798339844 0
vertex -28.624971389770508 23.920005798339844 0
endloop
endfacet
facet normal 0 0 -1
outer loop
vertex -39.74997329711914 28.72000503540039 0
vertex -33.17497253417969 38.02000427246094 0
vertex -33.17497253417969 23.920005798339844 0
endloop
endfacet
facet normal 0 0 -1
outer loop
vertex -39.74997329711914 28.72000503540039 0
vertex -40.44997024536133 33.27000427246094 0
vertex -33.17497253417969 38.02000427246094 0
endloop
endfacet
facet normal 0 0 -1
outer loop
vertex -40.44997024536133 28.72000503540039 0
vertex -40.44997024536133 33.27000427246094 0
vertex -39.74997329711914 28.72000503540039 0
endloop
endfacet
facet normal 0 0 -1
outer loop
vertex -28.624971389770508 23.22000503540039 0
vertex -30.999971389770508 19.72000503540039 0
vertex -33.17497253417969 23.920005798339844 0
endloop
endfacet
facet normal 0 0 -1
outer loop
vertex -30.999971389770508 19.72000503540039 0
vertex -39.74997329711914 23.72000503540039 0
vertex -33.17497253417969 23.920005798339844 0
endloop
endfacet
facet normal 0 0 -1
outer loop
vertex 45.00002670288086 -14.77999496459961 0
vertex 40.45002746582031 -14.079994201660156 0
vertex 45.00002670288086 -14.079994201660156 0
endloop
endfacet
facet normal 0 0 -1
outer loop
vertex 51.34738540649414 -14.079994201660156 0
vertex 50.00002670288086 -14.77999496459961 0
vertex 50.00002670288086 -14.079994201660156 0
endloop
endfacet
facet normal 0 0 -1
outer loop
vertex 59.45002746582031 -14.079994201660156 0
vertex 54.55002975463867 -14.079994201660156 0
vertex 54.55002975463867 0.020005328580737114 0
endloop
endfacet
facet normal 0 0 -1
outer loop
vertex 59.45002746582031 -14.079994201660156 0
vertex 54.55002975463867 0.020005328580737114 0
vertex 59.45002746582031 0.020005328580737114 0
endloop
endfacet
facet normal 0 0 -1
outer loop
vertex -39.74997329711914 23.72000503540039 0
vertex -39.74997329711914 28.72000503540039 0
vertex -33.17497253417969 23.920005798339844 0
endloop
endfacet
facet normal 0 0 -1
outer loop
vertex -39.74997329711914 23.72000503540039 0
vertex -40.44997024536133 19.170005798339844 0
vertex -40.44997024536133 23.72000503540039 0
endloop
endfacet
facet normal 0 0 1
outer loop
vertex 40.45002746582031 4.9200053215026855 5
vertex 54.55002975463867 0.020005328580737114 5
vertex 54.55002975463867 4.9200053215026855 5
endloop
endfacet
facet normal 0 0 1
outer loop
vertex 40.45002746582031 4.9200053215026855 5
vertex 40.45002746582031 0.020005328580737114 5
vertex 54.55002975463867 0.020005328580737114 5
endloop
endfacet
facet normal 0 0 -1
outer loop
vertex 59.45002746582031 -18.97999382019043 0
vertex 64.00003051757812 -18.27999496459961 0
vertex 64.00003051757812 -18.97999382019043 0
endloop
endfacet
facet normal 0 0 -1
outer loop
vertex 64.00003051757812 -18.27999496459961 0
vertex 59.45002746582031 -14.079994201660156 0
vertex 64.00003051757812 -14.77999496459961 0
endloop
endfacet
facet normal 0 0 -1
outer loop
vertex 64.00003051757812 -18.27999496459961 0
vertex 64.00003051757812 -14.77999496459961 0
vertex 69.00003051757812 -18.27999496459961 0
endloop
endfacet
facet normal 0 0 -1
outer loop
vertex 69.00003051757812 -18.97999382019043 0
vertex 69.00003051757812 -18.27999496459961 0
vertex 73.5500259399414 -18.97999382019043 0
endloop
endfacet
facet normal 0 0 -1
outer loop
vertex 69.00003051757812 -18.27999496459961 0
vertex 64.00003051757812 -14.77999496459961 0
vertex 69.00003051757812 -14.77999496459961 0
endloop
endfacet
facet normal 0 0 -1
outer loop
vertex 73.5500259399414 -18.97999382019043 0
vertex 69.00003051757812 -18.27999496459961 0
vertex 69.00003051757812 -14.77999496459961 0
endloop
endfacet
facet normal 0 0 -1
outer loop
vertex 79.83861541748047 -25.47235870361328 0
vertex 73.5500259399414 -33.079994201660156 0
vertex 73.5500259399414 -18.97999382019043 0
endloop
endfacet
facet normal 0.9999958150749888 0.002893066281113672 -4.2843543941922336e-8
outer loop
vertex 81.71672821044922 16.669755935668945 4.5
vertex 81.70193481445312 21.78306770324707 0.20000000298023224
vertex 81.6998519897461 22.50306510925293 4.5
endloop
endfacet
facet normal 0.9999958179755042 0.0028920632730864036 -0.0000012355727673915565
outer loop
vertex 81.75191497802734 4.503140926361084 4.5
vertex 81.70193481445312 21.78306770324707 0.20000000298023224
vertex 81.71672821044922 16.669755935668945 4.5
endloop
endfacet
facet normal 0 0 -1
outer loop
vertex 81.13861083984375 -25.468599319458008 0
vertex 79.83861541748047 -25.47235870361328 0
vertex 81.12346649169922 -20.233701705932617 0
endloop
endfacet
facet normal 0.9999958154181794 0.002892947654341715 0
outer loop
vertex 81.13861083984375 -25.468599319458008 0.20000000298023224
vertex 81.13861083984375 -25.468599319458008 0
vertex 81.12346649169922 -20.233701705932617 0.20000000298023224
endloop
endfacet
facet normal 0 0 -1
outer loop
vertex -58.17047882080078 -10.329994201660156 0
vertex -59.51247024536133 -13.207905769348145 0
vertex -59.51247024536133 4.541718006134033 0
endloop
endfacet
facet normal 0.0028930396641352316 -0.9999958151519943 0
outer loop
vertex 81.05191802978516 4.501115798950195 4.5
vertex 81.75191497802734 4.503140926361084 0.20000000298023224
vertex 81.75191497802734 4.503140926361084 4.5
endloop
endfacet
facet normal 0.9999957973932957 0.002899171562131338 0
outer loop
vertex 81.0533676147461 4.001118183135986 4.5
vertex 81.05191802978516 4.501115798950195 0.20000000298023224
vertex 81.05191802978516 4.501115798950195 4.5
endloop
endfacet
facet normal 0 0 -1
outer loop
vertex 79.83861541748047 -25.47235870361328 0
vertex 73.5500259399414 -18.97999382019043 0
vertex 79.82347106933594 -20.23746109008789 0
endloop
endfacet
facet normal 0 0 -1
outer loop
vertex 81.12346649169922 -20.233701705932617 0
vertex 79.83861541748047 -25.47235870361328 0
vertex 79.82347106933594 -20.23746109008789 0
endloop
endfacet
facet normal 0.9999958154181794 0.002892947654341715 0
outer loop
vertex 81.12346649169922 -20.233701705932617 0.20000000298023224
vertex 81.13861083984375 -25.468599319458008 0
vertex 81.12346649169922 -20.233701705932617 0
endloop
endfacet
facet normal 0 0 -1
outer loop
vertex 79.82347106933594 -20.23746109008789 0
vertex 73.5500259399414 -18.97999382019043 0
vertex 73.5500259399414 -14.079994201660156 0
endloop
endfacet
facet normal 0 0 -1
outer loop
vertex 73.5500259399414 -18.97999382019043 0
vertex 69.00003051757812 -14.77999496459961 0
vertex 73.5500259399414 -14.079994201660156 0
endloop
endfacet
facet normal 0.9999958154192513 0.002892947193196684 -7.23766455717741e-7
outer loop
vertex 81.06851196289062 -1.2337802648544312 4.5
vertex 81.05191802978516 4.501115798950195 0.20000000298023224
vertex 81.0533676147461 4.001118183135986 4.5
endloop
endfacet
facet normal 0.9999958415185359 0.002883911516527059 0
outer loop
vertex 81.06995391845703 -1.7337781190872192 4.5
vertex 81.06995391845703 -1.7337781190872192 0.20000000298023224
vertex 81.06851196289062 -1.2337802648544312 4.5
endloop
endfacet
facet normal -0.0028925287713656173 0.9999958166299031 0
outer loop
vertex 81.76995086669922 -1.7317533493041992 4.5
vertex 81.06995391845703 -1.7337781190872192 0.20000000298023224
vertex 81.06995391845703 -1.7337781190872192 4.5
endloop
endfacet
facet normal 0 0 -1
outer loop
vertex 2.45002818107605 19.02000617980957 0
vertex -2.4499716758728027 19.02000617980957 0
vertex 0.12502822279930115 23.22000503540039 0
endloop
endfacet
facet normal 0 0 -1
outer loop
vertex -2.4499716758728027 19.02000617980957 0
vertex -6.999971866607666 19.72000503540039 0
vertex -4.874971866607666 23.22000503540039 0
endloop
endfacet
facet normal 0 0 -1
outer loop
vertex -6.999971866607666 19.02000617980957 0
vertex -6.999971866607666 19.72000503540039 0
vertex -2.4499716758728027 19.02000617980957 0
endloop
endfacet
facet normal 0 0 -1
outer loop
vertex -11.999971389770508 19.72000503540039 0
vertex -9.424971580505371 23.920005798339844 0
vertex -6.999971866607666 19.72000503540039 0
endloop
endfacet
facet normal 0 0 -1
outer loop
vertex -2.4499716758728027 4.9200053215026855 0
vertex -2.4499716758728027 19.02000617980957 0
vertex 2.45002818107605 19.02000617980957 0
endloop
endfacet
facet normal 0 0 -1
outer loop
vertex -16.549972534179688 19.02000617980957 0
vertex -11.999971389770508 19.72000503540039 0
vertex -11.999971389770508 19.02000617980957 0
endloop
endfacet
facet normal 0 0 -1
outer loop
vertex -16.549972534179688 19.02000617980957 0
vertex -19.07497215270996 23.920005798339844 0
vertex -11.999971389770508 19.72000503540039 0
endloop
endfacet
facet normal 0 0 -1
outer loop
vertex 64.00003051757812 -14.77999496459961 0
vertex 59.45002746582031 -14.079994201660156 0
vertex 64.00003051757812 -14.079994201660156 0
endloop
endfacet
facet normal 0 0 -1
outer loop
vertex 73.5500259399414 -14.079994201660156 0
vertex 69.00003051757812 -14.77999496459961 0
vertex 69.00003051757812 -14.079994201660156 0
endloop
endfacet
facet normal 0 0 -1
outer loop
vertex 73.5500259399414 -14.079994201660156 0
vertex 73.5500259399414 0.020005328580737114 0
vertex 79.82347106933594 -20.23746109008789 0
endloop
endfacet
facet normal 0 0 -1
outer loop
vertex -58.17047882080078 -10.329994201660156 0
vertex -59.51247024536133 4.541718006134033 0
vertex -56.170860290527344 -7.474242687225342 0
endloop
endfacet
facet normal 0 0 -1
outer loop
vertex -56.170860290527344 -7.474242687225342 0
vertex -59.51247024536133 4.541718006134033 0
vertex -53.70572280883789 -5.009105682373047 0
endloop
endfacet
facet normal -1 0 0
outer loop
vertex -61.51247024536133 -14.458282470703125 0.20000000298023224
vertex -61.51247024536133 -27.995107650756836 0.20000000298023224
vertex -61.51247024536133 -14.458282470703125 4.5
endloop
endfacet
facet normal 0 0 -1
outer loop
vertex 79.82347106933594 -20.23746109008789 0
vertex 73.5500259399414 0.020005328580737114 0
vertex 79.76851654052734 -1.237540602684021 0
endloop
endfacet
facet normal -1 0 0
outer loop
vertex -61.51247024536133 -14.458282470703125 4.5
vertex -61.51247024536133 4.041718006134033 0.20000000298023224
vertex -61.51247024536133 -14.458282470703125 0.20000000298023224
endloop
endfacet
facet normal 0 0 -1
outer loop
vertex -57.38834762573242 -50.27999496459961 0
vertex -27.849971771240234 -47.6299934387207 0
vertex -4.361596584320068 -50.27999496459961 0
endloop
endfacet
facet normal 0 0 -1
outer loop
vertex -16.549972534179688 19.02000617980957 0
vertex -21.44997215270996 19.02000617980957 0
vertex -19.07497215270996 23.920005798339844 0
endloop
endfacet
facet normal 0 0 -1
outer loop
vertex -16.549972534179688 19.02000617980957 0
vertex -21.44997215270996 4.9200053215026855 0
vertex -21.44997215270996 19.02000617980957 0
endloop
endfacet
facet normal 0 0 -1
outer loop
vertex -16.549972534179688 4.9200053215026855 0
vertex -21.44997215270996 4.9200053215026855 0
vertex -16.549972534179688 19.02000617980957 0
endloop
endfacet
facet normal 0 0 -1
outer loop
vertex -2.4499716758728027 4.9200053215026855 0
vertex -6.999971866607666 4.220005512237549 0
vertex -6.999971866607666 4.9200053215026855 0
endloop
endfacet
facet normal 0 0 -1
outer loop
vertex 2.45002818107605 0.020005328580737114 0
vertex -2.4499716758728027 0.020005328580737114 0
vertex -2.4499716758728027 4.9200053215026855 0
endloop
endfacet
facet normal 0 0 -1
outer loop
vertex -2.4499716758728027 0.020005328580737114 0
vertex -6.999971866607666 4.220005512237549 0
vertex -2.4499716758728027 4.9200053215026855 0
endloop
endfacet
facet normal 0 0 -1
outer loop
vertex -2.4499716758728027 0.020005328580737114 0
vertex -6.999971866607666 0.7200053334236145 0
vertex -6.999971866607666 4.220005512237549 0
endloop
endfacet
facet normal 0 0 -1
outer loop
vertex -6.999971866607666 0.7200053334236145 0
vertex -11.999971389770508 4.220005512237549 0
vertex -6.999971866607666 4.220005512237549 0
endloop
endfacet
facet normal 0 0 -1
outer loop
vertex -6.999971866607666 0.020005328580737114 0
vertex -6.999971866607666 0.7200053334236145 0
vertex -2.4499716758728027 0.020005328580737114 0
endloop
endfacet
facet normal 0 0 -1
outer loop
vertex -11.999971389770508 4.220005512237549 0
vertex -16.549972534179688 4.9200053215026855 0
vertex -11.999971389770508 4.9200053215026855 0
endloop
endfacet
facet normal 0 0 -1
outer loop
vertex -11.999971389770508 0.7200053334236145 0
vertex -11.999971389770508 4.220005512237549 0
vertex -6.999971866607666 0.7200053334236145 0
endloop
endfacet
facet normal 0 0 -1
outer loop
vertex -11.999971389770508 0.7200053334236145 0
vertex -16.549972534179688 4.9200053215026855 0
vertex -11.999971389770508 4.220005512237549 0
endloop
endfacet
facet normal 0 0 -1
outer loop
vertex -11.999971389770508 0.7200053334236145 0
vertex -16.549972534179688 0.020005328580737114 0
vertex -16.549972534179688 4.9200053215026855 0
endloop
endfacet
facet normal 0.9999957974013116 0.0028991687972785723 0
outer loop
vertex 81.14006042480469 -25.968597412109375 0.20000000298023224
vertex 81.13861083984375 -25.468599319458008 0.20000000298023224
vertex 81.13861083984375 -25.468599319458008 4.5
endloop
endfacet
facet normal 0.9999958158152088 0.0028928104111681173 0
outer loop
vertex 81.84005737304688 -25.966571807861328 0.20000000298023224
vertex 81.84005737304688 -25.966571807861328 4.5
vertex 81.8421401977539 -26.686569213867188 0.20000000298023224
endloop
endfacet
facet normal -0.0028937208544911933 0.9999958131810432 0
outer loop
vertex 81.84005737304688 -25.966571807861328 0.20000000298023224
vertex 81.14006042480469 -25.968597412109375 0.20000000298023224
vertex 81.84005737304688 -25.966571807861328 4.5
endloop
endfacet
facet normal 0.9999958154181793 0.0028929476543417144 0
outer loop
vertex 81.13861083984375 -25.468599319458008 4.5
vertex 81.13861083984375 -25.468599319458008 0.20000000298023224
vertex 81.12346649169922 -20.233701705932617 0.20000000298023224
endloop
endfacet
facet normal 0.9999958414619744 0.0028839101412025214 -0.000011002523352012781
outer loop
vertex 81.13861083984375 -25.468599319458008 4.5
vertex 81.12346649169922 -20.233701705932617 0.20000000298023224
vertex 81.12202453613281 -19.73370361328125 0.20000000298023224
endloop
endfacet
facet normal 0.0028937208544911933 -0.9999958131810432 0
outer loop
vertex 81.822021484375 -19.731678009033203 0.20000000298023224
vertex 81.12202453613281 -19.73370361328125 4.5
vertex 81.12202453613281 -19.73370361328125 0.20000000298023224
endloop
endfacet
facet normal 0 0 -1
outer loop
vertex -16.549972534179688 0.020005328580737114 0
vertex -11.999971389770508 0.7200053334236145 0
vertex -11.999971389770508 0.020005328580737114 0
endloop
endfacet
facet normal 0 0 -1
outer loop
vertex -16.549972534179688 0.020005328580737114 0
vertex -21.44997215270996 4.9200053215026855 0
vertex -16.549972534179688 4.9200053215026855 0
endloop
endfacet
facet normal 0 0 -1
outer loop
vertex -21.44997215270996 19.02000617980957 0
vertex -25.999971389770508 19.72000503540039 0
vertex -23.624971389770508 23.22000503540039 0
endloop
endfacet
facet normal 0 0 -1
outer loop
vertex -25.999971389770508 19.02000617980957 0
vertex -25.999971389770508 19.72000503540039 0
vertex -21.44997215270996 19.02000617980957 0
endloop
endfacet
facet normal 0 0 -1
outer loop
vertex -30.999971389770508 19.72000503540039 0
vertex -28.624971389770508 23.22000503540039 0
vertex -25.999971389770508 19.72000503540039 0
endloop
endfacet
facet normal 0.9999958158103595 0.002892812087514654 0
outer loop
vertex 81.822021484375 -19.731678009033203 0.20000000298023224
vertex 81.77203369140625 -2.4517502784729004 0.20000000298023224
vertex 81.822021484375 -19.731678009033203 4.5
endloop
endfacet
facet normal 0 0 -1
outer loop
vertex -35.54997253417969 19.02000617980957 0
vertex -30.999971389770508 19.72000503540039 0
vertex -30.999971389770508 19.02000617980957 0
endloop
endfacet
facet normal 0 0 -1
outer loop
vertex -35.54997253417969 19.02000617980957 0
vertex -39.74997329711914 23.72000503540039 0
vertex -30.999971389770508 19.72000503540039 0
endloop
endfacet
facet normal 0.5555697480661043 -0.8314699363379083 0
outer loop
vertex 0.8713812232017517 -45.59027862548828 5
vertex -0.8146317005157471 -46.716835021972656 5
vertex 0.8713812232017517 -45.59027862548828 0
endloop
endfacet
facet normal 0.2902852831965865 -0.9569401519214655 0
outer loop
vertex 0.8713812232017517 -45.59027862548828 5
vertex 1.0701093673706055 -45.52999496459961 0
vertex 1.0701093673706055 -45.52999496459961 5
endloop
endfacet
facet normal 0 0 -1
outer loop
vertex -25.529083251953125 -33.18574523925781 0
vertex -27.849971771240234 -47.6299934387207 0
vertex -27.849971771240234 -35.50663757324219 0
endloop
endfacet
facet normal 0 0 -1
outer loop
vertex -25.529083251953125 -33.18574523925781 0
vertex -16.549972534179688 -33.079994201660156 0
vertex -27.849971771240234 -47.6299934387207 0
endloop
endfacet
facet normal 0 0 1
outer loop
vertex 28.42502784729004 38.02000427246094 5
vertex 35.70002746582031 23.920005798339844 5
vertex 35.70002746582031 38.02000427246094 5
endloop
endfacet
facet normal 0 0 1
outer loop
vertex 28.42502784729004 38.02000427246094 5
vertex 28.42502784729004 23.920005798339844 5
vertex 35.70002746582031 23.920005798339844 5
endloop
endfacet
facet normal 0 0 1
outer loop
vertex 28.42502784729004 23.920005798339844 5
vertex 54.55002975463867 19.02000617980957 5
vertex 35.70002746582031 23.920005798339844 5
endloop
endfacet
facet normal 0 0 1
outer loop
vertex 28.42502784729004 23.920005798339844 5
vertex 14.325028419494629 23.920005798339844 5
vertex 54.55002975463867 19.02000617980957 5
endloop
endfacet
facet normal 0 0 -1
outer loop
vertex -25.529083251953125 -33.18574523925781 0
vertex -23.529462814331055 -30.329994201660156 0
vertex -16.549972534179688 -33.079994201660156 0
endloop
endfacet
facet normal 0 0 1
outer loop
vertex 72.96278381347656 45.36309051513672 5
vertex -77.39495849609375 45.47031021118164 5
vertex 28.42502784729004 38.02000427246094 5
endloop
endfacet
facet normal 0 0 -1
outer loop
vertex -16.549972534179688 -33.079994201660156 0
vertex -23.529462814331055 -30.329994201660156 0
vertex -22.056119918823242 -27.17039680480957 0
endloop
endfacet
facet normal 0 0 1
outer loop
vertex 14.325028419494629 38.02000427246094 5
vertex 4.675028324127197 38.02000427246094 5
vertex 14.325028419494629 23.920005798339844 5
endloop
endfacet
facet normal 0 0 -1
outer loop
vertex -4.361596584320068 -50.27999496459961 0
vertex -27.849971771240234 -47.6299934387207 0
vertex -3.516249895095825 -49.929840087890625 0
endloop
endfacet
facet normal 0 0 1
outer loop
vertex 4.675028324127197 38.02000427246094 5
vertex 4.675028324127197 23.920005798339844 5
vertex 14.325028419494629 23.920005798339844 5
endloop
endfacet
facet normal 0 0 -1
outer loop
vertex -3.516249895095825 -49.929840087890625 0
vertex -27.849971771240234 -47.6299934387207 0
vertex -1.2876259088516235 -47.70121765136719 0
endloop
endfacet
facet normal 0 0 -1
outer loop
vertex -1.2876259088516235 -47.70121765136719 0
vertex -27.849971771240234 -47.6299934387207 0
vertex -16.549972534179688 -33.079994201660156 0
endloop
endfacet
facet normal 0 0 -1
outer loop
vertex -1.2876259088516235 -47.70121765136719 0
vertex -16.549972534179688 -33.079994201660156 0
vertex -0.946376383304596 -46.87736892700195 0
endloop
endfacet
facet normal 0 0 -1
outer loop
vertex -0.946376383304596 -46.87736892700195 0
vertex -6.999971866607666 -33.77999496459961 0
vertex -0.8146317005157471 -46.716835021972656 0
endloop
endfacet
facet normal 0 0 -1
outer loop
vertex -6.999971866607666 -33.77999496459961 0
vertex 0.8713812232017517 -45.59027862548828 0
vertex -0.8146317005157471 -46.716835021972656 0
endloop
endfacet
facet normal 0 0 -1
outer loop
vertex 0.8713812232017517 -45.59027862548828 0
vertex -6.999971866607666 -33.77999496459961 0
vertex 0.18428242206573486 -35.70220184326172 0
endloop
endfacet
facet normal 0 0 -1
outer loop
vertex -16.549972534179688 -33.079994201660156 0
vertex -11.999971389770508 -33.079994201660156 0
vertex -11.999971389770508 -33.77999496459961 0
endloop
endfacet
facet normal 0 0 -1
outer loop
vertex -16.549972534179688 -33.079994201660156 0
vertex -22.056119918823242 -27.17039680480957 0
vertex -21.15381622314453 -23.80295753479004 0
endloop
endfacet
facet normal 0 0 -1
outer loop
vertex -0.946376383304596 -46.87736892700195 0
vertex -16.549972534179688 -33.079994201660156 0
vertex -11.999971389770508 -33.77999496459961 0
endloop
endfacet
facet normal 0 0 -1
outer loop
vertex -6.999971866607666 -33.77999496459961 0
vertex -0.946376383304596 -46.87736892700195 0
vertex -11.999971389770508 -33.77999496459961 0
endloop
endfacet
facet normal 0 0 -1
outer loop
vertex -6.999971866607666 -33.77999496459961 0
vertex -6.999971866607666 -33.079994201660156 0
vertex -2.4499716758728027 -33.079994201660156 0
endloop
endfacet
facet normal 0 0 -1
outer loop
vertex -6.999971866607666 -33.77999496459961 0
vertex -2.4499716758728027 -33.079994201660156 0
vertex 0.42782068252563477 -33.8442497253418 0
endloop
endfacet
facet normal 0 0 -1
outer loop
vertex -6.999971866607666 -33.77999496459961 0
vertex 0.15002821385860443 -35.52999496459961 0
vertex 0.18428242206573486 -35.70220184326172 0
endloop
endfacet
facet normal 0 0 -1
outer loop
vertex 0.15002821385860443 -35.52999496459961 0
vertex -6.999971866607666 -33.77999496459961 0
vertex 0.15002821385860443 -34.25999450683594 0
endloop
endfacet
facet normal 0 0 -1
outer loop
vertex 0.15002821385860443 -34.25999450683594 0
vertex -6.999971866607666 -33.77999496459961 0
vertex 0.18428242206573486 -34.08778762817383 0
endloop
endfacet
facet normal 0 0 -1
outer loop
vertex 0.18428242206573486 -34.08778762817383 0
vertex -6.999971866607666 -33.77999496459961 0
vertex 0.28183016180992126 -33.941795349121094 0
endloop
endfacet
facet normal 0 0 1
outer loop
vertex 14.325028419494629 23.920005798339844 5
vertex 40.45002746582031 19.02000617980957 5
vertex 54.55002975463867 19.02000617980957 5
endloop
endfacet
facet normal 0 0 1
outer loop
vertex 40.45002746582031 19.02000617980957 5
vertex 35.55002975463867 19.02000617980957 5
vertex 40.45002746582031 4.9200053215026855 5
endloop
endfacet
facet normal 0 0 1
outer loop
vertex 35.55002975463867 19.02000617980957 5
vertex 35.55002975463867 4.9200053215026855 5
vertex 40.45002746582031 4.9200053215026855 5
endloop
endfacet
facet normal 0 0 1
outer loop
vertex 14.325028419494629 23.920005798339844 5
vertex 35.55002975463867 19.02000617980957 5
vertex 40.45002746582031 19.02000617980957 5
endloop
endfacet
facet normal 0 0 -1
outer loop
vertex -35.54997253417969 19.02000617980957 0
vertex -40.44997024536133 19.170005798339844 0
vertex -39.74997329711914 23.72000503540039 0
endloop
endfacet
facet normal 0 0 -1
outer loop
vertex -35.54997253417969 4.9200053215026855 0
vertex -40.44997024536133 19.170005798339844 0
vertex -35.54997253417969 19.02000617980957 0
endloop
endfacet
facet normal 0 0 -1
outer loop
vertex -21.44997215270996 4.9200053215026855 0
vertex -25.999971389770508 4.220005512237549 0
vertex -25.999971389770508 4.9200053215026855 0
endloop
endfacet
facet normal 0 0 -1
outer loop
vertex -16.549972534179688 0.020005328580737114 0
vertex -25.999971389770508 4.220005512237549 0
vertex -21.44997215270996 4.9200053215026855 0
endloop
endfacet
facet normal 0 0 -1
outer loop
vertex -25.999971389770508 4.220005512237549 0
vertex -16.549972534179688 -14.079994201660156 0
vertex -30.999971389770508 4.220005512237549 0
endloop
endfacet
facet normal 0 0 -1
outer loop
vertex -16.549972534179688 -14.079994201660156 0
vertex -35.54997253417969 4.9200053215026855 0
vertex -30.999971389770508 4.220005512237549 0
endloop
endfacet
facet normal 0 0 -1
outer loop
vertex -35.54997253417969 4.9200053215026855 0
vertex -30.999971389770508 4.9200053215026855 0
vertex -30.999971389770508 4.220005512237549 0
endloop
endfacet
facet normal 0 0 -1
outer loop
vertex -35.54997253417969 4.9200053215026855 0
vertex -34.00956726074219 -1.5361422300338745 0
vertex -37.37700653076172 -0.6338396072387695 0
endloop
endfacet
facet normal 0 0 -1
outer loop
vertex -35.54997253417969 4.9200053215026855 0
vertex -27.994218826293945 -5.009105682373047 0
vertex -30.849971771240234 -3.009486675262451 0
endloop
endfacet
facet normal 0 0 -1
outer loop
vertex -35.54997253417969 4.9200053215026855 0
vertex -30.849971771240234 -3.009486675262451 0
vertex -34.00956726074219 -1.5361422300338745 0
endloop
endfacet
facet normal 0 0 1
outer loop
vertex 0.8713812232017517 -45.59027862548828 5
vertex 1.0701093673706055 -45.52999496459961 5
vertex 2.45002818107605 -33.079994201660156 5
endloop
endfacet
facet normal 0 0 1
outer loop
vertex 17.659942626953125 -42.09245681762695 5
vertex 17.461122512817383 -41.986183166503906 5
vertex 1.0701093673706055 -45.52999496459961 5
endloop
endfacet
facet normal 0 0 1
outer loop
vertex 17.875675201416016 -42.15789794921875 5
vertex 17.659942626953125 -42.09245681762695 5
vertex 1.0701093673706055 -45.52999496459961 5
endloop
endfacet
facet normal 0 0 1
outer loop
vertex 1.0701093673706055 -45.52999496459961 5
vertex 17.286855697631836 -41.84316635131836 5
vertex 17.14383888244629 -41.66889953613281 5
endloop
endfacet
facet normal 0 0 1
outer loop
vertex 17.14383888244629 -41.66889953613281 5
vertex 17.037567138671875 -41.4700813293457 5
vertex 1.0701093673706055 -45.52999496459961 5
endloop
endfacet
facet normal 0 0 1
outer loop
vertex 17.461122512817383 -41.986183166503906 5
vertex 17.286855697631836 -41.84316635131836 5
vertex 1.0701093673706055 -45.52999496459961 5
endloop
endfacet
facet normal 0 0 1
outer loop
vertex 18.10002899169922 -42.179996490478516 5
vertex 17.875675201416016 -42.15789794921875 5
vertex 1.0701093673706055 -45.52999496459961 5
endloop
endfacet
facet normal 0 0 1
outer loop
vertex 1.0701093673706055 -45.52999496459961 5
vertex 17.037567138671875 -41.4700813293457 5
vertex 16.972126007080078 -41.25434875488281 5
endloop
endfacet
facet normal 0 0 1
outer loop
vertex 1.0701093673706055 -45.52999496459961 5
vertex 16.972126007080078 -41.25434875488281 5
vertex 16.950027465820312 -41.02999496459961 5
endloop
endfacet
facet normal 0 0 1
outer loop
vertex 1.0701093673706055 -45.52999496459961 5
vertex 16.950027465820312 -41.02999496459961 5
vertex 16.972126007080078 -40.805641174316406 5
endloop
endfacet
facet normal 0 0 1
outer loop
vertex 1.0701093673706055 -45.52999496459961 5
vertex 16.972126007080078 -40.805641174316406 5
vertex 17.037567138671875 -40.589908599853516 5
endloop
endfacet
facet normal 0 0 1
outer loop
vertex 17.037567138671875 -40.589908599853516 5
vertex 17.14383888244629 -40.391090393066406 5
vertex 1.0701093673706055 -45.52999496459961 5
endloop
endfacet
facet normal 0 0 1
outer loop
vertex 1.0701093673706055 -45.52999496459961 5
vertex 17.14383888244629 -40.391090393066406 5
vertex 17.286855697631836 -40.21682357788086 5
endloop
endfacet
facet normal 0 0 1
outer loop
vertex 1.0701093673706055 -45.52999496459961 5
vertex 17.286855697631836 -40.21682357788086 5
vertex 17.461122512817383 -40.07380294799805 5
endloop
endfacet
facet normal 0 0 1
outer loop
vertex 1.0701093673706055 -45.52999496459961 5
vertex 17.461122512817383 -40.07380294799805 5
vertex 17.659942626953125 -39.967533111572266 5
endloop
endfacet
facet normal 0 0 1
outer loop
vertex 1.0701093673706055 -45.52999496459961 5
vertex 17.659942626953125 -39.967533111572266 5
vertex 35.55002975463867 -33.079994201660156 5
endloop
endfacet
facet normal 0 0 -1
outer loop
vertex -35.54997253417969 4.9200053215026855 0
vertex -37.37700653076172 -0.6338396072387695 0
vertex -40.849971771240234 -0.32999467849731445 0
endloop
endfacet
facet normal -0.9136025434582346 0.40660840198786313 -0.000004418248501155213
outer loop
vertex -80.82617950439453 42.33468246459961 0.20000000298023224
vertex -80.89170837402344 42.18744659423828 0.20000000298023224
vertex -80.49771118164062 43.0727653503418 5
endloop
endfacet
facet normal 0 0 1
outer loop
vertex 2.45002818107605 -33.079994201660156 5
vertex -2.4499716758728027 -33.079994201660156 5
vertex 0.8713812232017517 -45.59027862548828 5
endloop
endfacet
facet normal 0 0 1
outer loop
vertex 2.45002818107605 -33.079994201660156 5
vertex 1.0701093673706055 -45.52999496459961 5
vertex 16.55002784729004 -33.079994201660156 5
endloop
endfacet
facet normal 0 0 1
outer loop
vertex 16.55002784729004 -33.079994201660156 5
vertex 1.0701093673706055 -45.52999496459961 5
vertex 21.450027465820312 -33.079994201660156 5
endloop
endfacet
facet normal 0 0 1
outer loop
vertex 21.450027465820312 -33.079994201660156 5
vertex 1.0701093673706055 -45.52999496459961 5
vertex 35.55002975463867 -33.079994201660156 5
endloop
endfacet
facet normal 0 0 1
outer loop
vertex 21.450027465820312 -33.079994201660156 5
vertex 21.450027465820312 -18.97999382019043 5
vertex 16.55002784729004 -33.079994201660156 5
endloop
endfacet
facet normal 0 0 1
outer loop
vertex 19.22793197631836 -41.25434875488281 5
vertex 19.16248893737793 -41.4700813293457 5
vertex 40.45002746582031 -33.079994201660156 5
endloop
endfacet
facet normal 0 0 1
outer loop
vertex 19.250028610229492 -41.02999496459961 5
vertex 19.22793197631836 -41.25434875488281 5
vertex 40.45002746582031 -33.079994201660156 5
endloop
endfacet
facet normal 0 0 1
outer loop
vertex 18.10002899169922 -42.179996490478516 5
vertex 1.0701093673706055 -45.52999496459961 5
vertex 79.8935775756836 -44.4722785949707 5
endloop
endfacet
facet normal 0 0 1
outer loop
vertex 19.16248893737793 -41.4700813293457 5
vertex 19.05621910095215 -41.66889953613281 5
vertex 54.55002975463867 -33.079994201660156 5
endloop
endfacet
facet normal 0 0 1
outer loop
vertex 19.05621910095215 -41.66889953613281 5
vertex 18.91320037841797 -41.84316635131836 5
vertex 59.45002746582031 -33.079994201660156 5
endloop
endfacet
facet normal 0 0 1
outer loop
vertex 18.324382781982422 -42.15789794921875 5
vertex 18.10002899169922 -42.179996490478516 5
vertex 79.8935775756836 -44.4722785949707 5
endloop
endfacet
facet normal 0 0 1
outer loop
vertex 18.54011344909668 -42.09245681762695 5
vertex 18.324382781982422 -42.15789794921875 5
vertex 79.8935775756836 -44.4722785949707 5
endloop
endfacet
facet normal 0 0 1
outer loop
vertex 18.738933563232422 -41.986183166503906 5
vertex 18.54011344909668 -42.09245681762695 5
vertex 79.8935775756836 -44.4722785949707 5
endloop
endfacet
facet normal 0 0 1
outer loop
vertex 18.91320037841797 -41.84316635131836 5
vertex 18.738933563232422 -41.986183166503906 5
vertex 79.8935775756836 -44.4722785949707 5
endloop
endfacet
facet normal -0.913613217097415 0.4065844187188089 0
outer loop
vertex -80.49771118164062 43.0727653503418 0
vertex -80.82617950439453 42.33468246459961 0.20000000298023224
vertex -80.49771118164062 43.0727653503418 5
endloop
endfacet
facet normal -0.3598042769524251 0.9330278035979113 0
outer loop
vertex -77.39495849609375 45.47031021118164 0
vertex -78.19542694091797 45.161624908447266 0
vertex -77.39495849609375 45.47031021118164 5
endloop
endfacet
facet normal 0 0 1
outer loop
vertex 35.55002975463867 -33.079994201660156 5
vertex 17.659942626953125 -39.967533111572266 5
vertex 17.875675201416016 -39.90209197998047 5
endloop
endfacet
facet normal 0 0 1
outer loop
vertex 35.55002975463867 -33.079994201660156 5
vertex 17.875675201416016 -39.90209197998047 5
vertex 18.10002899169922 -39.8799934387207 5
endloop
endfacet
facet normal 0 0 -1
outer loop
vertex 20.04973602294922 -35.52999496459961 0
vertex 20.01548194885254 -35.3577880859375 0
vertex 26.000028610229492 -33.079994201660156 0
endloop
endfacet
facet normal 0 0 1
outer loop
vertex 35.55002975463867 -33.079994201660156 5
vertex 18.324382781982422 -39.90209197998047 5
vertex 18.54011344909668 -39.967533111572266 5
endloop
endfacet
facet normal 0 0 1
outer loop
vertex 35.55002975463867 -33.079994201660156 5
vertex 18.54011344909668 -39.967533111572266 5
vertex 18.738933563232422 -40.07380294799805 5
endloop
endfacet
facet normal 0 0 1
outer loop
vertex 19.22793197631836 -40.805641174316406 5
vertex 19.250028610229492 -41.02999496459961 5
vertex 40.45002746582031 -33.079994201660156 5
endloop
endfacet
facet normal 0 0 1
outer loop
vertex 19.16248893737793 -40.589908599853516 5
vertex 19.22793197631836 -40.805641174316406 5
vertex 40.45002746582031 -33.079994201660156 5
endloop
endfacet
facet normal 0 0 1
outer loop
vertex 19.05621910095215 -40.391090393066406 5
vertex 19.16248893737793 -40.589908599853516 5
vertex 40.45002746582031 -33.079994201660156 5
endloop
endfacet
facet normal 0 0 1
outer loop
vertex 18.91320037841797 -40.21682357788086 5
vertex 19.05621910095215 -40.391090393066406 5
vertex 40.45002746582031 -33.079994201660156 5
endloop
endfacet
facet normal 0 0 1
outer loop
vertex 18.738933563232422 -40.07380294799805 5
vertex 18.91320037841797 -40.21682357788086 5
vertex 40.45002746582031 -33.079994201660156 5
endloop
endfacet
facet normal 0 0 1
outer loop
vertex 35.55002975463867 -33.079994201660156 5
vertex 18.738933563232422 -40.07380294799805 5
vertex 40.45002746582031 -33.079994201660156 5
endloop
endfacet
facet normal 0 0 1
outer loop
vertex 40.45002746582031 -33.079994201660156 5
vertex 19.16248893737793 -41.4700813293457 5
vertex 54.55002975463867 -33.079994201660156 5
endloop
endfacet
facet normal 0 0 1
outer loop
vertex 40.45002746582031 -33.079994201660156 5
vertex 40.45002746582031 -18.97999382019043 5
vertex 35.55002975463867 -33.079994201660156 5
endloop
endfacet
facet normal -0.6719457624344569 0.7406003594020033 0
outer loop
vertex -78.19542694091797 45.161624908447266 0
vertex -80.49771118164062 43.0727653503418 0
vertex -78.19542694091797 45.161624908447266 5
endloop
endfacet
facet normal -0.9999940051113626 0.003462620587952562 0
outer loop
vertex -80.89170837402344 42.18744659423828 0.20000000298023224
vertex -80.89292907714844 41.83491134643555 0.20000000298023224
vertex -80.89170837402344 42.18744659423828 4.5
endloop
endfacet
facet normal 0.0034713687298951706 0.9999939747814189 0
outer loop
vertex -80.89292907714844 41.83491134643555 0.20000000298023224
vertex -81.59292602539062 41.83734130859375 0.20000000298023224
vertex -80.89292907714844 41.83491134643555 4.5
endloop
endfacet
facet normal -0.9999939723087752 0.0034720809489982973 0
outer loop
vertex -81.59292602539062 41.83734130859375 0.20000000298023224
vertex -81.65292358398438 24.557445526123047 0.20000000298023224
vertex -81.59292602539062 41.83734130859375 4.5
endloop
endfacet
facet normal -0.9999939600361135 0.0034756138007268657 0
outer loop
vertex -81.65292358398438 24.557445526123047 0.20000000298023224
vertex -81.65542602539062 23.83745002746582 0.20000000298023224
vertex -81.65542602539062 23.83745002746582 4.5
endloop
endfacet
facet normal -0.0034713687298951706 -0.9999939747814189 0
outer loop
vertex -80.95542907714844 23.835020065307617 0.20000000298023224
vertex -81.65542602539062 23.83745002746582 4.5
vertex -81.65542602539062 23.83745002746582 0.20000000298023224
endloop
endfacet
facet normal -0.9999939482746745 0.003478996123590953 0
outer loop
vertex -80.95542907714844 23.835020065307617 0.20000000298023224
vertex -80.95716857910156 23.33502197265625 0.20000000298023224
vertex -80.95716857910156 23.33502197265625 4.5
endloop
endfacet
facet normal 0 0 -1
outer loop
vertex -28.624971389770508 38.72000503540039 0
vertex -77.39495849609375 45.47031021118164 0
vertex -23.624971389770508 38.72000503540039 0
endloop
endfacet
facet normal 0 0 -1
outer loop
vertex -33.17497253417969 38.02000427246094 0
vertex -77.39495849609375 45.47031021118164 0
vertex -28.624971389770508 38.72000503540039 0
endloop
endfacet
facet normal 0 0 -1
outer loop
vertex -54.54997253417969 33.27000427246094 0
vertex -33.17497253417969 38.02000427246094 0
vertex -40.44997024536133 33.27000427246094 0
endloop
endfacet
facet normal 0 0 -1
outer loop
vertex -54.54997253417969 33.27000427246094 0
vertex -59.44997024536133 33.27000427246094 0
vertex -33.17497253417969 38.02000427246094 0
endloop
endfacet
facet normal 0 0 -1
outer loop
vertex -73.54997253417969 33.27000427246094 0
vertex -33.17497253417969 38.02000427246094 0
vertex -59.44997024536133 33.27000427246094 0
endloop
endfacet
facet normal 0 0 -1
outer loop
vertex -55.24997329711914 28.72000503540039 0
vertex -54.54997253417969 33.27000427246094 0
vertex -54.54997253417969 28.72000503540039 0
endloop
endfacet
facet normal 0 0 -1
outer loop
vertex -54.54997253417969 33.27000427246094 0
vertex -58.74997329711914 28.72000503540039 0
vertex -59.44997024536133 33.27000427246094 0
endloop
endfacet
facet normal 0 0 -1
outer loop
vertex -55.24997329711914 28.72000503540039 0
vertex -58.74997329711914 28.72000503540039 0
vertex -54.54997253417969 33.27000427246094 0
endloop
endfacet
facet normal 0 0 -1
outer loop
vertex -59.44997024536133 28.72000503540039 0
vertex -59.44997024536133 33.27000427246094 0
vertex -58.74997329711914 28.72000503540039 0
endloop
endfacet
facet normal 0 0 -1
outer loop
vertex -55.24997329711914 23.72000503540039 0
vertex -54.54997253417969 23.72000503540039 0
vertex -54.54997253417969 19.170005798339844 0
endloop
endfacet
facet normal 0 0 -1
outer loop
vertex -55.24997329711914 28.72000503540039 0
vertex -58.74997329711914 23.72000503540039 0
vertex -58.74997329711914 28.72000503540039 0
endloop
endfacet
facet normal 0 0 -1
outer loop
vertex -55.24997329711914 23.72000503540039 0
vertex -58.74997329711914 23.72000503540039 0
vertex -55.24997329711914 28.72000503540039 0
endloop
endfacet
facet normal 0 0 -1
outer loop
vertex -58.74997329711914 23.72000503540039 0
vertex -55.24997329711914 23.72000503540039 0
vertex -54.54997253417969 19.170005798339844 0
endloop
endfacet
facet normal 0 0 -1
outer loop
vertex -73.54997253417969 33.27000427246094 0
vertex -77.39495849609375 45.47031021118164 0
vertex -33.17497253417969 38.02000427246094 0
endloop
endfacet
facet normal 0 0 -1
outer loop
vertex -73.54997253417969 33.27000427246094 0
vertex -78.19542694091797 45.161624908447266 0
vertex -77.39495849609375 45.47031021118164 0
endloop
endfacet
facet normal 0 0 -1
outer loop
vertex -79.59120178222656 42.33039474487305 0
vertex -80.82617950439453 42.33468246459961 0
vertex -78.19542694091797 45.161624908447266 0
endloop
endfacet
facet normal 0 0 -1
outer loop
vertex -80.82617950439453 42.33468246459961 0
vertex -80.49771118164062 43.0727653503418 0
vertex -78.19542694091797 45.161624908447266 0
endloop
endfacet
facet normal -0.913613217097415 0.4065844187188089 0
outer loop
vertex -80.82617950439453 42.33468246459961 0.20000000298023224
vertex -80.49771118164062 43.0727653503418 0
vertex -80.82617950439453 42.33468246459961 0
endloop
endfacet
facet normal 0 0 1
outer loop
vertex -2.4499716758728027 -18.97999382019043 5
vertex 2.45002818107605 -33.079994201660156 5
vertex 2.45002818107605 -18.97999382019043 5
endloop
endfacet
facet normal 0 0 -1
outer loop
vertex 0.28183016180992126 -33.941795349121094 0
vertex -6.999971866607666 -33.77999496459961 0
vertex 0.42782068252563477 -33.8442497253418 0
endloop
endfacet
facet normal 0 0 1
outer loop
vertex 2.45002818107605 -14.079994201660156 5
vertex -2.4499716758728027 -18.97999382019043 5
vertex 2.45002818107605 -18.97999382019043 5
endloop
endfacet
facet normal 0 0 1
outer loop
vertex 2.45002818107605 -14.079994201660156 5
vertex 2.45002818107605 -18.97999382019043 5
vertex 16.55002784729004 -14.079994201660156 5
endloop
endfacet
facet normal 0 0 1
outer loop
vertex 16.55002784729004 -18.97999382019043 5
vertex 16.55002784729004 -33.079994201660156 5
vertex 21.450027465820312 -18.97999382019043 5
endloop
endfacet
facet normal 0 0 1
outer loop
vertex 16.55002784729004 -14.079994201660156 5
vertex 2.45002818107605 -18.97999382019043 5
vertex 16.55002784729004 -18.97999382019043 5
endloop
endfacet
facet normal 0 0 1
outer loop
vertex 16.55002784729004 -18.97999382019043 5
vertex 21.450027465820312 -18.97999382019043 5
vertex 21.450027465820312 -14.079994201660156 5
endloop
endfacet
facet normal 0 0 1
outer loop
vertex 16.55002784729004 -14.079994201660156 5
vertex 16.55002784729004 -18.97999382019043 5
vertex 21.450027465820312 -14.079994201660156 5
endloop
endfacet
facet normal 0 0 -1
outer loop
vertex -79.59120178222656 42.33039474487305 0
vertex -78.19542694091797 45.161624908447266 0
vertex -73.54997253417969 33.27000427246094 0
endloop
endfacet
facet normal 0 0 -1
outer loop
vertex 0.42782068252563477 -33.8442497253418 0
vertex -2.4499716758728027 -33.079994201660156 0
vertex 0.42782068252563477 -33.405738830566406 0
endloop
endfacet
facet normal 0 0 1
outer loop
vertex -2.4499716758728027 0.020005328580737114 5
vertex 2.45002818107605 -14.079994201660156 5
vertex 2.45002818107605 0.020005328580737114 5
endloop
endfacet
facet normal 0 0 1
outer loop
vertex 16.55002784729004 0.020005328580737114 5
vertex 16.55002784729004 -14.079994201660156 5
vertex 21.450027465820312 -14.079994201660156 5
endloop
endfacet
facet normal 0 0 1
outer loop
vertex 16.55002784729004 0.020005328580737114 5
vertex 21.450027465820312 -14.079994201660156 5
vertex 21.450027465820312 0.020005328580737114 5
endloop
endfacet
facet normal 0 0 1
outer loop
vertex 40.45002746582031 4.9200053215026855 5
vertex 35.55002975463867 0.020005328580737114 5
vertex 40.45002746582031 0.020005328580737114 5
endloop
endfacet
facet normal 0 0 -1
outer loop
vertex -73.54997253417969 33.27000427246094 0
vertex -74.24996948242188 28.72000503540039 0
vertex -79.59120178222656 42.33039474487305 0
endloop
endfacet
facet normal 0 0 1
outer loop
vertex 21.450027465820312 -14.079994201660156 5
vertex 21.450027465820312 -18.97999382019043 5
vertex 35.55002975463867 -18.97999382019043 5
endloop
endfacet
facet normal 0 0 1
outer loop
vertex 35.55002975463867 -18.97999382019043 5
vertex 35.55002975463867 -33.079994201660156 5
vertex 40.45002746582031 -18.97999382019043 5
endloop
endfacet
facet normal 0 0 1
outer loop
vertex 21.450027465820312 -14.079994201660156 5
vertex 35.55002975463867 -18.97999382019043 5
vertex 35.55002975463867 -14.079994201660156 5
endloop
endfacet
facet normal 0 0 1
outer loop
vertex 35.55002975463867 -18.97999382019043 5
vertex 40.45002746582031 -18.97999382019043 5
vertex 40.45002746582031 -14.079994201660156 5
endloop
endfacet
facet normal 0 0 1
outer loop
vertex 35.55002975463867 4.9200053215026855 5
vertex 35.55002975463867 0.020005328580737114 5
vertex 40.45002746582031 4.9200053215026855 5
endloop
endfacet
facet normal 0 0 1
outer loop
vertex 35.55002975463867 4.9200053215026855 5
vertex 21.450027465820312 0.020005328580737114 5
vertex 35.55002975463867 0.020005328580737114 5
endloop
endfacet
facet normal 0 0 1
outer loop
vertex 35.55002975463867 -14.079994201660156 5
vertex 35.55002975463867 -18.97999382019043 5
vertex 40.45002746582031 0.020005328580737114 5
endloop
endfacet
facet normal 0 0 1
outer loop
vertex 40.45002746582031 0.020005328580737114 5
vertex 35.55002975463867 -18.97999382019043 5
vertex 40.45002746582031 -14.079994201660156 5
endloop
endfacet
facet normal 0 0 1
outer loop
vertex 35.55002975463867 0.020005328580737114 5
vertex 35.55002975463867 -14.079994201660156 5
vertex 40.45002746582031 0.020005328580737114 5
endloop
endfacet
facet normal 0 -1 0
outer loop
vertex 1.0701093673706055 -45.52999496459961 5
vertex 79.84461975097656 -45.52999496459961 0
vertex 79.84461975097656 -45.52999496459961 5
endloop
endfacet
facet normal 0 0 -1
outer loop
vertex 0.42782068252563477 -33.405738830566406 0
vertex -2.4499716758728027 -33.079994201660156 0
vertex 0.28183016180992126 -33.30819320678711 0
endloop
endfacet
facet normal 0 0 1
outer loop
vertex 21.450027465820312 4.9200053215026855 5
vertex 21.450027465820312 0.020005328580737114 5
vertex 35.55002975463867 4.9200053215026855 5
endloop
endfacet
facet normal 0 0 -1
outer loop
vertex -74.24996948242188 23.72000503540039 0
vertex -79.59120178222656 42.33039474487305 0
vertex -74.24996948242188 28.72000503540039 0
endloop
endfacet
facet normal 0 0 -1
outer loop
vertex -74.24996948242188 28.72000503540039 0
vertex -73.54997253417969 33.27000427246094 0
vertex -73.54997253417969 28.72000503540039 0
endloop
endfacet
facet normal 0 0 -1
outer loop
vertex -2.4499716758728027 -33.079994201660156 0
vertex 0.15002821385860443 -32.989994049072266 0
vertex 0.18428242206573486 -33.162200927734375 0
endloop
endfacet
facet normal 0 0 -1
outer loop
vertex -74.24996948242188 23.72000503540039 0
vertex -79.65717315673828 23.330509185791016 0
vertex -79.59120178222656 42.33039474487305 0
endloop
endfacet
facet normal 0.708130434170603 -0.7060816441470159 0
outer loop
vertex 80.90218353271484 -44.469364166259766 0.20000000298023224
vertex 81.1927261352539 -44.177978515625 4.5
vertex 80.90218353271484 -44.469364166259766 4.5
endloop
endfacet
facet normal 0.9999958599057199 0.002877528700100236 0
outer loop
vertex 81.1927261352539 -44.177978515625 4.5
vertex 81.19212341308594 -43.96852111816406 0.20000000298023224
vertex 81.19212341308594 -43.96852111816406 4.5
endloop
endfacet
facet normal 0.0028937208544911933 -0.9999958131810432 0
outer loop
vertex 81.19212341308594 -43.96852111816406 4.5
vertex 81.89212036132812 -43.966495513916016 0.20000000298023224
vertex 81.89212036132812 -43.966495513916016 4.5
endloop
endfacet
facet normal 0.999995821934744 0.0028906942169322288 0
outer loop
vertex 81.89212036132812 -43.966495513916016 4.5
vertex 81.89212036132812 -43.966495513916016 0.20000000298023224
vertex 81.88691711425781 -42.16650390625 4.5
endloop
endfacet
facet normal 0.7081298863855715 -0.7060821935210926 0
outer loop
vertex 79.84461975097656 -45.52999496459961 5
vertex 80.90218353271484 -44.469364166259766 0.20000000298023224
vertex 80.90218353271484 -44.469364166259766 4.5
endloop
endfacet
facet normal 0 0 -1
outer loop
vertex 0.28183016180992126 -33.30819320678711 0
vertex -2.4499716758728027 -33.079994201660156 0
vertex 0.18428242206573486 -33.162200927734375 0
endloop
endfacet
facet normal 0.9999958164914364 0.0028925766409520783 3.9143106448826304e-8
outer loop
vertex 81.88691711425781 -42.16650390625 4.5
vertex 81.8421401977539 -26.686569213867188 0.20000000298023224
vertex 81.84005737304688 -25.966571807861328 4.5
endloop
endfacet
facet normal 0 0 -1
outer loop
vertex -74.24996948242188 23.72000503540039 0
vertex -73.54997253417969 23.72000503540039 0
vertex -73.54997253417969 19.170005798339844 0
endloop
endfacet
facet normal 0 0 -1
outer loop
vertex -79.65717315673828 23.330509185791016 0
vertex -74.24996948242188 23.72000503540039 0
vertex -73.54997253417969 19.170005798339844 0
endloop
endfacet
facet normal 0 0 -1
outer loop
vertex 0.15002821385860443 -32.989994049072266 0
vertex -2.4499716758728027 -33.079994201660156 0
vertex 0.18428242206573486 -32.817787170410156 0
endloop
endfacet
facet normal 0 0 1
outer loop
vertex 79.8935775756836 -44.4722785949707 5
vertex 1.0701093673706055 -45.52999496459961 5
vertex 79.84461975097656 -45.52999496459961 5
endloop
endfacet
facet normal 0 0 1
outer loop
vertex 59.45002746582031 -33.079994201660156 5
vertex 18.91320037841797 -41.84316635131836 5
vertex 79.8935775756836 -44.4722785949707 5
endloop
endfacet
facet normal 0 0 1
outer loop
vertex 21.450027465820312 19.02000617980957 5
vertex 16.55002784729004 19.02000617980957 5
vertex 21.450027465820312 4.9200053215026855 5
endloop
endfacet
facet normal 0 0 1
outer loop
vertex 16.55002784729004 19.02000617980957 5
vertex 16.55002784729004 4.9200053215026855 5
vertex 21.450027465820312 4.9200053215026855 5
endloop
endfacet
facet normal 0 0 1
outer loop
vertex 54.55002975463867 -33.079994201660156 5
vertex 19.05621910095215 -41.66889953613281 5
vertex 59.45002746582031 -33.079994201660156 5
endloop
endfacet
facet normal 0 0 1
outer loop
vertex 59.45002746582031 -33.079994201660156 5
vertex 59.45002746582031 -18.97999382019043 5
vertex 54.55002975463867 -33.079994201660156 5
endloop
endfacet
facet normal 0 0 1
outer loop
vertex 21.450027465820312 19.02000617980957 5
vertex 35.55002975463867 19.02000617980957 5
vertex -40.44997024536133 19.170005798339844 5
endloop
endfacet
facet normal 0.7081298863855715 -0.7060821935210926 0
outer loop
vertex 79.84461975097656 -45.52999496459961 5
vertex 80.90218353271484 -44.469364166259766 4.5
vertex 80.90218353271484 -44.469364166259766 5
endloop
endfacet
facet normal 0 0 1
outer loop
vertex 35.55002975463867 19.02000617980957 5
vertex 14.325028419494629 23.920005798339844 5
vertex -40.44997024536133 19.170005798339844 5
endloop
endfacet
facet normal 0 0 1
outer loop
vertex 79.8935775756836 -44.4722785949707 5
vertex 79.84461975097656 -45.52999496459961 5
vertex 80.90218353271484 -44.469364166259766 5
endloop
endfacet
facet normal 0 0 -1
outer loop
vertex 0.18428242206573486 -32.817787170410156 0
vertex -2.4499716758728027 -33.079994201660156 0
vertex 0.28183016180992126 -32.67179489135742 0
endloop
endfacet
facet normal 0 0 1
outer loop
vertex 2.45002818107605 19.02000617980957 5
vertex -2.4499716758728027 19.02000617980957 5
vertex 2.45002818107605 4.9200053215026855 5
endloop
endfacet
facet normal 0 0 -1
outer loop
vertex 0.28183016180992126 -32.67179489135742 0
vertex -2.4499716758728027 -33.079994201660156 0
vertex 0.42782068252563477 -32.1357421875 0
endloop
endfacet
facet normal 0 0 1
outer loop
vertex 16.55002784729004 4.9200053215026855 5
vertex 16.55002784729004 0.020005328580737114 5
vertex 21.450027465820312 4.9200053215026855 5
endloop
endfacet
facet normal 0 0 1
outer loop
vertex 16.55002784729004 0.020005328580737114 5
vertex 21.450027465820312 0.020005328580737114 5
vertex 21.450027465820312 4.9200053215026855 5
endloop
endfacet
facet normal 0 0 1
outer loop
vertex 16.55002784729004 4.9200053215026855 5
vertex 2.45002818107605 0.020005328580737114 5
vertex 16.55002784729004 0.020005328580737114 5
endloop
endfacet
facet normal 0 0 1
outer loop
vertex 73.5500259399414 -33.079994201660156 5
vertex 59.45002746582031 -33.079994201660156 5
vertex 79.8935775756836 -44.4722785949707 5
endloop
endfacet
facet normal 0 0 -1
outer loop
vertex -2.4499716758728027 -33.079994201660156 0
vertex 0.18428242206573486 -31.892202377319336 0
vertex 0.28183016180992126 -32.03819274902344 0
endloop
endfacet
facet normal 0 0 1
outer loop
vertex 2.45002818107605 4.9200053215026855 5
vertex 2.45002818107605 0.020005328580737114 5
vertex 16.55002784729004 4.9200053215026855 5
endloop
endfacet
facet normal 0 0 1
outer loop
vertex 73.5500259399414 -33.079994201660156 5
vertex 79.8935775756836 -44.4722785949707 5
vertex 79.83861541748047 -25.47235870361328 5
endloop
endfacet
facet normal 0 0 1
outer loop
vertex 2.45002818107605 4.9200053215026855 5
vertex -2.4499716758728027 0.020005328580737114 5
vertex 2.45002818107605 0.020005328580737114 5
endloop
endfacet
facet normal 0 0 -1
outer loop
vertex 0.42782068252563477 -32.1357421875 0
vertex -2.4499716758728027 -33.079994201660156 0
vertex 0.28183016180992126 -32.03819274902344 0
endloop
endfacet
facet normal 0 0 -1
outer loop
vertex 0.18428242206573486 -31.892202377319336 0
vertex -2.4499716758728027 -33.079994201660156 0
vertex 0.15002821385860443 -31.719995498657227 0
endloop
endfacet
facet normal 0 0 -1
outer loop
vertex 0.15002821385860443 -31.719995498657227 0
vertex -2.4499716758728027 -33.079994201660156 0
vertex 0.18428242206573486 -31.547786712646484 0
endloop
endfacet
facet normal 0 0 -1
outer loop
vertex 0.18428242206573486 -31.547786712646484 0
vertex -2.4499716758728027 -33.079994201660156 0
vertex 0.28183016180992126 -31.401796340942383 0
endloop
endfacet
facet normal 0 0 -1
outer loop
vertex 0.28183016180992126 -31.401796340942383 0
vertex -2.4499716758728027 -33.079994201660156 0
vertex 0.6000282168388367 -30.899993896484375 0
endloop
endfacet
facet normal -1 0 0
outer loop
vertex -60.81247329711914 4.541718006134033 0.20000000298023224
vertex -60.81247329711914 4.041718006134033 0.20000000298023224
vertex -60.81247329711914 4.68043851852417 5
endloop
endfacet
facet normal -1 0 0
outer loop
vertex -60.81247329711914 4.541718006134033 0.20000000298023224
vertex -60.81247329711914 4.68043851852417 5
vertex -60.81247329711914 4.68043851852417 0
endloop
endfacet
facet normal -0.9244270285338029 -0.3813589764462921 0
outer loop
vertex -60.918277740478516 4.9369120597839355 0
vertex -60.81247329711914 4.68043851852417 0
vertex -60.918277740478516 4.9369120597839355 5
endloop
endfacet
facet normal 0 1 0
outer loop
vertex -60.81247329711914 4.041718006134033 0.20000000298023224
vertex -61.51247024536133 4.041718006134033 0.20000000298023224
vertex -60.81247329711914 4.041718006134033 4.5
endloop
endfacet
facet normal -0.9999939741279902 0.003471556957422093 0
outer loop
vertex -80.95716857910156 23.33502197265625 0.20000000298023224
vertex -81.00144958496094 10.57972526550293 0
vertex -80.95716857910156 23.33502197265625 4.5
endloop
endfacet
facet normal -0.9335244107358642 -0.35851384151836757 0
outer loop
vertex -81.00144958496094 10.57972526550293 0
vertex -80.69269561767578 9.775769233703613 0
vertex -81.00144958496094 10.57972526550293 5
endloop
endfacet
facet normal -0.3866251599864611 -0.9222369465953115 0
outer loop
vertex -63.11506271362305 6.996180057525635 0
vertex -62.859195709228516 6.888914108276367 0
vertex -63.11506271362305 6.996180057525635 5
endloop
endfacet
facet normal -0.7091172099668535 -0.7050906200828554 0
outer loop
vertex -62.859195709228516 6.888914108276367 0
vertex -60.918277740478516 4.9369120597839355 0
vertex -62.859195709228516 6.888914108276367 5
endloop
endfacet
facet normal -0.005694972843493118 -0.9999837835106687 0
outer loop
vertex -77.72118377685547 7.079362869262695 0
vertex -63.11506271362305 6.996180057525635 0
vertex -77.72118377685547 7.079362869262695 5
endloop
endfacet
facet normal -0.4076021141339929 -0.9131596336640705 0
outer loop
vertex -78.60363006591797 7.473255634307861 0
vertex -77.72118377685547 7.079362869262695 0
vertex -78.60363006591797 7.473255634307861 5
endloop
endfacet
facet normal 0.9999957974013116 0.0028991687972785723 0
outer loop
vertex 81.14006042480469 -25.968597412109375 0.20000000298023224
vertex 81.13861083984375 -25.468599319458008 4.5
vertex 81.14006042480469 -25.968597412109375 4.5
endloop
endfacet
facet normal -0.0028937208544911933 0.9999958131810432 0
outer loop
vertex 81.84005737304688 -25.966571807861328 4.5
vertex 81.14006042480469 -25.968597412109375 0.20000000298023224
vertex 81.14006042480469 -25.968597412109375 4.5
endloop
endfacet
facet normal 0.999995815417627 0.0028929476543401167 0.0000010508783462866893
outer loop
vertex 81.13861083984375 -25.468599319458008 4.5
vertex 81.12202453613281 -19.73370361328125 0.20000000298023224
vertex 81.12346649169922 -20.233701705932617 4.5
endloop
endfacet
facet normal -0.7406006960501847 -0.6719453913897928 0
outer loop
vertex -80.69269561767578 9.775769233703613 0
vertex -78.60363006591797 7.473255634307861 0
vertex -80.69269561767578 9.775769233703613 5
endloop
endfacet
facet normal 0.9999958415225018 0.002883910141377078 0
outer loop
vertex 81.12346649169922 -20.233701705932617 4.5
vertex 81.12202453613281 -19.73370361328125 0.20000000298023224
vertex 81.12202453613281 -19.73370361328125 4.5
endloop
endfacet
facet normal 0.0028937208544911933 -0.9999958131810432 0
outer loop
vertex 81.12202453613281 -19.73370361328125 4.5
vertex 81.822021484375 -19.731678009033203 0.20000000298023224
vertex 81.822021484375 -19.731678009033203 4.5
endloop
endfacet
facet normal 0 0 -1
outer loop
vertex -35.54997253417969 4.9200053215026855 0
vertex -54.54997253417969 19.170005798339844 0
vertex -40.44997024536133 19.170005798339844 0
endloop
endfacet
facet normal 0 0 -1
outer loop
vertex -40.849971771240234 -0.32999467849731445 0
vertex -59.44997024536133 23.72000503540039 0
vertex -58.74997329711914 23.72000503540039 0
endloop
endfacet
facet normal 0 0 -1
outer loop
vertex -40.849971771240234 -0.32999467849731445 0
vertex -58.74997329711914 23.72000503540039 0
vertex -54.54997253417969 19.170005798339844 0
endloop
endfacet
facet normal 0 0 -1
outer loop
vertex -59.44997024536133 23.72000503540039 0
vertex -40.849971771240234 -0.32999467849731445 0
vertex -59.44997024536133 19.170005798339844 0
endloop
endfacet
facet normal 0.9999958161630778 0.0028926901146645733 -4.901627133860996e-7
outer loop
vertex 81.822021484375 -19.731678009033203 4.5
vertex 81.77203369140625 -2.4517502784729004 0.20000000298023224
vertex 81.78682708740234 -7.565062046051025 4.5
endloop
endfacet
facet normal 0.9999958150743047 0.0028930665176020924 -4.256232321086655e-8
outer loop
vertex 81.78682708740234 -7.565062046051025 4.5
vertex 81.77203369140625 -2.4517502784729004 0.20000000298023224
vertex 81.76995086669922 -1.7317533493041992 4.5
endloop
endfacet
facet normal 0 0 -1
outer loop
vertex -54.54997253417969 19.170005798339844 0
vertex -35.54997253417969 4.9200053215026855 0
vertex -40.849971771240234 -0.32999467849731445 0
endloop
endfacet
facet normal 0 0 -1
outer loop
vertex -44.32293701171875 -0.6338396072387695 0
vertex -59.44997024536133 19.170005798339844 0
vertex -40.849971771240234 -0.32999467849731445 0
endloop
endfacet
facet normal 0 0 -1
outer loop
vertex -47.69037628173828 -1.5361422300338745 0
vertex -59.44997024536133 19.170005798339844 0
vertex -44.32293701171875 -0.6338396072387695 0
endloop
endfacet
facet normal 0 0 -1
outer loop
vertex -47.69037628173828 -1.5361422300338745 0
vertex -50.849971771240234 -3.009486675262451 0
vertex -59.44997024536133 19.170005798339844 0
endloop
endfacet
facet normal 0 0 1
outer loop
vertex 40.45002746582031 -14.079994201660156 5
vertex 40.45002746582031 -18.97999382019043 5
vertex 54.55002975463867 -18.97999382019043 5
endloop
endfacet
facet normal 0 0 1
outer loop
vertex 40.45002746582031 -14.079994201660156 5
vertex 54.55002975463867 -18.97999382019043 5
vertex 54.55002975463867 -14.079994201660156 5
endloop
endfacet
facet normal 0 0 1
outer loop
vertex 54.55002975463867 -18.97999382019043 5
vertex 54.55002975463867 -33.079994201660156 5
vertex 59.45002746582031 -18.97999382019043 5
endloop
endfacet
facet normal 0 0 1
outer loop
vertex 54.55002975463867 -18.97999382019043 5
vertex 59.45002746582031 -18.97999382019043 5
vertex 59.45002746582031 -14.079994201660156 5
endloop
endfacet
facet normal 0 0 -1
outer loop
vertex 0.6000282168388367 -30.899993896484375 0
vertex -2.4499716758728027 -33.079994201660156 0
vertex 0.42782068252563477 -30.865739822387695 0
endloop
endfacet
facet normal 0 0 -1
outer loop
vertex -59.51247024536133 4.541718006134033 0
vertex -60.918277740478516 4.9369120597839355 0
vertex -62.859195709228516 6.888914108276367 0
endloop
endfacet
facet normal 0 0 1
outer loop
vertex 54.55002975463867 -14.079994201660156 5
vertex 54.55002975463867 -18.97999382019043 5
vertex 59.45002746582031 0.020005328580737114 5
endloop
endfacet
facet normal 0 0 1
outer loop
vertex 59.45002746582031 0.020005328580737114 5
vertex 54.55002975463867 -18.97999382019043 5
vertex 59.45002746582031 -14.079994201660156 5
endloop
endfacet
facet normal 0 0 1
outer loop
vertex 54.55002975463867 0.020005328580737114 5
vertex 54.55002975463867 -14.079994201660156 5
vertex 59.45002746582031 4.9200053215026855 5
endloop
endfacet
facet normal 0 0 1
outer loop
vertex 59.45002746582031 4.9200053215026855 5
vertex 54.55002975463867 -14.079994201660156 5
vertex 59.45002746582031 0.020005328580737114 5
endloop
endfacet
facet normal 0 0 -1
outer loop
vertex -2.4499716758728027 -33.079994201660156 0
vertex 0.18428242206573486 -30.622201919555664 0
vertex 0.28183016180992126 -30.768192291259766 0
endloop
endfacet
facet normal 0 0 -1
outer loop
vertex 0.42782068252563477 -30.865739822387695 0
vertex -2.4499716758728027 -33.079994201660156 0
vertex 0.28183016180992126 -30.768192291259766 0
endloop
endfacet
facet normal 0 0 1
outer loop
vertex 59.45002746582031 -14.079994201660156 5
vertex 59.45002746582031 -18.97999382019043 5
vertex 73.5500259399414 -14.079994201660156 5
endloop
endfacet
facet normal 0 0 1
outer loop
vertex 73.5500259399414 -14.079994201660156 5
vertex 59.45002746582031 -18.97999382019043 5
vertex 73.5500259399414 -18.97999382019043 5
endloop
endfacet
facet normal 0 0 -1
outer loop
vertex 0.18428242206573486 -30.622201919555664 0
vertex -2.4499716758728027 -33.079994201660156 0
vertex 0.15002821385860443 -30.449995040893555 0
endloop
endfacet
facet normal 0 0 -1
outer loop
vertex 0.15002821385860443 -30.449995040893555 0
vertex -2.4499716758728027 -33.079994201660156 0
vertex 0.18428242206573486 -30.277786254882812 0
endloop
endfacet
facet normal 0.9999958154181794 0.002892947654341715 0
outer loop
vertex 81.13861083984375 -25.468599319458008 4.5
vertex 81.12346649169922 -20.233701705932617 4.5
vertex 81.12346649169922 -20.233701705932617 5
endloop
endfacet
facet normal 0 0 1
outer loop
vertex 73.5500259399414 -18.97999382019043 5
vertex 73.5500259399414 -33.079994201660156 5
vertex 79.82347106933594 -20.23746109008789 5
endloop
endfacet
facet normal 0 0 -1
outer loop
vertex 0.18428242206573486 -30.277786254882812 0
vertex -2.4499716758728027 -33.079994201660156 0
vertex 0.28183016180992126 -30.13179588317871 0
endloop
endfacet
facet normal 0.9999958154181794 0.002892947654341715 0
outer loop
vertex 81.13861083984375 -25.468599319458008 5
vertex 81.13861083984375 -25.468599319458008 4.5
vertex 81.12346649169922 -20.233701705932617 5
endloop
endfacet
facet normal 0 0 1
outer loop
vertex 79.82347106933594 -20.23746109008789 5
vertex 73.5500259399414 -33.079994201660156 5
vertex 79.83861541748047 -25.47235870361328 5
endloop
endfacet
facet normal 0 0 1
outer loop
vertex 79.82347106933594 -20.23746109008789 5
vertex 79.83861541748047 -25.47235870361328 5
vertex 81.13861083984375 -25.468599319458008 5
endloop
endfacet
facet normal 0 0 1
outer loop
vertex 79.82347106933594 -20.23746109008789 5
vertex 81.13861083984375 -25.468599319458008 5
vertex 81.12346649169922 -20.233701705932617 5
endloop
endfacet
facet normal 0 0 -1
outer loop
vertex 0.28183016180992126 -30.13179588317871 0
vertex -2.4499716758728027 -33.079994201660156 0
vertex 0.6000282168388367 -29.629995346069336 0
endloop
endfacet
facet normal 0 0 -1
outer loop
vertex -2.4499716758728027 -33.079994201660156 0
vertex 0.28183016180992126 -29.498191833496094 0
vertex 0.42782068252563477 -29.595741271972656 0
endloop
endfacet
facet normal 0 0 -1
outer loop
vertex -2.4499716758728027 -33.079994201660156 0
vertex 0.15002821385860443 -29.179994583129883 0
vertex 0.18428242206573486 -29.352201461791992 0
endloop
endfacet
facet normal 0 0 -1
outer loop
vertex 0.28183016180992126 -29.498191833496094 0
vertex -2.4499716758728027 -33.079994201660156 0
vertex 0.18428242206573486 -29.352201461791992 0
endloop
endfacet
facet normal 0 0 -1
outer loop
vertex -2.4499716758728027 -33.079994201660156 0
vertex 0.42782068252563477 -29.595741271972656 0
vertex 0.6000282168388367 -29.629995346069336 0
endloop
endfacet
facet normal -1 0 0
outer loop
vertex -60.81247329711914 4.68043851852417 0
vertex -60.81247329711914 4.541718006134033 0
vertex -60.81247329711914 4.541718006134033 0.20000000298023224
endloop
endfacet
facet normal 0 0 -1
outer loop
vertex -59.51247024536133 4.541718006134033 0
vertex -60.81247329711914 4.68043851852417 0
vertex -60.918277740478516 4.9369120597839355 0
endloop
endfacet
facet normal 0 0 -1
outer loop
vertex 0.15002821385860443 -29.179994583129883 0
vertex -2.4499716758728027 -33.079994201660156 0
vertex 0.15002821385860443 -27.90999412536621 0
endloop
endfacet
facet normal 0 0 1
outer loop
vertex 73.5500259399414 -14.079994201660156 5
vertex 73.5500259399414 -18.97999382019043 5
vertex 79.76851654052734 -1.237540602684021 5
endloop
endfacet
facet normal 0 0 -1
outer loop
vertex 0.15002821385860443 -27.90999412536621 0
vertex -2.4499716758728027 -33.079994201660156 0
vertex 0.15002821385860443 -26.639995574951172 0
endloop
endfacet
facet normal 0 0 1
outer loop
vertex 79.76851654052734 -1.237540602684021 5
vertex 73.5500259399414 -18.97999382019043 5
vertex 79.82347106933594 -20.23746109008789 5
endloop
endfacet
facet normal 0 -1 0
outer loop
vertex -57.38834762573242 -50.27999496459961 0
vertex -4.361596584320068 -50.27999496459961 0
vertex -57.38834762573242 -50.27999496459961 5
endloop
endfacet
facet normal 0.38268419088735306 -0.9238792183207132 0
outer loop
vertex -4.361596584320068 -50.27999496459961 0
vertex -3.516249895095825 -49.929840087890625 0
vertex -4.361596584320068 -50.27999496459961 5
endloop
endfacet
facet normal 0.707106535335601 -0.7071070270374085 0
outer loop
vertex -3.516249895095825 -49.929840087890625 0
vertex -1.2876259088516235 -47.70121765136719 0
vertex -3.516249895095825 -49.929840087890625 5
endloop
endfacet
facet normal 0 0 1
outer loop
vertex 73.5500259399414 0.020005328580737114 5
vertex 73.5500259399414 -14.079994201660156 5
vertex 79.75337219238281 3.9973578453063965 5
endloop
endfacet
facet normal 0 0 1
outer loop
vertex 79.75337219238281 3.9973578453063965 5
vertex 73.5500259399414 -14.079994201660156 5
vertex 79.76851654052734 -1.237540602684021 5
endloop
endfacet
facet normal 0 0 -1
outer loop
vertex 2.45002818107605 0.020005328580737114 0
vertex -2.4499716758728027 4.9200053215026855 0
vertex 2.45002818107605 4.9200053215026855 0
endloop
endfacet
facet normal 0 0 -1
outer loop
vertex 2.45002818107605 0.020005328580737114 0
vertex 2.45002818107605 4.9200053215026855 0
vertex 7.000028133392334 0.7200053334236145 0
endloop
endfacet
facet normal 0 0 -1
outer loop
vertex 2.45002818107605 0.020005328580737114 0
vertex 7.000028133392334 0.7200053334236145 0
vertex 7.000028133392334 0.020005328580737114 0
endloop
endfacet
facet normal 0 0 -1
outer loop
vertex 7.000028133392334 0.7200053334236145 0
vertex 2.45002818107605 4.9200053215026855 0
vertex 7.000028133392334 4.220005512237549 0
endloop
endfacet
facet normal 0 0 -1
outer loop
vertex 7.000028133392334 0.7200053334236145 0
vertex 7.000028133392334 4.220005512237549 0
vertex 12.000028610229492 0.7200053334236145 0
endloop
endfacet
facet normal 0 0 -1
outer loop
vertex 12.000028610229492 0.7200053334236145 0
vertex 7.000028133392334 4.220005512237549 0
vertex 12.000028610229492 4.220005512237549 0
endloop
endfacet
facet normal 0 0 -1
outer loop
vertex 7.000028133392334 4.220005512237549 0
vertex 2.45002818107605 4.9200053215026855 0
vertex 7.000028133392334 4.9200053215026855 0
endloop
endfacet
facet normal 0 0 -1
outer loop
vertex 12.000028610229492 0.020005328580737114 0
vertex 12.000028610229492 0.7200053334236145 0
vertex 16.55002784729004 0.020005328580737114 0
endloop
endfacet
facet normal 0 0 -1
outer loop
vertex 16.55002784729004 0.020005328580737114 0
vertex 12.000028610229492 0.7200053334236145 0
vertex 12.000028610229492 4.220005512237549 0
endloop
endfacet
facet normal 0 0 -1
outer loop
vertex 16.55002784729004 0.020005328580737114 0
vertex 12.000028610229492 4.220005512237549 0
vertex 16.55002784729004 4.9200053215026855 0
endloop
endfacet
facet normal 0 0 -1
outer loop
vertex 21.450027465820312 4.9200053215026855 0
vertex 16.55002784729004 0.020005328580737114 0
vertex 16.55002784729004 4.9200053215026855 0
endloop
endfacet
facet normal 0 0 -1
outer loop
vertex 16.55002784729004 4.9200053215026855 0
vertex 12.000028610229492 4.220005512237549 0
vertex 12.000028610229492 4.9200053215026855 0
endloop
endfacet
facet normal 0 0 -1
outer loop
vertex -60.81247329711914 4.68043851852417 0
vertex -59.51247024536133 4.541718006134033 0
vertex -60.81247329711914 4.541718006134033 0
endloop
endfacet
facet normal 0 0 -1
outer loop
vertex -53.70572280883789 -5.009105682373047 0
vertex -59.51247024536133 4.541718006134033 0
vertex -50.849971771240234 -3.009486675262451 0
endloop
endfacet
facet normal 0.923879449023707 -0.38268363392187527 0
outer loop
vertex -1.2876259088516235 -47.70121765136719 0
vertex -0.946376383304596 -46.87736892700195 0
vertex -1.2876259088516235 -47.70121765136719 5
endloop
endfacet
facet normal 0.7730153845498677 -0.63438727544712 0
outer loop
vertex -0.946376383304596 -46.87736892700195 0
vertex -0.8146317005157471 -46.716835021972656 0
vertex -0.946376383304596 -46.87736892700195 5
endloop
endfacet
facet normal 0 0 -1
outer loop
vertex -50.849971771240234 -3.009486675262451 0
vertex -73.54997253417969 19.170005798339844 0
vertex -59.44997024536133 19.170005798339844 0
endloop
endfacet
facet normal 0 0 -1
outer loop
vertex -50.849971771240234 -3.009486675262451 0
vertex -79.65717315673828 23.330509185791016 0
vertex -73.54997253417969 19.170005798339844 0
endloop
endfacet
facet normal 0 0 -1
outer loop
vertex -79.65717315673828 23.330509185791016 0
vertex -59.51247024536133 4.541718006134033 0
vertex -62.859195709228516 6.888914108276367 0
endloop
endfacet
facet normal 0 0 -1
outer loop
vertex -62.859195709228516 6.888914108276367 0
vertex -63.11506271362305 6.996180057525635 0
vertex -79.65717315673828 23.330509185791016 0
endloop
endfacet
facet normal -0.9999939741279901 0.0034715569574220928 0
outer loop
vertex -80.95716857910156 23.33502197265625 0
vertex -81.00144958496094 10.57972526550293 0
vertex -80.95716857910156 23.33502197265625 0.20000000298023224
endloop
endfacet
facet normal 0 0 -1
outer loop
vertex -79.65717315673828 23.330509185791016 0
vertex -81.00144958496094 10.57972526550293 0
vertex -80.95716857910156 23.33502197265625 0
endloop
endfacet
facet normal 0 0 -1
outer loop
vertex 2.45002818107605 4.9200053215026855 0
vertex -2.4499716758728027 4.9200053215026855 0
vertex 2.45002818107605 19.02000617980957 0
endloop
endfacet
facet normal 0 0 -1
outer loop
vertex 2.45002818107605 19.02000617980957 0
vertex 4.675028324127197 23.920005798339844 0
vertex 7.000028133392334 19.72000503540039 0
endloop
endfacet
facet normal 0 0 -1
outer loop
vertex 2.45002818107605 19.02000617980957 0
vertex 7.000028133392334 19.72000503540039 0
vertex 7.000028133392334 19.02000617980957 0
endloop
endfacet
facet normal 0 0 -1
outer loop
vertex 7.000028133392334 19.72000503540039 0
vertex 4.675028324127197 23.920005798339844 0
vertex 12.000028610229492 19.72000503540039 0
endloop
endfacet
facet normal 0 0 -1
outer loop
vertex 21.450027465820312 4.9200053215026855 0
vertex 16.55002784729004 4.9200053215026855 0
vertex 21.450027465820312 19.02000617980957 0
endloop
endfacet
facet normal 0 0 -1
outer loop
vertex 21.450027465820312 19.02000617980957 0
vertex 16.55002784729004 4.9200053215026855 0
vertex 16.55002784729004 19.02000617980957 0
endloop
endfacet
facet normal 0 0 -1
outer loop
vertex 12.000028610229492 19.02000617980957 0
vertex 12.000028610229492 19.72000503540039 0
vertex 16.55002784729004 19.02000617980957 0
endloop
endfacet
facet normal 0 0 -1
outer loop
vertex 16.55002784729004 19.02000617980957 0
vertex 12.000028610229492 19.72000503540039 0
vertex 14.325028419494629 23.920005798339844 0
endloop
endfacet
facet normal 0 0 -1
outer loop
vertex 21.450027465820312 19.02000617980957 0
vertex 16.55002784729004 19.02000617980957 0
vertex 18.875028610229492 23.22000503540039 0
endloop
endfacet
facet normal 0 0 -1
outer loop
vertex -63.11506271362305 6.996180057525635 0
vertex -81.00144958496094 10.57972526550293 0
vertex -79.65717315673828 23.330509185791016 0
endloop
endfacet
facet normal 0 0 -1
outer loop
vertex -79.65717315673828 23.330509185791016 0
vertex -50.849971771240234 -3.009486675262451 0
vertex -59.51247024536133 4.541718006134033 0
endloop
endfacet
facet normal 0.5555697480661043 -0.8314699363379083 0
outer loop
vertex -0.8146317005157471 -46.716835021972656 0
vertex 0.8713812232017517 -45.59027862548828 0
vertex -0.8146317005157471 -46.716835021972656 5
endloop
endfacet
facet normal 0 0 -1
outer loop
vertex -80.69269561767578 9.775769233703613 0
vertex -63.11506271362305 6.996180057525635 0
vertex -77.72118377685547 7.079362869262695 0
endloop
endfacet
facet normal 0 0 -1
outer loop
vertex -63.11506271362305 6.996180057525635 0
vertex -80.69269561767578 9.775769233703613 0
vertex -81.00144958496094 10.57972526550293 0
endloop
endfacet
facet normal 0 0 -1
outer loop
vertex 21.450027465820312 0.020005328580737114 0
vertex 26.000028610229492 0.7200053334236145 0
vertex 26.000028610229492 0.020005328580737114 0
endloop
endfacet
facet normal 0 0 -1
outer loop
vertex 26.000028610229492 0.7200053334236145 0
vertex 21.450027465820312 0.020005328580737114 0
vertex 21.450027465820312 4.9200053215026855 0
endloop
endfacet
facet normal 0 0 -1
outer loop
vertex 26.000028610229492 0.7200053334236145 0
vertex 21.450027465820312 4.9200053215026855 0
vertex 26.000028610229492 4.220005512237549 0
endloop
endfacet
facet normal 0 0 -1
outer loop
vertex 26.000028610229492 0.7200053334236145 0
vertex 26.000028610229492 4.220005512237549 0
vertex 31.000028610229492 0.7200053334236145 0
endloop
endfacet
facet normal 0 0 -1
outer loop
vertex 31.000028610229492 0.7200053334236145 0
vertex 26.000028610229492 4.220005512237549 0
vertex 31.000028610229492 4.220005512237549 0
endloop
endfacet
facet normal 0 0 -1
outer loop
vertex 26.000028610229492 4.220005512237549 0
vertex 21.450027465820312 4.9200053215026855 0
vertex 26.000028610229492 4.9200053215026855 0
endloop
endfacet
facet normal 0 0 -1
outer loop
vertex 31.000028610229492 0.020005328580737114 0
vertex 31.000028610229492 0.7200053334236145 0
vertex 35.55002975463867 0.020005328580737114 0
endloop
endfacet
facet normal 0 0 -1
outer loop
vertex 35.55002975463867 0.020005328580737114 0
vertex 31.000028610229492 0.7200053334236145 0
vertex 31.000028610229492 4.220005512237549 0
endloop
endfacet
facet normal 0 0 -1
outer loop
vertex 35.55002975463867 0.020005328580737114 0
vertex 31.000028610229492 4.220005512237549 0
vertex 35.55002975463867 4.9200053215026855 0
endloop
endfacet
facet normal 0 0 -1
outer loop
vertex 40.45002746582031 0.020005328580737114 0
vertex 35.55002975463867 0.020005328580737114 0
vertex 40.45002746582031 4.9200053215026855 0
endloop
endfacet
facet normal 0 0 -1
outer loop
vertex 35.55002975463867 4.9200053215026855 0
vertex 31.000028610229492 4.220005512237549 0
vertex 31.000028610229492 4.9200053215026855 0
endloop
endfacet
facet normal 0 0 -1
outer loop
vertex 35.55002975463867 0.020005328580737114 0
vertex 35.55002975463867 4.9200053215026855 0
vertex 40.45002746582031 19.02000617980957 0
endloop
endfacet
facet normal 0 0 -1
outer loop
vertex 40.45002746582031 4.9200053215026855 0
vertex 35.55002975463867 0.020005328580737114 0
vertex 40.45002746582031 19.02000617980957 0
endloop
endfacet
facet normal 0 0 -1
outer loop
vertex -78.60363006591797 7.473255634307861 0
vertex -80.69269561767578 9.775769233703613 0
vertex -77.72118377685547 7.079362869262695 0
endloop
endfacet
facet normal 0 0 1
outer loop
vertex -2.4499716758728027 0.020005328580737114 5
vertex -2.4499716758728027 -14.079994201660156 5
vertex 2.45002818107605 -14.079994201660156 5
endloop
endfacet
facet normal 0 0 1
outer loop
vertex -16.549972534179688 -14.079994201660156 5
vertex -16.549972534179688 0.020005328580737114 5
vertex -21.44997215270996 4.9200053215026855 5
endloop
endfacet
facet normal 0 0 1
outer loop
vertex -2.4499716758728027 -14.079994201660156 5
vertex -2.4499716758728027 -18.97999382019043 5
vertex 2.45002818107605 -14.079994201660156 5
endloop
endfacet
facet normal 0 0 1
outer loop
vertex -2.4499716758728027 -14.079994201660156 5
vertex -16.549972534179688 -18.97999382019043 5
vertex -2.4499716758728027 -18.97999382019043 5
endloop
endfacet
facet normal 0 0 1
outer loop
vertex -16.549972534179688 -14.079994201660156 5
vertex -16.549972534179688 -18.97999382019043 5
vertex -2.4499716758728027 -14.079994201660156 5
endloop
endfacet
facet normal 0 0 1
outer loop
vertex -23.529462814331055 -10.329994201660156 5
vertex -16.549972534179688 -18.97999382019043 5
vertex -16.549972534179688 -14.079994201660156 5
endloop
endfacet
facet normal 0 0 1
outer loop
vertex -22.056119918823242 -13.489591598510742 5
vertex -21.15381622314453 -16.857030868530273 5
vertex -16.549972534179688 -18.97999382019043 5
endloop
endfacet
facet normal 0 0 1
outer loop
vertex -20.849971771240234 -20.329994201660156 5
vertex -16.549972534179688 -18.97999382019043 5
vertex -21.15381622314453 -16.857030868530273 5
endloop
endfacet
facet normal 0 0 1
outer loop
vertex -20.849971771240234 -20.329994201660156 5
vertex -21.15381622314453 -23.80295753479004 5
vertex -16.549972534179688 -18.97999382019043 5
endloop
endfacet
facet normal 0 0 -1
outer loop
vertex 21.450027465820312 19.02000617980957 0
vertex 26.000028610229492 19.72000503540039 0
vertex 26.000028610229492 19.02000617980957 0
endloop
endfacet
facet normal 0 0 -1
outer loop
vertex 26.000028610229492 19.72000503540039 0
vertex 21.450027465820312 19.02000617980957 0
vertex 23.875028610229492 23.22000503540039 0
endloop
endfacet
facet normal 0 0 -1
outer loop
vertex 26.000028610229492 19.72000503540039 0
vertex 28.42502784729004 23.920005798339844 0
vertex 31.000028610229492 19.72000503540039 0
endloop
endfacet
facet normal 0 0 -1
outer loop
vertex 31.000028610229492 19.02000617980957 0
vertex 31.000028610229492 19.72000503540039 0
vertex 35.55002975463867 19.02000617980957 0
endloop
endfacet
facet normal 0 0 -1
outer loop
vertex 35.55002975463867 19.02000617980957 0
vertex 31.000028610229492 19.72000503540039 0
vertex 35.70002746582031 23.920005798339844 0
endloop
endfacet
facet normal 0 0 -1
outer loop
vertex 35.55002975463867 4.9200053215026855 0
vertex 35.55002975463867 19.02000617980957 0
vertex 40.25002670288086 23.22000503540039 0
endloop
endfacet
facet normal 0 0 -1
outer loop
vertex 40.45002746582031 19.02000617980957 0
vertex 35.55002975463867 4.9200053215026855 0
vertex 40.25002670288086 23.22000503540039 0
endloop
endfacet
facet normal 0 0 1
outer loop
vertex -16.549972534179688 -18.97999382019043 5
vertex -21.15381622314453 -23.80295753479004 5
vertex -22.056119918823242 -27.17039680480957 5
endloop
endfacet
facet normal 0 0 1
outer loop
vertex -27.994218826293945 -5.009105682373047 5
vertex -25.529083251953125 -7.474242687225342 5
vertex -35.54997253417969 4.9200053215026855 5
endloop
endfacet
facet normal 0 0 1
outer loop
vertex -16.549972534179688 -14.079994201660156 5
vertex -35.54997253417969 4.9200053215026855 5
vertex -25.529083251953125 -7.474242687225342 5
endloop
endfacet
facet normal 0 0 1
outer loop
vertex -23.529462814331055 -10.329994201660156 5
vertex -16.549972534179688 -14.079994201660156 5
vertex -25.529083251953125 -7.474242687225342 5
endloop
endfacet
facet normal 0 0 1
outer loop
vertex -16.549972534179688 -18.97999382019043 5
vertex -23.529462814331055 -10.329994201660156 5
vertex -22.056119918823242 -13.489591598510742 5
endloop
endfacet
facet normal 0 0 1
outer loop
vertex -22.056119918823242 -27.17039680480957 5
vertex -23.529462814331055 -30.329994201660156 5
vertex -16.549972534179688 -18.97999382019043 5
endloop
endfacet
facet normal 0 0 -1
outer loop
vertex -23.529462814331055 -10.329994201660156 0
vertex -16.549972534179688 -18.97999382019043 0
vertex -22.056119918823242 -13.489591598510742 0
endloop
endfacet
facet normal 0 0 -1
outer loop
vertex -23.529462814331055 -10.329994201660156 0
vertex -25.529083251953125 -7.474242687225342 0
vertex -16.549972534179688 -18.97999382019043 0
endloop
endfacet
facet normal 0 0 -1
outer loop
vertex -25.529083251953125 -7.474242687225342 0
vertex -27.994218826293945 -5.009105682373047 0
vertex -16.549972534179688 -14.079994201660156 0
endloop
endfacet
facet normal 0 0 -1
outer loop
vertex -27.994218826293945 -5.009105682373047 0
vertex -35.54997253417969 4.9200053215026855 0
vertex -16.549972534179688 -14.079994201660156 0
endloop
endfacet
facet normal 0 0 -1
outer loop
vertex -21.15381622314453 -23.80295753479004 0
vertex -20.849971771240234 -20.329994201660156 0
vertex -16.549972534179688 -33.079994201660156 0
endloop
endfacet
facet normal 0.7406014286761446 0.6719445839076713 0
outer loop
vertex 75.94136047363281 42.665771484375 0
vertex 73.85167694091797 44.968971252441406 0
vertex 75.94136047363281 42.665771484375 5
endloop
endfacet
facet normal 0.40532729979454896 0.9141716359859674 0
outer loop
vertex 73.85167694091797 44.968971252441406 0
vertex 72.96278381347656 45.36309051513672 0
vertex 73.85167694091797 44.968971252441406 5
endloop
endfacet
facet normal 0.9328971595086438 0.3601428741217906 0
outer loop
vertex 76.25003051757812 41.866207122802734 0
vertex 75.94136047363281 42.665771484375 0
vertex 76.25003051757812 41.866207122802734 5
endloop
endfacet
facet normal 0 0 1
outer loop
vertex -2.4499716758728027 -18.97999382019043 5
vertex -2.4499716758728027 -33.079994201660156 5
vertex 2.45002818107605 -33.079994201660156 5
endloop
endfacet
facet normal 0 0 1
outer loop
vertex -2.4499716758728027 -33.079994201660156 5
vertex -16.549972534179688 -33.079994201660156 5
vertex 0.8713812232017517 -45.59027862548828 5
endloop
endfacet
facet normal 0 0 1
outer loop
vertex -16.549972534179688 -18.97999382019043 5
vertex -27.849971771240234 -47.6299934387207 5
vertex -16.549972534179688 -33.079994201660156 5
endloop
endfacet
facet normal 0 0 1
outer loop
vertex -16.549972534179688 -33.079994201660156 5
vertex -0.8146317005157471 -46.716835021972656 5
vertex 0.8713812232017517 -45.59027862548828 5
endloop
endfacet
facet normal 0 0 1
outer loop
vertex -16.549972534179688 -33.079994201660156 5
vertex -0.946376383304596 -46.87736892700195 5
vertex -0.8146317005157471 -46.716835021972656 5
endloop
endfacet
facet normal 0 0 1
outer loop
vertex -16.549972534179688 -33.079994201660156 5
vertex -1.2876259088516235 -47.70121765136719 5
vertex -0.946376383304596 -46.87736892700195 5
endloop
endfacet
facet normal 0 0 1
outer loop
vertex -1.2876259088516235 -47.70121765136719 5
vertex -16.549972534179688 -33.079994201660156 5
vertex -27.849971771240234 -47.6299934387207 5
endloop
endfacet
facet normal 0 0 1
outer loop
vertex -3.516249895095825 -49.929840087890625 5
vertex -1.2876259088516235 -47.70121765136719 5
vertex -27.849971771240234 -47.6299934387207 5
endloop
endfacet
facet normal 0 0 1
outer loop
vertex -4.361596584320068 -50.27999496459961 5
vertex -3.516249895095825 -49.929840087890625 5
vertex -27.849971771240234 -47.6299934387207 5
endloop
endfacet
facet normal 0 0 1
outer loop
vertex -23.529462814331055 -30.329994201660156 5
vertex -27.849971771240234 -47.6299934387207 5
vertex -16.549972534179688 -18.97999382019043 5
endloop
endfacet
facet normal 0 0 1
outer loop
vertex -23.529462814331055 -30.329994201660156 5
vertex -25.529083251953125 -33.18574523925781 5
vertex -27.849971771240234 -47.6299934387207 5
endloop
endfacet
facet normal 0 0 1
outer loop
vertex -27.849971771240234 -35.50663757324219 5
vertex -27.849971771240234 -47.6299934387207 5
vertex -25.529083251953125 -33.18574523925781 5
endloop
endfacet
facet normal 0 0 1
outer loop
vertex -27.849971771240234 -47.6299934387207 5
vertex -50.849971771240234 -47.6299934387207 5
vertex -4.361596584320068 -50.27999496459961 5
endloop
endfacet
facet normal 0 0 1
outer loop
vertex -50.849971771240234 -47.6299934387207 5
vertex -57.38834762573242 -50.27999496459961 5
vertex -4.361596584320068 -50.27999496459961 5
endloop
endfacet
facet normal 0 0 -1
outer loop
vertex 4.675028324127197 23.920005798339844 0
vertex 2.45002818107605 19.02000617980957 0
vertex 0.12502822279930115 23.22000503540039 0
endloop
endfacet
facet normal 0 0 -1
outer loop
vertex 4.675028324127197 23.920005798339844 0
vertex 0.12502822279930115 23.22000503540039 0
vertex 0.12502822279930115 23.920005798339844 0
endloop
endfacet
facet normal 0 0 -1
outer loop
vertex 14.325028419494629 23.920005798339844 0
vertex 12.000028610229492 19.72000503540039 0
vertex 4.675028324127197 23.920005798339844 0
endloop
endfacet
facet normal 0 0 -1
outer loop
vertex 4.675028324127197 23.920005798339844 0
vertex 4.675028324127197 38.02000427246094 0
vertex 14.325028419494629 38.02000427246094 0
endloop
endfacet
facet normal 0 0 -1
outer loop
vertex 18.875028610229492 23.22000503540039 0
vertex 16.55002784729004 19.02000617980957 0
vertex 14.325028419494629 23.920005798339844 0
endloop
endfacet
facet normal 0 0 -1
outer loop
vertex 18.875028610229492 23.22000503540039 0
vertex 14.325028419494629 23.920005798339844 0
vertex 18.875028610229492 23.920005798339844 0
endloop
endfacet
facet normal 0 0 -1
outer loop
vertex 14.325028419494629 23.920005798339844 0
vertex 4.675028324127197 23.920005798339844 0
vertex 14.325028419494629 38.02000427246094 0
endloop
endfacet
facet normal 0.7730153845498677 -0.63438727544712 0
outer loop
vertex -0.946376383304596 -46.87736892700195 5
vertex -0.8146317005157471 -46.716835021972656 0
vertex -0.8146317005157471 -46.716835021972656 5
endloop
endfacet
facet normal 0.923879449023707 -0.38268363392187527 0
outer loop
vertex -1.2876259088516235 -47.70121765136719 5
vertex -0.946376383304596 -46.87736892700195 0
vertex -0.946376383304596 -46.87736892700195 5
endloop
endfacet
facet normal 0.707106535335601 -0.7071070270374085 0
outer loop
vertex -3.516249895095825 -49.929840087890625 5
vertex -1.2876259088516235 -47.70121765136719 0
vertex -1.2876259088516235 -47.70121765136719 5
endloop
endfacet
facet normal 0.38268419088735306 -0.9238792183207132 0
outer loop
vertex -4.361596584320068 -50.27999496459961 5
vertex -3.516249895095825 -49.929840087890625 0
vertex -3.516249895095825 -49.929840087890625 5
endloop
endfacet
facet normal 0 0 -1
outer loop
vertex -20.849971771240234 -20.329994201660156 0
vertex -16.549972534179688 -18.97999382019043 0
vertex -16.549972534179688 -33.079994201660156 0
endloop
endfacet
facet normal 0 0 -1
outer loop
vertex 0.12502822279930115 38.02000427246094 0
vertex 0.12502822279930115 38.72000503540039 0
vertex 4.675028324127197 38.02000427246094 0
endloop
endfacet
facet normal 0 0 -1
outer loop
vertex 4.675028324127197 38.02000427246094 0
vertex 0.12502822279930115 38.72000503540039 0
vertex 18.875028610229492 38.72000503540039 0
endloop
endfacet
facet normal 0 0 -1
outer loop
vertex 18.875028610229492 38.72000503540039 0
vertex -77.39495849609375 45.47031021118164 0
vertex 72.96278381347656 45.36309051513672 0
endloop
endfacet
facet normal 0 0 -1
outer loop
vertex 14.325028419494629 38.02000427246094 0
vertex 4.675028324127197 38.02000427246094 0
vertex 18.875028610229492 38.72000503540039 0
endloop
endfacet
facet normal 0 0 -1
outer loop
vertex 14.325028419494629 38.02000427246094 0
vertex 18.875028610229492 38.72000503540039 0
vertex 18.875028610229492 38.02000427246094 0
endloop
endfacet
facet normal 0 0 -1
outer loop
vertex -20.849971771240234 -20.329994201660156 0
vertex -21.15381622314453 -16.857030868530273 0
vertex -16.549972534179688 -18.97999382019043 0
endloop
endfacet
facet normal 1 0 0
outer loop
vertex 76.25003051757812 28.55314826965332 0
vertex 76.25003051757812 41.866207122802734 0
vertex 76.25003051757812 28.55314826965332 5
endloop
endfacet
facet normal 0.9673961805656313 0.25326790129629245 0
outer loop
vertex 76.2956771850586 28.378793716430664 0
vertex 76.25003051757812 28.55314826965332 0
vertex 76.2956771850586 28.378793716430664 5
endloop
endfacet
facet normal 0 -1 0
outer loop
vertex -57.38834762573242 -50.27999496459961 5
vertex -4.361596584320068 -50.27999496459961 0
vertex -4.361596584320068 -50.27999496459961 5
endloop
endfacet
facet normal 0 0 -1
outer loop
vertex 23.875028610229492 23.22000503540039 0
vertex 21.450027465820312 19.02000617980957 0
vertex 18.875028610229492 23.22000503540039 0
endloop
endfacet
facet normal 0 0 -1
outer loop
vertex 23.875028610229492 23.22000503540039 0
vertex 23.875028610229492 23.920005798339844 0
vertex 28.42502784729004 23.920005798339844 0
endloop
endfacet
facet normal 0 0 -1
outer loop
vertex 28.42502784729004 23.920005798339844 0
vertex 26.000028610229492 19.72000503540039 0
vertex 23.875028610229492 23.22000503540039 0
endloop
endfacet
facet normal 0 0 -1
outer loop
vertex 35.70002746582031 23.920005798339844 0
vertex 31.000028610229492 19.72000503540039 0
vertex 28.42502784729004 23.920005798339844 0
endloop
endfacet
facet normal 0 0 -1
outer loop
vertex 40.25002670288086 23.22000503540039 0
vertex 35.55002975463867 19.02000617980957 0
vertex 35.70002746582031 23.920005798339844 0
endloop
endfacet
facet normal 0 0 -1
outer loop
vertex 40.25002670288086 23.22000503540039 0
vertex 35.70002746582031 23.920005798339844 0
vertex 40.25002670288086 23.920005798339844 0
endloop
endfacet
facet normal 0 0 -1
outer loop
vertex 35.70002746582031 23.920005798339844 0
vertex 28.42502784729004 23.920005798339844 0
vertex 35.70002746582031 38.02000427246094 0
endloop
endfacet
facet normal 0 0 -1
outer loop
vertex 35.70002746582031 38.02000427246094 0
vertex 28.42502784729004 23.920005798339844 0
vertex 28.42502784729004 38.02000427246094 0
endloop
endfacet
facet normal 0.5197322762111938 0.8543291877633185 0
outer loop
vertex 78.70470428466797 25.855409622192383 0
vertex 77.27900695800781 26.722734451293945 0
vertex 78.70470428466797 25.855409622192383 5
endloop
endfacet
facet normal 0 0 1
outer loop
vertex -53.70572280883789 -5.009105682373047 5
vertex -59.51247024536133 4.541718006134033 5
vertex -56.170860290527344 -7.474242687225342 5
endloop
endfacet
facet normal 0 0 1
outer loop
vertex -56.170860290527344 -7.474242687225342 5
vertex -59.51247024536133 4.541718006134033 5
vertex -58.17047882080078 -10.329994201660156 5
endloop
endfacet
facet normal 0 0 1
outer loop
vertex -59.51247024536133 4.541718006134033 5
vertex -59.51247024536133 -13.207905769348145 5
vertex -58.17047882080078 -10.329994201660156 5
endloop
endfacet
facet normal 0 0 -1
outer loop
vertex 23.875028610229492 38.02000427246094 0
vertex 23.875028610229492 38.72000503540039 0
vertex 28.42502784729004 38.02000427246094 0
endloop
endfacet
facet normal 0 0 -1
outer loop
vertex 28.42502784729004 38.02000427246094 0
vertex 23.875028610229492 38.72000503540039 0
vertex 40.25002670288086 38.72000503540039 0
endloop
endfacet
facet normal 0 0 -1
outer loop
vertex 35.70002746582031 38.02000427246094 0
vertex 28.42502784729004 38.02000427246094 0
vertex 40.25002670288086 38.72000503540039 0
endloop
endfacet
facet normal 0 0 -1
outer loop
vertex 35.70002746582031 38.02000427246094 0
vertex 40.25002670288086 38.72000503540039 0
vertex 40.25002670288086 38.02000427246094 0
endloop
endfacet
facet normal 0 0 -1
outer loop
vertex 18.875028610229492 38.72000503540039 0
vertex 72.96278381347656 45.36309051513672 0
vertex 23.875028610229492 38.72000503540039 0
endloop
endfacet
facet normal 0.8717032669609552 0.4900340951093072 0
outer loop
vertex 77.15377807617188 26.85235023498535 0
vertex 76.2956771850586 28.378793716430664 0
vertex 77.15377807617188 26.85235023498535 5
endloop
endfacet
facet normal 0.7191723877486318 0.6948316894758987 0
outer loop
vertex 77.27900695800781 26.722734451293945 0
vertex 77.15377807617188 26.85235023498535 0
vertex 77.27900695800781 26.722734451293945 5
endloop
endfacet
facet normal 0.7405996427447259 0.6719465523137866 0
outer loop
vertex 80.6902084350586 23.66704559326172 0
vertex 78.70470428466797 25.855409622192383 0
vertex 80.6902084350586 23.66704559326172 5
endloop
endfacet
facet normal 0.9323769903527033 0.3614874103766348 -1.7164790162739107e-7
outer loop
vertex 80.94847869873047 23.00089454650879 0.20000000298023224
vertex 80.6902084350586 23.66704559326172 0
vertex 80.99878692626953 22.871137619018555 4.5
endloop
endfacet
facet normal -0.0028909960930431854 0.9999958210620632 0
outer loop
vertex 81.6998519897461 22.50306510925293 0.20000000298023224
vertex 80.9998550415039 22.501041412353516 0.20000000298023224
vertex 81.6998519897461 22.50306510925293 4.5
endloop
endfacet
facet normal 0.9323750731713397 0.361492355283952 0
outer loop
vertex 80.99878692626953 22.871137619018555 0.20000000298023224
vertex 80.94847869873047 23.00089454650879 0.20000000298023224
vertex 80.99878692626953 22.871137619018555 4.5
endloop
endfacet
facet normal 0.9999958353909115 0.002886035487143743 0
outer loop
vertex 80.99878692626953 22.871137619018555 0.20000000298023224
vertex 80.9998550415039 22.501041412353516 4.5
vertex 80.9998550415039 22.501041412353516 0.20000000298023224
endloop
endfacet
facet normal 0.9999958158152088 0.0028928104111681173 0
outer loop
vertex 81.70193481445312 21.78306770324707 0.20000000298023224
vertex 81.6998519897461 22.50306510925293 0.20000000298023224
vertex 81.6998519897461 22.50306510925293 4.5
endloop
endfacet
facet normal 0 0 -1
outer loop
vertex -21.15381622314453 -16.857030868530273 0
vertex -22.056119918823242 -13.489591598510742 0
vertex -16.549972534179688 -18.97999382019043 0
endloop
endfacet
facet normal 0 0 -1
outer loop
vertex -16.549972534179688 -18.97999382019043 0
vertex -11.999971389770508 -18.27999496459961 0
vertex -11.999971389770508 -18.97999382019043 0
endloop
endfacet
facet normal 0 0 -1
outer loop
vertex -11.999971389770508 -18.27999496459961 0
vertex -16.549972534179688 -18.97999382019043 0
vertex -16.549972534179688 -14.079994201660156 0
endloop
endfacet
facet normal 0 0 -1
outer loop
vertex -11.999971389770508 -18.27999496459961 0
vertex -16.549972534179688 -14.079994201660156 0
vertex -11.999971389770508 -14.77999496459961 0
endloop
endfacet
facet normal 0 0 -1
outer loop
vertex -11.999971389770508 -18.27999496459961 0
vertex -11.999971389770508 -14.77999496459961 0
vertex -6.999971866607666 -18.27999496459961 0
endloop
endfacet
facet normal 0 0 -1
outer loop
vertex 0.15002821385860443 -26.639995574951172 0
vertex -2.4499716758728027 -33.079994201660156 0
vertex -2.4499716758728027 -18.97999382019043 0
endloop
endfacet
facet normal 0 0 -1
outer loop
vertex 0.15002821385860443 -26.639995574951172 0
vertex -2.4499716758728027 -18.97999382019043 0
vertex 0.18428242206573486 -26.46778678894043 0
endloop
endfacet
facet normal 0 0 -1
outer loop
vertex 0.18428242206573486 -26.46778678894043 0
vertex -2.4499716758728027 -18.97999382019043 0
vertex 0.28183016180992126 -26.321796417236328 0
endloop
endfacet
facet normal 0 0 -1
outer loop
vertex 0.28183016180992126 -26.321796417236328 0
vertex -2.4499716758728027 -18.97999382019043 0
vertex 0.42782068252563477 -26.2242488861084 0
endloop
endfacet
facet normal 0.0007130970918887365 0.9999997457462364 0
outer loop
vertex 72.96278381347656 45.36309051513672 0
vertex -77.39495849609375 45.47031021118164 0
vertex 72.96278381347656 45.36309051513672 5
endloop
endfacet
facet normal 0 0 -1
outer loop
vertex 0.42782068252563477 -26.2242488861084 0
vertex -2.4499716758728027 -18.97999382019043 0
vertex 0.18428242206573486 -25.54220199584961 0
endloop
endfacet
facet normal 0 0 -1
outer loop
vertex 0.18428242206573486 -25.54220199584961 0
vertex -2.4499716758728027 -18.97999382019043 0
vertex 0.15002821385860443 -25.3699951171875 0
endloop
endfacet
facet normal 0 0 -1
outer loop
vertex 40.45002746582031 0.020005328580737114 0
vertex 45.00002670288086 0.7200053334236145 0
vertex 45.00002670288086 0.020005328580737114 0
endloop
endfacet
facet normal 0 0 -1
outer loop
vertex 45.00002670288086 0.7200053334236145 0
vertex 40.45002746582031 0.020005328580737114 0
vertex 45.00002670288086 4.220005512237549 0
endloop
endfacet
facet normal 0 0 -1
outer loop
vertex 45.00002670288086 4.220005512237549 0
vertex 40.45002746582031 0.020005328580737114 0
vertex 40.45002746582031 4.9200053215026855 0
endloop
endfacet
facet normal 0 0 -1
outer loop
vertex 45.00002670288086 4.220005512237549 0
vertex 50.00002670288086 4.220005512237549 0
vertex 45.00002670288086 0.7200053334236145 0
endloop
endfacet
facet normal 0 0 -1
outer loop
vertex 45.00002670288086 0.7200053334236145 0
vertex 54.55002975463867 4.9200053215026855 0
vertex 50.00002670288086 0.7200053334236145 0
endloop
endfacet
facet normal 0 0 -1
outer loop
vertex 54.55002975463867 4.9200053215026855 0
vertex 45.00002670288086 0.7200053334236145 0
vertex 50.00002670288086 4.220005512237549 0
endloop
endfacet
facet normal 0 0 -1
outer loop
vertex 45.00002670288086 4.220005512237549 0
vertex 40.45002746582031 4.9200053215026855 0
vertex 45.00002670288086 4.9200053215026855 0
endloop
endfacet
facet normal 0 0 -1
outer loop
vertex 50.00002670288086 0.020005328580737114 0
vertex 50.00002670288086 0.7200053334236145 0
vertex 54.55002975463867 4.9200053215026855 0
endloop
endfacet
facet normal 0 0 -1
outer loop
vertex 50.00002670288086 0.020005328580737114 0
vertex 64.00003051757812 4.9200053215026855 0
vertex 54.55002975463867 0.020005328580737114 0
endloop
endfacet
facet normal 0 0 -1
outer loop
vertex 54.55002975463867 4.9200053215026855 0
vertex 59.45002746582031 4.9200053215026855 0
vertex 50.00002670288086 0.020005328580737114 0
endloop
endfacet
facet normal 0 0 -1
outer loop
vertex 64.00003051757812 4.9200053215026855 0
vertex 50.00002670288086 0.020005328580737114 0
vertex 59.45002746582031 4.9200053215026855 0
endloop
endfacet
facet normal 0 0 -1
outer loop
vertex 59.45002746582031 0.020005328580737114 0
vertex 54.55002975463867 0.020005328580737114 0
vertex 64.00003051757812 4.9200053215026855 0
endloop
endfacet
facet normal 0 0 -1
outer loop
vertex 54.55002975463867 4.9200053215026855 0
vertex 50.00002670288086 4.220005512237549 0
vertex 50.00002670288086 4.9200053215026855 0
endloop
endfacet
facet normal 0 0 -1
outer loop
vertex 0.15002821385860443 -25.3699951171875 0
vertex -2.4499716758728027 -18.97999382019043 0
vertex 0.18428242206573486 -25.197786331176758 0
endloop
endfacet
facet normal 0 0 -1
outer loop
vertex 0.18428242206573486 -25.197786331176758 0
vertex -2.4499716758728027 -18.97999382019043 0
vertex 0.28183016180992126 -25.051795959472656 0
endloop
endfacet
facet normal -1 0 0
outer loop
vertex -61.51247024536133 -14.458282470703125 4.5
vertex -61.51247024536133 -27.995107650756836 0.20000000298023224
vertex -61.51247024536133 -27.995107650756836 4.5
endloop
endfacet
facet normal 0 0 1
outer loop
vertex -58.17047882080078 -30.329994201660156 5
vertex -59.51247024536133 -27.452083587646484 5
vertex -59.51247024536133 -27.995107650756836 5
endloop
endfacet
facet normal 0 0 -1
outer loop
vertex 75.94136047363281 42.665771484375 0
vertex 68.8000259399414 38.02000427246094 0
vertex 73.85167694091797 44.968971252441406 0
endloop
endfacet
facet normal 0 0 -1
outer loop
vertex 76.25003051757812 41.866207122802734 0
vertex 68.8000259399414 38.02000427246094 0
vertex 75.94136047363281 42.665771484375 0
endloop
endfacet
facet normal 0 0 -1
outer loop
vertex 68.8000259399414 38.02000427246094 0
vertex 76.25003051757812 41.866207122802734 0
vertex 76.25003051757812 28.55314826965332 0
endloop
endfacet
facet normal 0 0 -1
outer loop
vertex 73.85167694091797 44.968971252441406 0
vertex 64.25003051757812 38.02000427246094 0
vertex 72.96278381347656 45.36309051513672 0
endloop
endfacet
facet normal 0 0 1
outer loop
vertex -56.170860290527344 -33.18574523925781 5
vertex -58.17047882080078 -30.329994201660156 5
vertex -50.849971771240234 -47.6299934387207 5
endloop
endfacet
facet normal 0 0 1
outer loop
vertex -58.17047882080078 -30.329994201660156 5
vertex -59.51247024536133 -27.995107650756836 5
vertex -50.849971771240234 -47.6299934387207 5
endloop
endfacet
facet normal 0 0 -1
outer loop
vertex 40.45002746582031 19.02000617980957 0
vertex 45.00002670288086 19.72000503540039 0
vertex 45.00002670288086 19.02000617980957 0
endloop
endfacet
facet normal 0 0 -1
outer loop
vertex 45.00002670288086 19.72000503540039 0
vertex 40.45002746582031 19.02000617980957 0
vertex 40.25002670288086 23.22000503540039 0
endloop
endfacet
facet normal 0 0 -1
outer loop
vertex 45.00002670288086 19.72000503540039 0
vertex 45.25002670288086 23.22000503540039 0
vertex 50.00002670288086 19.72000503540039 0
endloop
endfacet
facet normal 0 0 -1
outer loop
vertex 59.45002746582031 4.9200053215026855 0
vertex 54.55002975463867 4.9200053215026855 0
vertex 54.55002975463867 19.02000617980957 0
endloop
endfacet
facet normal 0 0 -1
outer loop
vertex 59.45002746582031 4.9200053215026855 0
vertex 54.55002975463867 19.02000617980957 0
vertex 59.45002746582031 19.02000617980957 0
endloop
endfacet
facet normal 0 0 -1
outer loop
vertex 50.00002670288086 19.02000617980957 0
vertex 50.00002670288086 19.72000503540039 0
vertex 54.70002746582031 23.920005798339844 0
endloop
endfacet
facet normal 0 0 -1
outer loop
vertex 50.00002670288086 19.02000617980957 0
vertex 59.25002670288086 23.920005798339844 0
vertex 54.55002975463867 19.02000617980957 0
endloop
endfacet
facet normal 0 0 -1
outer loop
vertex 59.45002746582031 19.02000617980957 0
vertex 54.55002975463867 19.02000617980957 0
vertex 64.25003051757812 23.22000503540039 0
endloop
endfacet
facet normal 0 0 -1
outer loop
vertex 64.25003051757812 38.02000427246094 0
vertex 73.85167694091797 44.968971252441406 0
vertex 68.8000259399414 38.02000427246094 0
endloop
endfacet
facet normal 0 0 -1
outer loop
vertex 64.25003051757812 38.02000427246094 0
vertex 64.25003051757812 38.72000503540039 0
vertex 72.96278381347656 45.36309051513672 0
endloop
endfacet
facet normal 0 0 1
outer loop
vertex -53.70572280883789 -35.650882720947266 5
vertex -50.849971771240234 -47.6299934387207 5
vertex -50.849971771240234 -37.6505012512207 5
endloop
endfacet
facet normal 0 0 1
outer loop
vertex -53.70572280883789 -35.650882720947266 5
vertex -56.170860290527344 -33.18574523925781 5
vertex -50.849971771240234 -47.6299934387207 5
endloop
endfacet
facet normal 0 0 1
outer loop
vertex -59.51247024536133 -27.995107650756836 5
vertex -57.38834762573242 -50.27999496459961 5
vertex -50.849971771240234 -47.6299934387207 5
endloop
endfacet
facet normal 0 0 -1
outer loop
vertex 59.45002746582031 0.020005328580737114 0
vertex 64.00003051757812 0.7200053334236145 0
vertex 64.00003051757812 0.020005328580737114 0
endloop
endfacet
facet normal 0 0 -1
outer loop
vertex 64.00003051757812 0.7200053334236145 0
vertex 59.45002746582031 0.020005328580737114 0
vertex 64.00003051757812 4.220005512237549 0
endloop
endfacet
facet normal 0 0 -1
outer loop
vertex 64.00003051757812 4.220005512237549 0
vertex 59.45002746582031 0.020005328580737114 0
vertex 64.00003051757812 4.9200053215026855 0
endloop
endfacet
facet normal 0 0 -1
outer loop
vertex 64.00003051757812 0.7200053334236145 0
vertex 64.00003051757812 4.220005512237549 0
vertex 69.00003051757812 0.7200053334236145 0
endloop
endfacet
facet normal 0 0 -1
outer loop
vertex 69.00003051757812 0.020005328580737114 0
vertex 69.00003051757812 0.7200053334236145 0
vertex 73.5500259399414 0.020005328580737114 0
endloop
endfacet
facet normal 0 0 -1
outer loop
vertex 69.00003051757812 0.7200053334236145 0
vertex 64.00003051757812 4.220005512237549 0
vertex 69.00003051757812 4.220005512237549 0
endloop
endfacet
facet normal 0 0 -1
outer loop
vertex 73.5500259399414 0.020005328580737114 0
vertex 69.00003051757812 0.7200053334236145 0
vertex 69.00003051757812 4.220005512237549 0
endloop
endfacet
facet normal 0 0 -1
outer loop
vertex 69.00003051757812 4.220005512237549 0
vertex 69.00003051757812 4.9200053215026855 0
vertex 73.5500259399414 4.9200053215026855 0
endloop
endfacet
facet normal 0 0 -1
outer loop
vertex 73.5500259399414 0.020005328580737114 0
vertex 69.00003051757812 4.220005512237549 0
vertex 73.5500259399414 4.9200053215026855 0
endloop
endfacet
facet normal 0 0 -1
outer loop
vertex 73.5500259399414 0.020005328580737114 0
vertex 73.5500259399414 4.9200053215026855 0
vertex 79.75337219238281 3.9973578453063965 0
endloop
endfacet
facet normal 0 0 -1
outer loop
vertex 59.25002670288086 38.72000503540039 0
vertex 72.96278381347656 45.36309051513672 0
vertex 64.25003051757812 38.72000503540039 0
endloop
endfacet
facet normal 0 0 -1
outer loop
vertex 59.25002670288086 38.72000503540039 0
vertex 54.70002746582031 38.02000427246094 0
vertex 72.96278381347656 45.36309051513672 0
endloop
endfacet
facet normal 0 0 -1
outer loop
vertex 81.06851196289062 -1.2337802648544312 0
vertex 79.76851654052734 -1.237540602684021 0
vertex 81.0533676147461 4.001118183135986 0
endloop
endfacet
facet normal 0.9999958154195134 0.002892947193197442 0
outer loop
vertex 81.06851196289062 -1.2337802648544312 0.20000000298023224
vertex 81.06851196289062 -1.2337802648544312 0
vertex 81.0533676147461 4.001118183135986 0
endloop
endfacet
facet normal 0 0 -1
outer loop
vertex 0.28183016180992126 -25.051795959472656 0
vertex -2.4499716758728027 -18.97999382019043 0
vertex 0.42782068252563477 -24.954248428344727 0
endloop
endfacet
facet normal 0 0 -1
outer loop
vertex 0.9182262420654297 -25.051795959472656 0
vertex 0.7722357511520386 -24.954248428344727 0
vertex -2.4499716758728027 -18.97999382019043 0
endloop
endfacet
facet normal 0.9323769729834885 0.3614874551767282 0
outer loop
vertex 80.94847869873047 23.00089454650879 0.20000000298023224
vertex 80.94847869873047 23.00089454650879 0
vertex 80.6902084350586 23.66704559326172 0
endloop
endfacet
facet normal 0 0 -1
outer loop
vertex 79.76851654052734 -1.237540602684021 0
vertex 73.5500259399414 0.020005328580737114 0
vertex 81.0533676147461 4.001118183135986 0
endloop
endfacet
facet normal 0 0 -1
outer loop
vertex 81.0533676147461 4.001118183135986 0
vertex 73.5500259399414 0.020005328580737114 0
vertex 79.75337219238281 3.9973578453063965 0
endloop
endfacet
facet normal 0.9999958154195134 0.002892947193197442 0
outer loop
vertex 81.06851196289062 -1.2337802648544312 0.20000000298023224
vertex 81.0533676147461 4.001118183135986 0
vertex 81.0533676147461 4.001118183135986 0.20000000298023224
endloop
endfacet
facet normal 0 0 -1
outer loop
vertex 79.75337219238281 3.9973578453063965 0
vertex 73.5500259399414 4.9200053215026855 0
vertex 73.5500259399414 19.02000617980957 0
endloop
endfacet
facet normal 0 0 -1
outer loop
vertex 79.69841003417969 22.997278213500977 0
vertex 78.70470428466797 25.855409622192383 0
vertex 80.6902084350586 23.66704559326172 0
endloop
endfacet
facet normal 0 0 -1
outer loop
vertex 80.94847869873047 23.00089454650879 0
vertex 79.69841003417969 22.997278213500977 0
vertex 80.6902084350586 23.66704559326172 0
endloop
endfacet
facet normal 0 0 -1
outer loop
vertex 79.69841003417969 22.997278213500977 0
vertex 73.5500259399414 19.02000617980957 0
vertex 78.70470428466797 25.855409622192383 0
endloop
endfacet
facet normal 0 0 1
outer loop
vertex -59.51247024536133 -46.99510955810547 5
vertex -57.38834762573242 -50.27999496459961 5
vertex -59.51247024536133 -27.995107650756836 5
endloop
endfacet
facet normal 0 0 -1
outer loop
vertex 77.15377807617188 26.85235023498535 0
vertex 69.00003051757812 19.72000503540039 0
vertex 76.2956771850586 28.378793716430664 0
endloop
endfacet
facet normal 0 0 -1
outer loop
vertex 76.2956771850586 28.378793716430664 0
vertex 64.00003051757812 19.72000503540039 0
vertex 76.25003051757812 28.55314826965332 0
endloop
endfacet
facet normal 0 0 -1
outer loop
vertex 78.70470428466797 25.855409622192383 0
vertex 69.00003051757812 19.02000617980957 0
vertex 77.27900695800781 26.722734451293945 0
endloop
endfacet
facet normal -0.923879106916185 -0.38268445984094035 0
outer loop
vertex -60.754798889160156 -46.99510955810547 5
vertex -60.754798889160156 -46.99510955810547 4.5
vertex -60.462318420410156 -47.70121765136719 5
endloop
endfacet
facet normal 0 0 1
outer loop
vertex -59.51247024536133 -46.99510955810547 5
vertex -58.23369216918945 -49.929840087890625 5
vertex -57.38834762573242 -50.27999496459961 5
endloop
endfacet
facet normal 0 0 1
outer loop
vertex -60.754798889160156 -46.99510955810547 5
vertex -58.23369216918945 -49.929840087890625 5
vertex -59.51247024536133 -46.99510955810547 5
endloop
endfacet
facet normal 0 0 1
outer loop
vertex -58.23369216918945 -49.929840087890625 5
vertex -60.754798889160156 -46.99510955810547 5
vertex -60.462318420410156 -47.70121765136719 5
endloop
endfacet
facet normal 0 0 -1
outer loop
vertex 69.00003051757812 19.02000617980957 0
vertex 77.15377807617188 26.85235023498535 0
vertex 77.27900695800781 26.722734451293945 0
endloop
endfacet
facet normal 0 0 -1
outer loop
vertex 69.00003051757812 19.02000617980957 0
vertex 69.00003051757812 19.72000503540039 0
vertex 77.15377807617188 26.85235023498535 0
endloop
endfacet
facet normal 0 0 -1
outer loop
vertex 59.45002746582031 19.02000617980957 0
vertex 64.00003051757812 19.72000503540039 0
vertex 64.00003051757812 19.02000617980957 0
endloop
endfacet
facet normal 0 0 -1
outer loop
vertex 64.00003051757812 19.72000503540039 0
vertex 59.45002746582031 19.02000617980957 0
vertex 64.25003051757812 23.22000503540039 0
endloop
endfacet
facet normal 0 0 -1
outer loop
vertex 76.25003051757812 28.55314826965332 0
vertex 68.8000259399414 23.920005798339844 0
vertex 68.8000259399414 38.02000427246094 0
endloop
endfacet
facet normal 0 0 -1
outer loop
vertex 68.8000259399414 23.920005798339844 0
vertex 76.25003051757812 28.55314826965332 0
vertex 64.00003051757812 19.72000503540039 0
endloop
endfacet
facet normal 0 0 -1
outer loop
vertex 69.00003051757812 19.72000503540039 0
vertex 64.00003051757812 19.72000503540039 0
vertex 76.2956771850586 28.378793716430664 0
endloop
endfacet
facet normal 0 0 -1
outer loop
vertex 79.75337219238281 3.9973578453063965 0
vertex 73.5500259399414 19.02000617980957 0
vertex 79.69841003417969 22.997278213500977 0
endloop
endfacet
facet normal 0 0 -1
outer loop
vertex 69.00003051757812 19.02000617980957 0
vertex 78.70470428466797 25.855409622192383 0
vertex 73.5500259399414 19.02000617980957 0
endloop
endfacet
facet normal 0 0 -1
outer loop
vertex 68.8000259399414 23.920005798339844 0
vertex 64.25003051757812 23.22000503540039 0
vertex 64.25003051757812 23.920005798339844 0
endloop
endfacet
facet normal 0 0 -1
outer loop
vertex 64.25003051757812 23.22000503540039 0
vertex 68.8000259399414 23.920005798339844 0
vertex 64.00003051757812 19.72000503540039 0
endloop
endfacet
facet normal 0 0 -1
outer loop
vertex 0.42782068252563477 -24.954248428344727 0
vertex -2.4499716758728027 -18.97999382019043 0
vertex 0.6000282168388367 -24.919994354248047 0
endloop
endfacet
facet normal 0 0 -1
outer loop
vertex 0.6000282168388367 -24.919994354248047 0
vertex -2.4499716758728027 -18.97999382019043 0
vertex 0.7722357511520386 -24.954248428344727 0
endloop
endfacet
facet normal 0 0 -1
outer loop
vertex -6.999971866607666 -18.97999382019043 0
vertex -6.999971866607666 -18.27999496459961 0
vertex -2.4499716758728027 -18.97999382019043 0
endloop
endfacet
facet normal 0 0 -1
outer loop
vertex -6.999971866607666 -18.27999496459961 0
vertex -11.999971389770508 -14.77999496459961 0
vertex -6.999971866607666 -14.77999496459961 0
endloop
endfacet
facet normal 0 0 -1
outer loop
vertex -2.4499716758728027 -18.97999382019043 0
vertex -6.999971866607666 -18.27999496459961 0
vertex -6.999971866607666 -14.77999496459961 0
endloop
endfacet
facet normal 0 0 -1
outer loop
vertex 54.70002746582031 38.02000427246094 0
vertex 49.80002975463867 38.02000427246094 0
vertex 72.96278381347656 45.36309051513672 0
endloop
endfacet
facet normal 0 0 -1
outer loop
vertex 49.80002975463867 38.02000427246094 0
vertex 45.25002670288086 38.72000503540039 0
vertex 72.96278381347656 45.36309051513672 0
endloop
endfacet
facet normal 0 0 -1
outer loop
vertex 40.25002670288086 38.72000503540039 0
vertex 72.96278381347656 45.36309051513672 0
vertex 45.25002670288086 38.72000503540039 0
endloop
endfacet
facet normal 0 0 -1
outer loop
vertex 54.70002746582031 38.02000427246094 0
vertex 59.25002670288086 38.72000503540039 0
vertex 59.25002670288086 38.02000427246094 0
endloop
endfacet
facet normal -0.38268502001143 -0.9238788748850422 0
outer loop
vertex -58.23369216918945 -49.929840087890625 5
vertex -57.38834762573242 -50.27999496459961 0
vertex -57.38834762573242 -50.27999496459961 5
endloop
endfacet
facet normal -0.7071061760151407 -0.7071073863574364 0
outer loop
vertex -60.462318420410156 -47.70121765136719 5
vertex -58.23369216918945 -49.929840087890625 0
vertex -58.23369216918945 -49.929840087890625 5
endloop
endfacet
facet normal -0.923879106916185 -0.38268445984094035 0
outer loop
vertex -60.754798889160156 -46.99510955810547 4.5
vertex -60.462318420410156 -47.70121765136719 0
vertex -60.462318420410156 -47.70121765136719 5
endloop
endfacet
facet normal 0 -1 0
outer loop
vertex -61.51247024536133 -46.49510955810547 4.5
vertex -60.81247329711914 -46.49510955810547 0.20000000298023224
vertex -60.81247329711914 -46.49510955810547 4.5
endloop
endfacet
facet normal -1 0 0
outer loop
vertex -60.81247329711914 -46.49510955810547 4.5
vertex -60.81247329711914 -46.85586929321289 0.20000000298023224
vertex -60.81247329711914 -46.85586929321289 4.5
endloop
endfacet
facet normal -0.9238814049554638 -0.3826789118523234 -0.0000010199136153755934
outer loop
vertex -60.81247329711914 -46.85586929321289 4.5
vertex -60.462318420410156 -47.70121765136719 0
vertex -60.754798889160156 -46.99510955810547 4.5
endloop
endfacet
facet normal -1 0 0
outer loop
vertex -61.51247024536133 -27.995107650756836 0.20000000298023224
vertex -61.51247024536133 -46.49510955810547 4.5
vertex -61.51247024536133 -27.995107650756836 4.5
endloop
endfacet
facet normal -0.0028925287713656173 0.9999958166299031 0
outer loop
vertex 81.76995086669922 -1.7317533493041992 0.20000000298023224
vertex 81.06995391845703 -1.7337781190872192 0.20000000298023224
vertex 81.76995086669922 -1.7317533493041992 4.5
endloop
endfacet
facet normal 0.9999958158096666 0.0028928123269928887 0
outer loop
vertex 81.76995086669922 -1.7317533493041992 4.5
vertex 81.77203369140625 -2.4517502784729004 0.20000000298023224
vertex 81.76995086669922 -1.7317533493041992 0.20000000298023224
endloop
endfacet
facet normal 0.9999958415185359 0.002883911516527059 0
outer loop
vertex 81.06995391845703 -1.7337781190872192 0.20000000298023224
vertex 81.06851196289062 -1.2337802648544312 0.20000000298023224
vertex 81.06851196289062 -1.2337802648544312 4.5
endloop
endfacet
facet normal 0.9999958154195133 0.0028929471931974414 0
outer loop
vertex 81.06851196289062 -1.2337802648544312 4.5
vertex 81.06851196289062 -1.2337802648544312 0.20000000298023224
vertex 81.0533676147461 4.001118183135986 0.20000000298023224
endloop
endfacet
facet normal 0.999995797364585 0.0028991715620480998 0.000007577723788078225
outer loop
vertex 81.06851196289062 -1.2337802648544312 4.5
vertex 81.0533676147461 4.001118183135986 0.20000000298023224
vertex 81.05191802978516 4.501115798950195 0.20000000298023224
endloop
endfacet
facet normal 0.0028930396641352316 -0.9999958151519943 0
outer loop
vertex 81.75191497802734 4.503140926361084 0.20000000298023224
vertex 81.05191802978516 4.501115798950195 4.5
vertex 81.05191802978516 4.501115798950195 0.20000000298023224
endloop
endfacet
facet normal 0 0 -1
outer loop
vertex 40.25002670288086 38.72000503540039 0
vertex 23.875028610229492 38.72000503540039 0
vertex 72.96278381347656 45.36309051513672 0
endloop
endfacet
facet normal 0 0 -1
outer loop
vertex 45.25002670288086 38.02000427246094 0
vertex 45.25002670288086 38.72000503540039 0
vertex 49.80002975463867 38.02000427246094 0
endloop
endfacet
facet normal 0 0 -1
outer loop
vertex -2.4499716758728027 -18.97999382019043 0
vertex -6.999971866607666 -14.77999496459961 0
vertex -2.4499716758728027 -14.079994201660156 0
endloop
endfacet
facet normal 0 0 -1
outer loop
vertex -2.4499716758728027 -18.97999382019043 0
vertex -2.4499716758728027 -14.079994201660156 0
vertex 2.45002818107605 -14.079994201660156 0
endloop
endfacet
facet normal 0 0 -1
outer loop
vertex -16.549972534179688 -14.079994201660156 0
vertex -16.549972534179688 -18.97999382019043 0
vertex -25.529083251953125 -7.474242687225342 0
endloop
endfacet
facet normal 0 0 -1
outer loop
vertex -11.999971389770508 -14.079994201660156 0
vertex -11.999971389770508 -14.77999496459961 0
vertex -16.549972534179688 -14.079994201660156 0
endloop
endfacet
facet normal 0 0 -1
outer loop
vertex -16.549972534179688 -14.079994201660156 0
vertex -25.999971389770508 4.220005512237549 0
vertex -16.549972534179688 0.020005328580737114 0
endloop
endfacet
facet normal 0.9999958170870175 0.002892370734949986 0
outer loop
vertex 81.75191497802734 4.503140926361084 0.20000000298023224
vertex 81.70193481445312 21.78306770324707 0.20000000298023224
vertex 81.75191497802734 4.503140926361084 4.5
endloop
endfacet
facet normal 0 0 -1
outer loop
vertex -2.4499716758728027 -14.079994201660156 0
vertex -6.999971866607666 -14.77999496459961 0
vertex -6.999971866607666 -14.079994201660156 0
endloop
endfacet
facet normal 0 0 -1
outer loop
vertex 54.70002746582031 38.02000427246094 0
vertex 49.80002975463867 23.920005798339844 0
vertex 49.80002975463867 38.02000427246094 0
endloop
endfacet
facet normal 0 0 -1
outer loop
vertex -2.4499716758728027 -14.079994201660156 0
vertex -2.4499716758728027 0.020005328580737114 0
vertex 2.45002818107605 0.020005328580737114 0
endloop
endfacet
facet normal 0 0 -1
outer loop
vertex 45.00002670288086 19.72000503540039 0
vertex 40.25002670288086 23.22000503540039 0
vertex 45.25002670288086 23.22000503540039 0
endloop
endfacet
facet normal 0 0 -1
outer loop
vertex 50.00002670288086 19.72000503540039 0
vertex 45.25002670288086 23.22000503540039 0
vertex 49.80002975463867 23.920005798339844 0
endloop
endfacet
facet normal 0 0 -1
outer loop
vertex 49.80002975463867 23.920005798339844 0
vertex 45.25002670288086 23.22000503540039 0
vertex 45.25002670288086 23.920005798339844 0
endloop
endfacet
facet normal 0 0 -1
outer loop
vertex 59.25002670288086 23.920005798339844 0
vertex 50.00002670288086 19.02000617980957 0
vertex 54.70002746582031 23.920005798339844 0
endloop
endfacet
facet normal 0 0 -1
outer loop
vertex 50.00002670288086 19.72000503540039 0
vertex 49.80002975463867 23.920005798339844 0
vertex 54.70002746582031 38.02000427246094 0
endloop
endfacet
facet normal 0 0 -1
outer loop
vertex 54.70002746582031 23.920005798339844 0
vertex 50.00002670288086 19.72000503540039 0
vertex 54.70002746582031 38.02000427246094 0
endloop
endfacet
facet normal 0 0 -1
outer loop
vertex 54.55002975463867 19.02000617980957 0
vertex 59.25002670288086 23.920005798339844 0
vertex 59.25002670288086 23.22000503540039 0
endloop
endfacet
facet normal 0 0 1
outer loop
vertex 35.55002975463867 -33.079994201660156 5
vertex 18.10002899169922 -39.8799934387207 5
vertex 18.324382781982422 -39.90209197998047 5
endloop
endfacet
facet normal 0.0028918320567000535 -0.999995818644936 0
outer loop
vertex 79.83861541748047 -25.47235870361328 4.5
vertex 81.13861083984375 -25.468599319458008 4.5
vertex 81.13861083984375 -25.468599319458008 5
endloop
endfacet
facet normal -0.0028895492075884884 0.9999958252439742 0
outer loop
vertex 79.8935775756836 -44.4722785949707 4.5
vertex 80.90218353271484 -44.469364166259766 5
vertex 80.90218353271484 -44.469364166259766 4.5
endloop
endfacet
facet normal -0.0028895492075884884 0.9999958252439742 0
outer loop
vertex 80.90218353271484 -44.469364166259766 5
vertex 79.8935775756836 -44.4722785949707 4.5
vertex 79.8935775756836 -44.4722785949707 5
endloop
endfacet
facet normal 0 0 1
outer loop
vertex 80.90218353271484 -44.469364166259766 4.5
vertex 81.1927261352539 -44.177978515625 4.5
vertex 81.19212341308594 -43.96852111816406 4.5
endloop
endfacet
facet normal 0 0 1
outer loop
vertex 79.8935775756836 -44.4722785949707 4.5
vertex 80.90218353271484 -44.469364166259766 4.5
vertex 81.88691711425781 -42.16650390625 4.5
endloop
endfacet
facet normal 0 0 1
outer loop
vertex 81.88691711425781 -42.16650390625 4.5
vertex 80.90218353271484 -44.469364166259766 4.5
vertex 81.19212341308594 -43.96852111816406 4.5
endloop
endfacet
facet normal 0 0 1
outer loop
vertex 81.88691711425781 -42.16650390625 4.5
vertex 81.19212341308594 -43.96852111816406 4.5
vertex 81.89212036132812 -43.966495513916016 4.5
endloop
endfacet
facet normal 0 0 1
outer loop
vertex 81.14006042480469 -25.968597412109375 4.5
vertex 81.13861083984375 -25.468599319458008 4.5
vertex 79.83861541748047 -25.47235870361328 4.5
endloop
endfacet
facet normal 0 0 1
outer loop
vertex 79.8935775756836 -44.4722785949707 4.5
vertex 81.88691711425781 -42.16650390625 4.5
vertex 79.83861541748047 -25.47235870361328 4.5
endloop
endfacet
facet normal 0.0028918320567000535 -0.999995818644936 0
outer loop
vertex 79.83861541748047 -25.47235870361328 5
vertex 79.83861541748047 -25.47235870361328 4.5
vertex 81.13861083984375 -25.468599319458008 5
endloop
endfacet
facet normal 0.999995816003672 0.0028927452618712187 0
outer loop
vertex 79.83861541748047 -25.47235870361328 5
vertex 79.8935775756836 -44.4722785949707 5
vertex 79.83861541748047 -25.47235870361328 4.5
endloop
endfacet
facet normal 0 0 1
outer loop
vertex 81.14006042480469 -25.968597412109375 4.5
vertex 81.88691711425781 -42.16650390625 4.5
vertex 81.84005737304688 -25.966571807861328 4.5
endloop
endfacet
facet normal 0 0 1
outer loop
vertex 79.83861541748047 -25.47235870361328 4.5
vertex 81.88691711425781 -42.16650390625 4.5
vertex 81.14006042480469 -25.968597412109375 4.5
endloop
endfacet
facet normal 0.999995816003672 0.0028927452618712187 0
outer loop
vertex 79.8935775756836 -44.4722785949707 5
vertex 79.8935775756836 -44.4722785949707 4.5
vertex 79.83861541748047 -25.47235870361328 4.5
endloop
endfacet
facet normal 0 0 1
outer loop
vertex 79.75337219238281 3.9973578453063965 4.5
vertex 81.05191802978516 4.501115798950195 4.5
vertex 81.71672821044922 16.669755935668945 4.5
endloop
endfacet
facet normal -0.002892565645706648 0.999995816523242 0
outer loop
vertex 81.0533676147461 4.001118183135986 5
vertex 81.0533676147461 4.001118183135986 4.5
vertex 79.75337219238281 3.9973578453063965 5
endloop
endfacet
facet normal 0 0 1
outer loop
vertex 79.75337219238281 3.9973578453063965 4.5
vertex 81.0533676147461 4.001118183135986 4.5
vertex 81.05191802978516 4.501115798950195 4.5
endloop
endfacet
facet normal 0 0 1
outer loop
vertex 79.75337219238281 3.9973578453063965 4.5
vertex 81.71672821044922 16.669755935668945 4.5
vertex 79.69841003417969 22.997278213500977 4.5
endloop
endfacet
facet normal 0.9999958160038821 0.0028927451892731834 0
outer loop
vertex 79.75337219238281 3.9973578453063965 5
vertex 79.75337219238281 3.9973578453063965 4.5
vertex 79.69841003417969 22.997278213500977 5
endloop
endfacet
facet normal 0 0 1
outer loop
vertex 81.71672821044922 16.669755935668945 4.5
vertex 81.05191802978516 4.501115798950195 4.5
vertex 81.75191497802734 4.503140926361084 4.5
endloop
endfacet
facet normal 0 0 1
outer loop
vertex 79.69841003417969 22.997278213500977 4.5
vertex 80.9998550415039 22.501041412353516 4.5
vertex 80.99878692626953 22.871137619018555 4.5
endloop
endfacet
facet normal 0 0 1
outer loop
vertex 79.69841003417969 22.997278213500977 4.5
vertex 80.99878692626953 22.871137619018555 4.5
vertex 80.94847869873047 23.00089454650879 4.5
endloop
endfacet
facet normal 0.002892895388924473 -0.9999958155693797 0
outer loop
vertex 79.69841003417969 22.997278213500977 5
vertex 79.69841003417969 22.997278213500977 4.5
vertex 80.94847869873047 23.00089454650879 4.5
endloop
endfacet
facet normal 0.9999958160038821 0.0028927451892731834 0
outer loop
vertex 79.69841003417969 22.997278213500977 5
vertex 79.75337219238281 3.9973578453063965 4.5
vertex 79.69841003417969 22.997278213500977 4.5
endloop
endfacet
facet normal 0 0 1
outer loop
vertex 79.69841003417969 22.997278213500977 4.5
vertex 81.71672821044922 16.669755935668945 4.5
vertex 80.9998550415039 22.501041412353516 4.5
endloop
endfacet
facet normal 0 0 1
outer loop
vertex 80.9998550415039 22.501041412353516 4.5
vertex 81.71672821044922 16.669755935668945 4.5
vertex 81.6998519897461 22.50306510925293 4.5
endloop
endfacet
facet normal 0.002892895388924473 -0.9999958155693797 0
outer loop
vertex 79.69841003417969 22.997278213500977 5
vertex 80.94847869873047 23.00089454650879 4.5
vertex 80.94847869873047 23.00089454650879 5
endloop
endfacet
facet normal -0.002892565645706648 0.999995816523242 0
outer loop
vertex 81.0533676147461 4.001118183135986 4.5
vertex 79.75337219238281 3.9973578453063965 4.5
vertex 79.75337219238281 3.9973578453063965 5
endloop
endfacet
facet normal 0 0 1
outer loop
vertex -81.63516998291016 29.670747756958008 4.5
vertex -79.65717315673828 23.330509185791016 4.5
vertex -79.59120178222656 42.33039474487305 4.5
endloop
endfacet
facet normal 0 0 1
outer loop
vertex -81.63516998291016 29.670747756958008 4.5
vertex -81.65542602539062 23.83745002746582 4.5
vertex -80.95542907714844 23.835020065307617 4.5
endloop
endfacet
facet normal 0 0 1
outer loop
vertex -81.63516998291016 29.670747756958008 4.5
vertex -80.95542907714844 23.835020065307617 4.5
vertex -79.65717315673828 23.330509185791016 4.5
endloop
endfacet
facet normal -0.9999939719732261 0.003472177589141976 0
outer loop
vertex -79.65717315673828 23.330509185791016 5
vertex -79.59120178222656 42.33039474487305 4.5
vertex -79.65717315673828 23.330509185791016 4.5
endloop
endfacet
facet normal 0.0034713658195417957 0.9999939747915219 0
outer loop
vertex -79.65717315673828 23.330509185791016 4.5
vertex -80.95716857910156 23.33502197265625 4.5
vertex -80.95716857910156 23.33502197265625 5
endloop
endfacet
facet normal 0.0034713658195417957 0.9999939747915219 0
outer loop
vertex -79.65717315673828 23.330509185791016 4.5
vertex -80.95716857910156 23.33502197265625 5
vertex -79.65717315673828 23.330509185791016 5
endloop
endfacet
facet normal -0.9999939719732261 0.003472177589141976 0
outer loop
vertex -79.59120178222656 42.33039474487305 4.5
vertex -79.65717315673828 23.330509185791016 5
vertex -79.59120178222656 42.33039474487305 5
endloop
endfacet
facet normal 0 0 1
outer loop
vertex -80.89170837402344 42.18744659423828 4.5
vertex -80.89292907714844 41.83491134643555 4.5
vertex -79.59120178222656 42.33039474487305 4.5
endloop
endfacet
facet normal 0 0 1
outer loop
vertex -80.95542907714844 23.835020065307617 4.5
vertex -80.95716857910156 23.33502197265625 4.5
vertex -79.65717315673828 23.330509185791016 4.5
endloop
endfacet
facet normal 0 0 1
outer loop
vertex -80.82617950439453 42.33468246459961 4.5
vertex -80.89170837402344 42.18744659423828 4.5
vertex -79.59120178222656 42.33039474487305 4.5
endloop
endfacet
facet normal -0.003471879538833616 -0.9999939730080716 0
outer loop
vertex -80.82617950439453 42.33468246459961 4.5
vertex -79.59120178222656 42.33039474487305 4.5
vertex -80.82617950439453 42.33468246459961 5
endloop
endfacet
facet normal -0.003471879538833616 -0.9999939730080716 0
outer loop
vertex -80.82617950439453 42.33468246459961 5
vertex -79.59120178222656 42.33039474487305 4.5
vertex -79.59120178222656 42.33039474487305 5
endloop
endfacet
facet normal 0 0 1
outer loop
vertex -80.89292907714844 41.83491134643555 4.5
vertex -81.63516998291016 29.670747756958008 4.5
vertex -79.59120178222656 42.33039474487305 4.5
endloop
endfacet
facet normal 0 0 1
outer loop
vertex -81.59292602539062 41.83734130859375 4.5
vertex -81.63516998291016 29.670747756958008 4.5
vertex -80.89292907714844 41.83491134643555 4.5
endloop
endfacet
facet normal -1 0 0
outer loop
vertex -59.51247024536133 -46.99510955810547 5
vertex -59.51247024536133 -27.995107650756836 4.5
vertex -59.51247024536133 -46.99510955810547 4.5
endloop
endfacet
facet normal 0 0 1
outer loop
vertex -61.51247024536133 -27.995107650756836 4.5
vertex -60.81247329711914 -46.49510955810547 4.5
vertex -59.51247024536133 -46.99510955810547 4.5
endloop
endfacet
facet normal 0 1 0
outer loop
vertex -59.51247024536133 -46.99510955810547 4.5
vertex -60.754798889160156 -46.99510955810547 4.5
vertex -60.754798889160156 -46.99510955810547 5
endloop
endfacet
facet normal 0 0 1
outer loop
vertex -60.81247329711914 -46.49510955810547 4.5
vertex -60.81247329711914 -46.85586929321289 4.5
vertex -59.51247024536133 -46.99510955810547 4.5
endloop
endfacet
facet normal 0 0 1
outer loop
vertex -60.81247329711914 -46.85586929321289 4.5
vertex -60.754798889160156 -46.99510955810547 4.5
vertex -59.51247024536133 -46.99510955810547 4.5
endloop
endfacet
facet normal 0 0 1
outer loop
vertex -61.51247024536133 -27.995107650756836 4.5
vertex -61.51247024536133 -46.49510955810547 4.5
vertex -60.81247329711914 -46.49510955810547 4.5
endloop
endfacet
facet normal 0 0 1
outer loop
vertex -59.51247024536133 -46.99510955810547 4.5
vertex -59.51247024536133 -27.995107650756836 4.5
vertex -61.51247024536133 -27.995107650756836 4.5
endloop
endfacet
facet normal -1 0 0
outer loop
vertex -59.51247024536133 -27.995107650756836 4.5
vertex -59.51247024536133 -46.99510955810547 5
vertex -59.51247024536133 -27.995107650756836 5
endloop
endfacet
facet normal 0 1 0
outer loop
vertex -59.51247024536133 -46.99510955810547 4.5
vertex -60.754798889160156 -46.99510955810547 5
vertex -59.51247024536133 -46.99510955810547 5
endloop
endfacet
facet normal 0 0 1
outer loop
vertex 79.82347106933594 -20.23746109008789 4.5
vertex 81.12346649169922 -20.233701705932617 4.5
vertex 81.12202453613281 -19.73370361328125 4.5
endloop
endfacet
facet normal 0 0 1
outer loop
vertex 81.06995391845703 -1.7337781190872192 4.5
vertex 81.78682708740234 -7.565062046051025 4.5
vertex 81.76995086669922 -1.7317533493041992 4.5
endloop
endfacet
facet normal 0 0 1
outer loop
vertex 79.76851654052734 -1.237540602684021 4.5
vertex 81.78682708740234 -7.565062046051025 4.5
vertex 81.06995391845703 -1.7337781190872192 4.5
endloop
endfacet
facet normal 0.9999958171654225 0.002892343627402167 0
outer loop
vertex 79.76851654052734 -1.237540602684021 5
vertex 79.82347106933594 -20.23746109008789 4.5
vertex 79.76851654052734 -1.237540602684021 4.5
endloop
endfacet
facet normal 0.9999958171654225 0.002892343627402167 0
outer loop
vertex 79.82347106933594 -20.23746109008789 5
vertex 79.82347106933594 -20.23746109008789 4.5
vertex 79.76851654052734 -1.237540602684021 5
endloop
endfacet
facet normal 0 0 1
outer loop
vertex 79.82347106933594 -20.23746109008789 4.5
vertex 81.78682708740234 -7.565062046051025 4.5
vertex 79.76851654052734 -1.237540602684021 4.5
endloop
endfacet
facet normal -0.0028918320567000535 0.999995818644936 0
outer loop
vertex 81.12346649169922 -20.233701705932617 5
vertex 81.12346649169922 -20.233701705932617 4.5
vertex 79.82347106933594 -20.23746109008789 5
endloop
endfacet
facet normal 0 0 1
outer loop
vertex 81.78682708740234 -7.565062046051025 4.5
vertex 81.12202453613281 -19.73370361328125 4.5
vertex 81.822021484375 -19.731678009033203 4.5
endloop
endfacet
facet normal 0 0 1
outer loop
vertex 79.82347106933594 -20.23746109008789 4.5
vertex 81.12202453613281 -19.73370361328125 4.5
vertex 81.78682708740234 -7.565062046051025 4.5
endloop
endfacet
facet normal -0.0028918320567000535 0.999995818644936 0
outer loop
vertex 81.12346649169922 -20.233701705932617 4.5
vertex 79.82347106933594 -20.23746109008789 4.5
vertex 79.82347106933594 -20.23746109008789 5
endloop
endfacet
facet normal 0.002892565645706648 -0.999995816523242 0
outer loop
vertex 79.76851654052734 -1.237540602684021 5
vertex 79.76851654052734 -1.237540602684021 4.5
vertex 81.06851196289062 -1.2337802648544312 5
endloop
endfacet
facet normal 0 0 1
outer loop
vertex 81.06995391845703 -1.7337781190872192 4.5
vertex 81.06851196289062 -1.2337802648544312 4.5
vertex 79.76851654052734 -1.237540602684021 4.5
endloop
endfacet
facet normal 0.002892565645706648 -0.999995816523242 0
outer loop
vertex 79.76851654052734 -1.237540602684021 4.5
vertex 81.06851196289062 -1.2337802648544312 4.5
vertex 81.06851196289062 -1.2337802648544312 5
endloop
endfacet
facet normal 0 0 1
outer loop
vertex -59.51247024536133 4.541718006134033 4.5
vertex -59.903385162353516 -14.458282470703125 4.5
vertex -59.64382553100586 -13.489591598510742 4.5
endloop
endfacet
facet normal 0 -1 0
outer loop
vertex -60.81247329711914 4.541718006134033 5
vertex -60.81247329711914 4.541718006134033 4.5
vertex -59.51247024536133 4.541718006134033 5
endloop
endfacet
facet normal 0 0 1
outer loop
vertex -61.51247024536133 4.041718006134033 4.5
vertex -61.51247024536133 -14.458282470703125 4.5
vertex -60.81247329711914 4.041718006134033 4.5
endloop
endfacet
facet normal 0 0 1
outer loop
vertex -60.81247329711914 4.041718006134033 4.5
vertex -61.51247024536133 -14.458282470703125 4.5
vertex -59.51247024536133 4.541718006134033 4.5
endloop
endfacet
facet normal -1 0 0
outer loop
vertex -59.51247024536133 4.541718006134033 4.5
vertex -59.51247024536133 -13.207905769348145 4.5
vertex -59.51247024536133 -13.207905769348145 5
endloop
endfacet
facet normal 0 0 1
outer loop
vertex -59.51247024536133 4.541718006134033 4.5
vertex -61.51247024536133 -14.458282470703125 4.5
vertex -59.903385162353516 -14.458282470703125 4.5
endloop
endfacet
facet normal -1 0 0
outer loop
vertex -59.51247024536133 4.541718006134033 4.5
vertex -59.51247024536133 -13.207905769348145 5
vertex -59.51247024536133 4.541718006134033 5
endloop
endfacet
facet normal 0 0 1
outer loop
vertex -60.81247329711914 4.541718006134033 4.5
vertex -60.81247329711914 4.041718006134033 4.5
vertex -59.51247024536133 4.541718006134033 4.5
endloop
endfacet
facet normal 0 -1 0
outer loop
vertex -60.81247329711914 4.541718006134033 4.5
vertex -59.51247024536133 4.541718006134033 4.5
vertex -59.51247024536133 4.541718006134033 5
endloop
endfacet
facet normal 0 0 1
outer loop
vertex -59.51247024536133 -13.207905769348145 4.5
vertex -59.51247024536133 4.541718006134033 4.5
vertex -59.64382553100586 -13.489591598510742 4.5
endloop
endfacet
facet normal 0 0 1
outer loop
vertex -59.64382553100586 -27.17039680480957 4.5
vertex -59.51247024536133 -27.995107650756836 4.5
vertex -59.51247024536133 -27.452083587646484 4.5
endloop
endfacet
facet normal 0 0 1
outer loop
vertex -60.54612731933594 -16.857030868530273 4.5
vertex -59.903385162353516 -14.458282470703125 4.5
vertex -61.51247024536133 -14.458282470703125 4.5
endloop
endfacet
facet normal 0 0 1
outer loop
vertex -60.54612731933594 -16.857030868530273 4.5
vertex -61.51247024536133 -14.458282470703125 4.5
vertex -60.849971771240234 -20.329994201660156 4.5
endloop
endfacet
facet normal 0 0 1
outer loop
vertex -61.51247024536133 -27.995107650756836 4.5
vertex -60.54612731933594 -23.80295753479004 4.5
vertex -60.849971771240234 -20.329994201660156 4.5
endloop
endfacet
facet normal 0 0 1
outer loop
vertex -61.51247024536133 -27.995107650756836 4.5
vertex -59.64382553100586 -27.17039680480957 4.5
vertex -60.54612731933594 -23.80295753479004 4.5
endloop
endfacet
facet normal 0 0 1
outer loop
vertex -61.51247024536133 -14.458282470703125 4.5
vertex -61.51247024536133 -27.995107650756836 4.5
vertex -60.849971771240234 -20.329994201660156 4.5
endloop
endfacet
facet normal -1 0 0
outer loop
vertex -59.51247024536133 -27.452083587646484 4.5
vertex -59.51247024536133 -27.995107650756836 5
vertex -59.51247024536133 -27.452083587646484 5
endloop
endfacet
facet normal -1 0 0
outer loop
vertex -59.51247024536133 -27.452083587646484 4.5
vertex -59.51247024536133 -27.995107650756836 4.5
vertex -59.51247024536133 -27.995107650756836 5
endloop
endfacet
facet normal 0 0 1
outer loop
vertex -61.51247024536133 -27.995107650756836 4.5
vertex -59.51247024536133 -27.995107650756836 4.5
vertex -59.64382553100586 -27.17039680480957 4.5
endloop
endfacet
facet normal 0 0 -1
outer loop
vertex 81.8421401977539 -26.686569213867188 0.20000000298023224
vertex 79.8935775756836 -44.4722785949707 0.20000000298023224
vertex 79.83861541748047 -25.47235870361328 0.20000000298023224
endloop
endfacet
facet normal 0 0 -1
outer loop
vertex 81.14006042480469 -25.968597412109375 0.20000000298023224
vertex 81.84005737304688 -25.966571807861328 0.20000000298023224
vertex 81.8421401977539 -26.686569213867188 0.20000000298023224
endloop
endfacet
facet normal 0 0 -1
outer loop
vertex 81.19212341308594 -43.96852111816406 0.20000000298023224
vertex 80.90218353271484 -44.469364166259766 0.20000000298023224
vertex 81.8421401977539 -26.686569213867188 0.20000000298023224
endloop
endfacet
facet normal 0.999995816003672 0.0028927452618712187 0
outer loop
vertex 79.8935775756836 -44.4722785949707 0.20000000298023224
vertex 79.8935775756836 -44.4722785949707 0
vertex 79.83861541748047 -25.47235870361328 0.20000000298023224
endloop
endfacet
facet normal 0.0028918320567000535 -0.999995818644936 0
outer loop
vertex 79.83861541748047 -25.47235870361328 0.20000000298023224
vertex 79.83861541748047 -25.47235870361328 0
vertex 81.13861083984375 -25.468599319458008 0.20000000298023224
endloop
endfacet
facet normal 0 0 -1
outer loop
vertex 80.90218353271484 -44.469364166259766 0.20000000298023224
vertex 79.8935775756836 -44.4722785949707 0.20000000298023224
vertex 81.8421401977539 -26.686569213867188 0.20000000298023224
endloop
endfacet
facet normal 0.0028918320567000535 -0.999995818644936 0
outer loop
vertex 79.83861541748047 -25.47235870361328 0
vertex 81.13861083984375 -25.468599319458008 0
vertex 81.13861083984375 -25.468599319458008 0.20000000298023224
endloop
endfacet
facet normal 0 0 -1
outer loop
vertex 81.19212341308594 -43.96852111816406 0.20000000298023224
vertex 81.8421401977539 -26.686569213867188 0.20000000298023224
vertex 81.89212036132812 -43.966495513916016 0.20000000298023224
endloop
endfacet
facet normal 0 0 -1
outer loop
vertex 81.8421401977539 -26.686569213867188 0.20000000298023224
vertex 79.83861541748047 -25.47235870361328 0.20000000298023224
vertex 81.14006042480469 -25.968597412109375 0.20000000298023224
endloop
endfacet
facet normal 0 0 -1
outer loop
vertex 81.14006042480469 -25.968597412109375 0.20000000298023224
vertex 79.83861541748047 -25.47235870361328 0.20000000298023224
vertex 81.13861083984375 -25.468599319458008 0.20000000298023224
endloop
endfacet
facet normal -0.002889549207588488 0.9999958252439741 0
outer loop
vertex 80.90218353271484 -44.469364166259766 0
vertex 79.8935775756836 -44.4722785949707 0
vertex 79.8935775756836 -44.4722785949707 0.20000000298023224
endloop
endfacet
facet normal -0.002889549207588488 0.9999958252439741 0
outer loop
vertex 80.90218353271484 -44.469364166259766 0.20000000298023224
vertex 80.90218353271484 -44.469364166259766 0
vertex 79.8935775756836 -44.4722785949707 0.20000000298023224
endloop
endfacet
facet normal 0 0 -1
outer loop
vertex 80.90218353271484 -44.469364166259766 0.20000000298023224
vertex 81.19212341308594 -43.96852111816406 0.20000000298023224
vertex 81.1927261352539 -44.177978515625 0.20000000298023224
endloop
endfacet
facet normal 0.999995816003672 0.0028927452618712187 0
outer loop
vertex 79.83861541748047 -25.47235870361328 0.20000000298023224
vertex 79.8935775756836 -44.4722785949707 0
vertex 79.83861541748047 -25.47235870361328 0
endloop
endfacet
facet normal 0 0 -1
outer loop
vertex 81.05191802978516 4.501115798950195 0.20000000298023224
vertex 79.75337219238281 3.9973578453063965 0.20000000298023224
vertex 81.70193481445312 21.78306770324707 0.20000000298023224
endloop
endfacet
facet normal 0 0 -1
outer loop
vertex 81.05191802978516 4.501115798950195 0.20000000298023224
vertex 81.70193481445312 21.78306770324707 0.20000000298023224
vertex 81.75191497802734 4.503140926361084 0.20000000298023224
endloop
endfacet
facet normal 0 0 -1
outer loop
vertex 79.69841003417969 22.997278213500977 0.20000000298023224
vertex 80.99878692626953 22.871137619018555 0.20000000298023224
vertex 80.9998550415039 22.501041412353516 0.20000000298023224
endloop
endfacet
facet normal 0.0028928953889244724 -0.9999958155693796 0
outer loop
vertex 79.69841003417969 22.997278213500977 0.20000000298023224
vertex 79.69841003417969 22.997278213500977 0
vertex 80.94847869873047 23.00089454650879 0.20000000298023224
endloop
endfacet
facet normal 0.0028928953889244724 -0.9999958155693796 0
outer loop
vertex 80.94847869873047 23.00089454650879 0
vertex 80.94847869873047 23.00089454650879 0.20000000298023224
vertex 79.69841003417969 22.997278213500977 0
endloop
endfacet
facet normal 0 0 -1
outer loop
vertex 80.99878692626953 22.871137619018555 0.20000000298023224
vertex 79.69841003417969 22.997278213500977 0.20000000298023224
vertex 80.94847869873047 23.00089454650879 0.20000000298023224
endloop
endfacet
facet normal 0 0 -1
outer loop
vertex 80.9998550415039 22.501041412353516 0.20000000298023224
vertex 81.6998519897461 22.50306510925293 0.20000000298023224
vertex 81.70193481445312 21.78306770324707 0.20000000298023224
endloop
endfacet
facet normal 0 0 -1
outer loop
vertex 81.70193481445312 21.78306770324707 0.20000000298023224
vertex 79.69841003417969 22.997278213500977 0.20000000298023224
vertex 80.9998550415039 22.501041412353516 0.20000000298023224
endloop
endfacet
facet normal -0.002892565645706648 0.999995816523242 0
outer loop
vertex 81.0533676147461 4.001118183135986 0
vertex 79.75337219238281 3.9973578453063965 0
vertex 79.75337219238281 3.9973578453063965 0.20000000298023224
endloop
endfacet
facet normal 0 0 -1
outer loop
vertex 81.0533676147461 4.001118183135986 0.20000000298023224
vertex 79.75337219238281 3.9973578453063965 0.20000000298023224
vertex 81.05191802978516 4.501115798950195 0.20000000298023224
endloop
endfacet
facet normal 0 0 -1
outer loop
vertex 81.70193481445312 21.78306770324707 0.20000000298023224
vertex 79.75337219238281 3.9973578453063965 0.20000000298023224
vertex 79.69841003417969 22.997278213500977 0.20000000298023224
endloop
endfacet
facet normal 0.9999958160038821 0.0028927451892731834 0
outer loop
vertex 79.75337219238281 3.9973578453063965 0.20000000298023224
vertex 79.75337219238281 3.9973578453063965 0
vertex 79.69841003417969 22.997278213500977 0.20000000298023224
endloop
endfacet
facet normal 0.9999958160038821 0.0028927451892731834 0
outer loop
vertex 79.69841003417969 22.997278213500977 0.20000000298023224
vertex 79.75337219238281 3.9973578453063965 0
vertex 79.69841003417969 22.997278213500977 0
endloop
endfacet
facet normal -0.002892565645706648 0.999995816523242 0
outer loop
vertex 81.0533676147461 4.001118183135986 0.20000000298023224
vertex 81.0533676147461 4.001118183135986 0
vertex 79.75337219238281 3.9973578453063965 0.20000000298023224
endloop
endfacet
facet normal 0.0034713658195417957 0.9999939747915219 0
outer loop
vertex -79.65717315673828 23.330509185791016 0
vertex -80.95716857910156 23.33502197265625 0
vertex -80.95716857910156 23.33502197265625 0.20000000298023224
endloop
endfacet
facet normal 0.0034713658195417957 0.9999939747915219 0
outer loop
vertex -80.95716857910156 23.33502197265625 0.20000000298023224
vertex -79.65717315673828 23.330509185791016 0.20000000298023224
vertex -79.65717315673828 23.330509185791016 0
endloop
endfacet
facet normal 0 0 -1
outer loop
vertex -79.65717315673828 23.330509185791016 0.20000000298023224
vertex -80.95716857910156 23.33502197265625 0.20000000298023224
vertex -80.95542907714844 23.835020065307617 0.20000000298023224
endloop
endfacet
facet normal 0 0 -1
outer loop
vertex -81.65542602539062 23.83745002746582 0.20000000298023224
vertex -81.65292358398438 24.557445526123047 0.20000000298023224
vertex -80.95542907714844 23.835020065307617 0.20000000298023224
endloop
endfacet
facet normal 0 0 -1
outer loop
vertex -79.65717315673828 23.330509185791016 0.20000000298023224
vertex -80.95542907714844 23.835020065307617 0.20000000298023224
vertex -81.65292358398438 24.557445526123047 0.20000000298023224
endloop
endfacet
facet normal -0.9999939719732261 0.0034721775891419756 0
outer loop
vertex -79.65717315673828 23.330509185791016 0
vertex -79.65717315673828 23.330509185791016 0.20000000298023224
vertex -79.59120178222656 42.33039474487305 0
endloop
endfacet
facet normal 0 0 -1
outer loop
vertex -81.65292358398438 24.557445526123047 0.20000000298023224
vertex -79.59120178222656 42.33039474487305 0.20000000298023224
vertex -79.65717315673828 23.330509185791016 0.20000000298023224
endloop
endfacet
facet normal -0.9999939719732261 0.0034721775891419756 0
outer loop
vertex -79.59120178222656 42.33039474487305 0
vertex -79.65717315673828 23.330509185791016 0.20000000298023224
vertex -79.59120178222656 42.33039474487305 0.20000000298023224
endloop
endfacet
facet normal 0 0 -1
outer loop
vertex -81.65292358398438 24.557445526123047 0.20000000298023224
vertex -81.59292602539062 41.83734130859375 0.20000000298023224
vertex -80.89292907714844 41.83491134643555 0.20000000298023224
endloop
endfacet
facet normal 0 0 -1
outer loop
vertex -81.65292358398438 24.557445526123047 0.20000000298023224
vertex -80.89292907714844 41.83491134643555 0.20000000298023224
vertex -80.82617950439453 42.33468246459961 0.20000000298023224
endloop
endfacet
facet normal 0 0 -1
outer loop
vertex -79.59120178222656 42.33039474487305 0.20000000298023224
vertex -81.65292358398438 24.557445526123047 0.20000000298023224
vertex -80.82617950439453 42.33468246459961 0.20000000298023224
endloop
endfacet
facet normal -0.0034718795388336155 -0.9999939730080716 0
outer loop
vertex -80.82617950439453 42.33468246459961 0
vertex -79.59120178222656 42.33039474487305 0
vertex -79.59120178222656 42.33039474487305 0.20000000298023224
endloop
endfacet
facet normal -0.0034718795388336155 -0.9999939730080716 0
outer loop
vertex -79.59120178222656 42.33039474487305 0.20000000298023224
vertex -80.82617950439453 42.33468246459961 0.20000000298023224
vertex -80.82617950439453 42.33468246459961 0
endloop
endfacet
facet normal 0 0 -1
outer loop
vertex -80.82617950439453 42.33468246459961 0.20000000298023224
vertex -80.89292907714844 41.83491134643555 0.20000000298023224
vertex -80.89170837402344 42.18744659423828 0.20000000298023224
endloop
endfacet
facet normal 0 0 -1
outer loop
vertex -61.51247024536133 -46.49510955810547 0.20000000298023224
vertex -61.51247024536133 -27.995107650756836 0.20000000298023224
vertex -60.81247329711914 -46.49510955810547 0.20000000298023224
endloop
endfacet
facet normal -1 0 0
outer loop
vertex -59.51247024536133 -27.995107650756836 0
vertex -59.51247024536133 -46.99510955810547 0.20000000298023224
vertex -59.51247024536133 -27.995107650756836 0.20000000298023224
endloop
endfacet
facet normal 0 0 -1
outer loop
vertex -60.81247329711914 -46.49510955810547 0.20000000298023224
vertex -61.51247024536133 -27.995107650756836 0.20000000298023224
vertex -59.51247024536133 -46.99510955810547 0.20000000298023224
endloop
endfacet
facet normal 0 0 -1
outer loop
vertex -59.51247024536133 -46.99510955810547 0.20000000298023224
vertex -61.51247024536133 -27.995107650756836 0.20000000298023224
vertex -59.51247024536133 -27.995107650756836 0.20000000298023224
endloop
endfacet
facet normal 0 0 -1
outer loop
vertex -59.51247024536133 -46.99510955810547 0.20000000298023224
vertex -60.81247329711914 -46.85586929321289 0.20000000298023224
vertex -60.81247329711914 -46.49510955810547 0.20000000298023224
endloop
endfacet
facet normal 0 0 -1
outer loop
vertex -59.51247024536133 -46.99510955810547 0.20000000298023224
vertex -60.754798889160156 -46.99510955810547 0.20000000298023224
vertex -60.81247329711914 -46.85586929321289 0.20000000298023224
endloop
endfacet
facet normal 0 1 0
outer loop
vertex -59.51247024536133 -46.99510955810547 0
vertex -60.754798889160156 -46.99510955810547 0.20000000298023224
vertex -59.51247024536133 -46.99510955810547 0.20000000298023224
endloop
endfacet
facet normal 0 1 0
outer loop
vertex -59.51247024536133 -46.99510955810547 0
vertex -60.754798889160156 -46.99510955810547 0
vertex -60.754798889160156 -46.99510955810547 0.20000000298023224
endloop
endfacet
facet normal -1 0 0
outer loop
vertex -59.51247024536133 -27.995107650756836 0
vertex -59.51247024536133 -46.99510955810547 0
vertex -59.51247024536133 -46.99510955810547 0.20000000298023224
endloop
endfacet
facet normal 0 0 -1
outer loop
vertex 81.77203369140625 -2.4517502784729004 0.20000000298023224
vertex 79.82347106933594 -20.23746109008789 0.20000000298023224
vertex 79.76851654052734 -1.237540602684021 0.20000000298023224
endloop
endfacet
facet normal 0.002892565645706648 -0.999995816523242 0
outer loop
vertex 81.06851196289062 -1.2337802648544312 0
vertex 81.06851196289062 -1.2337802648544312 0.20000000298023224
vertex 79.76851654052734 -1.237540602684021 0
endloop
endfacet
facet normal 0.9999958171654225 0.002892343627402167 0
outer loop
vertex 79.82347106933594 -20.23746109008789 0.20000000298023224
vertex 79.82347106933594 -20.23746109008789 0
vertex 79.76851654052734 -1.237540602684021 0.20000000298023224
endloop
endfacet
facet normal 0 0 -1
outer loop
vertex 81.12346649169922 -20.233701705932617 0.20000000298023224
vertex 79.82347106933594 -20.23746109008789 0.20000000298023224
vertex 81.12202453613281 -19.73370361328125 0.20000000298023224
endloop
endfacet
facet normal 0 0 -1
outer loop
vertex 81.12202453613281 -19.73370361328125 0.20000000298023224
vertex 79.82347106933594 -20.23746109008789 0.20000000298023224
vertex 81.77203369140625 -2.4517502784729004 0.20000000298023224
endloop
endfacet
facet normal 0.9999958171654225 0.002892343627402167 0
outer loop
vertex 79.76851654052734 -1.237540602684021 0.20000000298023224
vertex 79.82347106933594 -20.23746109008789 0
vertex 79.76851654052734 -1.237540602684021 0
endloop
endfacet
facet normal 0 0 -1
outer loop
vertex 81.12202453613281 -19.73370361328125 0.20000000298023224
vertex 81.77203369140625 -2.4517502784729004 0.20000000298023224
vertex 81.822021484375 -19.731678009033203 0.20000000298023224
endloop
endfacet
facet normal -0.0028918320567000535 0.999995818644936 0
outer loop
vertex 81.12346649169922 -20.233701705932617 0.20000000298023224
vertex 81.12346649169922 -20.233701705932617 0
vertex 79.82347106933594 -20.23746109008789 0.20000000298023224
endloop
endfacet
facet normal -0.0028918320567000535 0.999995818644936 0
outer loop
vertex 81.12346649169922 -20.233701705932617 0
vertex 79.82347106933594 -20.23746109008789 0
vertex 79.82347106933594 -20.23746109008789 0.20000000298023224
endloop
endfacet
facet normal 0 0 -1
outer loop
vertex 81.06995391845703 -1.7337781190872192 0.20000000298023224
vertex 79.76851654052734 -1.237540602684021 0.20000000298023224
vertex 81.06851196289062 -1.2337802648544312 0.20000000298023224
endloop
endfacet
facet normal 0 0 -1
outer loop
vertex 81.06995391845703 -1.7337781190872192 0.20000000298023224
vertex 81.76995086669922 -1.7317533493041992 0.20000000298023224
vertex 81.77203369140625 -2.4517502784729004 0.20000000298023224
endloop
endfacet
facet normal 0 0 -1
outer loop
vertex 81.77203369140625 -2.4517502784729004 0.20000000298023224
vertex 79.76851654052734 -1.237540602684021 0.20000000298023224
vertex 81.06995391845703 -1.7337781190872192 0.20000000298023224
endloop
endfacet
facet normal 0.002892565645706648 -0.999995816523242 0
outer loop
vertex 79.76851654052734 -1.237540602684021 0.20000000298023224
vertex 79.76851654052734 -1.237540602684021 0
vertex 81.06851196289062 -1.2337802648544312 0.20000000298023224
endloop
endfacet
facet normal -1 0 0
outer loop
vertex -59.51247024536133 4.541718006134033 0
vertex -59.51247024536133 -13.207905769348145 0.20000000298023224
vertex -59.51247024536133 4.541718006134033 0.20000000298023224
endloop
endfacet
facet normal 0 0 -1
outer loop
vertex -59.51247024536133 4.541718006134033 0.20000000298023224
vertex -60.81247329711914 4.041718006134033 0.20000000298023224
vertex -60.81247329711914 4.541718006134033 0.20000000298023224
endloop
endfacet
facet normal -1 0 0
outer loop
vertex -59.51247024536133 -13.207905769348145 0.20000000298023224
vertex -59.51247024536133 4.541718006134033 0
vertex -59.51247024536133 -13.207905769348145 0
endloop
endfacet
facet normal 0 0 -1
outer loop
vertex -59.903385162353516 -14.458282470703125 0.20000000298023224
vertex -61.51247024536133 -14.458282470703125 0.20000000298023224
vertex -59.51247024536133 4.541718006134033 0.20000000298023224
endloop
endfacet
facet normal 0 -1 0
outer loop
vertex -60.81247329711914 4.541718006134033 0.20000000298023224
vertex -60.81247329711914 4.541718006134033 0
vertex -59.51247024536133 4.541718006134033 0
endloop
endfacet
facet normal 0 0 -1
outer loop
vertex -59.64382553100586 -13.489591598510742 0.20000000298023224
vertex -59.903385162353516 -14.458282470703125 0.20000000298023224
vertex -59.51247024536133 4.541718006134033 0.20000000298023224
endloop
endfacet
facet normal 0 0 -1
outer loop
vertex -59.64382553100586 -13.489591598510742 0.20000000298023224
vertex -59.51247024536133 4.541718006134033 0.20000000298023224
vertex -59.51247024536133 -13.207905769348145 0.20000000298023224
endloop
endfacet
facet normal 0 -1 0
outer loop
vertex -60.81247329711914 4.541718006134033 0.20000000298023224
vertex -59.51247024536133 4.541718006134033 0
vertex -59.51247024536133 4.541718006134033 0.20000000298023224
endloop
endfacet
facet normal 0 0 -1
outer loop
vertex -59.51247024536133 4.541718006134033 0.20000000298023224
vertex -61.51247024536133 -14.458282470703125 0.20000000298023224
vertex -60.81247329711914 4.041718006134033 0.20000000298023224
endloop
endfacet
facet normal 0 0 -1
outer loop
vertex -61.51247024536133 -14.458282470703125 0.20000000298023224
vertex -61.51247024536133 4.041718006134033 0.20000000298023224
vertex -60.81247329711914 4.041718006134033 0.20000000298023224
endloop
endfacet
facet normal 0 0 -1
outer loop
vertex -60.54612731933594 -23.80295753479004 0.20000000298023224
vertex -61.51247024536133 -27.995107650756836 0.20000000298023224
vertex -60.849971771240234 -20.329994201660156 0.20000000298023224
endloop
endfacet
facet normal 0 0 -1
outer loop
vertex -61.51247024536133 -14.458282470703125 0.20000000298023224
vertex -60.54612731933594 -16.857030868530273 0.20000000298023224
vertex -60.849971771240234 -20.329994201660156 0.20000000298023224
endloop
endfacet
facet normal -1 0 0
outer loop
vertex -59.51247024536133 -27.995107650756836 0.20000000298023224
vertex -59.51247024536133 -27.452083587646484 0
vertex -59.51247024536133 -27.995107650756836 0
endloop
endfacet
facet normal 0 0 -1
outer loop
vertex -60.54612731933594 -23.80295753479004 0.20000000298023224
vertex -59.64382553100586 -27.17039680480957 0.20000000298023224
vertex -61.51247024536133 -27.995107650756836 0.20000000298023224
endloop
endfacet
facet normal 0 0 -1
outer loop
vertex -61.51247024536133 -27.995107650756836 0.20000000298023224
vertex -61.51247024536133 -14.458282470703125 0.20000000298023224
vertex -60.849971771240234 -20.329994201660156 0.20000000298023224
endloop
endfacet
facet normal -1 0 0
outer loop
vertex -59.51247024536133 -27.452083587646484 0
vertex -59.51247024536133 -27.995107650756836 0.20000000298023224
vertex -59.51247024536133 -27.452083587646484 0.20000000298023224
endloop
endfacet
facet normal 0 0 -1
outer loop
vertex -59.51247024536133 -27.452083587646484 0.20000000298023224
vertex -59.51247024536133 -27.995107650756836 0.20000000298023224
vertex -61.51247024536133 -27.995107650756836 0.20000000298023224
endloop
endfacet
facet normal 0 0 -1
outer loop
vertex -59.64382553100586 -27.17039680480957 0.20000000298023224
vertex -59.51247024536133 -27.452083587646484 0.20000000298023224
vertex -61.51247024536133 -27.995107650756836 0.20000000298023224
endloop
endfacet
facet normal 0 0 -1
outer loop
vertex -61.51247024536133 -14.458282470703125 0.20000000298023224
vertex -59.903385162353516 -14.458282470703125 0.20000000298023224
vertex -60.54612731933594 -16.857030868530273 0.20000000298023224
endloop
endfacet
facet normal -0.881922572073463 0.47139429023623886 0
outer loop
vertex 19.16248893737793 -41.4700813293457 5
vertex 19.16248893737793 -41.4700813293457 0
vertex 19.05621910095215 -41.66889953613281 5
endloop
endfacet
facet normal -0.29028447078282854 -0.9569403983646698 0
outer loop
vertex 18.324382781982422 -39.90209197998047 0
vertex 18.54011344909668 -39.967533111572266 0
vertex 18.54011344909668 -39.967533111572266 5
endloop
endfacet
facet normal 0.6343925844553703 0.7730110275979483 0
outer loop
vertex 17.461122512817383 -41.986183166503906 0
vertex 17.286855697631836 -41.84316635131836 0
vertex 17.286855697631836 -41.84316635131836 5
endloop
endfacet
facet normal 0.7730110275979483 0.6343925844553703 0
outer loop
vertex 17.286855697631836 -41.84316635131836 0
vertex 17.14383888244629 -41.66889953613281 0
vertex 17.14383888244629 -41.66889953613281 5
endloop
endfacet
facet normal 0.956941111292252 0.2902821205633403 0
outer loop
vertex 17.037567138671875 -41.4700813293457 0
vertex 16.972126007080078 -41.25434875488281 0
vertex 16.972126007080078 -41.25434875488281 5
endloop
endfacet
facet normal 0.8819190546839591 0.4714008707940113 0
outer loop
vertex 17.14383888244629 -41.66889953613281 0
vertex 17.037567138671875 -41.4700813293457 0
vertex 17.037567138671875 -41.4700813293457 5
endloop
endfacet
facet normal 0.47140393387447393 0.8819174174080421 0
outer loop
vertex 17.659942626953125 -42.09245681762695 0
vertex 17.461122512817383 -41.986183166503906 0
vertex 17.461122512817383 -41.986183166503906 5
endloop
endfacet
facet normal -0.0980242643089155 0.9951840249957271 0
outer loop
vertex 18.324382781982422 -42.15789794921875 0
vertex 18.10002899169922 -42.179996490478516 0
vertex 18.10002899169922 -42.179996490478516 5
endloop
endfacet
facet normal -0.29028447078282854 0.9569403983646698 0
outer loop
vertex 18.54011344909668 -42.09245681762695 0
vertex 18.324382781982422 -42.15789794921875 0
vertex 18.324382781982422 -42.15789794921875 5
endloop
endfacet
facet normal -0.47140393387447393 0.8819174174080421 0
outer loop
vertex 18.738933563232422 -41.986183166503906 0
vertex 18.54011344909668 -42.09245681762695 0
vertex 18.54011344909668 -42.09245681762695 5
endloop
endfacet
facet normal -0.956938761065325 0.29028986818482105 0
outer loop
vertex 19.22793197631836 -41.25434875488281 5
vertex 19.22793197631836 -41.25434875488281 0
vertex 19.16248893737793 -41.4700813293457 5
endloop
endfacet
facet normal -0.6343925844553703 0.7730110275979483 0
outer loop
vertex 18.91320037841797 -41.84316635131836 0
vertex 18.738933563232422 -41.986183166503906 0
vertex 18.738933563232422 -41.986183166503906 5
endloop
endfacet
facet normal 0.47140393387447393 0.8819174174080421 0
outer loop
vertex 17.659942626953125 -42.09245681762695 5
vertex 17.659942626953125 -42.09245681762695 0
vertex 17.461122512817383 -41.986183166503906 5
endloop
endfacet
facet normal 0.2902821205633403 0.956941111292252 0
outer loop
vertex 17.875675201416016 -42.15789794921875 5
vertex 17.875675201416016 -42.15789794921875 0
vertex 17.659942626953125 -42.09245681762695 5
endloop
endfacet
facet normal 0.7730110275979483 0.6343925844553703 0
outer loop
vertex 17.286855697631836 -41.84316635131836 5
vertex 17.286855697631836 -41.84316635131836 0
vertex 17.14383888244629 -41.66889953613281 5
endloop
endfacet
facet normal 0.956941111292252 0.2902821205633403 0
outer loop
vertex 17.037567138671875 -41.4700813293457 5
vertex 17.037567138671875 -41.4700813293457 0
vertex 16.972126007080078 -41.25434875488281 5
endloop
endfacet
facet normal 0.8819190546839591 0.4714008707940113 0
outer loop
vertex 17.14383888244629 -41.66889953613281 5
vertex 17.14383888244629 -41.66889953613281 0
vertex 17.037567138671875 -41.4700813293457 5
endloop
endfacet
facet normal 0.6343925844553703 0.7730110275979483 0
outer loop
vertex 17.461122512817383 -41.986183166503906 5
vertex 17.461122512817383 -41.986183166503906 0
vertex 17.286855697631836 -41.84316635131836 5
endloop
endfacet
facet normal 0.0980242643089155 0.9951840249957271 0
outer loop
vertex 18.10002899169922 -42.179996490478516 5
vertex 18.10002899169922 -42.179996490478516 0
vertex 17.875675201416016 -42.15789794921875 5
endloop
endfacet
facet normal -0.0980242643089155 0.9951840249957271 0
outer loop
vertex 18.324382781982422 -42.15789794921875 5
vertex 18.324382781982422 -42.15789794921875 0
vertex 18.10002899169922 -42.179996490478516 5
endloop
endfacet
facet normal -0.29028447078282854 0.9569403983646698 0
outer loop
vertex 18.54011344909668 -42.09245681762695 5
vertex 18.54011344909668 -42.09245681762695 0
vertex 18.324382781982422 -42.15789794921875 5
endloop
endfacet
facet normal -0.47140393387447393 0.8819174174080421 0
outer loop
vertex 18.738933563232422 -41.986183166503906 5
vertex 18.738933563232422 -41.986183166503906 0
vertex 18.54011344909668 -42.09245681762695 5
endloop
endfacet
facet normal -0.6343925844553703 0.7730110275979483 0
outer loop
vertex 18.91320037841797 -41.84316635131836 5
vertex 18.91320037841797 -41.84316635131836 0
vertex 18.738933563232422 -41.986183166503906 5
endloop
endfacet
facet normal 0.0980242643089155 0.9951840249957271 0
outer loop
vertex 18.10002899169922 -42.179996490478516 0
vertex 17.875675201416016 -42.15789794921875 0
vertex 17.875675201416016 -42.15789794921875 5
endloop
endfacet
facet normal 0.2902821205633403 0.956941111292252 0
outer loop
vertex 17.875675201416016 -42.15789794921875 0
vertex 17.659942626953125 -42.09245681762695 0
vertex 17.659942626953125 -42.09245681762695 5
endloop
endfacet
facet normal 0.9951840249957271 0.0980242643089155 0
outer loop
vertex 16.972126007080078 -41.25434875488281 5
vertex 16.972126007080078 -41.25434875488281 0
vertex 16.950027465820312 -41.02999496459961 5
endloop
endfacet
facet normal 0.9951840249957271 -0.0980242643089155 0
outer loop
vertex 16.950027465820312 -41.02999496459961 5
vertex 16.950027465820312 -41.02999496459961 0
vertex 16.972126007080078 -40.805641174316406 5
endloop
endfacet
facet normal 0.956941111292252 -0.2902821205633403 0
outer loop
vertex 16.972126007080078 -40.805641174316406 5
vertex 16.972126007080078 -40.805641174316406 0
vertex 17.037567138671875 -40.589908599853516 5
endloop
endfacet
facet normal 0.8819190546839591 -0.4714008707940113 0
outer loop
vertex 17.037567138671875 -40.589908599853516 5
vertex 17.037567138671875 -40.589908599853516 0
vertex 17.14383888244629 -40.391090393066406 5
endloop
endfacet
facet normal 0.7730110275979483 -0.6343925844553703 0
outer loop
vertex 17.14383888244629 -40.391090393066406 5
vertex 17.14383888244629 -40.391090393066406 0
vertex 17.286855697631836 -40.21682357788086 5
endloop
endfacet
facet normal 0.6344026954867736 -0.7730027295935741 0
outer loop
vertex 17.286855697631836 -40.21682357788086 5
vertex 17.286855697631836 -40.21682357788086 0
vertex 17.461122512817383 -40.07380294799805 5
endloop
endfacet
facet normal 0.4713907728797535 -0.8819244521181102 0
outer loop
vertex 17.461122512817383 -40.07380294799805 5
vertex 17.461122512817383 -40.07380294799805 0
vertex 17.659942626953125 -39.967533111572266 5
endloop
endfacet
facet normal -0.7730068785900237 0.634397640011774 0
outer loop
vertex 19.05621910095215 -41.66889953613281 0
vertex 18.91320037841797 -41.84316635131836 0
vertex 18.91320037841797 -41.84316635131836 5
endloop
endfacet
facet normal -0.881922572073463 0.47139429023623886 0
outer loop
vertex 19.16248893737793 -41.4700813293457 0
vertex 19.05621910095215 -41.66889953613281 0
vertex 19.05621910095215 -41.66889953613281 5
endloop
endfacet
facet normal -0.956938761065325 0.29028986818482105 0
outer loop
vertex 19.22793197631836 -41.25434875488281 0
vertex 19.16248893737793 -41.4700813293457 0
vertex 19.16248893737793 -41.4700813293457 5
endloop
endfacet
facet normal 0.9951840249957271 0.0980242643089155 0
outer loop
vertex 16.972126007080078 -41.25434875488281 0
vertex 16.950027465820312 -41.02999496459961 0
vertex 16.950027465820312 -41.02999496459961 5
endloop
endfacet
facet normal -0.7730068785900237 0.634397640011774 0
outer loop
vertex 19.05621910095215 -41.66889953613281 5
vertex 19.05621910095215 -41.66889953613281 0
vertex 18.91320037841797 -41.84316635131836 5
endloop
endfacet
facet normal 0.9951840249957271 -0.0980242643089155 0
outer loop
vertex 16.950027465820312 -41.02999496459961 0
vertex 16.972126007080078 -40.805641174316406 0
vertex 16.972126007080078 -40.805641174316406 5
endloop
endfacet
facet normal 0.956941111292252 -0.2902821205633403 0
outer loop
vertex 16.972126007080078 -40.805641174316406 0
vertex 17.037567138671875 -40.589908599853516 0
vertex 17.037567138671875 -40.589908599853516 5
endloop
endfacet
facet normal 0.2902821205633403 -0.956941111292252 0
outer loop
vertex 17.659942626953125 -39.967533111572266 5
vertex 17.659942626953125 -39.967533111572266 0
vertex 17.875675201416016 -39.90209197998047 5
endloop
endfacet
facet normal 0.0980242643089155 -0.9951840249957271 0
outer loop
vertex 17.875675201416016 -39.90209197998047 5
vertex 17.875675201416016 -39.90209197998047 0
vertex 18.10002899169922 -39.8799934387207 5
endloop
endfacet
facet normal -0.6344026954867736 -0.7730027295935741 0
outer loop
vertex 18.738933563232422 -40.07380294799805 0
vertex 18.91320037841797 -40.21682357788086 0
vertex 18.91320037841797 -40.21682357788086 5
endloop
endfacet
facet normal -0.4713907728797535 -0.8819244521181102 0
outer loop
vertex 18.54011344909668 -39.967533111572266 0
vertex 18.738933563232422 -40.07380294799805 0
vertex 18.738933563232422 -40.07380294799805 5
endloop
endfacet
facet normal -0.9951848503090435 0.09801588501547505 0
outer loop
vertex 19.250028610229492 -41.02999496459961 5
vertex 19.250028610229492 -41.02999496459961 0
vertex 19.22793197631836 -41.25434875488281 5
endloop
endfacet
facet normal -0.9951848503090435 -0.09801588501547505 0
outer loop
vertex 19.22793197631836 -40.805641174316406 5
vertex 19.22793197631836 -40.805641174316406 0
vertex 19.250028610229492 -41.02999496459961 5
endloop
endfacet
facet normal -0.956938761065325 -0.29028986818482105 0
outer loop
vertex 19.16248893737793 -40.589908599853516 5
vertex 19.16248893737793 -40.589908599853516 0
vertex 19.22793197631836 -40.805641174316406 5
endloop
endfacet
facet normal -0.0980242643089155 -0.9951840249957271 0
outer loop
vertex 18.10002899169922 -39.8799934387207 5
vertex 18.10002899169922 -39.8799934387207 0
vertex 18.324382781982422 -39.90209197998047 5
endloop
endfacet
facet normal -0.4713907728797535 -0.8819244521181102 0
outer loop
vertex 18.54011344909668 -39.967533111572266 5
vertex 18.54011344909668 -39.967533111572266 0
vertex 18.738933563232422 -40.07380294799805 5
endloop
endfacet
facet normal -0.29028447078282854 -0.9569403983646698 0
outer loop
vertex 18.324382781982422 -39.90209197998047 5
vertex 18.324382781982422 -39.90209197998047 0
vertex 18.54011344909668 -39.967533111572266 5
endloop
endfacet
facet normal -0.7730068785900237 -0.634397640011774 0
outer loop
vertex 18.91320037841797 -40.21682357788086 5
vertex 18.91320037841797 -40.21682357788086 0
vertex 19.05621910095215 -40.391090393066406 5
endloop
endfacet
facet normal 0.8819190546839591 -0.4714008707940113 0
outer loop
vertex 17.037567138671875 -40.589908599853516 0
vertex 17.14383888244629 -40.391090393066406 0
vertex 17.14383888244629 -40.391090393066406 5
endloop
endfacet
facet normal -0.881922572073463 -0.47139429023623886 0
outer loop
vertex 19.05621910095215 -40.391090393066406 5
vertex 19.05621910095215 -40.391090393066406 0
vertex 19.16248893737793 -40.589908599853516 5
endloop
endfacet
facet normal -0.6344026954867736 -0.7730027295935741 0
outer loop
vertex 18.738933563232422 -40.07380294799805 5
vertex 18.738933563232422 -40.07380294799805 0
vertex 18.91320037841797 -40.21682357788086 5
endloop
endfacet
facet normal 0.7730110275979483 -0.6343925844553703 0
outer loop
vertex 17.14383888244629 -40.391090393066406 0
vertex 17.286855697631836 -40.21682357788086 0
vertex 17.286855697631836 -40.21682357788086 5
endloop
endfacet
facet normal 0.6344026954867736 -0.7730027295935741 0
outer loop
vertex 17.286855697631836 -40.21682357788086 0
vertex 17.461122512817383 -40.07380294799805 0
vertex 17.461122512817383 -40.07380294799805 5
endloop
endfacet
facet normal 0.4713907728797535 -0.8819244521181102 0
outer loop
vertex 17.461122512817383 -40.07380294799805 0
vertex 17.659942626953125 -39.967533111572266 0
vertex 17.659942626953125 -39.967533111572266 5
endloop
endfacet
facet normal 0.2902821205633403 -0.956941111292252 0
outer loop
vertex 17.659942626953125 -39.967533111572266 0
vertex 17.875675201416016 -39.90209197998047 0
vertex 17.875675201416016 -39.90209197998047 5
endloop
endfacet
facet normal -0.7730068785900237 -0.634397640011774 0
outer loop
vertex 18.91320037841797 -40.21682357788086 0
vertex 19.05621910095215 -40.391090393066406 0
vertex 19.05621910095215 -40.391090393066406 5
endloop
endfacet
facet normal -0.9951848503090435 0.09801588501547505 0
outer loop
vertex 19.250028610229492 -41.02999496459961 0
vertex 19.22793197631836 -41.25434875488281 0
vertex 19.22793197631836 -41.25434875488281 5
endloop
endfacet
facet normal -0.9951848503090435 -0.09801588501547505 0
outer loop
vertex 19.22793197631836 -40.805641174316406 0
vertex 19.250028610229492 -41.02999496459961 0
vertex 19.250028610229492 -41.02999496459961 5
endloop
endfacet
facet normal -0.956938761065325 -0.29028986818482105 0
outer loop
vertex 19.16248893737793 -40.589908599853516 0
vertex 19.22793197631836 -40.805641174316406 0
vertex 19.22793197631836 -40.805641174316406 5
endloop
endfacet
facet normal 0.0980242643089155 -0.9951840249957271 0
outer loop
vertex 17.875675201416016 -39.90209197998047 0
vertex 18.10002899169922 -39.8799934387207 0
vertex 18.10002899169922 -39.8799934387207 5
endloop
endfacet
facet normal -0.0980242643089155 -0.9951840249957271 0
outer loop
vertex 18.10002899169922 -39.8799934387207 0
vertex 18.324382781982422 -39.90209197998047 0
vertex 18.324382781982422 -39.90209197998047 5
endloop
endfacet
facet normal -0.881922572073463 -0.47139429023623886 0
outer loop
vertex 19.05621910095215 -40.391090393066406 0
vertex 19.16248893737793 -40.589908599853516 0
vertex 19.16248893737793 -40.589908599853516 5
endloop
endfacet
facet normal -1 0 0
outer loop
vertex -27.849971771240234 -47.6299934387207 5
vertex -27.849971771240234 -35.50663757324219 5
vertex -27.849971771240234 -35.50663757324219 0
endloop
endfacet
facet normal -1 0 0
outer loop
vertex -27.849971771240234 -47.6299934387207 5
vertex -27.849971771240234 -35.50663757324219 0
vertex -27.849971771240234 -47.6299934387207 0
endloop
endfacet
facet normal 1 0 0
outer loop
vertex -50.849971771240234 -47.6299934387207 0
vertex -50.849971771240234 -37.6505012512207 5
vertex -50.849971771240234 -47.6299934387207 5
endloop
endfacet
facet normal 0 1 0
outer loop
vertex -27.849971771240234 -47.6299934387207 0
vertex -50.849971771240234 -47.6299934387207 0
vertex -50.849971771240234 -47.6299934387207 5
endloop
endfacet
facet normal 1 0 0
outer loop
vertex -50.849971771240234 -47.6299934387207 0
vertex -50.849971771240234 -37.6505012512207 0
vertex -50.849971771240234 -37.6505012512207 5
endloop
endfacet
facet normal 0 1 0
outer loop
vertex -27.849971771240234 -47.6299934387207 5
vertex -27.849971771240234 -47.6299934387207 0
vertex -50.849971771240234 -47.6299934387207 5
endloop
endfacet
facet normal -0.9063079592347414 0.42261789246050435 0
outer loop
vertex -22.056119918823242 -27.17039680480957 0
vertex -23.529462814331055 -30.329994201660156 5
vertex -22.056119918823242 -27.17039680480957 5
endloop
endfacet
facet normal -0.9659257500809058 0.2588193295150879 0
outer loop
vertex -22.056119918823242 -27.17039680480957 5
vertex -21.15381622314453 -23.80295753479004 0
vertex -22.056119918823242 -27.17039680480957 0
endloop
endfacet
facet normal -0.8191517701832939 0.5735768278143533 0
outer loop
vertex -23.529462814331055 -30.329994201660156 0
vertex -25.529083251953125 -33.18574523925781 5
vertex -23.529462814331055 -30.329994201660156 5
endloop
endfacet
facet normal 0.7071067127978999 -0.7071068495751884 0
outer loop
vertex -56.170860290527344 -7.474242687225342 5
vertex -56.170860290527344 -7.474242687225342 0
vertex -53.70572280883789 -5.009105682373047 0
endloop
endfacet
facet normal 0.90630788099364 -0.4226180602492256 0
outer loop
vertex -58.17047882080078 -10.329994201660156 5
vertex -59.51247024536133 -13.207905769348145 5
vertex -59.51247024536133 -13.207905769348145 4.5
endloop
endfacet
facet normal 0.42261846714680756 -0.9063076912541804 0
outer loop
vertex -50.849971771240234 -3.009486675262451 0
vertex -47.69037628173828 -1.5361422300338745 5
vertex -50.849971771240234 -3.009486675262451 5
endloop
endfacet
facet normal 0.5735765524775422 -0.8191519629763316 0
outer loop
vertex -50.849971771240234 -3.009486675262451 5
vertex -53.70572280883789 -5.009105682373047 5
vertex -53.70572280883789 -5.009105682373047 0
endloop
endfacet
facet normal 0.7071067127978999 -0.7071068495751884 0
outer loop
vertex -53.70572280883789 -5.009105682373047 5
vertex -56.170860290527344 -7.474242687225342 5
vertex -53.70572280883789 -5.009105682373047 0
endloop
endfacet
facet normal 0.8191520722390515 -0.573576396434222 0
outer loop
vertex -56.170860290527344 -7.474242687225342 5
vertex -58.17047882080078 -10.329994201660156 5
vertex -58.17047882080078 -10.329994201660156 0
endloop
endfacet
facet normal 0.9063078273529099 0.42261817528219026 0
outer loop
vertex -58.17047882080078 -30.329994201660156 0
vertex -59.51247024536133 -27.452083587646484 0
vertex -59.51247024536133 -27.452083587646484 0.20000000298023224
endloop
endfacet
facet normal 0.90630788099364 -0.4226180602492256 0
outer loop
vertex -58.17047882080078 -10.329994201660156 5
vertex -59.51247024536133 -13.207905769348145 4.5
vertex -59.51247024536133 -13.207905769348145 0.20000000298023224
endloop
endfacet
facet normal 0.906304057535511 -0.4226262595895681 0
outer loop
vertex -59.51247024536133 -13.207905769348145 4.5
vertex -59.64382553100586 -13.489591598510742 4.5
vertex -59.64382553100586 -13.489591598510742 0.20000000298023224
endloop
endfacet
facet normal 0.9659259024638973 -0.2588187608140165 -4.8884792540634856e-8
outer loop
vertex -60.54612731933594 -16.857030868530273 0.20000000298023224
vertex -59.64382553100586 -13.489591598510742 4.5
vertex -59.903385162353516 -14.458282470703125 4.5
endloop
endfacet
facet normal 0.9659258805561797 -0.258818842574819 0
outer loop
vertex -60.54612731933594 -16.857030868530273 4.5
vertex -60.54612731933594 -16.857030868530273 0.20000000298023224
vertex -59.903385162353516 -14.458282470703125 4.5
endloop
endfacet
facet normal 0.996194709761804 -0.08715560935817557 0
outer loop
vertex -60.54612731933594 -16.857030868530273 4.5
vertex -60.849971771240234 -20.329994201660156 4.5
vertex -60.849971771240234 -20.329994201660156 0.20000000298023224
endloop
endfacet
facet normal 0.996194709761804 0.08715560935817557 0
outer loop
vertex -60.54612731933594 -23.80295753479004 0.20000000298023224
vertex -60.849971771240234 -20.329994201660156 4.5
vertex -60.54612731933594 -23.80295753479004 4.5
endloop
endfacet
facet normal 0.9659258868582411 0.2588188190551845 0
outer loop
vertex -59.64382553100586 -27.17039680480957 0.20000000298023224
vertex -60.54612731933594 -23.80295753479004 4.5
vertex -59.64382553100586 -27.17039680480957 4.5
endloop
endfacet
facet normal 0.9063078273529098 0.42261817528219026 0
outer loop
vertex -59.51247024536133 -27.452083587646484 4.5
vertex -59.51247024536133 -27.452083587646484 5
vertex -58.17047882080078 -30.329994201660156 0
endloop
endfacet
facet normal 0.9063078273529099 0.42261817528219026 0
outer loop
vertex -59.51247024536133 -27.452083587646484 5
vertex -58.17047882080078 -30.329994201660156 5
vertex -58.17047882080078 -30.329994201660156 0
endloop
endfacet
facet normal 0.819152027240677 0.5735764606985619 0
outer loop
vertex -56.170860290527344 -33.18574523925781 0
vertex -58.17047882080078 -30.329994201660156 5
vertex -56.170860290527344 -33.18574523925781 5
endloop
endfacet
facet normal 0.7071067811865476 0.7071067811865476 0
outer loop
vertex -53.70572280883789 -35.650882720947266 0
vertex -56.170860290527344 -33.18574523925781 5
vertex -53.70572280883789 -35.650882720947266 5
endloop
endfacet
facet normal 0.5735764606985619 0.819152027240677 0
outer loop
vertex -53.70572280883789 -35.650882720947266 0
vertex -53.70572280883789 -35.650882720947266 5
vertex -50.849971771240234 -37.6505012512207 5
endloop
endfacet
facet normal 0.9063046055854787 0.4226250843177083 0
outer loop
vertex -59.51247024536133 -27.452083587646484 0.20000000298023224
vertex -59.64382553100586 -27.17039680480957 4.5
vertex -59.51247024536133 -27.452083587646484 4.5
endloop
endfacet
facet normal -0.0871556975942862 -0.9961947020421525 0
outer loop
vertex -37.37700653076172 -0.6338396072387695 5
vertex -40.849971771240234 -0.32999467849731445 5
vertex -40.849971771240234 -0.32999467849731445 0
endloop
endfacet
facet normal -0.25881904238141895 -0.9659258270181854 0
outer loop
vertex -37.37700653076172 -0.6338396072387695 5
vertex -34.00956726074219 -1.5361422300338745 0
vertex -34.00956726074219 -1.5361422300338745 5
endloop
endfacet
facet normal -0.42261846714680756 -0.9063076912541804 0
outer loop
vertex -34.00956726074219 -1.5361422300338745 5
vertex -34.00956726074219 -1.5361422300338745 0
vertex -30.849971771240234 -3.009486675262451 5
endloop
endfacet
facet normal -0.9659257500809058 0.2588193295150879 0
outer loop
vertex -21.15381622314453 -23.80295753479004 0
vertex -22.056119918823242 -27.17039680480957 5
vertex -21.15381622314453 -23.80295753479004 5
endloop
endfacet
facet normal -0.9961947097618041 0.08715560935817558 0
outer loop
vertex -21.15381622314453 -23.80295753479004 5
vertex -20.849971771240234 -20.329994201660156 5
vertex -20.849971771240234 -20.329994201660156 0
endloop
endfacet
facet normal -0.9961947097618041 -0.08715560935817558 0
outer loop
vertex -20.849971771240234 -20.329994201660156 5
vertex -21.15381622314453 -16.857030868530273 5
vertex -21.15381622314453 -16.857030868530273 0
endloop
endfacet
facet normal -0.9659257500809058 -0.2588193295150879 0
outer loop
vertex -21.15381622314453 -16.857030868530273 5
vertex -22.056119918823242 -13.489591598510742 5
vertex -22.056119918823242 -13.489591598510742 0
endloop
endfacet
facet normal -0.9063079592347414 -0.42261789246050435 0
outer loop
vertex -23.529462814331055 -10.329994201660156 0
vertex -22.056119918823242 -13.489591598510742 5
vertex -23.529462814331055 -10.329994201660156 5
endloop
endfacet
facet normal -0.8191518151817117 -0.5735767635500124 0
outer loop
vertex -25.529083251953125 -7.474242687225342 5
vertex -25.529083251953125 -7.474242687225342 0
vertex -23.529462814331055 -10.329994201660156 5
endloop
endfacet
facet normal -0.70710698635253 -0.7071065760205055 0
outer loop
vertex -27.994218826293945 -5.009105682373047 0
vertex -25.529083251953125 -7.474242687225342 5
vertex -27.994218826293945 -5.009105682373047 5
endloop
endfacet
facet normal -0.5735762954202467 -0.8191521429697819 0
outer loop
vertex -27.994218826293945 -5.009105682373047 5
vertex -30.849971771240234 -3.009486675262451 5
vertex -30.849971771240234 -3.009486675262451 0
endloop
endfacet
facet normal -0.9063079592347414 0.42261789246050435 0
outer loop
vertex -23.529462814331055 -30.329994201660156 5
vertex -22.056119918823242 -27.17039680480957 0
vertex -23.529462814331055 -30.329994201660156 0
endloop
endfacet
facet normal -0.8191517701832939 0.5735768278143533 0
outer loop
vertex -25.529083251953125 -33.18574523925781 5
vertex -23.529462814331055 -30.329994201660156 0
vertex -25.529083251953125 -33.18574523925781 0
endloop
endfacet
facet normal -0.7071073622991165 0.707106200073501 0
outer loop
vertex -27.849971771240234 -35.50663757324219 0
vertex -25.529083251953125 -33.18574523925781 5
vertex -25.529083251953125 -33.18574523925781 0
endloop
endfacet
facet normal -0.5735762954202467 -0.8191521429697819 0
outer loop
vertex -27.994218826293945 -5.009105682373047 5
vertex -30.849971771240234 -3.009486675262451 0
vertex -27.994218826293945 -5.009105682373047 0
endloop
endfacet
facet normal 0.42261846714680756 -0.9063076912541804 0
outer loop
vertex -47.69037628173828 -1.5361422300338745 5
vertex -50.849971771240234 -3.009486675262451 0
vertex -47.69037628173828 -1.5361422300338745 0
endloop
endfacet
facet normal 0.25881904238141895 -0.9659258270181854 0
outer loop
vertex -44.32293701171875 -0.6338396072387695 5
vertex -47.69037628173828 -1.5361422300338745 0
vertex -44.32293701171875 -0.6338396072387695 0
endloop
endfacet
facet normal 0.0871556975942862 -0.9961947020421525 0
outer loop
vertex -44.32293701171875 -0.6338396072387695 0
vertex -40.849971771240234 -0.32999467849731445 0
vertex -44.32293701171875 -0.6338396072387695 5
endloop
endfacet
facet normal -0.70710698635253 -0.7071065760205055 0
outer loop
vertex -25.529083251953125 -7.474242687225342 5
vertex -27.994218826293945 -5.009105682373047 0
vertex -25.529083251953125 -7.474242687225342 0
endloop
endfacet
facet normal -0.8191518151817117 -0.5735767635500124 0
outer loop
vertex -23.529462814331055 -10.329994201660156 0
vertex -23.529462814331055 -10.329994201660156 5
vertex -25.529083251953125 -7.474242687225342 0
endloop
endfacet
facet normal 0.0871556975942862 -0.9961947020421525 0
outer loop
vertex -40.849971771240234 -0.32999467849731445 0
vertex -40.849971771240234 -0.32999467849731445 5
vertex -44.32293701171875 -0.6338396072387695 5
endloop
endfacet
facet normal 0.25881904238141895 -0.9659258270181854 0
outer loop
vertex -44.32293701171875 -0.6338396072387695 5
vertex -47.69037628173828 -1.5361422300338745 5
vertex -47.69037628173828 -1.5361422300338745 0
endloop
endfacet
facet normal 0.5735764606985619 0.819152027240677 0
outer loop
vertex -50.849971771240234 -37.6505012512207 5
vertex -50.849971771240234 -37.6505012512207 0
vertex -53.70572280883789 -35.650882720947266 0
endloop
endfacet
facet normal -0.9063079592347414 -0.42261789246050435 0
outer loop
vertex -22.056119918823242 -13.489591598510742 5
vertex -23.529462814331055 -10.329994201660156 0
vertex -22.056119918823242 -13.489591598510742 0
endloop
endfacet
facet normal -0.25881904238141895 -0.9659258270181854 0
outer loop
vertex -37.37700653076172 -0.6338396072387695 5
vertex -37.37700653076172 -0.6338396072387695 0
vertex -34.00956726074219 -1.5361422300338745 0
endloop
endfacet
facet normal -0.42261846714680756 -0.9063076912541804 0
outer loop
vertex -30.849971771240234 -3.009486675262451 5
vertex -34.00956726074219 -1.5361422300338745 0
vertex -30.849971771240234 -3.009486675262451 0
endloop
endfacet
facet normal -0.9659257500809058 -0.2588193295150879 0
outer loop
vertex -22.056119918823242 -13.489591598510742 0
vertex -21.15381622314453 -16.857030868530273 0
vertex -21.15381622314453 -16.857030868530273 5
endloop
endfacet
facet normal -0.0871556975942862 -0.9961947020421525 0
outer loop
vertex -37.37700653076172 -0.6338396072387695 5
vertex -40.849971771240234 -0.32999467849731445 0
vertex -37.37700653076172 -0.6338396072387695 0
endloop
endfacet
facet normal 0.7071067811865476 0.7071067811865476 0
outer loop
vertex -56.170860290527344 -33.18574523925781 5
vertex -53.70572280883789 -35.650882720947266 0
vertex -56.170860290527344 -33.18574523925781 0
endloop
endfacet
facet normal 0.819152027240677 0.5735764606985619 0
outer loop
vertex -58.17047882080078 -30.329994201660156 5
vertex -56.170860290527344 -33.18574523925781 0
vertex -58.17047882080078 -30.329994201660156 0
endloop
endfacet
facet normal 0.9063078273529098 0.4226181752821902 0
outer loop
vertex -58.17047882080078 -30.329994201660156 0
vertex -59.51247024536133 -27.452083587646484 0.20000000298023224
vertex -59.51247024536133 -27.452083587646484 4.5
endloop
endfacet
facet normal 0.9063046055854787 0.4226250843177083 0
outer loop
vertex -59.51247024536133 -27.452083587646484 0.20000000298023224
vertex -59.64382553100586 -27.17039680480957 0.20000000298023224
vertex -59.64382553100586 -27.17039680480957 4.5
endloop
endfacet
facet normal 0.5735765524775422 -0.8191519629763316 0
outer loop
vertex -50.849971771240234 -3.009486675262451 0
vertex -50.849971771240234 -3.009486675262451 5
vertex -53.70572280883789 -5.009105682373047 0
endloop
endfacet
facet normal 0.9659258868582411 0.2588188190551845 0
outer loop
vertex -60.54612731933594 -23.80295753479004 4.5
vertex -59.64382553100586 -27.17039680480957 0.20000000298023224
vertex -60.54612731933594 -23.80295753479004 0.20000000298023224
endloop
endfacet
facet normal 0.996194709761804 0.08715560935817557 0
outer loop
vertex -60.849971771240234 -20.329994201660156 0.20000000298023224
vertex -60.849971771240234 -20.329994201660156 4.5
vertex -60.54612731933594 -23.80295753479004 0.20000000298023224
endloop
endfacet
facet normal 0.996194709761804 -0.08715560935817557 0
outer loop
vertex -60.54612731933594 -16.857030868530273 4.5
vertex -60.849971771240234 -20.329994201660156 0.20000000298023224
vertex -60.54612731933594 -16.857030868530273 0.20000000298023224
endloop
endfacet
facet normal 0.9659258805561796 -0.258818842574819 1.974123309139307e-8
outer loop
vertex -59.64382553100586 -13.489591598510742 4.5
vertex -60.54612731933594 -16.857030868530273 0.20000000298023224
vertex -59.903385162353516 -14.458282470703125 0.20000000298023224
endloop
endfacet
facet normal 0.9659259024638985 -0.25881876081401683 0
outer loop
vertex -59.64382553100586 -13.489591598510742 0.20000000298023224
vertex -59.64382553100586 -13.489591598510742 4.5
vertex -59.903385162353516 -14.458282470703125 0.20000000298023224
endloop
endfacet
facet normal 0.906304057535511 -0.4226262595895681 0
outer loop
vertex -59.51247024536133 -13.207905769348145 4.5
vertex -59.64382553100586 -13.489591598510742 0.20000000298023224
vertex -59.51247024536133 -13.207905769348145 0.20000000298023224
endloop
endfacet
facet normal 0.90630788099364 -0.4226180602492256 0
outer loop
vertex -59.51247024536133 -13.207905769348145 0
vertex -58.17047882080078 -10.329994201660156 5
vertex -59.51247024536133 -13.207905769348145 0.20000000298023224
endloop
endfacet
facet normal 0.90630788099364 -0.4226180602492256 0
outer loop
vertex -58.17047882080078 -10.329994201660156 5
vertex -59.51247024536133 -13.207905769348145 0
vertex -58.17047882080078 -10.329994201660156 0
endloop
endfacet
facet normal 0.8191520722390515 -0.573576396434222 0
outer loop
vertex -56.170860290527344 -7.474242687225342 0
vertex -56.170860290527344 -7.474242687225342 5
vertex -58.17047882080078 -10.329994201660156 0
endloop
endfacet
facet normal -0.9961947097618041 -0.08715560935817558 0
outer loop
vertex -20.849971771240234 -20.329994201660156 5
vertex -21.15381622314453 -16.857030868530273 0
vertex -20.849971771240234 -20.329994201660156 0
endloop
endfacet
facet normal -0.9961947097618041 0.08715560935817558 0
outer loop
vertex -20.849971771240234 -20.329994201660156 0
vertex -21.15381622314453 -23.80295753479004 0
vertex -21.15381622314453 -23.80295753479004 5
endloop
endfacet
facet normal -0.7071073622991165 0.707106200073501 0
outer loop
vertex -27.849971771240234 -35.50663757324219 0
vertex -27.849971771240234 -35.50663757324219 5
vertex -25.529083251953125 -33.18574523925781 5
endloop
endfacet
endsolid auto-kdk-case
