solid auto-kdk-case
facet normal -0.7091177205732045 -0.7050901065601679 -1.8353051637587722e-7
outer loop
vertex -62.25821304321289 5.291718006134033 -1
vertex -63.25776672363281 6.296981334686279 -1
vertex -61.51247024536133 4.541718006134033 -11.096556663513184
endloop
endfacet
facet normal 0.5555696724213587 -0.8314699868820425 0
outer loop
vertex -0.33939674496650696 -47.24117660522461 -1
vertex 1.1739445924758911 -46.22999572753906 -15.5411958694458
vertex 1.1739445924758911 -46.22999572753906 -1
endloop
endfacet
facet normal 0 -1 0
outer loop
vertex 1.1739445924758911 -46.22999572753906 -1
vertex 1.7827205657958984 -46.22999572753906 -15.44229793548584
vertex 2.6000282764434814 -46.22999572753906 -4.949999809265137
endloop
endfacet
facet normal 0 -1 0
outer loop
vertex 17.48584747314453 -46.22999572753906 -4.375974655151367
vertex 80.13516235351562 -46.22999572753906 -15.44229793548584
vertex 65.13516235351562 -46.22999572753906 -5
endloop
endfacet
facet normal 0 -1 0
outer loop
vertex 80.13516235351562 -46.22999572753906 -15.44229793548584
vertex 77.13516235351562 -46.22999572753906 -5
vertex 65.13516235351562 -46.22999572753906 -5
endloop
endfacet
facet normal 0.0003566838374371893 0.999990795558063 -0.0042756959424487375
outer loop
vertex -49.527584075927734 46.14972686767578 -3.5
vertex -77.52500915527344 46.17040252685547 -1
vertex -47.52765655517578 46.14901351928711 -3.5
endloop
endfacet
facet normal 0 -1 0
outer loop
vertex 77.13516235351562 -46.22999572753906 -5
vertex 80.13516235351562 -46.22999572753906 -15.44229793548584
vertex 77.13516235351562 -46.22999572753906 -4
endloop
endfacet
facet normal 0.0007384841099945817 0.9999997273205724 0
outer loop
vertex -49.527584075927734 46.14972686767578 -3.5
vertex -77.52500915527344 46.17040252685547 -7.3870110511779785
vertex -77.52500915527344 46.17040252685547 -1
endloop
endfacet
facet normal -0.9335235157064464 -0.35851617205235825 0
outer loop
vertex -81.701904296875 10.451103210449219 -1
vertex -81.29917907714844 9.4024658203125 -10.431253433227539
vertex -81.29917907714844 9.4024658203125 -1
endloop
endfacet
facet normal 0.0007127126497824728 0.9999997460203071 0
outer loop
vertex 73.11125183105469 46.062984466552734 -1
vertex 72.33515930175781 46.06353759765625 -2.5
vertex 72.33515930175781 46.06353759765625 -1.100000023841858
endloop
endfacet
facet normal -0.9999939727416345 0.003471956279019886 0
outer loop
vertex -81.701904296875 10.451103210449219 -10.387940406799316
vertex -81.701904296875 10.451103210449219 -1
vertex -81.6597671508789 22.58745765686035 -1
endloop
endfacet
facet normal 0.5197327601001113 0.8543288910667592 0.00006298699372118262
outer loop
vertex 79.04618835449219 26.467025756835938 -9.16297721862793
vertex 78.07827758789062 27.05585289001465 -9.11689567565918
vertex 79.15505981445312 26.40079116821289 -9.13029956817627
endloop
endfacet
facet normal 0.708126863947453 -0.706085224711424 -4.0412657177224953e-7
outer loop
vertex 80.13516235351562 -46.22999572753906 -1
vertex 80.20353698730469 -46.161415100097656 -15.482440948486328
vertex 81.89356994628906 -44.466495513916016 -15.328190803527832
endloop
endfacet
facet normal 0.7082087102460548 -0.7060031322391438 3.710303227748858e-7
outer loop
vertex 80.16323852539062 -46.201839447021484 -15.465757369995117
vertex 80.20353698730469 -46.161415100097656 -15.482440948486328
vertex 80.13516235351562 -46.22999572753906 -1
endloop
endfacet
facet normal -0.9238795604809552 -0.3826833646428354 0.000012294539191980159
outer loop
vertex -61.51247024536133 -46.99510955810547 -15.611841201782227
vertex -61.11509704589844 -47.9544563293457 -15.699149131774902
vertex -61.055747985839844 -48.09773635864258 -15.65849494934082
endloop
endfacet
facet normal 0.7081134055846184 -0.706098721731851 0
outer loop
vertex 80.13516235351562 -46.22999572753906 -15.44229793548584
vertex 80.16323852539062 -46.201839447021484 -15.465757369995117
vertex 80.13516235351562 -46.22999572753906 -1
endloop
endfacet
facet normal -0.9238797444691139 -0.38268292065322806 0
outer loop
vertex -61.055747985839844 -48.09773635864258 -15.65849494934082
vertex -61.51247024536133 -46.99510955810547 -1
vertex -61.51247024536133 -46.99510955810547 -15.611841201782227
endloop
endfacet
facet normal -1 0 0
outer loop
vertex -61.51247024536133 -46.99510955810547 -15.611841201782227
vertex -61.51247024536133 4.541718006134033 -1
vertex -61.51247024536133 -46.81429672241211 -15.662575721740723
endloop
endfacet
facet normal -0.38268257599854716 -0.923879887229458 0
outer loop
vertex -58.630210876464844 -50.52327346801758 -15.844837188720703
vertex -57.57285690307617 -50.96124267578125 -15.884695053100586
vertex -58.630210876464844 -50.52327346801758 -1
endloop
endfacet
facet normal -0.38269083895875056 -0.923876464564703 -6.876792260570089e-7
outer loop
vertex -57.57285690307617 -50.96124267578125 -15.884695053100586
vertex -57.527584075927734 -50.97999572753906 -15.874582290649414
vertex -58.630210876464844 -50.52327346801758 -1
endloop
endfacet
facet normal -0.7071067811865476 -0.7071067811865476 0
outer loop
vertex -61.055747985839844 -48.09773635864258 -15.65849494934082
vertex -58.630210876464844 -50.52327346801758 -15.844837188720703
vertex -61.055747985839844 -48.09773635864258 -1
endloop
endfacet
facet normal 0 -1 0
outer loop
vertex 17.60002899169922 -46.22999572753906 -4.949999809265137
vertex 80.13516235351562 -46.22999572753906 -15.44229793548584
vertex 17.48584747314453 -46.22999572753906 -4.375974655151367
endloop
endfacet
facet normal 0 -1 0
outer loop
vertex 1.1739445924758911 -46.22999572753906 -1
vertex 2.6000282764434814 -46.22999572753906 -4.949999809265137
vertex 2.7142088413238525 -46.22999572753906 -4.375974655151367
endloop
endfacet
facet normal 0 -1 0
outer loop
vertex 1.1739445924758911 -46.22999572753906 -1
vertex 2.7142088413238525 -46.22999572753906 -4.375974655151367
vertex 3.039368152618408 -46.22999572753906 -3.8893399238586426
endloop
endfacet
facet normal 0 -1 0
outer loop
vertex 1.1739445924758911 -46.22999572753906 -1
vertex 3.039368152618408 -46.22999572753906 -3.8893399238586426
vertex 3.526003122329712 -46.22999572753906 -3.564180612564087
endloop
endfacet
facet normal 0 -1 0
outer loop
vertex 1.1739445924758911 -46.22999572753906 -1
vertex 3.526003122329712 -46.22999572753906 -3.564180612564087
vertex 4.100028038024902 -46.22999572753906 -3.450000047683716
endloop
endfacet
facet normal 0 -1 0
outer loop
vertex 1.1739445924758911 -46.22999572753906 -1
vertex 4.100028038024902 -46.22999572753906 -3.450000047683716
vertex 16.10002899169922 -46.22999572753906 -3.450000047683716
endloop
endfacet
facet normal -0.7405951321207763 -0.6719515138305528 0.00011549821799836209
outer loop
vertex -81.29917907714844 9.4024658203125 -10.431253433227539
vertex -79.10035705566406 6.9789838790893555 -10.65180778503418
vertex -79.02323150634766 6.893984794616699 -10.621132850646973
endloop
endfacet
facet normal -0.9335234241074247 -0.35851641050147576 0.000006624702084728485
outer loop
vertex -81.701904296875 10.451103210449219 -10.387940406799316
vertex -81.35140991210938 9.538466453552246 -10.468846321105957
vertex -81.29917907714844 9.4024658203125 -10.431253433227539
endloop
endfacet
facet normal -1 0 0
outer loop
vertex -61.51247024536133 -46.81429672241211 -15.662575721740723
vertex -61.51247024536133 4.541718006134033 -1
vertex -61.51247024536133 3.9032347202301025 -11.046918869018555
endloop
endfacet
facet normal -0.9999939850928098 0.003468121199259605 0.000043744122120095415
outer loop
vertex -81.70127868652344 10.632086753845215 -10.435175895690918
vertex -81.701904296875 10.451103210449219 -10.387940406799316
vertex -81.59119415283203 42.337337493896484 -7.549775123596191
endloop
endfacet
facet normal -0.9136054702664131 0.40660182574321824 -0.0000012520207994213769
outer loop
vertex -81.25792694091797 43.086185455322266 -1
vertex -81.2032699584961 43.2089958190918 -1
vertex -81.59119415283203 42.337337493896484 -7.549775123596191
endloop
endfacet
facet normal 0.740600041857399 0.6719461124233242 0
outer loop
vertex 74.27066802978516 45.54891586303711 -7.387683868408203
vertex 74.27066802978516 45.54891586303711 -1
vertex 76.54742431640625 43.0395393371582 -1
endloop
endfacet
facet normal 0.4053280232945567 0.9141713151985913 4.529223802442325e-7
outer loop
vertex 74.27066802978516 45.54891586303711 -1
vertex 73.11125183105469 46.062984466552734 -7.392642974853516
vertex 73.71002197265625 45.7974967956543 -1
endloop
endfacet
facet normal 0.40533206437971897 0.9141695234395397 0
outer loop
vertex 73.11125183105469 46.062984466552734 -7.392642974853516
vertex 73.11125183105469 46.062984466552734 -1
vertex 73.71002197265625 45.7974967956543 -1
endloop
endfacet
facet normal 0.932899880838901 0.3601358248366361 0
outer loop
vertex 76.95002746582031 41.99663162231445 -1
vertex 76.54742431640625 43.0395393371582 -7.5532050132751465
vertex 76.54742431640625 43.0395393371582 -1
endloop
endfacet
facet normal 0.0007112318146091 0.999999747074621 0
outer loop
vertex 73.11125183105469 46.062984466552734 -7.392642974853516
vertex 72.13509368896484 46.06367874145508 -3.5
vertex 73.11125183105469 46.062984466552734 -1
endloop
endfacet
facet normal 1 0 0
outer loop
vertex 76.95002746582031 28.64326286315918 -1
vertex 76.95002746582031 41.99663162231445 -7.580148220062256
vertex 76.95002746582031 41.99663162231445 -1
endloop
endfacet
facet normal 0.0007136656446315273 0.9999997453393027 -0.000001636191638148819
outer loop
vertex 72.13509368896484 46.06367874145508 -3.5
vertex 69.9351577758789 46.065250396728516 -2.5
vertex 72.33515930175781 46.06353759765625 -2.5
endloop
endfacet
facet normal -0.913609538158521 0.406592685356948 0
outer loop
vertex -81.25792694091797 43.086185455322266 -1
vertex -81.59119415283203 42.337337493896484 -7.549775123596191
vertex -81.59119415283203 42.337337493896484 -1
endloop
endfacet
facet normal 0.0007131086414720417 0.9999997457375513 9.476921902079771e-7
outer loop
vertex -47.52765655517578 46.14901351928711 -3.5
vertex -77.52500915527344 46.17040252685547 -1
vertex -49.72758483886719 46.15058135986328 -2.5
endloop
endfacet
facet normal 0.0007130575022895972 0.9999997457744668 0
outer loop
vertex -49.72758483886719 46.15058135986328 -2.5
vertex -77.52500915527344 46.17040252685547 -1
vertex -49.72758483886719 46.15058135986328 -1.100000023841858
endloop
endfacet
facet normal 0.3826842212136994 -0.9238792042136063 -0.000053438731631824784
outer loop
vertex -4.222358226776123 -50.97999572753906 -15.874582290649414
vertex -4.177085876464844 -50.96124267578125 -15.884695053100586
vertex -3.1197316646575928 -50.52327346801758 -15.844837188720703
endloop
endfacet
facet normal -0.9999939724136888 0.0034720507305882097 -1.221046875264047e-7
outer loop
vertex -81.59119415283203 42.337337493896484 -1
vertex -81.701904296875 10.451103210449219 -10.387940406799316
vertex -81.6597671508789 22.58745765686035 -1
endloop
endfacet
facet normal 0 -1 0
outer loop
vertex 17.160688400268555 -46.22999572753906 -3.8893399238586426
vertex 17.48584747314453 -46.22999572753906 -4.375974655151367
vertex 68.09424591064453 -46.22999572753906 -1.5949000120162964
endloop
endfacet
facet normal 0 -1 0
outer loop
vertex 16.674053192138672 -46.22999572753906 -3.564180612564087
vertex 17.160688400268555 -46.22999572753906 -3.8893399238586426
vertex 67.38238525390625 -46.22999572753906 -1.5589157342910767
endloop
endfacet
facet normal 0 -1 0
outer loop
vertex -57.527584075927734 -50.97999572753906 -15.874582290649414
vertex -4.222358226776123 -50.97999572753906 -15.874582290649414
vertex -54.527584075927734 -50.97999572753906 -5
endloop
endfacet
facet normal 0.9238798364118262 -0.38268269868346194 3.7036013254285188e-9
outer loop
vertex -0.6941946148872375 -48.09773635864258 -1
vertex -0.3598684072494507 -47.29059982299805 -15.676016807556152
vertex -0.33939674496650696 -47.24117660522461 -1
endloop
endfacet
facet normal 0.7071067898746951 -0.7071067724983998 0
outer loop
vertex -3.1197316646575928 -50.52327346801758 -1
vertex -0.6941946148872375 -48.09773635864258 -15.65849494934082
vertex -0.6941946148872375 -48.09773635864258 -1
endloop
endfacet
facet normal 0.38268299128199024 -0.9238797152137653 0
outer loop
vertex -4.222358226776123 -50.97999572753906 -15.874582290649414
vertex -3.1197316646575928 -50.52327346801758 -15.844837188720703
vertex -4.222358226776123 -50.97999572753906 -1
endloop
endfacet
facet normal 0.7071238250378493 -0.7070897369244171 0
outer loop
vertex -3.1197316646575928 -50.52327346801758 -15.844837188720703
vertex -3.0603854656219482 -50.463924407958984 -15.869291305541992
vertex -3.1197316646575928 -50.52327346801758 -1
endloop
endfacet
facet normal 0.7071063688086265 -0.7071071935642144 -1.3934732833220178e-7
outer loop
vertex -3.1197316646575928 -50.52327346801758 -1
vertex -3.0603854656219482 -50.463924407958984 -15.869291305541992
vertex -0.6941946148872375 -48.09773635864258 -15.65849494934082
endloop
endfacet
facet normal 0.9238827788556824 -0.3826755949023951 0
outer loop
vertex -0.6941946148872375 -48.09773635864258 -15.65849494934082
vertex -0.6401375532150269 -47.967227935791016 -15.69772720336914
vertex -0.6941946148872375 -48.09773635864258 -1
endloop
endfacet
facet normal 0.9238781070901023 -0.38268687361810005 -1.1733169997349605e-7
outer loop
vertex -0.6941946148872375 -48.09773635864258 -1
vertex -0.6401375532150269 -47.967227935791016 -15.69772720336914
vertex -0.5086987614631653 -47.64990997314453 -15.671699523925781
endloop
endfacet
facet normal 0.9238802446717935 -0.38268171305300464 6.721063947719793e-8
outer loop
vertex -0.6941946148872375 -48.09773635864258 -1
vertex -0.5086987614631653 -47.64990997314453 -15.671699523925781
vertex -0.3598684072494507 -47.29059982299805 -15.676016807556152
endloop
endfacet
facet normal 0.9238802252379005 -0.3826817599708222 0
outer loop
vertex -0.3598684072494507 -47.29059982299805 -15.676016807556152
vertex -0.33939674496650696 -47.24117660522461 -15.68645191192627
vertex -0.33939674496650696 -47.24117660522461 -1
endloop
endfacet
facet normal 0.5555712209463642 -0.8314689521901382 0
outer loop
vertex -0.33939674496650696 -47.24117660522461 -15.68645191192627
vertex -0.060239702463150024 -47.054649353027344 -15.576998710632324
vertex -0.33939674496650696 -47.24117660522461 -1
endloop
endfacet
facet normal 0.5555698655046368 -0.8314698578680759 -3.7546461508708145e-8
outer loop
vertex -0.33939674496650696 -47.24117660522461 -1
vertex -0.060239702463150024 -47.054649353027344 -15.576998710632324
vertex 0.24209728837013245 -46.85263442993164 -15.525310516357422
endloop
endfacet
facet normal 0.3826804833061306 -0.9238807540459896 0
outer loop
vertex -3.532219409942627 -50.694129943847656 -1
vertex -3.1197316646575928 -50.52327346801758 -15.844837188720703
vertex -3.1197316646575928 -50.52327346801758 -1
endloop
endfacet
facet normal 0.3826844902652273 -0.9238790943139834 1.3044248717666896e-7
outer loop
vertex -4.222358226776123 -50.97999572753906 -1
vertex -3.1197316646575928 -50.52327346801758 -15.844837188720703
vertex -3.532219409942627 -50.694129943847656 -1
endloop
endfacet
facet normal 0 -1 0
outer loop
vertex -44.027584075927734 -50.97999572753906 -1
vertex -4.222358226776123 -50.97999572753906 -15.874582290649414
vertex -4.222358226776123 -50.97999572753906 -1
endloop
endfacet
facet normal -0.407593222102792 -0.91316360269847 0.000001617084902473934
outer loop
vertex -77.92023468017578 6.401641845703125 -10.665939331054688
vertex -77.8897476196289 6.388033866882324 -10.660821914672852
vertex -79.02323150634766 6.893984794616699 -1
endloop
endfacet
facet normal -0.7405994877907026 -0.6719467230994947 0
outer loop
vertex -81.29917907714844 9.4024658203125 -10.431253433227539
vertex -79.02323150634766 6.893984794616699 -10.621132850646973
vertex -81.29917907714844 9.4024658203125 -1
endloop
endfacet
facet normal -0.4076050387989074 -0.9131583281916347 0
outer loop
vertex -77.92023468017578 6.401641845703125 -10.665939331054688
vertex -79.02323150634766 6.893984794616699 -1
vertex -79.02323150634766 6.893984794616699 -10.621132850646973
endloop
endfacet
facet normal -0.006254492575693571 -0.9999801218190804 -0.0007983040259982621
outer loop
vertex -77.8897476196289 6.388033866882324 -10.660821914672852
vertex -64.086181640625 6.301699161529541 -10.66246509552002
vertex -77.87222290039062 6.38021183013916 -1
endloop
endfacet
facet normal -1 0 0
outer loop
vertex -61.51247024536133 3.9032347202301025 -11.046918869018555
vertex -61.51247024536133 4.541718006134033 -1
vertex -61.51247024536133 4.30297327041626 -11.049883842468262
endloop
endfacet
facet normal -1 0 0
outer loop
vertex -61.51247024536133 4.541718006134033 -1
vertex -61.51247024536133 4.541718006134033 -11.096556663513184
vertex -61.51247024536133 4.30297327041626 -11.049883842468262
endloop
endfacet
facet normal -0.7091095804745368 -0.7050982930572313 0.0000026467753566622927
outer loop
vertex -61.64533996582031 4.675343990325928 -10.997708320617676
vertex -61.51247024536133 4.541718006134033 -11.096556663513184
vertex -63.25776672363281 6.296981334686279 -1
endloop
endfacet
facet normal -0.7091176351284303 -0.7050901924930292 -7.341603679944088e-8
outer loop
vertex -62.76087951660156 5.797256946563721 -10.754827499389648
vertex -62.17668151855469 5.20972204208374 -10.808298110961914
vertex -63.25776672363281 6.296981334686279 -1
endloop
endfacet
facet normal -0.7091168996428353 -0.7050909321789162 0
outer loop
vertex -63.25776672363281 6.296981334686279 -10.83337116241455
vertex -63.03203582763672 6.0699615478515625 -10.765674591064453
vertex -63.25776672363281 6.296981334686279 -1
endloop
endfacet
facet normal 0 -1 0
outer loop
vertex -44.027584075927734 -50.97999572753906 -1
vertex -44.027584075927734 -50.97999572753906 -1.5076520442962646
vertex -4.222358226776123 -50.97999572753906 -15.874582290649414
endloop
endfacet
facet normal 0 -1 0
outer loop
vertex -44.027584075927734 -50.97999572753906 -1.5076520442962646
vertex -44.77480697631836 -50.97999572753906 -1.5589157342910767
vertex -4.222358226776123 -50.97999572753906 -15.874582290649414
endloop
endfacet
facet normal 0 -1 0
outer loop
vertex -44.77480697631836 -50.97999572753906 -1.5589157342910767
vertex -45.486671447753906 -50.97999572753906 -1.5949000120162964
vertex -4.222358226776123 -50.97999572753906 -15.874582290649414
endloop
endfacet
facet normal 0 -1 0
outer loop
vertex -45.486671447753906 -50.97999572753906 -1.5949000120162964
vertex -46.16177749633789 -50.97999572753906 -1.6254053115844727
vertex -4.222358226776123 -50.97999572753906 -15.874582290649414
endloop
endfacet
facet normal 0 -1 0
outer loop
vertex -46.16177749633789 -50.97999572753906 -1.6254053115844727
vertex -47.3814582824707 -50.97999572753906 -1.6591570377349854
vertex -4.222358226776123 -50.97999572753906 -15.874582290649414
endloop
endfacet
facet normal 0 -1 0
outer loop
vertex -47.3814582824707 -50.97999572753906 -1.6591570377349854
vertex -48.127586364746094 -50.97999572753906 -1.6661099195480347
vertex -4.222358226776123 -50.97999572753906 -15.874582290649414
endloop
endfacet
facet normal 0 -1 0
outer loop
vertex -42.527584075927734 -50.97999572753906 -5
vertex -4.222358226776123 -50.97999572753906 -15.874582290649414
vertex -42.527584075927734 -50.97999572753906 -4
endloop
endfacet
facet normal 0 -1 0
outer loop
vertex -48.127586364746094 -50.97999572753906 -1.6661099195480347
vertex -42.527584075927734 -50.97999572753906 -4
vertex -4.222358226776123 -50.97999572753906 -15.874582290649414
endloop
endfacet
facet normal 0 -1 0
outer loop
vertex -54.527584075927734 -50.97999572753906 -5
vertex -4.222358226776123 -50.97999572753906 -15.874582290649414
vertex -42.527584075927734 -50.97999572753906 -5
endloop
endfacet
facet normal -0.005697566501075052 -0.999983768736256 0
outer loop
vertex -63.34396743774414 6.2974724769592285 -10.795791625976562
vertex -63.25776672363281 6.296981334686279 -10.83337116241455
vertex -63.25776672363281 6.296981334686279 -1
endloop
endfacet
facet normal -0.005694549846427737 -0.9999837859195748 -2.654672886165469e-8
outer loop
vertex -63.732913970947266 6.299687385559082 -10.692811965942383
vertex -63.34396743774414 6.2974724769592285 -10.795791625976562
vertex -63.25776672363281 6.296981334686279 -1
endloop
endfacet
facet normal -0.005694673315876028 -0.9999837852164528 -2.0493988813394706e-8
outer loop
vertex -63.732913970947266 6.299687385559082 -10.692811965942383
vertex -63.25776672363281 6.296981334686279 -1
vertex -64.086181640625 6.301699161529541 -10.66246509552002
endloop
endfacet
facet normal 0 -1 0
outer loop
vertex 16.10002899169922 -46.22999572753906 -3.450000047683716
vertex 16.674053192138672 -46.22999572753906 -3.564180612564087
vertex 67.38238525390625 -46.22999572753906 -1.5589157342910767
endloop
endfacet
facet normal 0 -1 0
outer loop
vertex 1.1739445924758911 -46.22999572753906 -1
vertex 16.10002899169922 -46.22999572753906 -3.450000047683716
vertex 66.63516235351562 -46.22999572753906 -1
endloop
endfacet
facet normal -0.7091169343211837 -0.7050908973025576 -1.6123410630923051e-9
outer loop
vertex -63.25776672363281 6.296981334686279 -1
vertex -63.03203582763672 6.0699615478515625 -10.765674591064453
vertex -62.76087951660156 5.797256946563721 -10.754827499389648
endloop
endfacet
facet normal -0.7091184680082641 -0.705089354854799 -2.363873766622782e-7
outer loop
vertex -61.922054290771484 4.953639507293701 -10.863743782043457
vertex -61.64533996582031 4.675343990325928 -10.997708320617676
vertex -63.25776672363281 6.296981334686279 -1
endloop
endfacet
facet normal -0.7091188958599001 -0.7050889245579678 -3.5292755719293865e-7
outer loop
vertex -62.17668151855469 5.20972204208374 -10.808298110961914
vertex -61.922054290771484 4.953639507293701 -10.863743782043457
vertex -63.25776672363281 6.296981334686279 -1
endloop
endfacet
facet normal -0.9335235157064464 -0.35851617205235825 0
outer loop
vertex -81.701904296875 10.451103210449219 -10.387940406799316
vertex -81.29917907714844 9.4024658203125 -10.431253433227539
vertex -81.701904296875 10.451103210449219 -1
endloop
endfacet
facet normal -0.40760442577866424 -0.9131586018242634 4.0678344937882815e-8
outer loop
vertex -79.02323150634766 6.893984794616699 -1
vertex -77.8897476196289 6.388033866882324 -10.660821914672852
vertex -77.87222290039062 6.38021183013916 -1
endloop
endfacet
facet normal -0.7405994877907026 -0.6719467230994945 0
outer loop
vertex -81.29917907714844 9.4024658203125 -1
vertex -79.02323150634766 6.893984794616699 -10.621132850646973
vertex -79.02323150634766 6.893984794616699 -1
endloop
endfacet
facet normal -0.005694987533770844 -0.9999837834270064 6.4464690280218815e-9
outer loop
vertex -77.87222290039062 6.38021183013916 -1
vertex -64.086181640625 6.301699161529541 -10.66246509552002
vertex -63.25776672363281 6.296981334686279 -1
endloop
endfacet
facet normal -0.7091164852434809 -0.7050913489441862 0
outer loop
vertex -61.51247024536133 4.541718006134033 -11.096556663513184
vertex -61.51247024536133 4.541718006134033 -1
vertex -62.25821304321289 5.291718006134033 -1
endloop
endfacet
facet normal -0.9136104077102599 0.4065907314772747 5.16858739084342e-7
outer loop
vertex -81.07727813720703 43.49209976196289 -1
vertex -81.59119415283203 42.337337493896484 -7.549775123596191
vertex -81.2032699584961 43.2089958190918 -1
endloop
endfacet
facet normal 0.9999957740577605 0.002907209421504402 0
outer loop
vertex 81.8930435180664 -44.28541946411133 -15.432955741882324
vertex 81.89356994628906 -44.466495513916016 -1
vertex 81.89356994628906 -44.466495513916016 -15.328190803527832
endloop
endfacet
facet normal 0.0007136656446129631 0.9999997453132901 -0.000007396123831377769
outer loop
vertex 72.33515930175781 46.06353759765625 -1.100000023841858
vertex 69.9351577758789 46.065250396728516 -1.100000023841858
vertex 73.11125183105469 46.062984466552734 -1
endloop
endfacet
facet normal 0.0007136667789722908 0.9999997453374653 0.000002175555290466094
outer loop
vertex -49.72758483886719 46.15058135986328 -2.5
vertex -47.32758712768555 46.148868560791016 -2.5
vertex -47.52765655517578 46.14901351928711 -3.5
endloop
endfacet
facet normal 0.0007172679455442664 0.9999997427605366 -0.000002356888541697483
outer loop
vertex 73.11125183105469 46.062984466552734 -1
vertex 72.13509368896484 46.06367874145508 -3.5
vertex 72.33515930175781 46.06353759765625 -2.5
endloop
endfacet
facet normal 0 -1 0
outer loop
vertex 16.674053192138672 -46.22999572753906 -11.335819244384766
vertex 1.7827205657958984 -46.22999572753906 -15.44229793548584
vertex 80.13516235351562 -46.22999572753906 -15.44229793548584
endloop
endfacet
facet normal -0.7071067811865476 -0.7071067811865476 0
outer loop
vertex -61.055747985839844 -48.09773635864258 -15.65849494934082
vertex -58.70713424682617 -50.44635009765625 -15.872235298156738
vertex -58.630210876464844 -50.52327346801758 -15.844837188720703
endloop
endfacet
facet normal 0.9999958167403202 0.002892490374164996 -0.0000011380514901614008
outer loop
vertex 81.83644104003906 -24.716577529907227 -1
vertex 81.69840240478516 23.003063201904297 -9.309226036071777
vertex 81.82563781738281 -20.981672286987305 -1
endloop
endfacet
facet normal -0.6719460457436894 0.7406001023557988 0
outer loop
vertex -78.56909942626953 45.76776885986328 -1
vertex -81.07727813720703 43.49209976196289 -7.521132946014404
vertex -81.07727813720703 43.49209976196289 -1
endloop
endfacet
facet normal 0 -1 0
outer loop
vertex 80.13516235351562 -46.22999572753906 -15.44229793548584
vertex 17.60002899169922 -46.22999572753906 -4.949999809265137
vertex 17.60002899169922 -46.22999572753906 -9.949999809265137
endloop
endfacet
facet normal 0 -1 0
outer loop
vertex 17.60002899169922 -46.22999572753906 -9.949999809265137
vertex 17.48584747314453 -46.22999572753906 -10.524024963378906
vertex 80.13516235351562 -46.22999572753906 -15.44229793548584
endloop
endfacet
facet normal -0.9238806955930114 -0.3826806244252933 -2.023592412962159e-7
outer loop
vertex -61.51247024536133 -46.99510955810547 -1
vertex -61.055747985839844 -48.09773635864258 -15.65849494934082
vertex -61.201812744140625 -47.74510955810547 -1
endloop
endfacet
facet normal -1 0 0
outer loop
vertex -61.51247024536133 -46.99510955810547 -15.611841201782227
vertex -61.51247024536133 -46.99510955810547 -1
vertex -61.51247024536133 -27.245107650756836 -1
endloop
endfacet
facet normal 0.9999958164157673 0.0028926027587894186 -4.926245058917074e-7
outer loop
vertex 81.83644104003906 -24.716577529907227 -1
vertex 81.89356994628906 -44.466495513916016 -1
vertex 81.69840240478516 23.003063201904297 -9.309226036071777
endloop
endfacet
facet normal 0.8717035579130373 0.4900335775452045 0
outer loop
vertex 77.4299545288086 27.78953742980957 -1
vertex 76.95002746582031 28.64326286315918 -8.928003311157227
vertex 76.95002746582031 28.64326286315918 -1
endloop
endfacet
facet normal 0.9999958163054925 0.0028926409176523596 -1.827781790971236e-7
outer loop
vertex 81.69840240478516 23.003063201904297 -9.309226036071777
vertex 81.89356994628906 -44.466495513916016 -1
vertex 81.8930435180664 -44.28541946411133 -15.432955741882324
endloop
endfacet
facet normal 0 -1 0
outer loop
vertex -49.673709869384766 -50.97999572753906 -1.6591570377349854
vertex -48.92758560180664 -50.97999572753906 -4
vertex -48.92758560180664 -50.97999572753906 -1.6661099195480347
endloop
endfacet
facet normal 0 -1 0
outer loop
vertex -51.56849670410156 -50.97999572753906 -1.5949000120162964
vertex -48.92758560180664 -50.97999572753906 -4
vertex -50.89339065551758 -50.97999572753906 -1.6254053115844727
endloop
endfacet
facet normal 0 -1 0
outer loop
vertex -52.28036117553711 -50.97999572753906 -1.5589157342910767
vertex -48.92758560180664 -50.97999572753906 -4
vertex -51.56849670410156 -50.97999572753906 -1.5949000120162964
endloop
endfacet
facet normal 0 -1 0
outer loop
vertex -50.89339065551758 -50.97999572753906 -1.6254053115844727
vertex -48.92758560180664 -50.97999572753906 -4
vertex -49.673709869384766 -50.97999572753906 -1.6591570377349854
endloop
endfacet
facet normal 0.0007207292077497897 0.999999723642199 0.0001823867721642701
outer loop
vertex 70.1352310180664 46.06510543823242 -7.411455154418945
vertex -47.32758712768555 46.148868560791016 -2.5
vertex 70.13516235351562 46.06439208984375 -3.5
endloop
endfacet
facet normal 0.0003566302966178818 0.9998425968334594 -0.01773849971546934
outer loop
vertex 70.13516235351562 46.06439208984375 -3.5
vertex -47.32758712768555 46.148868560791016 -1.100000023841858
vertex 72.13509368896484 46.06367874145508 -3.5
endloop
endfacet
facet normal -0.35980449451834157 0.9330277196977594 0
outer loop
vertex -77.52500915527344 46.17040252685547 -1
vertex -78.56909942626953 45.76776885986328 -7.3821587562561035
vertex -78.56909942626953 45.76776885986328 -1
endloop
endfacet
facet normal 0.0007130478609037585 0.9999997457768559 -0.000002995276935070426
outer loop
vertex 72.13509368896484 46.06367874145508 -3.5
vertex -47.32758712768555 46.148868560791016 -1.100000023841858
vertex 69.9351577758789 46.065250396728516 -2.5
endloop
endfacet
facet normal 0.0007130836215017556 0.9999997457558419 0
outer loop
vertex 69.9351577758789 46.065250396728516 -2.5
vertex -47.32758712768555 46.148868560791016 -1.100000023841858
vertex 69.9351577758789 46.065250396728516 -1.100000023841858
endloop
endfacet
facet normal 0.0007130836214579094 0.9999997456943537 0.000011089483223351814
outer loop
vertex 69.9351577758789 46.065250396728516 -1.100000023841858
vertex -47.32758712768555 46.148868560791016 -1.100000023841858
vertex 73.11125183105469 46.062984466552734 -1
endloop
endfacet
facet normal 0 -1 0
outer loop
vertex 1.7827205657958984 -46.22999572753906 -15.44229793548584
vertex 3.039368152618408 -46.22999572753906 -11.010660171508789
vertex 2.7142088413238525 -46.22999572753906 -10.524024963378906
endloop
endfacet
facet normal 0 -1 0
outer loop
vertex 1.7827205657958984 -46.22999572753906 -15.44229793548584
vertex 4.100028038024902 -46.22999572753906 -11.449999809265137
vertex 3.526003122329712 -46.22999572753906 -11.335819244384766
endloop
endfacet
facet normal 0 -1 0
outer loop
vertex 3.039368152618408 -46.22999572753906 -11.010660171508789
vertex 1.7827205657958984 -46.22999572753906 -15.44229793548584
vertex 3.526003122329712 -46.22999572753906 -11.335819244384766
endloop
endfacet
facet normal 0 -1 0
outer loop
vertex 1.7827205657958984 -46.22999572753906 -15.44229793548584
vertex 2.7142088413238525 -46.22999572753906 -10.524024963378906
vertex 2.6000282764434814 -46.22999572753906 -9.949999809265137
endloop
endfacet
facet normal 0 -1 0
outer loop
vertex 4.100028038024902 -46.22999572753906 -11.449999809265137
vertex 1.7827205657958984 -46.22999572753906 -15.44229793548584
vertex 16.10002899169922 -46.22999572753906 -11.449999809265137
endloop
endfacet
facet normal 0 -1 0
outer loop
vertex 75.63516235351562 -46.22999572753906 -1
vertex 77.13516235351562 -46.22999572753906 -4
vertex 80.13516235351562 -46.22999572753906 -1
endloop
endfacet
facet normal 0.9999958157201428 0.002892843181658922 7.295441239354506e-7
outer loop
vertex 81.69840240478516 23.003063201904297 -9.309226036071777
vertex 81.7663345336914 -0.48175859451293945 -1
vertex 81.82563781738281 -20.981672286987305 -1
endloop
endfacet
facet normal 0.9999958167393302 0.0028924909280907056 -2.6605781015147595e-7
outer loop
vertex 81.69840240478516 23.003063201904297 -9.309226036071777
vertex 81.75553131103516 3.253145933151245 -1
vertex 81.7663345336914 -0.48175859451293945 -1
endloop
endfacet
facet normal 0 -1 0
outer loop
vertex 75.63516235351562 -46.22999572753906 -1.5076520442962646
vertex 77.13516235351562 -46.22999572753906 -4
vertex 75.63516235351562 -46.22999572753906 -1
endloop
endfacet
facet normal 0 -1 0
outer loop
vertex -57.527584075927734 -50.97999572753906 -1
vertex -53.027584075927734 -50.97999572753906 -1.5076520442962646
vertex -53.027584075927734 -50.97999572753906 -1
endloop
endfacet
facet normal 0 -1 0
outer loop
vertex 74.887939453125 -46.22999572753906 -1.5589157342910767
vertex 77.13516235351562 -46.22999572753906 -4
vertex 75.63516235351562 -46.22999572753906 -1.5076520442962646
endloop
endfacet
facet normal 0 -1 0
outer loop
vertex 74.17607116699219 -46.22999572753906 -1.5949000120162964
vertex 77.13516235351562 -46.22999572753906 -4
vertex 74.887939453125 -46.22999572753906 -1.5589157342910767
endloop
endfacet
facet normal 0.9999958164155858 0.002892602863546331 0
outer loop
vertex 81.69840240478516 23.003063201904297 -9.309226036071777
vertex 81.69840240478516 23.003063201904297 -1
vertex 81.75553131103516 3.253145933151245 -1
endloop
endfacet
facet normal 0.9323880542433146 0.36145887221697254 0
outer loop
vertex 81.6304931640625 23.17823600769043 -9.36098861694336
vertex 81.69840240478516 23.003063201904297 -1
vertex 81.69840240478516 23.003063201904297 -9.309226036071777
endloop
endfacet
facet normal 0.9323759751400889 0.3614900288818551 7.50878086637979e-7
outer loop
vertex 81.69840240478516 23.003063201904297 -1
vertex 81.6304931640625 23.17823600769043 -9.36098861694336
vertex 81.29591369628906 24.041202545166016 -9.282452583312988
endloop
endfacet
facet normal 0.7406002735039651 0.6719458571089126 -1.4399002639194978e-7
outer loop
vertex 81.18306732177734 24.165576934814453 -9.333720207214355
vertex 79.15505981445312 26.40079116821289 -9.13029956817627
vertex 81.29591369628906 24.041202545166016 -1
endloop
endfacet
facet normal 0.7405954722198397 0.6719511489144674 0
outer loop
vertex 81.29591369628906 24.041202545166016 -9.282452583312988
vertex 81.18306732177734 24.165576934814453 -9.333720207214355
vertex 81.29591369628906 24.041202545166016 -1
endloop
endfacet
facet normal 0.5197321888565969 0.8543292409055955 0
outer loop
vertex 78.07827758789062 27.05585289001465 -9.11689567565918
vertex 79.15505981445312 26.40079116821289 -1
vertex 79.15505981445312 26.40079116821289 -9.13029956817627
endloop
endfacet
facet normal 0.8717042006427491 0.4900324342140894 0
outer loop
vertex 77.71981048583984 27.273929595947266 -9.141395568847656
vertex 77.66841125488281 27.3653621673584 -9.091423034667969
vertex 77.71981048583984 27.273929595947266 -1
endloop
endfacet
facet normal 0.5197379558259243 0.8543257325357161 -0.000001096283145586308
outer loop
vertex 78.00316619873047 27.101547241210938 -9.107186317443848
vertex 77.71981048583984 27.273929595947266 -9.141395568847656
vertex 79.15505981445312 26.40079116821289 -1
endloop
endfacet
facet normal 0.5197342301858682 0.8543279990571334 -3.710229365964709e-7
outer loop
vertex 78.07827758789062 27.05585289001465 -9.11689567565918
vertex 78.00316619873047 27.101547241210938 -9.107186317443848
vertex 79.15505981445312 26.40079116821289 -1
endloop
endfacet
facet normal 0.8716990097231035 0.49004166807297284 1.3731635767250727e-7
outer loop
vertex 77.71981048583984 27.273929595947266 -1
vertex 77.66841125488281 27.3653621673584 -9.091423034667969
vertex 77.46302795410156 27.730703353881836 -8.9789457321167
endloop
endfacet
facet normal 0.8716992184058664 0.4900412968614397 9.796424671952365e-7
outer loop
vertex 77.38227081298828 27.874370574951172 -8.969268798828125
vertex 77.12310791015625 28.335376739501953 -8.927313804626465
vertex 77.71981048583984 27.273929595947266 -1
endloop
endfacet
facet normal 0.8717091949485501 0.49002354988055286 -0.0000021475846737790155
outer loop
vertex 77.12310791015625 28.335376739501953 -8.927313804626465
vertex 77.00199127197266 28.550832748413086 -8.912802696228027
vertex 77.71981048583984 27.273929595947266 -1
endloop
endfacet
facet normal 0.8716884862838303 0.4900603869402149 0.000005675488567890572
outer loop
vertex 77.00199127197266 28.550832748413086 -8.912802696228027
vertex 76.95002746582031 28.64326286315918 -8.928003311157227
vertex 77.71981048583984 27.273929595947266 -1
endloop
endfacet
facet normal 0.8717197606625033 0.49000475391930504 -0.0000026437397106184853
outer loop
vertex 77.46302795410156 27.730703353881836 -8.9789457321167
vertex 77.38227081298828 27.874370574951172 -8.969268798828125
vertex 77.71981048583984 27.273929595947266 -1
endloop
endfacet
facet normal 1 0 0
outer loop
vertex 76.95002746582031 28.951942443847656 -8.806652069091797
vertex 76.95002746582031 28.64326286315918 -1
vertex 76.95002746582031 28.64326286315918 -8.928003311157227
endloop
endfacet
facet normal 1 0 0
outer loop
vertex 76.95002746582031 28.64326286315918 -1
vertex 76.95002746582031 28.951942443847656 -8.806652069091797
vertex 76.95002746582031 29.344579696655273 -8.731575012207031
endloop
endfacet
facet normal 1 0 0
outer loop
vertex 76.95002746582031 28.64326286315918 -1
vertex 76.95002746582031 29.344579696655273 -8.731575012207031
vertex 76.95002746582031 41.99663162231445 -7.580148220062256
endloop
endfacet
facet normal 0.0007111036658908888 0.9999997471657562 0
outer loop
vertex 73.06851196289062 46.06301498413086 -7.411645889282227
vertex 72.13509368896484 46.06367874145508 -7.411585330963135
vertex 72.13509368896484 46.06367874145508 -3.5
endloop
endfacet
facet normal 0.0007137497764569849 0.9999997452803966 6.314296535407337e-7
outer loop
vertex 73.11125183105469 46.062984466552734 -7.392642974853516
vertex 73.06851196289062 46.06301498413086 -7.411645889282227
vertex 72.13509368896484 46.06367874145508 -3.5
endloop
endfacet
facet normal 0.7405868741726649 0.6719606251880844 0
outer loop
vertex 76.43450927734375 43.16398620605469 -7.604729652404785
vertex 76.54742431640625 43.0395393371582 -1
vertex 76.54742431640625 43.0395393371582 -7.5532050132751465
endloop
endfacet
facet normal 0 -1 0
outer loop
vertex -57.527584075927734 -50.97999572753906 -1
vertex -48.92758560180664 -50.97999572753906 -4
vertex -53.027584075927734 -50.97999572753906 -1.5076520442962646
endloop
endfacet
facet normal 0 -1 0
outer loop
vertex -53.027584075927734 -50.97999572753906 -1.5076520442962646
vertex -48.92758560180664 -50.97999572753906 -4
vertex -52.28036117553711 -50.97999572753906 -1.5589157342910767
endloop
endfacet
facet normal 0 -1 0
outer loop
vertex 73.50096893310547 -46.22999572753906 -1.6254053115844727
vertex 71.53516387939453 -46.22999572753906 -4
vertex 74.17607116699219 -46.22999572753906 -1.5949000120162964
endloop
endfacet
facet normal 0 -1 0
outer loop
vertex 72.28128814697266 -46.22999572753906 -1.6591570377349854
vertex 71.53516387939453 -46.22999572753906 -4
vertex 73.50096893310547 -46.22999572753906 -1.6254053115844727
endloop
endfacet
facet normal 0 -1 0
outer loop
vertex 71.53516387939453 -46.22999572753906 -4
vertex 72.28128814697266 -46.22999572753906 -1.6591570377349854
vertex 71.53516387939453 -46.22999572753906 -1.6661099195480347
endloop
endfacet
facet normal 0.4053296475734957 0.914170595019297 1.0041765159464729e-7
outer loop
vertex 74.16156768798828 45.5972900390625 -7.435024261474609
vertex 73.11125183105469 46.062984466552734 -7.392642974853516
vertex 74.27066802978516 45.54891586303711 -1
endloop
endfacet
facet normal 0.7406007052417638 0.6719453812588699 -5.23684563948282e-7
outer loop
vertex 76.54742431640625 43.0395393371582 -1
vertex 76.43450927734375 43.16398620605469 -7.604729652404785
vertex 74.27066802978516 45.54891586303711 -7.387683868408203
endloop
endfacet
facet normal 0.4053345973668681 0.9141684003384929 0
outer loop
vertex 74.27066802978516 45.54891586303711 -7.387683868408203
vertex 74.16156768798828 45.5972900390625 -7.435024261474609
vertex 74.27066802978516 45.54891586303711 -1
endloop
endfacet
facet normal 0.9329018375432414 0.36013075612677636 0
outer loop
vertex 76.95002746582031 41.99663162231445 -7.580148220062256
vertex 76.88233947753906 42.171974182128906 -7.63215970993042
vertex 76.95002746582031 41.99663162231445 -1
endloop
endfacet
facet normal 0.9328994910152976 0.36013683463839774 1.84653807670414e-7
outer loop
vertex 76.88233947753906 42.171974182128906 -7.63215970993042
vertex 76.54742431640625 43.0395393371582 -7.5532050132751465
vertex 76.95002746582031 41.99663162231445 -1
endloop
endfacet
facet normal 0 -1 0
outer loop
vertex 77.13516235351562 -46.22999572753906 -4
vertex 74.17607116699219 -46.22999572753906 -1.5949000120162964
vertex 71.53516387939453 -46.22999572753906 -4
endloop
endfacet
facet normal 0 -1 0
outer loop
vertex 70.73516082763672 -46.22999572753906 -1.6661099195480347
vertex 65.13516235351562 -46.22999572753906 -4
vertex 70.73516082763672 -46.22999572753906 -4
endloop
endfacet
facet normal 0 -1 0
outer loop
vertex 68.09424591064453 -46.22999572753906 -1.5949000120162964
vertex 17.48584747314453 -46.22999572753906 -4.375974655151367
vertex 68.76935577392578 -46.22999572753906 -1.6254053115844727
endloop
endfacet
facet normal 0.9323783397081795 0.36148392999274803 -1.2847601964753504e-7
outer loop
vertex 81.40795135498047 23.752225875854492 -1
vertex 81.69840240478516 23.003063201904297 -1
vertex 81.29591369628906 24.041202545166016 -9.282452583312988
endloop
endfacet
facet normal 0.9323770986253609 0.3614871311111282 0
outer loop
vertex 81.40795135498047 23.752225875854492 -1
vertex 81.29591369628906 24.041202545166016 -9.282452583312988
vertex 81.29591369628906 24.041202545166016 -1
endloop
endfacet
facet normal 0 -1 0
outer loop
vertex -48.127586364746094 -50.97999572753906 -4
vertex -42.527584075927734 -50.97999572753906 -4
vertex -48.127586364746094 -50.97999572753906 -1.6661099195480347
endloop
endfacet
facet normal 0.5197283197064637 0.8543315946955817 0
outer loop
vertex 77.71981048583984 27.273929595947266 -9.141395568847656
vertex 77.71981048583984 27.273929595947266 -1
vertex 77.8947982788086 27.167476654052734 -1
endloop
endfacet
facet normal 0.8717008093955497 0.49003846675405305 6.928768383106947e-7
outer loop
vertex 77.71981048583984 27.273929595947266 -1
vertex 76.95002746582031 28.64326286315918 -8.928003311157227
vertex 77.4299545288086 27.78953742980957 -1
endloop
endfacet
facet normal -1 0 0
outer loop
vertex -61.51247024536133 -46.99510955810547 -15.611841201782227
vertex -61.51247024536133 -27.245107650756836 -1
vertex -61.51247024536133 -15.208282470703125 -1
endloop
endfacet
facet normal 0 -1 0
outer loop
vertex -57.527584075927734 -50.97999572753906 -15.874582290649414
vertex -54.527584075927734 -50.97999572753906 -5
vertex -57.527584075927734 -50.97999572753906 -1
endloop
endfacet
facet normal -0.7071067811865475 -0.7071067811865475 0
outer loop
vertex -61.055747985839844 -48.09773635864258 -1
vertex -58.630210876464844 -50.52327346801758 -15.844837188720703
vertex -58.630210876464844 -50.52327346801758 -1
endloop
endfacet
facet normal -0.382682920653228 -0.9238797444691139 0
outer loop
vertex -58.630210876464844 -50.52327346801758 -1
vertex -57.527584075927734 -50.97999572753906 -15.874582290649414
vertex -57.527584075927734 -50.97999572753906 -1
endloop
endfacet
facet normal -0.9238777215164288 -0.382687804464177 0
outer loop
vertex -61.055747985839844 -48.09773635864258 -15.65849494934082
vertex -61.055747985839844 -48.09773635864258 -1
vertex -61.201812744140625 -47.74510955810547 -1
endloop
endfacet
facet normal 0 -1 0
outer loop
vertex 17.48584747314453 -46.22999572753906 -10.524024963378906
vertex 17.160688400268555 -46.22999572753906 -11.010660171508789
vertex 80.13516235351562 -46.22999572753906 -15.44229793548584
endloop
endfacet
facet normal 0 -1 0
outer loop
vertex 17.160688400268555 -46.22999572753906 -11.010660171508789
vertex 16.674053192138672 -46.22999572753906 -11.335819244384766
vertex 80.13516235351562 -46.22999572753906 -15.44229793548584
endloop
endfacet
facet normal -1 0 0
outer loop
vertex -61.51247024536133 -15.208282470703125 -1
vertex -61.51247024536133 4.541718006134033 -1
vertex -61.51247024536133 -46.99510955810547 -15.611841201782227
endloop
endfacet
facet normal 0 -1 0
outer loop
vertex 77.13516235351562 -46.22999572753906 -4
vertex 80.13516235351562 -46.22999572753906 -15.44229793548584
vertex 80.13516235351562 -46.22999572753906 -1
endloop
endfacet
facet normal 0.7081290479708144 -0.706083034366306 1.3349031585841788e-7
outer loop
vertex 80.13516235351562 -46.22999572753906 -1
vertex 81.89356994628906 -44.466495513916016 -15.328190803527832
vertex 81.14356994628906 -45.218666076660156 -1
endloop
endfacet
facet normal 0.7081277765404452 -0.7060843094786099 0
outer loop
vertex 81.89356994628906 -44.466495513916016 -15.328190803527832
vertex 81.89356994628906 -44.466495513916016 -1
vertex 81.14356994628906 -45.218666076660156 -1
endloop
endfacet
facet normal 0.5197341247595391 0.8543280631937632 -1.7094761848104313e-7
outer loop
vertex 79.15505981445312 26.40079116821289 -1
vertex 77.71981048583984 27.273929595947266 -9.141395568847656
vertex 77.8947982788086 27.167476654052734 -1
endloop
endfacet
facet normal 0.7406009861355418 0.6719450716649017 -5.595915428172515e-7
outer loop
vertex 81.29591369628906 24.041202545166016 -1
vertex 79.15505981445312 26.40079116821289 -9.13029956817627
vertex 79.82047271728516 25.667396545410156 -1
endloop
endfacet
facet normal 0.740597898988606 0.6719484742252658 0
outer loop
vertex 79.82047271728516 25.667396545410156 -1
vertex 79.15505981445312 26.40079116821289 -9.13029956817627
vertex 79.15505981445312 26.40079116821289 -1
endloop
endfacet
facet normal -0.9999939725385152 0.003472014780977473 0
outer loop
vertex -81.701904296875 10.451103210449219 -10.387940406799316
vertex -81.59119415283203 42.337337493896484 -1
vertex -81.59119415283203 42.337337493896484 -7.549775123596191
endloop
endfacet
facet normal 0 -1 0
outer loop
vertex 1.7827205657958984 -46.22999572753906 -15.44229793548584
vertex 2.6000282764434814 -46.22999572753906 -9.949999809265137
vertex 2.6000282764434814 -46.22999572753906 -4.949999809265137
endloop
endfacet
facet normal 0 -1 0
outer loop
vertex 1.1739445924758911 -46.22999572753906 -1
vertex 1.4185928106307983 -46.22999572753906 -15.475305557250977
vertex 1.7827205657958984 -46.22999572753906 -15.44229793548584
endloop
endfacet
facet normal 0 -1 0
outer loop
vertex 1.4185928106307983 -46.22999572753906 -15.475305557250977
vertex 1.1739445924758911 -46.22999572753906 -1
vertex 1.1739445924758911 -46.22999572753906 -15.5411958694458
endloop
endfacet
facet normal 0.5555731742507155 -0.8314676470270543 5.271560751897076e-7
outer loop
vertex 1.0577938556671143 -46.3076057434082 -15.510351181030273
vertex 1.1739445924758911 -46.22999572753906 -15.5411958694458
vertex -0.33939674496650696 -47.24117660522461 -1
endloop
endfacet
facet normal 0.5555698444569174 -0.831469871931697 6.338626992657651e-8
outer loop
vertex -0.33939674496650696 -47.24117660522461 -1
vertex 0.7465106844902039 -46.51559829711914 -15.494637489318848
vertex 1.0577938556671143 -46.3076057434082 -15.510351181030273
endloop
endfacet
facet normal -0.9136089013217873 0.40659411380703536 -0.00004520031454612011
outer loop
vertex -81.07727813720703 43.49209976196289 -7.521132946014404
vertex -81.51448059082031 42.50970458984375 -7.610537528991699
vertex -81.59119415283203 42.337337493896484 -7.549775123596191
endloop
endfacet
facet normal -0.6719463214373446 0.7405998521634409 0.000009072504582728026
outer loop
vertex -78.56909942626953 45.76776885986328 -7.3821587562561035
vertex -80.9573974609375 43.600868225097656 -7.579362392425537
vertex -81.07727813720703 43.49209976196289 -7.521132946014404
endloop
endfacet
facet normal 0.555567820022265 -0.83147122461074 -1.5599301453069193e-7
outer loop
vertex -0.33939674496650696 -47.24117660522461 -1
vertex 0.24209728837013245 -46.85263442993164 -15.525310516357422
vertex 0.7465106844902039 -46.51559829711914 -15.494637489318848
endloop
endfacet
facet normal -0.3598043629886027 0.9330277698549321 0.00003246379076066165
outer loop
vertex -77.52500915527344 46.17040252685547 -7.3870110511779785
vertex -78.46955871582031 45.806156158447266 -7.420160293579102
vertex -78.56909942626953 45.76776885986328 -7.3821587562561035
endloop
endfacet
facet normal 0 -1 0
outer loop
vertex 16.10002899169922 -46.22999572753906 -11.449999809265137
vertex 1.7827205657958984 -46.22999572753906 -15.44229793548584
vertex 16.674053192138672 -46.22999572753906 -11.335819244384766
endloop
endfacet
facet normal 0 -1 0
outer loop
vertex 66.63516235351562 -46.22999572753906 -1
vertex 16.10002899169922 -46.22999572753906 -3.450000047683716
vertex 66.63516235351562 -46.22999572753906 -1.5076520442962646
endloop
endfacet
facet normal 0 -1 0
outer loop
vertex 16.10002899169922 -46.22999572753906 -3.450000047683716
vertex 67.38238525390625 -46.22999572753906 -1.5589157342910767
vertex 66.63516235351562 -46.22999572753906 -1.5076520442962646
endloop
endfacet
facet normal 0.0007131225609858289 0.9999997457280742 0
outer loop
vertex -47.52765655517578 46.14901351928711 -3.5
vertex 70.1352310180664 46.06510543823242 -7.411455154418945
vertex -47.52765655517578 46.14901351928711 -7.4038190841674805
endloop
endfacet
facet normal 0.0007130029146033474 0.9999997458131691 -6.640874566746828e-7
outer loop
vertex -77.4875717163086 46.17037582397461 -7.401875019073486
vertex -77.52500915527344 46.17040252685547 -7.3870110511779785
vertex -49.52751541137695 46.15044021606445 -7.403689384460449
endloop
endfacet
facet normal -0.9136093187176778 0.4065931784378838 0
outer loop
vertex -81.07727813720703 43.49209976196289 -7.521132946014404
vertex -81.59119415283203 42.337337493896484 -7.549775123596191
vertex -81.07727813720703 43.49209976196289 -1
endloop
endfacet
facet normal -0.6719460457436894 0.7406001023557988 0
outer loop
vertex -78.56909942626953 45.76776885986328 -7.3821587562561035
vertex -81.07727813720703 43.49209976196289 -7.521132946014404
vertex -78.56909942626953 45.76776885986328 -1
endloop
endfacet
facet normal 0.0007131980004986178 0.9999997456716988 0.0000022693435797635725
outer loop
vertex 70.1352310180664 46.06510543823242 -7.411455154418945
vertex -47.52765655517578 46.14901351928711 -3.5
vertex -47.32758712768555 46.148868560791016 -2.5
endloop
endfacet
facet normal 0.000713095454454923 0.9999997456917556 0.000010549738311966665
outer loop
vertex -49.72758483886719 46.15058135986328 -1.100000023841858
vertex -77.52500915527344 46.17040252685547 -1
vertex 73.11125183105469 46.062984466552734 -1
endloop
endfacet
facet normal 0.0007191765004150556 0.9999997413925472 0
outer loop
vertex -47.32758712768555 46.148868560791016 -2.5
vertex -47.32758712768555 46.148868560791016 -1.100000023841858
vertex 70.13516235351562 46.06439208984375 -3.5
endloop
endfacet
facet normal 0.00071366660846523 0.9999995064206172 -0.0006912586303024143
outer loop
vertex -47.32758712768555 46.148868560791016 -1.100000023841858
vertex -49.72758483886719 46.15058135986328 -1.100000023841858
vertex 73.11125183105469 46.062984466552734 -1
endloop
endfacet
facet normal 0.0007131121635793694 0.9999997290368002 0.00018274946868132659
outer loop
vertex -49.52751541137695 46.15044021606445 -7.403689384460449
vertex -77.52500915527344 46.17040252685547 -7.3870110511779785
vertex -49.527584075927734 46.14972686767578 -3.5
endloop
endfacet
facet normal -0.3598044945183415 0.9330277196977594 0
outer loop
vertex -77.52500915527344 46.17040252685547 -7.3870110511779785
vertex -78.56909942626953 45.76776885986328 -7.3821587562561035
vertex -77.52500915527344 46.17040252685547 -1
endloop
endfacet
facet normal 0 -1 0
outer loop
vertex 67.38238525390625 -46.22999572753906 -1.5589157342910767
vertex 17.160688400268555 -46.22999572753906 -3.8893399238586426
vertex 68.09424591064453 -46.22999572753906 -1.5949000120162964
endloop
endfacet
facet normal 0 -1 0
outer loop
vertex 17.48584747314453 -46.22999572753906 -4.375974655151367
vertex 65.13516235351562 -46.22999572753906 -5
vertex 65.13516235351562 -46.22999572753906 -4
endloop
endfacet
facet normal 0 -1 0
outer loop
vertex -57.527584075927734 -50.97999572753906 -1
vertex -54.527584075927734 -50.97999572753906 -5
vertex -54.527584075927734 -50.97999572753906 -4
endloop
endfacet
facet normal 0 -1 0
outer loop
vertex -57.527584075927734 -50.97999572753906 -1
vertex -54.527584075927734 -50.97999572753906 -4
vertex -48.92758560180664 -50.97999572753906 -4
endloop
endfacet
facet normal 0 -1 0
outer loop
vertex 17.48584747314453 -46.22999572753906 -4.375974655151367
vertex 65.13516235351562 -46.22999572753906 -4
vertex 70.73516082763672 -46.22999572753906 -1.6661099195480347
endloop
endfacet
facet normal 0 -1 0
outer loop
vertex 68.76935577392578 -46.22999572753906 -1.6254053115844727
vertex 17.48584747314453 -46.22999572753906 -4.375974655151367
vertex 69.9890365600586 -46.22999572753906 -1.6591570377349854
endloop
endfacet
facet normal 0 -1 0
outer loop
vertex 69.9890365600586 -46.22999572753906 -1.6591570377349854
vertex 17.48584747314453 -46.22999572753906 -4.375974655151367
vertex 70.73516082763672 -46.22999572753906 -1.6661099195480347
endloop
endfacet
facet normal -2.96573782148246e-7 0.09063231330059662 -0.9958844229054366
outer loop
vertex -1.483193039894104 -47.154022216796875 -16.68522834777832
vertex -31.323692321777344 -14.829994201660156 -13.743511199951172
vertex -32.423484802246094 -13.259330749511719 -13.600569725036621
endloop
endfacet
facet normal -0.000013257122421038935 0.09063797060613422 -0.9958839079474325
outer loop
vertex 1.7827205657958984 -44.97608184814453 -16.48702049255371
vertex 9.953581809997559 -24.883548736572266 -14.658455848693848
vertex 10.061967849731445 -24.721336364746094 -14.643693923950195
endloop
endfacet
facet normal 3.1166687797710405e-7 0.09064848010702391 -0.9958829514828484
outer loop
vertex 75.69145965576172 42.78707504272461 -8.499946594238281
vertex -48.527584075927734 45.14972686767578 -8.284929275512695
vertex -48.332496643066406 45.168941497802734 -8.283180236816406
endloop
endfacet
facet normal -1.0477037921343555e-9 0.09063176581985727 -0.9958844727298315
outer loop
vertex -47.972015380859375 45.31825637817383 -8.269591331481934
vertex -47.827484130859375 45.43687057495117 -8.258796691894531
vertex 70.43384552001953 45.352535247802734 -8.266471862792969
endloop
endfacet
facet normal -2.854180503598784e-8 0.09062895457725122 -0.9958847285666317
outer loop
vertex -77.34080505371094 45.457916259765625 -8.256881713867188
vertex -48.91027069091797 45.22584533691406 -8.27800178527832
vertex -48.72267532348633 45.168941497802734 -8.283180236816406
endloop
endfacet
facet normal 2.2530399261653298e-7 0.09065388725081454 -0.9958824592923935
outer loop
vertex -77.34080505371094 45.457916259765625 -8.256881713867188
vertex -48.72267532348633 45.168941497802734 -8.283180236816406
vertex -48.527584075927734 45.14972686767578 -8.284929275512695
endloop
endfacet
facet normal 5.566496419554994e-9 0.09063674058930656 -0.9958840199819188
outer loop
vertex -48.144901275634766 45.22584533691406 -8.27800178527832
vertex -47.972015380859375 45.31825637817383 -8.269591331481934
vertex 70.57958984375 45.2329216003418 -8.27735710144043
endloop
endfacet
facet normal -2.9174352564182126e-9 0.0906290574373441 -0.9958847192060025
outer loop
vertex -48.332496643066406 45.168941497802734 -8.283180236816406
vertex -48.144901275634766 45.22584533691406 -8.27800178527832
vertex 70.75247955322266 45.1405143737793 -8.285767555236816
endloop
endfacet
facet normal -1.8918484208487217e-8 0.09063124199661869 -0.9958845204009097
outer loop
vertex -48.527584075927734 45.14972686767578 -8.284929275512695
vertex 75.69145965576172 42.78707504272461 -8.499946594238281
vertex -77.34080505371094 45.457916259765625 -8.256881713867188
endloop
endfacet
facet normal -2.375937520208286e-8 0.09063254776344741 -0.995884401567725
outer loop
vertex 79.72402954101562 -44.97608184814453 -16.48702049255371
vertex 10.100028038024902 -24.52999496459961 -14.626279830932617
vertex 10.100028038024902 -10.52999496459961 -13.352180480957031
endloop
endfacet
facet normal -0.0000010908167413268034 0.09063040869457904 -0.9958845962352585
outer loop
vertex 79.72402954101562 -44.97608184814453 -16.48702049255371
vertex 10.100028038024902 -10.52999496459961 -13.352180480957031
vertex 10.061967849731445 -10.338652610778809 -13.33476734161377
endloop
endfacet
facet normal 0.0000022043888408953343 0.09063698150322547 -0.9958839980535508
outer loop
vertex 10.061967849731445 -10.338652610778809 -13.33476734161377
vertex 9.953581809997559 -10.176441192626953 -13.3200044631958
vertex 79.72402954101562 -44.97608184814453 -16.48702049255371
endloop
endfacet
facet normal -9.191400123152472e-7 0.09063077052416073 -0.9958845633070894
outer loop
vertex 79.72402954101562 -44.97608184814453 -16.48702049255371
vertex 9.953581809997559 -10.176441192626953 -13.3200044631958
vertex 9.791370391845703 -10.068055152893066 -13.310140609741211
endloop
endfacet
facet normal -1.984406899241598e-8 0.09063256383442998 -0.9958844001051516
outer loop
vertex -80.60426330566406 42.398746490478516 -8.535287857055664
vertex -1.483193039894104 -47.154022216796875 -16.68522834777832
vertex -32.423484802246094 -13.259330749511719 -13.600569725036621
endloop
endfacet
facet normal -0.000001180790215567967 0.09063150575431521 -0.9958844963967013
outer loop
vertex -80.60426330566406 42.398746490478516 -8.535287857055664
vertex 0.11813616007566452 -45.480674743652344 -16.532941818237305
vertex -0.3862771987915039 -45.81771469116211 -16.563613891601562
endloop
endfacet
facet normal 7.936809183591793e-7 0.09063328645442434 -0.9958843343410119
outer loop
vertex -0.3862771987915039 -45.81771469116211 -16.563613891601562
vertex -0.834282636642456 -46.1845817565918 -16.597002029418945
vertex -80.60426330566406 42.398746490478516 -8.535287857055664
endloop
endfacet
facet normal 1.7947229145805008e-8 0.0906325936383241 -0.9958843973927847
outer loop
vertex -0.834282636642456 -46.1845817565918 -16.597002029418945
vertex -1.2058357000350952 -46.63545608520508 -16.63803482055664
vertex -80.60426330566406 42.398746490478516 -8.535287857055664
endloop
endfacet
facet normal 4.2205710461618114e-7 0.0906329510529599 -0.995884364865346
outer loop
vertex -1.2058357000350952 -46.63545608520508 -16.63803482055664
vertex -1.483193039894104 -47.154022216796875 -16.68522834777832
vertex -80.60426330566406 42.398746490478516 -8.535287857055664
endloop
endfacet
facet normal -7.817246121046349e-7 0.0906318691039357 -0.9958844633300169
outer loop
vertex -1.483193039894104 -47.154022216796875 -16.68522834777832
vertex -30.51335334777832 -16.567773818969727 -13.901660919189453
vertex -31.323692321777344 -14.829994201660156 -13.743511199951172
endloop
endfacet
facet normal -5.963039421805365e-7 0.09063155548517633 -0.9958844918714127
outer loop
vertex 79.72402954101562 -44.97608184814453 -16.48702049255371
vertex -78.04036712646484 45.18814468383789 -8.281432151794434
vertex -77.34080505371094 45.457916259765625 -8.256881713867188
endloop
endfacet
facet normal 6.232244120399822e-7 0.09063319162211884 -0.9958843429716123
outer loop
vertex -1.483193039894104 -47.154022216796875 -16.68522834777832
vertex -30.017086029052734 -18.419864654541016 -14.070215225219727
vertex -30.51335334777832 -16.567773818969727 -13.901660919189453
endloop
endfacet
facet normal 1.0483396102645872e-7 0.09063277222035393 -0.995884381140523
outer loop
vertex 79.72402954101562 -44.97608184814453 -16.48702049255371
vertex -80.25852966308594 43.17560577392578 -8.464588165283203
vertex -78.04036712646484 45.18814468383789 -8.281432151794434
endloop
endfacet
facet normal 5.246871875476759e-7 0.09063285681480154 -0.9958843734416725
outer loop
vertex 0.11813616007566452 -45.480674743652344 -16.532941818237305
vertex -9.591313362121582 -24.991933822631836 -14.668319702148438
vertex -9.399971961975098 -25.02999496459961 -14.671783447265625
endloop
endfacet
facet normal 0.000018289182180843193 0.09064130537568664 -0.9958836043561001
outer loop
vertex -9.753524780273438 -24.883548736572266 -14.658455848693848
vertex 0.11813616007566452 -45.480674743652344 -16.532941818237305
vertex -9.86191177368164 -24.721336364746094 -14.643693923950195
endloop
endfacet
facet normal -3.1106449281343313e-7 0.09063246401212244 -0.995884409189638
outer loop
vertex 0.11813616007566452 -45.480674743652344 -16.532941818237305
vertex -9.753524780273438 -24.883548736572266 -14.658455848693848
vertex -9.591313362121582 -24.991933822631836 -14.668319702148438
endloop
endfacet
facet normal 8.76875539762366e-7 0.09063300751976132 -0.9958843597261451
outer loop
vertex 0.6393951773643494 -45.20256805419922 -16.507631301879883
vertex -9.399971961975098 -25.02999496459961 -14.671783447265625
vertex 1.19985830783844 -45.03325271606445 -16.49222183227539
endloop
endfacet
facet normal 0.0000012477015831339825 0.09063319055428733 -0.9958843430682067
outer loop
vertex -9.399971961975098 -25.02999496459961 -14.671783447265625
vertex 0.6393951773643494 -45.20256805419922 -16.507631301879883
vertex 0.11813616007566452 -45.480674743652344 -16.532941818237305
endloop
endfacet
facet normal -0.0000037032948552011524 0.09062893054709313 -0.9958847307465739
outer loop
vertex -1.483193039894104 -47.154022216796875 -16.68522834777832
vertex -1.5324188470840454 -47.271751403808594 -16.695941925048828
vertex -30.017086029052734 -18.419864654541016 -14.070215225219727
endloop
endfacet
facet normal 2.625235600448503e-8 0.09063258238123532 -0.99588439841726
outer loop
vertex -1.5324188470840454 -47.271751403808594 -16.695941925048828
vertex -3.680699586868286 -49.4200325012207 -16.891450881958008
vertex -30.017086029052734 -18.419864654541016 -14.070215225219727
endloop
endfacet
facet normal 3.447516027289444e-7 0.09063285074161322 -0.9958843739944561
outer loop
vertex -3.680699586868286 -49.4200325012207 -16.891450881958008
vertex -4.419564247131348 -49.72608184814453 -16.91930389404297
vertex -30.017086029052734 -18.419864654541016 -14.070215225219727
endloop
endfacet
facet normal 1.3530789066644137e-7 0.09063249069629932 -0.99588440676123
outer loop
vertex 72.90098571777344 45.35077667236328 -8.266632080078125
vertex 73.67799377441406 45.006263732910156 -8.297985076904297
vertex 75.69145965576172 42.78707504272461 -8.499946594238281
endloop
endfacet
facet normal -4.98120747732709e-7 0.09063180690105395 -0.9958844689910582
outer loop
vertex 71.83525848388672 45.35153579711914 -8.266562461853027
vertex 72.90098571777344 45.35077667236328 -8.266632080078125
vertex 75.69145965576172 42.78707504272461 -8.499946594238281
endloop
endfacet
facet normal -2.908398816510464e-7 0.09063211603075474 -0.9958844408583274
outer loop
vertex 71.69072723388672 45.2329216003418 -8.27735710144043
vertex 71.83525848388672 45.35153579711914 -8.266562461853027
vertex 75.69145965576172 42.78707504272461 -8.499946594238281
endloop
endfacet
facet normal 0.000002264061550826388 0.09063626081775772 -0.9958840636438808
outer loop
vertex 71.5178451538086 45.1405143737793 -8.285767555236816
vertex 71.69072723388672 45.2329216003418 -8.27735710144043
vertex 75.69145965576172 42.78707504272461 -8.499946594238281
endloop
endfacet
facet normal -0.0000018408296201717623 0.09062904095677742 -0.9958847207040914
outer loop
vertex 71.33025360107422 45.0836067199707 -8.290946006774902
vertex 71.5178451538086 45.1405143737793 -8.285767555236816
vertex 75.69145965576172 42.78707504272461 -8.499946594238281
endloop
endfacet
facet normal 0.0000015987604243542203 0.09063551922200172 -0.995884131138157
outer loop
vertex 71.13516235351562 45.06439208984375 -8.292695045471191
vertex 71.33025360107422 45.0836067199707 -8.290946006774902
vertex 75.69145965576172 42.78707504272461 -8.499946594238281
endloop
endfacet
facet normal -0.0000023834722478301058 0.09062761729336201 -0.9958848502603336
outer loop
vertex 70.94007110595703 45.0836067199707 -8.290946006774902
vertex 71.13516235351562 45.06439208984375 -8.292695045471191
vertex 75.69145965576172 42.78707504272461 -8.499946594238281
endloop
endfacet
facet normal -2.5000979772689064e-8 0.09063253852426369 -0.9958844024085562
outer loop
vertex -80.60426330566406 42.398746490478516 -8.535287857055664
vertex -80.25852966308594 43.17560577392578 -8.464588165283203
vertex 79.72402954101562 -44.97608184814453 -16.48702049255371
endloop
endfacet
facet normal 2.5179019272075244e-8 0.09063261858049931 -0.9958843951228683
outer loop
vertex 9.600028038024902 -10.02999496459961 -13.306676864624023
vertex -80.60426330566406 42.398746490478516 -8.535287857055664
vertex 9.791370391845703 -10.068055152893066 -13.310140609741211
endloop
endfacet
facet normal 0 0.09063257561553717 -0.9958843990329871
outer loop
vertex -80.60426330566406 42.398746490478516 -8.535287857055664
vertex 9.600028038024902 -10.02999496459961 -13.306676864624023
vertex -9.399971961975098 -10.02999496459961 -13.306676864624023
endloop
endfacet
facet normal -1.3039520201099588e-8 0.09063255805182927 -0.9958844006314095
outer loop
vertex -9.399971961975098 -10.02999496459961 -13.306676864624023
vertex -9.591313362121582 -10.068055152893066 -13.310140609741211
vertex -80.60426330566406 42.398746490478516 -8.535287857055664
endloop
endfacet
facet normal -1.5592085056639976e-7 0.09063236625284021 -0.9958844180864497
outer loop
vertex -9.591313362121582 -10.068055152893066 -13.310140609741211
vertex -9.753524780273438 -10.176441192626953 -13.3200044631958
vertex -80.60426330566406 42.398746490478516 -8.535287857055664
endloop
endfacet
facet normal 0.0000014735818186761746 0.09063454414529246 -0.9958842198797025
outer loop
vertex -9.753524780273438 -10.176441192626953 -13.3200044631958
vertex -9.86191177368164 -10.338652610778809 -13.33476734161377
vertex -80.60426330566406 42.398746490478516 -8.535287857055664
endloop
endfacet
facet normal -0.0000012828846409174758 0.0906308769727313 -0.9958845536192976
outer loop
vertex -9.86191177368164 -10.338652610778809 -13.33476734161377
vertex -9.899971961975098 -10.52999496459961 -13.352180480957031
vertex -80.60426330566406 42.398746490478516 -8.535287857055664
endloop
endfacet
facet normal -2.1783451117432326e-8 0.09063254776344742 -0.9958844015677251
outer loop
vertex -9.899971961975098 -10.52999496459961 -13.352180480957031
vertex -9.899971961975098 -24.52999496459961 -14.626279830932617
vertex -80.60426330566406 42.398746490478516 -8.535287857055664
endloop
endfacet
facet normal 0.000004026280868171671 0.09063678905589889 -0.995884015562769
outer loop
vertex -9.899971961975098 -24.52999496459961 -14.626279830932617
vertex -9.86191177368164 -24.721336364746094 -14.643693923950195
vertex -80.60426330566406 42.398746490478516 -8.535287857055664
endloop
endfacet
facet normal -3.1782829566095726e-8 0.0906325528864208 -0.9958844011014978
outer loop
vertex -80.60426330566406 42.398746490478516 -8.535287857055664
vertex -38.939842224121094 -9.497109413146973 -13.258180618286133
vertex -61.39053726196289 6.085302352905273 -11.840069770812988
endloop
endfacet
facet normal -6.427468394475336e-8 0.09063251352704105 -0.9958844046834786
outer loop
vertex -35.349971771240234 -10.803714752197266 -13.377090454101562
vertex -37.08774948120117 -9.993375778198242 -13.303343772888184
vertex -80.60426330566406 42.398746490478516 -8.535287857055664
endloop
endfacet
facet normal -0.0000022810030671430084 0.09063062252544196 -0.9958845767735576
outer loop
vertex -80.60426330566406 42.398746490478516 -8.535287857055664
vertex -32.423484802246094 -13.259330749511719 -13.600569725036621
vertex -33.7793083190918 -11.903505325317383 -13.477179527282715
endloop
endfacet
facet normal -2.185495878845664e-8 0.09063255344811842 -0.9958844010503797
outer loop
vertex -4.419564247131348 -49.72608184814453 -16.91930389404297
vertex -29.988452911376953 -18.747148513793945 -14.100000381469727
vertex -30.017086029052734 -18.419864654541016 -14.070215225219727
endloop
endfacet
facet normal 0 0.09063257133823799 -0.9958843994222518
outer loop
vertex -4.419564247131348 -49.72608184814453 -16.91930389404297
vertex -57.330379486083984 -49.72608184814453 -16.91930389404297
vertex -29.988452911376953 -18.747148513793945 -14.100000381469727
endloop
endfacet
facet normal -4.769339923554916e-7 0.0906321654001492 -0.9958844363653107
outer loop
vertex -33.7793083190918 -11.903505325317383 -13.477179527282715
vertex -35.349971771240234 -10.803714752197266 -13.377090454101562
vertex -80.60426330566406 42.398746490478516 -8.535287857055664
endloop
endfacet
facet normal 4.2586553305512436e-7 0.09063291728982671 -0.9958843679380422
outer loop
vertex -37.08774948120117 -9.993375778198242 -13.303343772888184
vertex -38.939842224121094 -9.497109413146973 -13.258180618286133
vertex -80.60426330566406 42.398746490478516 -8.535287857055664
endloop
endfacet
facet normal 0.00000185997749920188 0.09063448446643402 -0.9958842253103742
outer loop
vertex -61.39053726196289 6.085302352905273 -11.840069770812988
vertex -44.6121940612793 -9.993375778198242 -13.303343772888184
vertex -61.02832794189453 5.645768165588379 -11.880070686340332
endloop
endfacet
facet normal -3.2544426211542236e-7 0.09063220931152924 -0.9958844323691404
outer loop
vertex -44.6121940612793 -9.993375778198242 -13.303343772888184
vertex -60.75223922729492 5.131368160247803 -11.926884651184082
vertex -61.02832794189453 5.645768165588379 -11.880070686340332
endloop
endfacet
facet normal -3.097866646849066e-7 0.09063215563654332 -0.9958844372539303
outer loop
vertex -40.849971771240234 -9.329994201660156 -13.242971420288086
vertex -61.39053726196289 6.085302352905273 -11.840069770812988
vertex -38.939842224121094 -9.497109413146973 -13.258180618286133
endloop
endfacet
facet normal 2.450995565977039e-7 0.09063288893760542 -0.9958843705183666
outer loop
vertex -42.760101318359375 -9.497109413146973 -13.258180618286133
vertex -61.39053726196289 6.085302352905273 -11.840069770812988
vertex -40.849971771240234 -9.329994201660156 -13.242971420288086
endloop
endfacet
facet normal -2.5726679434297724e-7 0.0906322932387855 -0.9958844247312099
outer loop
vertex -44.6121940612793 -9.993375778198242 -13.303343772888184
vertex -61.39053726196289 6.085302352905273 -11.840069770812988
vertex -42.760101318359375 -9.497109413146973 -13.258180618286133
endloop
endfacet
facet normal 7.110226567735908e-7 0.0906333062695415 -0.995884332537743
outer loop
vertex -44.6121940612793 -9.993375778198242 -13.303343772888184
vertex -60.58222579956055 4.573211669921875 -11.977681159973145
vertex -60.75223922729492 5.131368160247803 -11.926884651184082
endloop
endfacet
facet normal -6.0743708717182e-7 0.09063187265403344 -0.9958844630070568
outer loop
vertex -44.6121940612793 -9.993375778198242 -13.303343772888184
vertex -60.524818420410156 3.992748260498047 -12.03050708770752
vertex -60.58222579956055 4.573211669921875 -11.977681159973145
endloop
endfacet
facet normal -0.0000028777797278176134 0.09063374524347112 -0.9958842925836615
outer loop
vertex 1.7827205657958984 -44.97608184814453 -16.48702049255371
vertex 1.19985830783844 -45.03325271606445 -16.49222183227539
vertex 9.600028038024902 -25.02999496459961 -14.671783447265625
endloop
endfacet
facet normal 0 0.09063254667574372 -0.9958844016667141
outer loop
vertex 1.19985830783844 -45.03325271606445 -16.49222183227539
vertex -9.399971961975098 -25.02999496459961 -14.671783447265625
vertex 9.600028038024902 -25.02999496459961 -14.671783447265625
endloop
endfacet
facet normal -5.18980084602633e-7 0.09063282837255493 -0.9958843760301301
outer loop
vertex 1.7827205657958984 -44.97608184814453 -16.48702049255371
vertex 9.600028038024902 -25.02999496459961 -14.671783447265625
vertex 9.791370391845703 -24.991933822631836 -14.668319702148438
endloop
endfacet
facet normal -0.0000012802627074750582 0.0906319363553242 -0.9958844572091912
outer loop
vertex -80.60426330566406 42.398746490478516 -8.535287857055664
vertex -62.953346252441406 7.329154968261719 -11.7268705368042
vertex -63.51380920410156 7.498469829559326 -11.711461067199707
endloop
endfacet
facet normal 0.0000014813055637628593 0.09063327757021396 -0.9958843351487593
outer loop
vertex -63.51380920410156 7.498469829559326 -11.711461067199707
vertex -64.07959747314453 7.5539655685424805 -11.706411361694336
vertex -80.60426330566406 42.398746490478516 -8.535287857055664
endloop
endfacet
facet normal -3.729072373590214e-9 0.09062881005287791 -0.9958847417188393
outer loop
vertex -49.08315658569336 45.31825637817383 -8.269591331481934
vertex -77.34080505371094 45.457916259765625 -8.256881713867188
vertex -49.228904724121094 45.437870025634766 -8.258706092834473
endloop
endfacet
facet normal 2.793657661459211e-7 0.09063251106341647 -0.9958844049076487
outer loop
vertex 1.7827205657958984 -44.97608184814453 -16.48702049255371
vertex 9.791370391845703 -24.991933822631836 -14.668319702148438
vertex 9.953581809997559 -24.883548736572266 -14.658455848693848
endloop
endfacet
facet normal 8.896526073140824e-7 0.0906330364202687 -0.9958843570959686
outer loop
vertex -61.39053726196289 6.085302352905273 -11.840069770812988
vertex -61.974735260009766 6.672837734222412 -11.786600112915039
vertex -80.60426330566406 42.398746490478516 -8.535287857055664
endloop
endfacet
facet normal -5.796563356970288e-7 0.09063227653236192 -0.9958844262514729
outer loop
vertex -61.974735260009766 6.672837734222412 -11.786600112915039
vertex -62.43682098388672 7.054202556610107 -11.751893043518066
vertex -80.60426330566406 42.398746490478516 -8.535287857055664
endloop
endfacet
facet normal 3.20326996723128e-7 0.09063273533271694 -0.9958843844975214
outer loop
vertex -62.43682098388672 7.054202556610107 -11.751893043518066
vertex -62.953346252441406 7.329154968261719 -11.7268705368042
vertex -80.60426330566406 42.398746490478516 -8.535287857055664
endloop
endfacet
facet normal -1.411082383468241e-8 0.09063257421475006 -0.9958843991604686
outer loop
vertex -64.07959747314453 7.5539655685424805 -11.706411361694336
vertex -77.65831756591797 7.632923603057861 -11.699225425720215
vertex -80.60426330566406 42.398746490478516 -8.535287857055664
endloop
endfacet
facet normal 2.8306999644084763e-8 0.09063259002640595 -0.9958843977214948
outer loop
vertex -46.349971771240234 -10.803714752197266 -13.377090454101562
vertex -60.524818420410156 3.992748260498047 -12.03050708770752
vertex -44.6121940612793 -9.993375778198242 -13.303343772888184
endloop
endfacet
facet normal 1.1738928623230375e-7 0.09063267466523875 -0.9958843900187467
outer loop
vertex -47.92063522338867 -11.903505325317383 -13.477179527282715
vertex -60.524818420410156 3.992748260498047 -12.03050708770752
vertex -46.349971771240234 -10.803714752197266 -13.377090454101562
endloop
endfacet
facet normal 1.700828625966913e-7 0.09063271610292005 -0.9958843862476098
outer loop
vertex -49.27646255493164 -13.259330749511719 -13.600569725036621
vertex -60.524818420410156 3.992748260498047 -12.03050708770752
vertex -47.92063522338867 -11.903505325317383 -13.477179527282715
endloop
endfacet
facet normal -6.476882474688542e-8 0.09063256423741278 -0.9958844000684755
outer loop
vertex -50.376251220703125 -14.829994201660156 -13.743511199951172
vertex -60.524818420410156 3.992748260498047 -12.03050708770752
vertex -49.27646255493164 -13.259330749511719 -13.600569725036621
endloop
endfacet
facet normal -3.692669342605903e-7 0.09063240141120471 -0.9958844148867387
outer loop
vertex -51.18659210205078 -16.567773818969727 -13.901660919189453
vertex -60.524818420410156 3.992748260498047 -12.03050708770752
vertex -50.376251220703125 -14.829994201660156 -13.743511199951172
endloop
endfacet
facet normal 9.418664313257498e-7 0.09063580894839238 -0.9958841047709234
outer loop
vertex 79.72402954101562 -44.97608184814453 -16.48702049255371
vertex 10.061967849731445 -24.721336364746094 -14.643693923950195
vertex 10.100028038024902 -24.52999496459961 -14.626279830932617
endloop
endfacet
facet normal 6.398399866107295e-7 0.09063285596499775 -0.9958843735189434
outer loop
vertex -51.682857513427734 -18.419864654541016 -14.070215225219727
vertex -60.524818420410156 3.992748260498047 -12.03050708770752
vertex -51.18659210205078 -16.567773818969727 -13.901660919189453
endloop
endfacet
facet normal -1.0516335671235137e-7 0.0906325644693021 -0.9958844000473683
outer loop
vertex -51.711490631103516 -18.747148513793945 -14.100000381469727
vertex -60.524818420410156 3.992748260498047 -12.03050708770752
vertex -51.682857513427734 -18.419864654541016 -14.070215225219727
endloop
endfacet
facet normal 2.4832320507992494e-9 0.09063251314699361 -0.9958844047180677
outer loop
vertex 75.69145965576172 42.78707504272461 -8.499946594238281
vertex -48.332496643066406 45.168941497802734 -8.283180236816406
vertex 70.94007110595703 45.0836067199707 -8.290946006774902
endloop
endfacet
facet normal -4.373391251476365e-9 0.09062300834693864 -0.9958852696762568
outer loop
vertex -48.332496643066406 45.168941497802734 -8.283180236816406
vertex 70.75247955322266 45.1405143737793 -8.285767555236816
vertex 70.94007110595703 45.0836067199707 -8.290946006774902
endloop
endfacet
facet normal -1.8616306447624897e-10 0.09062881433442843 -0.9958847413292041
outer loop
vertex 70.57958984375 45.2329216003418 -8.27735710144043
vertex -47.972015380859375 45.31825637817383 -8.269591331481934
vertex 70.43384552001953 45.352535247802734 -8.266471862792969
endloop
endfacet
facet normal 5.342269289064654e-9 0.09064047170109302 -0.9958836804013828
outer loop
vertex 70.75247955322266 45.1405143737793 -8.285767555236816
vertex -48.144901275634766 45.22584533691406 -8.27800178527832
vertex 70.57958984375 45.2329216003418 -8.27735710144043
endloop
endfacet
facet normal -4.954198740012e-8 0.09063257123708723 -0.9958843994314559
outer loop
vertex -80.60426330566406 42.398746490478516 -8.535287857055664
vertex -77.65831756591797 7.632923603057861 -11.699225425720215
vertex -80.713623046875 10.901463508605957 -11.401764869689941
endloop
endfacet
facet normal -1.0992342987395228e-7 0.09063256263958927 -0.9958844002138847
outer loop
vertex -51.711490631103516 -18.747148513793945 -14.100000381469727
vertex -60.524818420410156 -46.52988052368164 -16.62842559814453
vertex -60.524818420410156 3.992748260498047 -12.03050708770752
endloop
endfacet
facet normal -7.620174008829026e-8 0.09063244534525088 -0.9958844108884999
outer loop
vertex 9.791370391845703 -10.068055152893066 -13.310140609741211
vertex -80.60426330566406 42.398746490478516 -8.535287857055664
vertex 79.72402954101562 -44.97608184814453 -16.48702049255371
endloop
endfacet
facet normal 0 0.09063252805575843 -0.9958844033612647
outer loop
vertex -29.988452911376953 -18.747148513793945 -14.100000381469727
vertex -60.524818420410156 -46.52988052368164 -16.62842559814453
vertex -51.711490631103516 -18.747148513793945 -14.100000381469727
endloop
endfacet
facet normal 1.640575967929809e-8 0.09063324935858652 -0.9958843377173395
outer loop
vertex 75.96237182617188 42.085304260253906 -8.563813209533691
vertex -77.34080505371094 45.457916259765625 -8.256881713867188
vertex 75.69145965576172 42.78707504272461 -8.499946594238281
endloop
endfacet
facet normal 0 0.09063259620056123 -0.9958843971596031
outer loop
vertex 1.7827205657958984 -44.97608184814453 -16.48702049255371
vertex 10.061967849731445 -24.721336364746094 -14.643693923950195
vertex 79.72402954101562 -44.97608184814453 -16.48702049255371
endloop
endfacet
facet normal -2.015602319474893e-7 0.09063274777348607 -0.9958843833653519
outer loop
vertex -60.524818420410156 -46.52988052368164 -16.62842559814453
vertex -29.988452911376953 -18.747148513793945 -14.100000381469727
vertex -57.330379486083984 -49.72608184814453 -16.91930389404297
endloop
endfacet
facet normal -7.612990069601133e-7 0.09063185337239923 -0.9958844647617033
outer loop
vertex -57.330379486083984 -49.72608184814453 -16.91930389404297
vertex -58.069244384765625 -49.4200325012207 -16.891450881958008
vertex -60.217525482177734 -47.271751403808594 -16.695941925048828
endloop
endfacet
facet normal 0.00000117414649508782 0.09063411142724612 -0.9958842592612933
outer loop
vertex -57.330379486083984 -49.72608184814453 -16.91930389404297
vertex -60.217525482177734 -47.271751403808594 -16.695941925048828
vertex -60.524818420410156 -46.52988052368164 -16.62842559814453
endloop
endfacet
facet normal 6.490695323025285e-10 0.09063253901638546 -0.99588440236377
outer loop
vertex 75.96237182617188 29.434091567993164 -9.715163230895996
vertex -77.34080505371094 45.457916259765625 -8.256881713867188
vertex 75.96237182617188 42.085304260253906 -8.563813209533691
endloop
endfacet
facet normal 1.0884693580272403e-7 0.09063356566424663 -0.9958843089309988
outer loop
vertex 76.01978302001953 28.853628158569336 -9.767990112304688
vertex -77.34080505371094 45.457916259765625 -8.256881713867188
vertex 75.96237182617188 29.434091567993164 -9.715163230895996
endloop
endfacet
facet normal 4.635353716641872e-7 0.09063631943218768 -0.9958840583117954
outer loop
vertex -77.34080505371094 45.457916259765625 -8.256881713867188
vertex 77.54933166503906 26.499168395996094 -9.98226261138916
vertex 77.6517333984375 26.433990478515625 -9.988194465637207
endloop
endfacet
facet normal 1.5608371709455986e-7 0.09063382823155977 -0.9958842850351981
outer loop
vertex -77.34080505371094 45.457916259765625 -8.256881713867188
vertex 77.09659576416016 26.869192123413086 -9.948587417602539
vertex 77.54933166503906 26.499168395996094 -9.98226261138916
endloop
endfacet
facet normal -5.00710809697683e-8 0.0906321693288541 -0.9958844360078852
outer loop
vertex -77.34080505371094 45.457916259765625 -8.256881713867188
vertex 77.6517333984375 26.433990478515625 -9.988194465637207
vertex 78.51813507080078 25.906909942626953 -10.036162376403809
endloop
endfacet
facet normal 2.0246043563631084e-8 0.09063272528632302 -0.9958843854118676
outer loop
vertex 80.44044494628906 23.788192749023438 -10.228981018066406
vertex -77.34080505371094 45.457916259765625 -8.256881713867188
vertex 78.51813507080078 25.906909942626953 -10.036162376403809
endloop
endfacet
facet normal -1.600088261553041e-7 0.09063142359830628 -0.9958845038740781
outer loop
vertex 80.7112808227539 23.089635848999023 -10.292553901672363
vertex -77.34080505371094 45.457916259765625 -8.256881713867188
vertex 80.44044494628906 23.788192749023438 -10.228981018066406
endloop
endfacet
facet normal -4.238502331512263e-8 0.09063216215261699 -0.9958844366609712
outer loop
vertex 76.35517120361328 27.987354278564453 -9.846826553344727
vertex -77.34080505371094 45.457916259765625 -8.256881713867188
vertex 76.1897964477539 28.295473098754883 -9.818785667419434
endloop
endfacet
facet normal -1.0547798281809027e-7 0.09063160237616368 -0.995884487604219
outer loop
vertex -77.34080505371094 45.457916259765625 -8.256881713867188
vertex 76.01978302001953 28.853628158569336 -9.767990112304688
vertex 76.1897964477539 28.295473098754883 -9.818785667419434
endloop
endfacet
facet normal 8.989209796753703e-8 0.09063331629186656 -0.9958843316258824
outer loop
vertex 76.61432647705078 27.526350021362305 -9.888781547546387
vertex -77.34080505371094 45.457916259765625 -8.256881713867188
vertex 76.35517120361328 27.987354278564453 -9.846826553344727
endloop
endfacet
facet normal -1.1420767220114759e-7 0.0906315783456832 -0.995884489791139
outer loop
vertex 76.72504425048828 27.320066452026367 -9.907554626464844
vertex -77.34080505371094 45.457916259765625 -8.256881713867188
vertex 76.61432647705078 27.526350021362305 -9.888781547546387
endloop
endfacet
facet normal 8.916813805063219e-9 0.09063261559436168 -0.9958843953946285
outer loop
vertex -77.34080505371094 45.457916259765625 -8.256881713867188
vertex 76.72504425048828 27.320066452026367 -9.907554626464844
vertex 77.09659576416016 26.869192123413086 -9.948587417602539
endloop
endfacet
facet normal 5.550293956204383e-9 0.09063258381370512 -0.9958843982868953
outer loop
vertex 80.90473937988281 -43.79195022583008 -16.379255294799805
vertex -77.34080505371094 45.457916259765625 -8.256881713867188
vertex 80.7112808227539 23.089635848999023 -10.292553901672363
endloop
endfacet
facet normal -7.601275353535828e-7 0.09063167234277549 -0.9958844812365408
outer loop
vertex -80.442626953125 10.19583511352539 -11.465982437133789
vertex -77.65831756591797 7.632923603057861 -11.699225425720215
vertex -78.42969512939453 7.977243423461914 -11.667889595031738
endloop
endfacet
facet normal 8.366612837619194e-7 0.09063339282117587 -0.9958843246607622
outer loop
vertex -80.442626953125 10.19583511352539 -11.465982437133789
vertex -80.713623046875 10.901463508605957 -11.401764869689941
vertex -77.65831756591797 7.632923603057861 -11.699225425720215
endloop
endfacet
facet normal 2.3847844159848665e-7 0.09063299341727744 -0.9958843610099353
outer loop
vertex 79.72402954101562 -44.97608184814453 -16.48702049255371
vertex -77.34080505371094 45.457916259765625 -8.256881713867188
vertex 80.90473937988281 -43.79195022583008 -16.379255294799805
endloop
endfacet
facet normal 8.35430520589574e-9 0.09063258908094235 -0.9958843978075393
outer loop
vertex 0.11813616007566452 -45.480674743652344 -16.532941818237305
vertex -80.60426330566406 42.398746490478516 -8.535287857055664
vertex -9.86191177368164 -24.721336364746094 -14.643693923950195
endloop
endfacet
facet normal 3.617720637352325e-8 0.09063681804336751 -0.995884012932717
outer loop
vertex -77.34080505371094 45.457916259765625 -8.256881713867188
vertex -49.08315658569336 45.31825637817383 -8.269591331481934
vertex -48.91027069091797 45.22584533691406 -8.27800178527832
endloop
endfacet
facet normal 1 0 0
outer loop
vertex -21.69997215270996 -39.329994201660156 -4.099999904632568
vertex -21.69997215270996 -0.9915170669555664 -0.5
vertex -21.69997215270996 -24.064559936523438 -0.5
endloop
endfacet
facet normal 1 0 0
outer loop
vertex -21.69997215270996 -39.329994201660156 -0.5
vertex -21.69997215270996 -39.329994201660156 -4.099999904632568
vertex -21.69997215270996 -24.064559936523438 -0.5
endloop
endfacet
facet normal 0 0 1
outer loop
vertex 78.89794158935547 -9.837958335876465 -4.099999904632568
vertex 78.70002746582031 -9.360153198242188 -4.099999904632568
vertex 78.60002899169922 -10.52999496459961 -4.099999904632568
endloop
endfacet
facet normal -0.7071092968750211 -0.7071042654891238 0
outer loop
vertex 78.89794158935547 -9.837958335876465 -0.5
vertex 78.89794158935547 -9.837958335876465 -4.099999904632568
vertex 79.3000259399414 -10.240045547485352 -4.099999904632568
endloop
endfacet
facet normal -0.9238790161289304 -0.38268467901999875 0
outer loop
vertex 78.70002746582031 -9.360153198242188 -0.5
vertex 78.70002746582031 -9.360153198242188 -4.099999904632568
vertex 78.89794158935547 -9.837958335876465 -4.099999904632568
endloop
endfacet
facet normal -0.7071092968750211 -0.7071042654891238 0
outer loop
vertex 79.3000259399414 -10.240045547485352 -4.099999904632568
vertex 79.3000259399414 -10.240045547485352 -0.5
vertex 78.89794158935547 -9.837958335876465 -0.5
endloop
endfacet
facet normal -1 0 0
outer loop
vertex 79.3000259399414 -10.240045547485352 -0.5
vertex 79.3000259399414 -10.240045547485352 -4.099999904632568
vertex 79.3000259399414 -42.819942474365234 -4.099999904632568
endloop
endfacet
facet normal 0 0 1
outer loop
vertex -21.69997215270996 -39.329994201660156 -4.099999904632568
vertex -20.39997100830078 -10.52999496459961 -4.099999904632568
vertex -21.69997215270996 -0.9915170669555664 -4.099999904632568
endloop
endfacet
facet normal -0.9238790161289304 -0.38268467901999875 0
outer loop
vertex 78.89794158935547 -9.837958335876465 -4.099999904632568
vertex 78.89794158935547 -9.837958335876465 -0.5
vertex 78.70002746582031 -9.360153198242188 -0.5
endloop
endfacet
facet normal 0 0 1
outer loop
vertex 78.60002899169922 -10.52999496459961 -4.099999904632568
vertex 78.60002899169922 -43.22999572753906 -4.099999904632568
vertex 79.3000259399414 -10.240045547485352 -4.099999904632568
endloop
endfacet
facet normal 0 0 1
outer loop
vertex -78.6999740600586 11.002339363098145 -4.099999904632568
vertex -78.5934066772461 10.745059967041016 -4.099999904632568
vertex -78.6999740600586 41.43767166137695 -4.099999904632568
endloop
endfacet
facet normal 0 0 1
outer loop
vertex -22.46149444580078 -0.22999466955661774 -4.099999904632568
vertex -21.69997215270996 -0.9915170669555664 -4.099999904632568
vertex 72.21769714355469 43.170005798339844 -4.099999904632568
endloop
endfacet
facet normal -1 0 0
outer loop
vertex 79.3000259399414 -42.819942474365234 -4.099999904632568
vertex 79.3000259399414 -42.819942474365234 -0.5
vertex 79.3000259399414 -10.240045547485352 -0.5
endloop
endfacet
facet normal 0 0 1
outer loop
vertex 78.60002899169922 -43.22999572753906 -4.099999904632568
vertex 79.3000259399414 -42.819942474365234 -4.099999904632568
vertex 79.3000259399414 -10.240045547485352 -4.099999904632568
endloop
endfacet
facet normal 0 0 1
outer loop
vertex -21.69997215270996 -0.9915170669555664 -4.099999904632568
vertex 12.100028038024902 -10.52999496459961 -4.099999904632568
vertex 78.59346008300781 22.694950103759766 -4.099999904632568
endloop
endfacet
facet normal 0 -1 0
outer loop
vertex 72.21769714355469 43.170005798339844 -4.099999904632568
vertex 72.21769714355469 43.170005798339844 -0.5
vertex -76.96763610839844 43.170005798339844 -0.5
endloop
endfacet
facet normal 0 0 1
outer loop
vertex 78.59346008300781 22.694950103759766 -4.099999904632568
vertex 12.100028038024902 -10.52999496459961 -4.099999904632568
vertex 78.60002899169922 -10.52999496459961 -4.099999904632568
endloop
endfacet
facet normal 0 0 1
outer loop
vertex -21.69997215270996 -0.9915170669555664 -4.099999904632568
vertex 76.96769714355469 24.170005798339844 -4.099999904632568
vertex 74.7115478515625 24.170005798339844 -4.099999904632568
endloop
endfacet
facet normal 0 0 1
outer loop
vertex 76.96769714355469 24.170005798339844 -4.099999904632568
vertex -21.69997215270996 -0.9915170669555664 -4.099999904632568
vertex 77.2249755859375 24.06343650817871 -4.099999904632568
endloop
endfacet
facet normal 0 0 1
outer loop
vertex 77.2249755859375 24.06343650817871 -4.099999904632568
vertex -21.69997215270996 -0.9915170669555664 -4.099999904632568
vertex 78.59346008300781 22.694950103759766 -4.099999904632568
endloop
endfacet
facet normal 0 0 1
outer loop
vertex -21.69997215270996 -0.9915170669555664 -4.099999904632568
vertex 74.7115478515625 24.170005798339844 -4.099999904632568
vertex 73.95002746582031 24.931528091430664 -4.099999904632568
endloop
endfacet
facet normal 0 0 1
outer loop
vertex -21.69997215270996 -0.9915170669555664 -4.099999904632568
vertex 73.95002746582031 24.931528091430664 -4.099999904632568
vertex 73.95002746582031 41.43767166137695 -4.099999904632568
endloop
endfacet
facet normal -0.7071100702771196 0.7071034920806762 0
outer loop
vertex 78.88997650146484 -43.22999572753906 -4.099999904632568
vertex 78.88997650146484 -43.22999572753906 -0.5
vertex 79.3000259399414 -42.819942474365234 -0.5
endloop
endfacet
facet normal 0 1 0
outer loop
vertex 78.60002899169922 -43.22999572753906 -4.099999904632568
vertex 78.60002899169922 -43.22999572753906 -0.5
vertex 78.88997650146484 -43.22999572753906 -0.5
endloop
endfacet
facet normal 0 0 1
outer loop
vertex -77.22491455078125 9.37657356262207 -4.099999904632568
vertex -76.96763610839844 9.270005226135254 -4.099999904632568
vertex -78.6999740600586 41.43767166137695 -4.099999904632568
endloop
endfacet
facet normal 0 0 1
outer loop
vertex -78.5934066772461 10.745059967041016 -4.099999904632568
vertex -77.22491455078125 9.37657356262207 -4.099999904632568
vertex -78.6999740600586 41.43767166137695 -4.099999904632568
endloop
endfacet
facet normal 0 0 1
outer loop
vertex 78.70002746582031 -9.360153198242188 -4.099999904632568
vertex 78.70002746582031 22.437671661376953 -4.099999904632568
vertex 78.60002899169922 -10.52999496459961 -4.099999904632568
endloop
endfacet
facet normal -1 0 0
outer loop
vertex 78.70002746582031 -9.360153198242188 -4.099999904632568
vertex 78.70002746582031 -9.360153198242188 -0.5
vertex 78.70002746582031 22.437671661376953 -0.5
endloop
endfacet
facet normal 0 0 1
outer loop
vertex 78.59346008300781 22.694950103759766 -4.099999904632568
vertex 78.60002899169922 -10.52999496459961 -4.099999904632568
vertex 78.70002746582031 22.437671661376953 -4.099999904632568
endloop
endfacet
facet normal -1 0 0
outer loop
vertex 78.70002746582031 22.437671661376953 -0.5
vertex 78.70002746582031 22.437671661376953 -4.099999904632568
vertex 78.70002746582031 -9.360153198242188 -4.099999904632568
endloop
endfacet
facet normal 1 0 0
outer loop
vertex -21.69997215270996 -39.329994201660156 -4.099999904632568
vertex -21.69997215270996 -0.9915170669555664 -4.099999904632568
vertex -21.69997215270996 -0.9915170669555664 -0.5
endloop
endfacet
facet normal 0.7071053028769295 0.7071082594930749 0
outer loop
vertex -77.22491455078125 9.37657356262207 -0.5
vertex -77.22491455078125 9.37657356262207 -4.099999904632568
vertex -78.5934066772461 10.745059967041016 -4.099999904632568
endloop
endfacet
facet normal 0.9238810970965939 0.382679655100182 0
outer loop
vertex -78.5934066772461 10.745059967041016 -0.5
vertex -78.5934066772461 10.745059967041016 -4.099999904632568
vertex -78.6999740600586 11.002339363098145 -4.099999904632568
endloop
endfacet
facet normal -0.7071100702771196 0.7071034920806762 0
outer loop
vertex 79.3000259399414 -42.819942474365234 -0.5
vertex 79.3000259399414 -42.819942474365234 -4.099999904632568
vertex 78.88997650146484 -43.22999572753906 -4.099999904632568
endloop
endfacet
facet normal 0 1 0
outer loop
vertex 78.88997650146484 -43.22999572753906 -0.5
vertex 78.88997650146484 -43.22999572753906 -4.099999904632568
vertex 78.60002899169922 -43.22999572753906 -4.099999904632568
endloop
endfacet
facet normal 0 0 1
outer loop
vertex -21.69997215270996 -0.9915170669555664 -4.099999904632568
vertex 73.95002746582031 41.43767166137695 -4.099999904632568
vertex 73.84346008300781 41.694950103759766 -4.099999904632568
endloop
endfacet
facet normal 0 0 1
outer loop
vertex 78.88997650146484 -43.22999572753906 -4.099999904632568
vertex 79.3000259399414 -42.819942474365234 -4.099999904632568
vertex 78.60002899169922 -43.22999572753906 -4.099999904632568
endloop
endfacet
facet normal 0 0 1
outer loop
vertex -21.69997215270996 -0.9915170669555664 -4.099999904632568
vertex 73.84346008300781 41.694950103759766 -4.099999904632568
vertex 72.4749755859375 43.063438415527344 -4.099999904632568
endloop
endfacet
facet normal 0 0 1
outer loop
vertex 72.21769714355469 43.170005798339844 -4.099999904632568
vertex -21.69997215270996 -0.9915170669555664 -4.099999904632568
vertex 72.4749755859375 43.063438415527344 -4.099999904632568
endloop
endfacet
facet normal -0.7071076667154474 -0.7071058956565387 0
outer loop
vertex 73.95002746582031 24.931528091430664 -0.5
vertex 73.95002746582031 24.931528091430664 -4.099999904632568
vertex 74.7115478515625 24.170005798339844 -4.099999904632568
endloop
endfacet
facet normal 0 -1 0
outer loop
vertex 74.7115478515625 24.170005798339844 -0.5
vertex 74.7115478515625 24.170005798339844 -4.099999904632568
vertex 76.96769714355469 24.170005798339844 -4.099999904632568
endloop
endfacet
facet normal 0 1 0
outer loop
vertex -76.96763610839844 9.270005226135254 -4.099999904632568
vertex -76.96763610839844 9.270005226135254 -0.5
vertex -41.46149444580078 9.270005226135254 -0.5
endloop
endfacet
facet normal -0.707107273957107 -0.7071062884156446 0
outer loop
vertex 77.2249755859375 24.06343650817871 -0.5
vertex 77.2249755859375 24.06343650817871 -4.099999904632568
vertex 78.59346008300781 22.694950103759766 -4.099999904632568
endloop
endfacet
facet normal -0.923880595581545 -0.3826808658763721 0
outer loop
vertex 78.70002746582031 22.437671661376953 -0.5
vertex 78.59346008300781 22.694950103759766 -4.099999904632568
vertex 78.70002746582031 22.437671661376953 -4.099999904632568
endloop
endfacet
facet normal -0.3826867120608305 -0.9238781740100104 0
outer loop
vertex 76.96769714355469 24.170005798339844 -0.5
vertex 76.96769714355469 24.170005798339844 -4.099999904632568
vertex 77.2249755859375 24.06343650817871 -4.099999904632568
endloop
endfacet
facet normal -1 0 0
outer loop
vertex 73.95002746582031 24.931528091430664 -0.5
vertex 73.95002746582031 41.43767166137695 -4.099999904632568
vertex 73.95002746582031 24.931528091430664 -4.099999904632568
endloop
endfacet
facet normal -0.7071076667154474 -0.7071058956565387 0
outer loop
vertex 74.7115478515625 24.170005798339844 -4.099999904632568
vertex 74.7115478515625 24.170005798339844 -0.5
vertex 73.95002746582031 24.931528091430664 -0.5
endloop
endfacet
facet normal 0 -1 0
outer loop
vertex 76.96769714355469 24.170005798339844 -4.099999904632568
vertex 76.96769714355469 24.170005798339844 -0.5
vertex 74.7115478515625 24.170005798339844 -0.5
endloop
endfacet
facet normal 0.3826837889743475 0.9238793847988149 0
outer loop
vertex -77.22491455078125 9.37657356262207 -4.099999904632568
vertex -77.22491455078125 9.37657356262207 -0.5
vertex -76.96763610839844 9.270005226135254 -0.5
endloop
endfacet
facet normal -0.923880595581545 -0.3826808658763721 0
outer loop
vertex 78.59346008300781 22.694950103759766 -0.5
vertex 78.59346008300781 22.694950103759766 -4.099999904632568
vertex 78.70002746582031 22.437671661376953 -0.5
endloop
endfacet
facet normal -0.707107273957107 -0.7071062884156446 0
outer loop
vertex 78.59346008300781 22.694950103759766 -4.099999904632568
vertex 78.59346008300781 22.694950103759766 -0.5
vertex 77.2249755859375 24.06343650817871 -0.5
endloop
endfacet
facet normal -0.3826867120608305 -0.9238781740100104 0
outer loop
vertex 77.2249755859375 24.06343650817871 -4.099999904632568
vertex 77.2249755859375 24.06343650817871 -0.5
vertex 76.96769714355469 24.170005798339844 -0.5
endloop
endfacet
facet normal 0 0 1
outer loop
vertex -76.96763610839844 43.170005798339844 -4.099999904632568
vertex -22.46149444580078 -0.22999466955661774 -4.099999904632568
vertex 72.21769714355469 43.170005798339844 -4.099999904632568
endloop
endfacet
facet normal 0 0 1
outer loop
vertex -78.5934066772461 41.694950103759766 -4.099999904632568
vertex -78.6999740600586 41.43767166137695 -4.099999904632568
vertex -22.46149444580078 -0.22999466955661774 -4.099999904632568
endloop
endfacet
facet normal 0.3826808658763721 -0.923880595581545 0
outer loop
vertex -77.22491455078125 43.063438415527344 -0.5
vertex -77.22491455078125 43.063438415527344 -4.099999904632568
vertex -76.96763610839844 43.170005798339844 -4.099999904632568
endloop
endfacet
facet normal 0 -1 0
outer loop
vertex -76.96763610839844 43.170005798339844 -4.099999904632568
vertex 72.21769714355469 43.170005798339844 -4.099999904632568
vertex -76.96763610839844 43.170005798339844 -0.5
endloop
endfacet
facet normal 0.923880595581545 -0.3826808658763721 0
outer loop
vertex -78.6999740600586 41.43767166137695 -0.5
vertex -78.6999740600586 41.43767166137695 -4.099999904632568
vertex -78.5934066772461 41.694950103759766 -4.099999904632568
endloop
endfacet
facet normal 0.7071057956478324 -0.7071077667238891 0
outer loop
vertex -77.22491455078125 43.063438415527344 -0.5
vertex -78.5934066772461 41.694950103759766 -4.099999904632568
vertex -77.22491455078125 43.063438415527344 -4.099999904632568
endloop
endfacet
facet normal 0 1 0
outer loop
vertex -41.46149444580078 9.270005226135254 -0.5
vertex -41.46149444580078 9.270005226135254 -4.099999904632568
vertex -76.96763610839844 9.270005226135254 -4.099999904632568
endloop
endfacet
facet normal 0.7071058956587566 0.7071076667132294 0
outer loop
vertex -40.69997024536133 8.508482933044434 -0.5
vertex -40.69997024536133 8.508482933044434 -4.099999904632568
vertex -41.46149444580078 9.270005226135254 -4.099999904632568
endloop
endfacet
facet normal 0.3826837889743475 0.9238793847988149 0
outer loop
vertex -76.96763610839844 9.270005226135254 -0.5
vertex -76.96763610839844 9.270005226135254 -4.099999904632568
vertex -77.22491455078125 9.37657356262207 -4.099999904632568
endloop
endfacet
facet normal 0 0 1
outer loop
vertex 79.3000259399414 -10.240045547485352 -4.099999904632568
vertex 78.89794158935547 -9.837958335876465 -4.099999904632568
vertex 78.60002899169922 -10.52999496459961 -4.099999904632568
endloop
endfacet
facet normal 0 0 1
outer loop
vertex -77.22491455078125 43.063438415527344 -4.099999904632568
vertex -78.5934066772461 41.694950103759766 -4.099999904632568
vertex -22.46149444580078 -0.22999466955661774 -4.099999904632568
endloop
endfacet
facet normal 0 0 1
outer loop
vertex -21.69997215270996 -0.9915170669555664 -4.099999904632568
vertex -20.39997100830078 -10.52999496459961 -4.099999904632568
vertex 12.100028038024902 -10.52999496459961 -4.099999904632568
endloop
endfacet
facet normal 0.7071068296138739 0.7071067327592178 0
outer loop
vertex -21.69997215270996 -0.9915170669555664 -0.5
vertex -21.69997215270996 -0.9915170669555664 -4.099999904632568
vertex -22.46149444580078 -0.22999466955661774 -4.099999904632568
endloop
endfacet
facet normal 0.3826808658763721 -0.923880595581545 0
outer loop
vertex -76.96763610839844 43.170005798339844 -4.099999904632568
vertex -76.96763610839844 43.170005798339844 -0.5
vertex -77.22491455078125 43.063438415527344 -0.5
endloop
endfacet
facet normal 0.38267992785479743 0.9238809841191923 0
outer loop
vertex -39.224918365478516 -0.12342601269483566 -4.099999904632568
vertex -39.224918365478516 -0.12342601269483566 -0.5
vertex -38.96763610839844 -0.22999466955661774 -0.5
endloop
endfacet
facet normal 0.7071057956478324 -0.7071077667238891 0
outer loop
vertex -78.5934066772461 41.694950103759766 -0.5
vertex -78.5934066772461 41.694950103759766 -4.099999904632568
vertex -77.22491455078125 43.063438415527344 -0.5
endloop
endfacet
facet normal 0.923880595581545 -0.3826808658763721 0
outer loop
vertex -78.5934066772461 41.694950103759766 -4.099999904632568
vertex -78.5934066772461 41.694950103759766 -0.5
vertex -78.6999740600586 41.43767166137695 -0.5
endloop
endfacet
facet normal 0 1 0
outer loop
vertex -22.46149444580078 -0.22999466955661774 -0.5
vertex -22.46149444580078 -0.22999466955661774 -4.099999904632568
vertex -38.96763610839844 -0.22999466955661774 -4.099999904632568
endloop
endfacet
facet normal 1 0 0
outer loop
vertex -40.69997024536133 1.5023396015167236 -0.5
vertex -40.69997024536133 1.5023396015167236 -4.099999904632568
vertex -40.69997024536133 8.508482933044434 -4.099999904632568
endloop
endfacet
facet normal 0 0 1
outer loop
vertex -22.46149444580078 -0.22999466955661774 -4.099999904632568
vertex -41.46149444580078 9.270005226135254 -4.099999904632568
vertex -40.69997024536133 8.508482933044434 -4.099999904632568
endloop
endfacet
facet normal 0.9238811597856403 0.3826795037536507 0
outer loop
vertex -40.59340286254883 1.2450600862503052 -0.5
vertex -40.59340286254883 1.2450600862503052 -4.099999904632568
vertex -40.69997024536133 1.5023396015167236 -4.099999904632568
endloop
endfacet
facet normal 0 0 1
outer loop
vertex -76.96763610839844 43.170005798339844 -4.099999904632568
vertex -77.22491455078125 43.063438415527344 -4.099999904632568
vertex -22.46149444580078 -0.22999466955661774 -4.099999904632568
endloop
endfacet
facet normal -0.3826808658763721 -0.923880595581545 0
outer loop
vertex 72.4749755859375 43.063438415527344 -4.099999904632568
vertex 72.4749755859375 43.063438415527344 -0.5
vertex 72.21769714355469 43.170005798339844 -0.5
endloop
endfacet
facet normal -0.923880595581545 -0.3826808658763721 0
outer loop
vertex 73.95002746582031 41.43767166137695 -4.099999904632568
vertex 73.95002746582031 41.43767166137695 -0.5
vertex 73.84346008300781 41.694950103759766 -0.5
endloop
endfacet
facet normal -0.7071077667266362 -0.7071057956450851 0
outer loop
vertex 73.84346008300781 41.694950103759766 -4.099999904632568
vertex 73.84346008300781 41.694950103759766 -0.5
vertex 72.4749755859375 43.063438415527344 -0.5
endloop
endfacet
facet normal 0.38267992785479743 0.9238809841191923 0
outer loop
vertex -38.96763610839844 -0.22999466955661774 -0.5
vertex -38.96763610839844 -0.22999466955661774 -4.099999904632568
vertex -39.224918365478516 -0.12342601269483566 -4.099999904632568
endloop
endfacet
facet normal 0.7071071950368915 0.7071063673359615 0
outer loop
vertex -39.224918365478516 -0.12342601269483566 -0.5
vertex -39.224918365478516 -0.12342601269483566 -4.099999904632568
vertex -40.59340286254883 1.2450600862503052 -4.099999904632568
endloop
endfacet
facet normal 0 0 1
outer loop
vertex -40.69997024536133 1.5023396015167236 -4.099999904632568
vertex -22.46149444580078 -0.22999466955661774 -4.099999904632568
vertex -40.69997024536133 8.508482933044434 -4.099999904632568
endloop
endfacet
facet normal 0 0 1
outer loop
vertex -40.59340286254883 1.2450600862503052 -4.099999904632568
vertex -22.46149444580078 -0.22999466955661774 -4.099999904632568
vertex -40.69997024536133 1.5023396015167236 -4.099999904632568
endloop
endfacet
facet normal 0.9238810970965939 0.382679655100182 0
outer loop
vertex -78.6999740600586 11.002339363098145 -4.099999904632568
vertex -78.6999740600586 11.002339363098145 -0.5
vertex -78.5934066772461 10.745059967041016 -0.5
endloop
endfacet
facet normal 0 0 1
outer loop
vertex -78.6999740600586 41.43767166137695 -4.099999904632568
vertex -76.96763610839844 9.270005226135254 -4.099999904632568
vertex -41.46149444580078 9.270005226135254 -4.099999904632568
endloop
endfacet
facet normal 1 0 0
outer loop
vertex -78.6999740600586 11.002339363098145 -4.099999904632568
vertex -78.6999740600586 41.43767166137695 -4.099999904632568
vertex -78.6999740600586 11.002339363098145 -0.5
endloop
endfacet
facet normal 0 0 1
outer loop
vertex -78.6999740600586 41.43767166137695 -4.099999904632568
vertex -41.46149444580078 9.270005226135254 -4.099999904632568
vertex -22.46149444580078 -0.22999466955661774 -4.099999904632568
endloop
endfacet
facet normal 1 0 0
outer loop
vertex -78.6999740600586 41.43767166137695 -4.099999904632568
vertex -78.6999740600586 41.43767166137695 -0.5
vertex -78.6999740600586 11.002339363098145 -0.5
endloop
endfacet
facet normal 0 0 1
outer loop
vertex -22.46149444580078 -0.22999466955661774 -4.099999904632568
vertex -39.224918365478516 -0.12342601269483566 -4.099999904632568
vertex -38.96763610839844 -0.22999466955661774 -4.099999904632568
endloop
endfacet
facet normal 0.7071068296138739 0.7071067327592178 0
outer loop
vertex -22.46149444580078 -0.22999466955661774 -4.099999904632568
vertex -22.46149444580078 -0.22999466955661774 -0.5
vertex -21.69997215270996 -0.9915170669555664 -0.5
endloop
endfacet
facet normal 1 0 0
outer loop
vertex -40.69997024536133 8.508482933044434 -4.099999904632568
vertex -40.69997024536133 8.508482933044434 -0.5
vertex -40.69997024536133 1.5023396015167236 -0.5
endloop
endfacet
facet normal 0 1 0
outer loop
vertex -38.96763610839844 -0.22999466955661774 -4.099999904632568
vertex -38.96763610839844 -0.22999466955661774 -0.5
vertex -22.46149444580078 -0.22999466955661774 -0.5
endloop
endfacet
facet normal 0 0 1
outer loop
vertex -39.224918365478516 -0.12342601269483566 -4.099999904632568
vertex -22.46149444580078 -0.22999466955661774 -4.099999904632568
vertex -40.59340286254883 1.2450600862503052 -4.099999904632568
endloop
endfacet
facet normal 0.9238811597856403 0.3826795037536507 0
outer loop
vertex -40.69997024536133 1.5023396015167236 -4.099999904632568
vertex -40.69997024536133 1.5023396015167236 -0.5
vertex -40.59340286254883 1.2450600862503052 -0.5
endloop
endfacet
facet normal 0.7071058956587566 0.7071076667132294 0
outer loop
vertex -41.46149444580078 9.270005226135254 -4.099999904632568
vertex -41.46149444580078 9.270005226135254 -0.5
vertex -40.69997024536133 8.508482933044434 -0.5
endloop
endfacet
facet normal -0.923880595581545 -0.3826808658763721 0
outer loop
vertex 73.84346008300781 41.694950103759766 -0.5
vertex 73.84346008300781 41.694950103759766 -4.099999904632568
vertex 73.95002746582031 41.43767166137695 -4.099999904632568
endloop
endfacet
facet normal -0.7071077667266362 -0.7071057956450851 0
outer loop
vertex 72.4749755859375 43.063438415527344 -0.5
vertex 72.4749755859375 43.063438415527344 -4.099999904632568
vertex 73.84346008300781 41.694950103759766 -4.099999904632568
endloop
endfacet
facet normal -0.3826808658763721 -0.923880595581545 0
outer loop
vertex 72.21769714355469 43.170005798339844 -0.5
vertex 72.21769714355469 43.170005798339844 -4.099999904632568
vertex 72.4749755859375 43.063438415527344 -4.099999904632568
endloop
endfacet
facet normal -1 0 0
outer loop
vertex 73.95002746582031 41.43767166137695 -4.099999904632568
vertex 73.95002746582031 24.931528091430664 -0.5
vertex 73.95002746582031 41.43767166137695 -0.5
endloop
endfacet
facet normal 0.7071071950368915 0.7071063673359615 0
outer loop
vertex -40.59340286254883 1.2450600862503052 -4.099999904632568
vertex -40.59340286254883 1.2450600862503052 -0.5
vertex -39.224918365478516 -0.12342601269483566 -0.5
endloop
endfacet
facet normal 0 0 1
outer loop
vertex -21.289920806884766 -43.22999572753906 -4.099999904632568
vertex -20.39997100830078 -43.22999572753906 -4.099999904632568
vertex -20.39997100830078 -10.52999496459961 -4.099999904632568
endloop
endfacet
facet normal 0 0 1
outer loop
vertex -21.69997215270996 -42.819942474365234 -4.099999904632568
vertex -21.289920806884766 -43.22999572753906 -4.099999904632568
vertex -20.39997100830078 -10.52999496459961 -4.099999904632568
endloop
endfacet
facet normal 0 0 1
outer loop
vertex -21.69997215270996 -39.329994201660156 -4.099999904632568
vertex -21.69997215270996 -42.819942474365234 -4.099999904632568
vertex -20.39997100830078 -10.52999496459961 -4.099999904632568
endloop
endfacet
facet normal 0.7071053028769295 0.7071082594930749 0
outer loop
vertex -78.5934066772461 10.745059967041016 -4.099999904632568
vertex -78.5934066772461 10.745059967041016 -0.5
vertex -77.22491455078125 9.37657356262207 -0.5
endloop
endfacet
facet normal 0 1 0
outer loop
vertex 17.60002899169922 -43.52999496459961 -11.899999618530273
vertex 17.60002899169922 -43.52999496459961 -8.199999809265137
vertex 78.60002899169922 -43.52999496459961 -11.899999618530273
endloop
endfacet
facet normal 0 1 0
outer loop
vertex 17.60002899169922 -25.52999496459961 -8.199999809265137
vertex 17.60002899169922 -25.52999496459961 -11.899999618530273
vertex 12.100028038024902 -25.52999496459961 -11.899999618530273
endloop
endfacet
facet normal -1 0 0
outer loop
vertex 78.60002899169922 -10.52999496459961 -4.099999904632568
vertex 78.60002899169922 -10.52999496459961 -11.899999618530273
vertex 78.60002899169922 -43.22999572753906 -4.099999904632568
endloop
endfacet
facet normal -1 0 0
outer loop
vertex 78.60002899169922 -43.22999572753906 -0.5
vertex 78.60002899169922 -43.22999572753906 -4.099999904632568
vertex 78.60002899169922 -43.52999496459961 -0.5
endloop
endfacet
facet normal 0 1 0
outer loop
vertex 17.60002899169922 -25.52999496459961 -8.199999809265137
vertex 12.100028038024902 -25.52999496459961 -11.899999618530273
vertex 12.100028038024902 -25.52999496459961 -8.199999809265137
endloop
endfacet
facet normal 1 0 0
outer loop
vertex 12.100028038024902 -25.52999496459961 -11.899999618530273
vertex 12.100028038024902 -10.52999496459961 -11.899999618530273
vertex 12.100028038024902 -25.52999496459961 -8.199999809265137
endloop
endfacet
facet normal 0 1 0
outer loop
vertex 78.60002899169922 -43.52999496459961 -11.899999618530273
vertex 65.13516235351562 -43.52999496459961 -5
vertex 77.13516235351562 -43.52999496459961 -5
endloop
endfacet
facet normal 1 0 0
outer loop
vertex 12.100028038024902 -25.52999496459961 -8.199999809265137
vertex 12.100028038024902 -10.52999496459961 -11.899999618530273
vertex 12.100028038024902 -10.52999496459961 -8.199999809265137
endloop
endfacet
facet normal 0 1 0
outer loop
vertex 78.60002899169922 -43.52999496459961 -0.5
vertex 78.60002899169922 -43.52999496459961 -11.899999618530273
vertex 77.13516235351562 -43.52999496459961 -5
endloop
endfacet
facet normal -1 0 0
outer loop
vertex 78.60002899169922 -43.52999496459961 -11.899999618530273
vertex 78.60002899169922 -43.52999496459961 -0.5
vertex 78.60002899169922 -43.22999572753906 -4.099999904632568
endloop
endfacet
facet normal 0 1 0
outer loop
vertex 78.60002899169922 -43.52999496459961 -0.5
vertex 77.13516235351562 -43.52999496459961 -5
vertex 77.13516235351562 -43.52999496459961 -0.5
endloop
endfacet
facet normal 0 1 0
outer loop
vertex 17.60002899169922 -43.52999496459961 -0.5
vertex 78.60002899169922 -43.52999496459961 -11.899999618530273
vertex 17.60002899169922 -43.52999496459961 -8.199999809265137
endloop
endfacet
facet normal 0 1 0
outer loop
vertex 78.60002899169922 -43.52999496459961 -11.899999618530273
vertex 17.60002899169922 -43.52999496459961 -0.5
vertex 65.13516235351562 -43.52999496459961 -5
endloop
endfacet
facet normal 0 -1 0
outer loop
vertex 12.100028038024902 -10.52999496459961 -4.099999904632568
vertex 12.100028038024902 -10.52999496459961 -8.199999809265137
vertex 78.60002899169922 -10.52999496459961 -4.099999904632568
endloop
endfacet
facet normal 0 0 1
outer loop
vertex 12.100028038024902 -10.52999496459961 -11.899999618530273
vertex 17.60002899169922 -25.52999496459961 -11.899999618530273
vertex 78.60002899169922 -10.52999496459961 -11.899999618530273
endloop
endfacet
facet normal -1 0 0
outer loop
vertex 78.60002899169922 -43.52999496459961 -11.899999618530273
vertex 78.60002899169922 -43.22999572753906 -4.099999904632568
vertex 78.60002899169922 -10.52999496459961 -11.899999618530273
endloop
endfacet
facet normal 0 0 1
outer loop
vertex 78.60002899169922 -10.52999496459961 -11.899999618530273
vertex 17.60002899169922 -25.52999496459961 -11.899999618530273
vertex 78.60002899169922 -43.52999496459961 -11.899999618530273
endloop
endfacet
facet normal 1 0 0
outer loop
vertex 17.60002899169922 -43.52999496459961 -11.899999618530273
vertex 17.60002899169922 -25.52999496459961 -11.899999618530273
vertex 17.60002899169922 -43.52999496459961 -8.199999809265137
endloop
endfacet
facet normal 0 -1 0
outer loop
vertex 12.100028038024902 -10.52999496459961 -11.899999618530273
vertex 78.60002899169922 -10.52999496459961 -11.899999618530273
vertex 78.60002899169922 -10.52999496459961 -4.099999904632568
endloop
endfacet
facet normal 0 -1 0
outer loop
vertex 12.100028038024902 -10.52999496459961 -8.199999809265137
vertex 12.100028038024902 -10.52999496459961 -11.899999618530273
vertex 78.60002899169922 -10.52999496459961 -4.099999904632568
endloop
endfacet
facet normal 1 0 0
outer loop
vertex 17.60002899169922 -43.52999496459961 -8.199999809265137
vertex 17.60002899169922 -25.52999496459961 -11.899999618530273
vertex 17.60002899169922 -25.52999496459961 -8.199999809265137
endloop
endfacet
facet normal 0 1 0
outer loop
vertex 65.13516235351562 -43.52999496459961 -0.5
vertex 65.13516235351562 -43.52999496459961 -5
vertex 17.60002899169922 -43.52999496459961 -0.5
endloop
endfacet
facet normal 0 0 1
outer loop
vertex 12.100028038024902 -25.52999496459961 -11.899999618530273
vertex 17.60002899169922 -25.52999496459961 -11.899999618530273
vertex 12.100028038024902 -10.52999496459961 -11.899999618530273
endloop
endfacet
facet normal 0 0 1
outer loop
vertex 17.60002899169922 -25.52999496459961 -11.899999618530273
vertex 17.60002899169922 -43.52999496459961 -11.899999618530273
vertex 78.60002899169922 -43.52999496459961 -11.899999618530273
endloop
endfacet
facet normal 0 1 0
outer loop
vertex -2.8499717712402344 -43.52999496459961 -4.099999904632568
vertex -2.8499717712402344 -43.52999496459961 -0.5
vertex 17.60002899169922 -43.52999496459961 -0.5
endloop
endfacet
facet normal 0 1 0
outer loop
vertex 13.850028038024902 -43.52999496459961 -5.699999809265137
vertex 17.60002899169922 -43.52999496459961 -0.5
vertex 14.232711791992188 -43.52999496459961 -5.776120662689209
endloop
endfacet
facet normal 0 1 0
outer loop
vertex 5.642921447753906 -43.52999496459961 -5.992893218994141
vertex -20.39997100830078 -43.52999496459961 -8.199999809265137
vertex 5.967344760894775 -43.52999496459961 -5.776120662689209
endloop
endfacet
facet normal 0 1 0
outer loop
vertex -20.39997100830078 -43.52999496459961 -8.199999809265137
vertex -20.39997100830078 -43.52999496459961 -4.099999904632568
vertex -2.8499717712402344 -43.52999496459961 -4.099999904632568
endloop
endfacet
facet normal 0 1 0
outer loop
vertex 5.426148891448975 -43.52999496459961 -6.31731653213501
vertex -20.39997100830078 -43.52999496459961 -8.199999809265137
vertex 5.642921447753906 -43.52999496459961 -5.992893218994141
endloop
endfacet
facet normal 0 1 0
outer loop
vertex 5.350028038024902 -43.52999496459961 -6.699999809265137
vertex -20.39997100830078 -43.52999496459961 -8.199999809265137
vertex 5.426148891448975 -43.52999496459961 -6.31731653213501
endloop
endfacet
facet normal 0 0 1
outer loop
vertex -20.39997100830078 -43.52999496459961 -8.199999809265137
vertex 5.100028038024902 -43.52999496459961 -8.199999809265137
vertex 5.100028038024902 -34.52999496459961 -8.199999809265137
endloop
endfacet
facet normal 0 1 0
outer loop
vertex -20.39997100830078 -43.52999496459961 -8.199999809265137
vertex 5.350028038024902 -43.52999496459961 -6.699999809265137
vertex 5.100028038024902 -43.52999496459961 -8.199999809265137
endloop
endfacet
facet normal 1 0 0
outer loop
vertex -20.39997100830078 -43.22999572753906 -4.099999904632568
vertex -20.39997100830078 -43.52999496459961 -8.199999809265137
vertex -20.39997100830078 -10.52999496459961 -4.099999904632568
endloop
endfacet
facet normal 1 0 0
outer loop
vertex -20.39997100830078 -43.52999496459961 -8.199999809265137
vertex -20.39997100830078 -43.22999572753906 -4.099999904632568
vertex -20.39997100830078 -43.52999496459961 -4.099999904632568
endloop
endfacet
facet normal 0 0 1
outer loop
vertex -20.39997100830078 -10.52999496459961 -8.199999809265137
vertex 5.100028038024902 -34.52999496459961 -8.199999809265137
vertex 15.100028038024902 -34.52999496459961 -8.199999809265137
endloop
endfacet
facet normal 0 0 1
outer loop
vertex 15.100028038024902 -34.52999496459961 -8.199999809265137
vertex 15.100028038024902 -43.52999496459961 -8.199999809265137
vertex 17.60002899169922 -25.52999496459961 -8.199999809265137
endloop
endfacet
facet normal 0 0 1
outer loop
vertex 3.5500283241271973 -22.429994583129883 -8.199999809265137
vertex 15.100028038024902 -34.52999496459961 -8.199999809265137
vertex 12.100028038024902 -25.52999496459961 -8.199999809265137
endloop
endfacet
facet normal 0 0 1
outer loop
vertex -20.39997100830078 -43.52999496459961 -8.199999809265137
vertex 5.100028038024902 -34.52999496459961 -8.199999809265137
vertex -20.39997100830078 -10.52999496459961 -8.199999809265137
endloop
endfacet
facet normal 0 0 1
outer loop
vertex 7.650028228759766 -22.429994583129883 -8.199999809265137
vertex 3.5500283241271973 -22.429994583129883 -8.199999809265137
vertex 12.100028038024902 -25.52999496459961 -8.199999809265137
endloop
endfacet
facet normal 0 0 1
outer loop
vertex -20.39997100830078 -10.52999496459961 -8.199999809265137
vertex 15.100028038024902 -34.52999496459961 -8.199999809265137
vertex 3.5500283241271973 -22.429994583129883 -8.199999809265137
endloop
endfacet
facet normal 0 0 1
outer loop
vertex 3.5500283241271973 -22.429994583129883 -8.199999809265137
vertex 3.5500283241271973 -12.62999439239502 -8.199999809265137
vertex -20.39997100830078 -10.52999496459961 -8.199999809265137
endloop
endfacet
facet normal 0 0 1
outer loop
vertex -20.39997100830078 -10.52999496459961 -8.199999809265137
vertex 3.5500283241271973 -12.62999439239502 -8.199999809265137
vertex 7.650028228759766 -12.62999439239502 -8.199999809265137
endloop
endfacet
facet normal 0 0 1
outer loop
vertex 7.650028228759766 -12.62999439239502 -8.199999809265137
vertex 12.100028038024902 -10.52999496459961 -8.199999809265137
vertex -20.39997100830078 -10.52999496459961 -8.199999809265137
endloop
endfacet
facet normal 0 -1 0
outer loop
vertex -20.39997100830078 -10.52999496459961 -4.099999904632568
vertex -20.39997100830078 -10.52999496459961 -8.199999809265137
vertex 12.100028038024902 -10.52999496459961 -4.099999904632568
endloop
endfacet
facet normal 0 1 0
outer loop
vertex -20.39997100830078 -43.52999496459961 -8.199999809265137
vertex 17.60002899169922 -43.52999496459961 -0.5
vertex 6.350028038024902 -43.52999496459961 -5.699999809265137
endloop
endfacet
facet normal 0 1 0
outer loop
vertex 15.100028038024902 -43.52999496459961 -8.199999809265137
vertex 14.850028038024902 -43.52999496459961 -8.199999809265137
vertex 14.850028038024902 -43.52999496459961 -6.699999809265137
endloop
endfacet
facet normal 0 0 1
outer loop
vertex 15.100028038024902 -43.52999496459961 -8.199999809265137
vertex 17.60002899169922 -43.52999496459961 -8.199999809265137
vertex 17.60002899169922 -25.52999496459961 -8.199999809265137
endloop
endfacet
facet normal 0 0 1
outer loop
vertex 12.100028038024902 -10.52999496459961 -8.199999809265137
vertex 7.650028228759766 -12.62999439239502 -8.199999809265137
vertex 7.650028228759766 -22.429994583129883 -8.199999809265137
endloop
endfacet
facet normal 0 0 1
outer loop
vertex 12.100028038024902 -10.52999496459961 -8.199999809265137
vertex 7.650028228759766 -22.429994583129883 -8.199999809265137
vertex 12.100028038024902 -25.52999496459961 -8.199999809265137
endloop
endfacet
facet normal 0 -1 0
outer loop
vertex 12.100028038024902 -10.52999496459961 -4.099999904632568
vertex -20.39997100830078 -10.52999496459961 -8.199999809265137
vertex 12.100028038024902 -10.52999496459961 -8.199999809265137
endloop
endfacet
facet normal 0 1 0
outer loop
vertex 5.350028038024902 -43.52999496459961 -8.199999809265137
vertex 5.100028038024902 -43.52999496459961 -8.199999809265137
vertex 5.350028038024902 -43.52999496459961 -6.699999809265137
endloop
endfacet
facet normal 1 0 0
outer loop
vertex -20.39997100830078 -10.52999496459961 -4.099999904632568
vertex -20.39997100830078 -43.52999496459961 -8.199999809265137
vertex -20.39997100830078 -10.52999496459961 -8.199999809265137
endloop
endfacet
facet normal 0 0 1
outer loop
vertex 17.60002899169922 -25.52999496459961 -8.199999809265137
vertex 12.100028038024902 -25.52999496459961 -8.199999809265137
vertex 15.100028038024902 -34.52999496459961 -8.199999809265137
endloop
endfacet
facet normal 0 1 0
outer loop
vertex 15.100028038024902 -43.52999496459961 -8.199999809265137
vertex 17.60002899169922 -43.52999496459961 -0.5
vertex 17.60002899169922 -43.52999496459961 -8.199999809265137
endloop
endfacet
facet normal 0 1 0
outer loop
vertex 17.60002899169922 -43.52999496459961 -0.5
vertex 15.100028038024902 -43.52999496459961 -8.199999809265137
vertex 14.850028038024902 -43.52999496459961 -6.699999809265137
endloop
endfacet
facet normal 0 1 0
outer loop
vertex 17.60002899169922 -43.52999496459961 -0.5
vertex 14.773907661437988 -43.52999496459961 -6.31731653213501
vertex 14.557134628295898 -43.52999496459961 -5.992893218994141
endloop
endfacet
facet normal 0 1 0
outer loop
vertex 17.60002899169922 -43.52999496459961 -0.5
vertex 14.557134628295898 -43.52999496459961 -5.992893218994141
vertex 14.232711791992188 -43.52999496459961 -5.776120662689209
endloop
endfacet
facet normal 0 1 0
outer loop
vertex 17.60002899169922 -43.52999496459961 -0.5
vertex -20.39997100830078 -43.52999496459961 -8.199999809265137
vertex -2.8499717712402344 -43.52999496459961 -4.099999904632568
endloop
endfacet
facet normal 0 1 0
outer loop
vertex 17.60002899169922 -43.52999496459961 -0.5
vertex 14.850028038024902 -43.52999496459961 -6.699999809265137
vertex 14.773907661437988 -43.52999496459961 -6.31731653213501
endloop
endfacet
facet normal 0 1 0
outer loop
vertex 6.350028038024902 -43.52999496459961 -5.699999809265137
vertex 17.60002899169922 -43.52999496459961 -0.5
vertex 13.850028038024902 -43.52999496459961 -5.699999809265137
endloop
endfacet
facet normal 0 1 0
outer loop
vertex 5.967344760894775 -43.52999496459961 -5.776120662689209
vertex -20.39997100830078 -43.52999496459961 -8.199999809265137
vertex 6.350028038024902 -43.52999496459961 -5.699999809265137
endloop
endfacet
facet normal -1 0 0
outer loop
vertex 15.100028038024902 -34.52999496459961 -9.5
vertex 15.100028038024902 -43.52999496459961 -8.199999809265137
vertex 15.100028038024902 -34.52999496459961 -8.199999809265137
endloop
endfacet
facet normal 0 1 0
outer loop
vertex 14.773907661437988 -43.52999496459961 -8.582683563232422
vertex 14.850028038024902 -43.52999496459961 -8.199999809265137
vertex 15.100028038024902 -43.52999496459961 -9.5
endloop
endfacet
facet normal 0 0 1
outer loop
vertex 5.100028038024902 -43.52999496459961 -9.5
vertex 15.100028038024902 -43.52999496459961 -9.5
vertex 5.100028038024902 -34.52999496459961 -9.5
endloop
endfacet
facet normal 0 1 0
outer loop
vertex 5.426148891448975 -43.52999496459961 -8.582683563232422
vertex 5.100028038024902 -43.52999496459961 -9.5
vertex 5.100028038024902 -43.52999496459961 -8.199999809265137
endloop
endfacet
facet normal 0 1 0
outer loop
vertex 14.850028038024902 -43.52999496459961 -8.199999809265137
vertex 15.100028038024902 -43.52999496459961 -8.199999809265137
vertex 15.100028038024902 -43.52999496459961 -9.5
endloop
endfacet
facet normal 0 1 0
outer loop
vertex 5.350028038024902 -43.52999496459961 -8.199999809265137
vertex 5.426148891448975 -43.52999496459961 -8.582683563232422
vertex 5.100028038024902 -43.52999496459961 -8.199999809265137
endloop
endfacet
facet normal 0 -1 0
outer loop
vertex 15.100028038024902 -34.52999496459961 -8.199999809265137
vertex 5.100028038024902 -34.52999496459961 -8.199999809265137
vertex 5.100028038024902 -34.52999496459961 -9.5
endloop
endfacet
facet normal 1 0 0
outer loop
vertex 5.100028038024902 -34.52999496459961 -8.199999809265137
vertex 5.100028038024902 -43.52999496459961 -8.199999809265137
vertex 5.100028038024902 -43.52999496459961 -9.5
endloop
endfacet
facet normal 0 1 0
outer loop
vertex 5.642921447753906 -43.52999496459961 -8.907106399536133
vertex 5.100028038024902 -43.52999496459961 -9.5
vertex 5.426148891448975 -43.52999496459961 -8.582683563232422
endloop
endfacet
facet normal 0 1 0
outer loop
vertex 6.350028038024902 -43.52999496459961 -9.199999809265137
vertex 13.850028038024902 -43.52999496459961 -9.199999809265137
vertex 5.100028038024902 -43.52999496459961 -9.5
endloop
endfacet
facet normal 0 1 0
outer loop
vertex 5.100028038024902 -43.52999496459961 -9.5
vertex 5.967344760894775 -43.52999496459961 -9.123879432678223
vertex 6.350028038024902 -43.52999496459961 -9.199999809265137
endloop
endfacet
facet normal 0 1 0
outer loop
vertex 15.100028038024902 -43.52999496459961 -9.5
vertex 5.100028038024902 -43.52999496459961 -9.5
vertex 13.850028038024902 -43.52999496459961 -9.199999809265137
endloop
endfacet
facet normal 0 1 0
outer loop
vertex 15.100028038024902 -43.52999496459961 -9.5
vertex 13.850028038024902 -43.52999496459961 -9.199999809265137
vertex 14.232711791992188 -43.52999496459961 -9.123879432678223
endloop
endfacet
facet normal 0 1 0
outer loop
vertex 14.232711791992188 -43.52999496459961 -9.123879432678223
vertex 14.557134628295898 -43.52999496459961 -8.907106399536133
vertex 15.100028038024902 -43.52999496459961 -9.5
endloop
endfacet
facet normal 0 -1 0
outer loop
vertex 15.100028038024902 -34.52999496459961 -8.199999809265137
vertex 5.100028038024902 -34.52999496459961 -9.5
vertex 15.100028038024902 -34.52999496459961 -9.5
endloop
endfacet
facet normal 0 0 1
outer loop
vertex 5.100028038024902 -34.52999496459961 -9.5
vertex 15.100028038024902 -43.52999496459961 -9.5
vertex 15.100028038024902 -34.52999496459961 -9.5
endloop
endfacet
facet normal 1 0 0
outer loop
vertex 5.100028038024902 -34.52999496459961 -8.199999809265137
vertex 5.100028038024902 -43.52999496459961 -9.5
vertex 5.100028038024902 -34.52999496459961 -9.5
endloop
endfacet
facet normal -1 0 0
outer loop
vertex 15.100028038024902 -43.52999496459961 -9.5
vertex 15.100028038024902 -43.52999496459961 -8.199999809265137
vertex 15.100028038024902 -34.52999496459961 -9.5
endloop
endfacet
facet normal 0 1 0
outer loop
vertex 14.557134628295898 -43.52999496459961 -8.907106399536133
vertex 14.773907661437988 -43.52999496459961 -8.582683563232422
vertex 15.100028038024902 -43.52999496459961 -9.5
endloop
endfacet
facet normal 0 1 0
outer loop
vertex 5.967344760894775 -43.52999496459961 -9.123879432678223
vertex 5.100028038024902 -43.52999496459961 -9.5
vertex 5.642921447753906 -43.52999496459961 -8.907106399536133
endloop
endfacet
facet normal 0 0 1
outer loop
vertex 3.5500283241271973 -22.429994583129883 -10
vertex 7.650028228759766 -22.429994583129883 -10
vertex 6.850028038024902 -20.77999496459961 -10
endloop
endfacet
facet normal 0 0 1
outer loop
vertex 3.5500283241271973 -12.62999439239502 -10
vertex 4.350028038024902 -14.27999496459961 -10
vertex 7.650028228759766 -12.62999439239502 -10
endloop
endfacet
facet normal 0 0 1
outer loop
vertex 7.650028228759766 -12.62999439239502 -10
vertex 4.350028038024902 -14.27999496459961 -10
vertex 6.850028038024902 -14.27999496459961 -10
endloop
endfacet
facet normal 0 0 1
outer loop
vertex 6.850028038024902 -20.77999496459961 -10
vertex 7.650028228759766 -22.429994583129883 -10
vertex 7.650028228759766 -12.62999439239502 -10
endloop
endfacet
facet normal 0 -1 0
outer loop
vertex 7.650028228759766 -12.62999439239502 -8.199999809265137
vertex 3.5500283241271973 -12.62999439239502 -8.199999809265137
vertex 3.5500283241271973 -12.62999439239502 -10
endloop
endfacet
facet normal 0 -1 0
outer loop
vertex 7.650028228759766 -12.62999439239502 -8.199999809265137
vertex 3.5500283241271973 -12.62999439239502 -10
vertex 7.650028228759766 -12.62999439239502 -10
endloop
endfacet
facet normal 0 0 1
outer loop
vertex 6.850028038024902 -14.27999496459961 -10
vertex 6.850028038024902 -20.77999496459961 -10
vertex 7.650028228759766 -12.62999439239502 -10
endloop
endfacet
facet normal 1 0 0
outer loop
vertex 3.5500283241271973 -12.62999439239502 -8.199999809265137
vertex 3.5500283241271973 -22.429994583129883 -8.199999809265137
vertex 3.5500283241271973 -22.429994583129883 -10
endloop
endfacet
facet normal 1 0 0
outer loop
vertex 3.5500283241271973 -12.62999439239502 -8.199999809265137
vertex 3.5500283241271973 -22.429994583129883 -10
vertex 3.5500283241271973 -12.62999439239502 -10
endloop
endfacet
facet normal -1 0 0
outer loop
vertex 7.650028228759766 -12.62999439239502 -10
vertex 7.650028228759766 -22.429994583129883 -10
vertex 7.650028228759766 -22.429994583129883 -8.199999809265137
endloop
endfacet
facet normal -1 0 0
outer loop
vertex 7.650028228759766 -12.62999439239502 -10
vertex 7.650028228759766 -22.429994583129883 -8.199999809265137
vertex 7.650028228759766 -12.62999439239502 -8.199999809265137
endloop
endfacet
facet normal 0 0 1
outer loop
vertex 3.5500283241271973 -22.429994583129883 -10
vertex 4.350028038024902 -14.27999496459961 -10
vertex 3.5500283241271973 -12.62999439239502 -10
endloop
endfacet
facet normal 0 0 1
outer loop
vertex 3.5500283241271973 -22.429994583129883 -10
vertex 4.350028038024902 -20.77999496459961 -10
vertex 4.350028038024902 -14.27999496459961 -10
endloop
endfacet
facet normal 0 0 1
outer loop
vertex 6.850028038024902 -20.77999496459961 -10
vertex 4.350028038024902 -20.77999496459961 -10
vertex 3.5500283241271973 -22.429994583129883 -10
endloop
endfacet
facet normal 0 1 0
outer loop
vertex 7.650028228759766 -22.429994583129883 -10
vertex 3.5500283241271973 -22.429994583129883 -8.199999809265137
vertex 7.650028228759766 -22.429994583129883 -8.199999809265137
endloop
endfacet
facet normal 0 1 0
outer loop
vertex 7.650028228759766 -22.429994583129883 -10
vertex 3.5500283241271973 -22.429994583129883 -10
vertex 3.5500283241271973 -22.429994583129883 -8.199999809265137
endloop
endfacet
facet normal 0 -1 0
outer loop
vertex 4.350028038024902 -14.27999496459961 -10
vertex 6.850028038024902 -14.27999496459961 -11.699999809265137
vertex 6.850028038024902 -14.27999496459961 -10
endloop
endfacet
facet normal -1 0 0
outer loop
vertex 6.850028038024902 -14.27999496459961 -10
vertex 6.850028038024902 -20.77999496459961 -11.699999809265137
vertex 6.850028038024902 -20.77999496459961 -10
endloop
endfacet
facet normal 1 0 0
outer loop
vertex 4.350028038024902 -14.27999496459961 -10
vertex 4.350028038024902 -20.77999496459961 -10
vertex 4.350028038024902 -14.27999496459961 -11.699999809265137
endloop
endfacet
facet normal 0 1 0
outer loop
vertex 6.850028038024902 -20.77999496459961 -11.699999809265137
vertex 4.350028038024902 -20.77999496459961 -11.699999809265137
vertex 6.850028038024902 -20.77999496459961 -10
endloop
endfacet
facet normal 0 -1 0
outer loop
vertex 4.350028038024902 -14.27999496459961 -10
vertex 4.350028038024902 -14.27999496459961 -11.699999809265137
vertex 6.850028038024902 -14.27999496459961 -11.699999809265137
endloop
endfacet
facet normal 0 1 0
outer loop
vertex 6.850028038024902 -20.77999496459961 -10
vertex 4.350028038024902 -20.77999496459961 -11.699999809265137
vertex 4.350028038024902 -20.77999496459961 -10
endloop
endfacet
facet normal -1 0 0
outer loop
vertex 6.850028038024902 -20.77999496459961 -11.699999809265137
vertex 6.850028038024902 -14.27999496459961 -10
vertex 6.850028038024902 -14.27999496459961 -11.699999809265137
endloop
endfacet
facet normal 1 0 0
outer loop
vertex 4.350028038024902 -20.77999496459961 -11.699999809265137
vertex 4.350028038024902 -14.27999496459961 -11.699999809265137
vertex 4.350028038024902 -20.77999496459961 -10
endloop
endfacet
facet normal 0.19509511019462947 0.9807843279631591 0
outer loop
vertex -9.399971961975098 -25.02999496459961 -14.671783447265625
vertex -9.591313362121582 -24.991933822631836 -14.668319702148438
vertex -9.591313362121582 -24.991933822631836 -11.699999809265137
endloop
endfacet
facet normal 0.5555662698042281 0.8314722604247334 0
outer loop
vertex -9.591313362121582 -24.991933822631836 -14.668319702148438
vertex -9.753524780273438 -24.883548736572266 -14.658455848693848
vertex -9.753524780273438 -24.883548736572266 -11.699999809265137
endloop
endfacet
facet normal 0 0 -1
outer loop
vertex 4.350028038024902 -14.27999496459961 -11.699999809265137
vertex 9.600028038024902 -10.02999496459961 -11.699999809265137
vertex 6.850028038024902 -14.27999496459961 -11.699999809265137
endloop
endfacet
facet normal 0 0 -1
outer loop
vertex -9.753524780273438 -10.176441192626953 -11.699999809265137
vertex -9.86191177368164 -24.721336364746094 -11.699999809265137
vertex -9.86191177368164 -10.338652610778809 -11.699999809265137
endloop
endfacet
facet normal 0.9807854493769546 -0.1950894725259293 0
outer loop
vertex -9.899971961975098 -10.52999496459961 -13.352180480957031
vertex -9.86191177368164 -10.338652610778809 -13.33476734161377
vertex -9.86191177368164 -10.338652610778809 -11.699999809265137
endloop
endfacet
facet normal 0 0 -1
outer loop
vertex 10.100028038024902 -10.52999496459961 -11.699999809265137
vertex 10.061967849731445 -24.721336364746094 -11.699999809265137
vertex 10.061967849731445 -10.338652610778809 -11.699999809265137
endloop
endfacet
facet normal -0.5555696493644593 -0.8314700022881474 0
outer loop
vertex 9.791370391845703 -10.068055152893066 -11.699999809265137
vertex 9.791370391845703 -10.068055152893066 -13.310140609741211
vertex 9.953581809997559 -10.176441192626953 -11.699999809265137
endloop
endfacet
facet normal -0.9807854493769546 -0.1950894725259293 0
outer loop
vertex 10.061967849731445 -10.338652610778809 -11.699999809265137
vertex 10.061967849731445 -10.338652610778809 -13.33476734161377
vertex 10.100028038024902 -10.52999496459961 -11.699999809265137
endloop
endfacet
facet normal -0.8314700022881474 -0.5555696493644593 0
outer loop
vertex 9.953581809997559 -10.176441192626953 -11.699999809265137
vertex 9.953581809997559 -10.176441192626953 -13.3200044631958
vertex 10.061967849731445 -10.338652610778809 -11.699999809265137
endloop
endfacet
facet normal 0 0 -1
outer loop
vertex 9.791370391845703 -24.991933822631836 -11.699999809265137
vertex 6.850028038024902 -20.77999496459961 -11.699999809265137
vertex 9.600028038024902 -10.02999496459961 -11.699999809265137
endloop
endfacet
facet normal 0 0 -1
outer loop
vertex -9.86191177368164 -10.338652610778809 -11.699999809265137
vertex -9.899971961975098 -24.52999496459961 -11.699999809265137
vertex -9.899971961975098 -10.52999496459961 -11.699999809265137
endloop
endfacet
facet normal 0 -1 0
outer loop
vertex -9.399971961975098 -10.02999496459961 -11.699999809265137
vertex -9.399971961975098 -10.02999496459961 -13.306676864624023
vertex 9.600028038024902 -10.02999496459961 -11.699999809265137
endloop
endfacet
facet normal -1 0 0
outer loop
vertex 10.100028038024902 -24.52999496459961 -14.626279830932617
vertex 10.100028038024902 -24.52999496459961 -11.699999809265137
vertex 10.100028038024902 -10.52999496459961 -13.352180480957031
endloop
endfacet
facet normal 0.19509040787318935 -0.9807852633251952 0
outer loop
vertex -9.591313362121582 -10.068055152893066 -11.699999809265137
vertex -9.591313362121582 -10.068055152893066 -13.310140609741211
vertex -9.399971961975098 -10.02999496459961 -11.699999809265137
endloop
endfacet
facet normal 0.5555696493644593 -0.8314700022881474 0
outer loop
vertex -9.753524780273438 -10.176441192626953 -11.699999809265137
vertex -9.753524780273438 -10.176441192626953 -13.3200044631958
vertex -9.591313362121582 -10.068055152893066 -11.699999809265137
endloop
endfacet
facet normal -0.001983082116407053 0.9999176547022991 -0.01267876965534589
outer loop
vertex 9.600028038024902 -25.02999496459961 -14.671783447265625
vertex -9.399971961975098 -25.02999496459961 -11.699999809265137
vertex 9.791370391845703 -24.991933822631836 -11.699999809265137
endloop
endfacet
facet normal 0 0 -1
outer loop
vertex -9.399971961975098 -25.02999496459961 -11.699999809265137
vertex 4.350028038024902 -14.27999496459961 -11.699999809265137
vertex 4.350028038024902 -20.77999496459961 -11.699999809265137
endloop
endfacet
facet normal 0 0 -1
outer loop
vertex -9.399971961975098 -25.02999496459961 -11.699999809265137
vertex -9.591313362121582 -24.991933822631836 -11.699999809265137
vertex -9.399971961975098 -10.02999496459961 -11.699999809265137
endloop
endfacet
facet normal -0.9807852633251953 0.19509040787318935 0
outer loop
vertex 10.100028038024902 -24.52999496459961 -14.626279830932617
vertex 10.061967849731445 -24.721336364746094 -14.643693923950195
vertex 10.061967849731445 -24.721336364746094 -11.699999809265137
endloop
endfacet
facet normal -0.8314715111157752 0.5555673912342671 0
outer loop
vertex 10.061967849731445 -24.721336364746094 -14.643693923950195
vertex 9.953581809997559 -24.883548736572266 -14.658455848693848
vertex 9.953581809997559 -24.883548736572266 -11.699999809265137
endloop
endfacet
facet normal 0 0 -1
outer loop
vertex -9.591313362121582 -24.991933822631836 -11.699999809265137
vertex -9.753524780273438 -24.883548736572266 -11.699999809265137
vertex -9.591313362121582 -10.068055152893066 -11.699999809265137
endloop
endfacet
facet normal 0 0 -1
outer loop
vertex 10.100028038024902 -24.52999496459961 -11.699999809265137
vertex 10.061967849731445 -24.721336364746094 -11.699999809265137
vertex 10.100028038024902 -10.52999496459961 -11.699999809265137
endloop
endfacet
facet normal 0 0 -1
outer loop
vertex 10.061967849731445 -24.721336364746094 -11.699999809265137
vertex 9.953581809997559 -24.883548736572266 -11.699999809265137
vertex 10.061967849731445 -10.338652610778809 -11.699999809265137
endloop
endfacet
facet normal 0 0 -1
outer loop
vertex 9.600028038024902 -10.02999496459961 -11.699999809265137
vertex 6.850028038024902 -20.77999496459961 -11.699999809265137
vertex 6.850028038024902 -14.27999496459961 -11.699999809265137
endloop
endfacet
facet normal 0 0 -1
outer loop
vertex -9.753524780273438 -24.883548736572266 -11.699999809265137
vertex -9.86191177368164 -24.721336364746094 -11.699999809265137
vertex -9.753524780273438 -10.176441192626953 -11.699999809265137
endloop
endfacet
facet normal -0.555566269804228 0.8314722604247333 0
outer loop
vertex 9.953581809997559 -24.883548736572266 -14.658455848693848
vertex 9.791370391845703 -24.991933822631836 -14.668319702148438
vertex 9.791370391845703 -24.991933822631836 -11.699999809265137
endloop
endfacet
facet normal 0 0 -1
outer loop
vertex 9.791370391845703 -10.068055152893066 -11.699999809265137
vertex 9.791370391845703 -24.991933822631836 -11.699999809265137
vertex 9.600028038024902 -10.02999496459961 -11.699999809265137
endloop
endfacet
facet normal 0 0 -1
outer loop
vertex -9.86191177368164 -24.721336364746094 -11.699999809265137
vertex -9.899971961975098 -24.52999496459961 -11.699999809265137
vertex -9.86191177368164 -10.338652610778809 -11.699999809265137
endloop
endfacet
facet normal 1 0 0
outer loop
vertex -9.899971961975098 -24.52999496459961 -11.699999809265137
vertex -9.899971961975098 -24.52999496459961 -14.626279830932617
vertex -9.899971961975098 -10.52999496459961 -11.699999809265137
endloop
endfacet
facet normal 0.8314692529919772 0.5555707707654927 0
outer loop
vertex -9.753524780273438 -24.883548736572266 -11.699999809265137
vertex -9.753524780273438 -24.883548736572266 -14.658455848693848
vertex -9.86191177368164 -24.721336364746094 -11.699999809265137
endloop
endfacet
facet normal 0.9807852633251953 0.19509040787318935 0
outer loop
vertex -9.86191177368164 -24.721336364746094 -11.699999809265137
vertex -9.86191177368164 -24.721336364746094 -14.643693923950195
vertex -9.899971961975098 -24.52999496459961 -11.699999809265137
endloop
endfacet
facet normal 0.19509511019462944 0.980784327963159 0
outer loop
vertex -9.399971961975098 -25.02999496459961 -14.671783447265625
vertex -9.591313362121582 -24.991933822631836 -11.699999809265137
vertex -9.399971961975098 -25.02999496459961 -11.699999809265137
endloop
endfacet
facet normal 0.555566269804228 0.8314722604247333 0
outer loop
vertex -9.591313362121582 -24.991933822631836 -11.699999809265137
vertex -9.591313362121582 -24.991933822631836 -14.668319702148438
vertex -9.753524780273438 -24.883548736572266 -11.699999809265137
endloop
endfacet
facet normal 0 0 -1
outer loop
vertex 9.953581809997559 -24.883548736572266 -11.699999809265137
vertex 9.791370391845703 -24.991933822631836 -11.699999809265137
vertex 9.953581809997559 -10.176441192626953 -11.699999809265137
endloop
endfacet
facet normal 0 0 -1
outer loop
vertex 10.061967849731445 -10.338652610778809 -11.699999809265137
vertex 9.953581809997559 -24.883548736572266 -11.699999809265137
vertex 9.953581809997559 -10.176441192626953 -11.699999809265137
endloop
endfacet
facet normal -0.19509417482660857 0.9807845140237099 0
outer loop
vertex 9.791370391845703 -24.991933822631836 -14.668319702148438
vertex 9.600028038024902 -25.02999496459961 -14.671783447265625
vertex 9.791370391845703 -24.991933822631836 -11.699999809265137
endloop
endfacet
facet normal 0 0 -1
outer loop
vertex -9.399971961975098 -10.02999496459961 -11.699999809265137
vertex -9.591313362121582 -24.991933822631836 -11.699999809265137
vertex -9.591313362121582 -10.068055152893066 -11.699999809265137
endloop
endfacet
facet normal 0 0 -1
outer loop
vertex 9.953581809997559 -10.176441192626953 -11.699999809265137
vertex 9.791370391845703 -24.991933822631836 -11.699999809265137
vertex 9.791370391845703 -10.068055152893066 -11.699999809265137
endloop
endfacet
facet normal 0.8314677441500906 -0.5555730288971557 0
outer loop
vertex -9.86191177368164 -10.338652610778809 -13.33476734161377
vertex -9.753524780273438 -10.176441192626953 -13.3200044631958
vertex -9.753524780273438 -10.176441192626953 -11.699999809265137
endloop
endfacet
facet normal -0.5555662698042281 0.8314722604247334 0
outer loop
vertex 9.953581809997559 -24.883548736572266 -11.699999809265137
vertex 9.953581809997559 -24.883548736572266 -14.658455848693848
vertex 9.791370391845703 -24.991933822631836 -11.699999809265137
endloop
endfacet
facet normal 0.5555696493644593 -0.8314700022881474 0
outer loop
vertex -9.753524780273438 -10.176441192626953 -13.3200044631958
vertex -9.591313362121582 -10.068055152893066 -13.310140609741211
vertex -9.591313362121582 -10.068055152893066 -11.699999809265137
endloop
endfacet
facet normal 0.19509040787318935 -0.9807852633251953 0
outer loop
vertex -9.591313362121582 -10.068055152893066 -13.310140609741211
vertex -9.399971961975098 -10.02999496459961 -13.306676864624023
vertex -9.399971961975098 -10.02999496459961 -11.699999809265137
endloop
endfacet
facet normal 0 0 -1
outer loop
vertex 4.350028038024902 -14.27999496459961 -11.699999809265137
vertex -9.399971961975098 -25.02999496459961 -11.699999809265137
vertex 9.600028038024902 -10.02999496459961 -11.699999809265137
endloop
endfacet
facet normal -1 0 0
outer loop
vertex 10.100028038024902 -10.52999496459961 -11.699999809265137
vertex 10.100028038024902 -10.52999496459961 -13.352180480957031
vertex 10.100028038024902 -24.52999496459961 -11.699999809265137
endloop
endfacet
facet normal 0 0 -1
outer loop
vertex 9.791370391845703 -24.991933822631836 -11.699999809265137
vertex 4.350028038024902 -20.77999496459961 -11.699999809265137
vertex 6.850028038024902 -20.77999496459961 -11.699999809265137
endloop
endfacet
facet normal 0 0 -1
outer loop
vertex 9.791370391845703 -24.991933822631836 -11.699999809265137
vertex -9.399971961975098 -25.02999496459961 -11.699999809265137
vertex 4.350028038024902 -20.77999496459961 -11.699999809265137
endloop
endfacet
facet normal -0.9807852633251952 0.19509040787318935 0
outer loop
vertex 10.100028038024902 -24.52999496459961 -11.699999809265137
vertex 10.100028038024902 -24.52999496459961 -14.626279830932617
vertex 10.061967849731445 -24.721336364746094 -11.699999809265137
endloop
endfacet
facet normal 0.9807854493769546 -0.1950894725259293 0
outer loop
vertex -9.899971961975098 -10.52999496459961 -11.699999809265137
vertex -9.899971961975098 -10.52999496459961 -13.352180480957031
vertex -9.86191177368164 -10.338652610778809 -11.699999809265137
endloop
endfacet
facet normal 0 0 -1
outer loop
vertex -9.399971961975098 -10.02999496459961 -11.699999809265137
vertex 9.600028038024902 -10.02999496459961 -11.699999809265137
vertex -9.399971961975098 -25.02999496459961 -11.699999809265137
endloop
endfacet
facet normal 1 0 0
outer loop
vertex -9.899971961975098 -10.52999496459961 -13.352180480957031
vertex -9.899971961975098 -10.52999496459961 -11.699999809265137
vertex -9.899971961975098 -24.52999496459961 -14.626279830932617
endloop
endfacet
facet normal 0 1 0
outer loop
vertex -9.399971961975098 -25.02999496459961 -14.671783447265625
vertex -9.399971961975098 -25.02999496459961 -11.699999809265137
vertex 9.600028038024902 -25.02999496459961 -14.671783447265625
endloop
endfacet
facet normal 0.9807852633251952 0.19509040787318935 0
outer loop
vertex -9.86191177368164 -24.721336364746094 -14.643693923950195
vertex -9.899971961975098 -24.52999496459961 -14.626279830932617
vertex -9.899971961975098 -24.52999496459961 -11.699999809265137
endloop
endfacet
facet normal 0.8314692529919772 0.5555707707654927 0
outer loop
vertex -9.753524780273438 -24.883548736572266 -14.658455848693848
vertex -9.86191177368164 -24.721336364746094 -14.643693923950195
vertex -9.86191177368164 -24.721336364746094 -11.699999809265137
endloop
endfacet
facet normal -0.1950894725259293 -0.9807854493769547 0
outer loop
vertex 9.600028038024902 -10.02999496459961 -11.699999809265137
vertex 9.600028038024902 -10.02999496459961 -13.306676864624023
vertex 9.791370391845703 -10.068055152893066 -11.699999809265137
endloop
endfacet
facet normal -0.1950894725259293 -0.9807854493769546 0
outer loop
vertex 9.600028038024902 -10.02999496459961 -13.306676864624023
vertex 9.791370391845703 -10.068055152893066 -13.310140609741211
vertex 9.791370391845703 -10.068055152893066 -11.699999809265137
endloop
endfacet
facet normal 0.8314677441500905 -0.5555730288971555 0
outer loop
vertex -9.86191177368164 -10.338652610778809 -11.699999809265137
vertex -9.86191177368164 -10.338652610778809 -13.33476734161377
vertex -9.753524780273438 -10.176441192626953 -11.699999809265137
endloop
endfacet
facet normal -0.8314700022881473 -0.5555696493644592 0
outer loop
vertex 9.953581809997559 -10.176441192626953 -13.3200044631958
vertex 10.061967849731445 -10.338652610778809 -13.33476734161377
vertex 10.061967849731445 -10.338652610778809 -11.699999809265137
endloop
endfacet
facet normal -0.9807854493769546 -0.1950894725259293 0
outer loop
vertex 10.100028038024902 -10.52999496459961 -13.352180480957031
vertex 10.100028038024902 -10.52999496459961 -11.699999809265137
vertex 10.061967849731445 -10.338652610778809 -13.33476734161377
endloop
endfacet
facet normal -0.5555696493644593 -0.8314700022881474 0
outer loop
vertex 9.953581809997559 -10.176441192626953 -13.3200044631958
vertex 9.953581809997559 -10.176441192626953 -11.699999809265137
vertex 9.791370391845703 -10.068055152893066 -13.310140609741211
endloop
endfacet
facet normal 0 -1 0
outer loop
vertex 9.600028038024902 -10.02999496459961 -11.699999809265137
vertex -9.399971961975098 -10.02999496459961 -13.306676864624023
vertex 9.600028038024902 -10.02999496459961 -13.306676864624023
endloop
endfacet
facet normal -0.8314715111157752 0.5555673912342671 0
outer loop
vertex 10.061967849731445 -24.721336364746094 -11.699999809265137
vertex 10.061967849731445 -24.721336364746094 -14.643693923950195
vertex 9.953581809997559 -24.883548736572266 -11.699999809265137
endloop
endfacet
facet normal 0 0 -1
outer loop
vertex -9.591313362121582 -10.068055152893066 -11.699999809265137
vertex -9.753524780273438 -24.883548736572266 -11.699999809265137
vertex -9.753524780273438 -10.176441192626953 -11.699999809265137
endloop
endfacet
facet normal 1 0 0
outer loop
vertex -40.849971771240234 -45.329994201660156 -0.5
vertex -40.849971771240234 -48.329994201660156 -4.099999904632568
vertex -40.849971771240234 -45.329994201660156 -4.099999904632568
endloop
endfacet
facet normal 0 0 1
outer loop
vertex -55.551578521728516 -12.839151382446289 -4.099999904632568
vertex -56.54240417480469 -15.23121452331543 -4.099999904632568
vertex -51.55257797241211 -13.338181495666504 -4.099999904632568
endloop
endfacet
facet normal 0 0 1
outer loop
vertex -2.8499717712402344 -43.52999496459961 -4.099999904632568
vertex -32.94997024536133 -45.329994201660156 -4.099999904632568
vertex -2.8499717712402344 -48.329994201660156 -4.099999904632568
endloop
endfacet
facet normal -1 0 0
outer loop
vertex -2.8499717712402344 -43.52999496459961 -0.5
vertex -2.8499717712402344 -43.52999496459961 -4.099999904632568
vertex -2.8499717712402344 -48.329994201660156 -4.099999904632568
endloop
endfacet
facet normal 0 0 1
outer loop
vertex -28.082162857055664 -20.329994201660156 -4.099999904632568
vertex -28.235321044921875 -21.786102294921875 -4.099999904632568
vertex -25.15753936767578 -25.428775787353516 -4.099999904632568
endloop
endfacet
facet normal 0 0 1
outer loop
vertex -28.235321044921875 -18.87388801574707 -4.099999904632568
vertex -28.082162857055664 -20.329994201660156 -4.099999904632568
vertex -25.15753936767578 -25.428775787353516 -4.099999904632568
endloop
endfacet
facet normal 0 0 1
outer loop
vertex -28.235321044921875 -21.786102294921875 -4.099999904632568
vertex -26.148365020751953 -27.820837020874023 -4.099999904632568
vertex -25.15753936767578 -25.428775787353516 -4.099999904632568
endloop
endfacet
facet normal 0 0 1
outer loop
vertex -28.235321044921875 -21.786102294921875 -4.099999904632568
vertex -28.64141082763672 -23.887861251831055 -4.099999904632568
vertex -26.148365020751953 -27.820837020874023 -4.099999904632568
endloop
endfacet
facet normal -1 0 0
outer loop
vertex -2.8499717712402344 -48.329994201660156 -4.099999904632568
vertex -2.8499717712402344 -48.329994201660156 -0.5
vertex -2.8499717712402344 -43.52999496459961 -0.5
endloop
endfacet
facet normal 0 0 1
outer loop
vertex -30.147363662719727 -27.321807861328125 -4.099999904632568
vertex -26.148365020751953 -27.820837020874023 -4.099999904632568
vertex -28.64141082763672 -23.887861251831055 -4.099999904632568
endloop
endfacet
facet normal 0 0 1
outer loop
vertex -54.198753356933594 -30.028451919555664 -4.099999904632568
vertex -52.517234802246094 -31.997257232666016 -4.099999904632568
vertex -47.8417854309082 -31.032602310180664 -4.099999904632568
endloop
endfacet
facet normal 0 0 1
outer loop
vertex -2.8499717712402344 -43.52999496459961 -4.099999904632568
vertex -20.39997100830078 -43.52999496459961 -4.099999904632568
vertex -32.94997024536133 -45.329994201660156 -4.099999904632568
endloop
endfacet
facet normal 0 0 1
outer loop
vertex -55.551578521728516 -27.820837020874023 -4.099999904632568
vertex -54.198753356933594 -30.028451919555664 -4.099999904632568
vertex -51.328800201416016 -27.672996520996094 -4.099999904632568
endloop
endfacet
facet normal 0 0 1
outer loop
vertex -48.19297409057617 -30.80882453918457 -4.099999904632568
vertex -51.328800201416016 -27.672996520996094 -4.099999904632568
vertex -54.198753356933594 -30.028451919555664 -4.099999904632568
endloop
endfacet
facet normal 0 0 1
outer loop
vertex -55.551578521728516 -27.820837020874023 -4.099999904632568
vertex -51.328800201416016 -27.672996520996094 -4.099999904632568
vertex -51.55257797241211 -27.321807861328125 -4.099999904632568
endloop
endfacet
facet normal 0 1 0
outer loop
vertex -2.8499717712402344 -48.329994201660156 -0.5
vertex -2.8499717712402344 -48.329994201660156 -4.099999904632568
vertex -40.849971771240234 -48.329994201660156 -4.099999904632568
endloop
endfacet
facet normal 0 0 1
outer loop
vertex -53.464622497558594 -21.786102294921875 -4.099999904632568
vertex -57.349971771240234 -20.329994201660156 -4.099999904632568
vertex -57.146827697753906 -22.911163330078125 -4.099999904632568
endloop
endfacet
facet normal 0 0 1
outer loop
vertex -28.235321044921875 -18.87388801574707 -4.099999904632568
vertex -25.15753936767578 -25.428775787353516 -4.099999904632568
vertex -24.55311393737793 -22.911163330078125 -4.099999904632568
endloop
endfacet
facet normal 0 0 1
outer loop
vertex -57.146827697753906 -22.911163330078125 -4.099999904632568
vertex -56.54240417480469 -25.428775787353516 -4.099999904632568
vertex -53.05853271484375 -23.887861251831055 -4.099999904632568
endloop
endfacet
facet normal 0 0 1
outer loop
vertex -56.54240417480469 -25.428775787353516 -4.099999904632568
vertex -51.55257797241211 -27.321807861328125 -4.099999904632568
vertex -53.05853271484375 -23.887861251831055 -4.099999904632568
endloop
endfacet
facet normal 0 0 1
outer loop
vertex -57.349971771240234 -20.329994201660156 -4.099999904632568
vertex -53.464622497558594 -21.786102294921875 -4.099999904632568
vertex -53.61778259277344 -20.329994201660156 -4.099999904632568
endloop
endfacet
facet normal 0 0 1
outer loop
vertex -50.54842758178711 -33.678775787353516 -4.099999904632568
vertex -48.349971771240234 -35.0259895324707 -4.099999904632568
vertex -33.349971771240234 -35.0259895324707 -4.099999904632568
endloop
endfacet
facet normal 0 0 1
outer loop
vertex -48.349971771240234 -35.0259895324707 -4.099999904632568
vertex -48.349971771240234 -35.329994201660156 -4.099999904632568
vertex -33.349971771240234 -35.329994201660156 -4.099999904632568
endloop
endfacet
facet normal 0 0 1
outer loop
vertex -42.30607986450195 -32.944644927978516 -4.099999904632568
vertex -44.407840728759766 -32.53855514526367 -4.099999904632568
vertex -52.517234802246094 -31.997257232666016 -4.099999904632568
endloop
endfacet
facet normal 0 0 1
outer loop
vertex -44.407840728759766 -32.53855514526367 -4.099999904632568
vertex -47.8417854309082 -31.032602310180664 -4.099999904632568
vertex -52.517234802246094 -31.997257232666016 -4.099999904632568
endloop
endfacet
facet normal 0 0 1
outer loop
vertex -47.8417854309082 -31.032602310180664 -4.099999904632568
vertex -48.19297409057617 -30.80882453918457 -4.099999904632568
vertex -54.198753356933594 -30.028451919555664 -4.099999904632568
endloop
endfacet
facet normal 0 0 1
outer loop
vertex -33.359127044677734 -5.628386974334717 -4.099999904632568
vertex -24.55311393737793 -22.911163330078125 -4.099999904632568
vertex -31.15151596069336 -6.9812140464782715 -4.099999904632568
endloop
endfacet
facet normal 0 0 1
outer loop
vertex -24.55311393737793 -22.911163330078125 -4.099999904632568
vertex -29.182710647583008 -8.66273307800293 -4.099999904632568
vertex -31.15151596069336 -6.9812140464782715 -4.099999904632568
endloop
endfacet
facet normal 0 0 1
outer loop
vertex -28.64141082763672 -16.772127151489258 -4.099999904632568
vertex -24.55311393737793 -22.911163330078125 -4.099999904632568
vertex -33.359127044677734 -5.628386974334717 -4.099999904632568
endloop
endfacet
facet normal 0 0 1
outer loop
vertex -57.349971771240234 -20.329994201660156 -4.099999904632568
vertex -53.61778259277344 -20.329994201660156 -4.099999904632568
vertex -53.464622497558594 -18.87388801574707 -4.099999904632568
endloop
endfacet
facet normal 0 0 1
outer loop
vertex -30.37114143371582 -12.986992835998535 -4.099999904632568
vertex -33.359127044677734 -5.628386974334717 -4.099999904632568
vertex -35.751190185546875 -4.637562274932861 -4.099999904632568
endloop
endfacet
facet normal 0 0 1
outer loop
vertex -57.146827697753906 -17.748825073242188 -4.099999904632568
vertex -57.349971771240234 -20.329994201660156 -4.099999904632568
vertex -53.464622497558594 -18.87388801574707 -4.099999904632568
endloop
endfacet
facet normal 0 0 1
outer loop
vertex -56.54240417480469 -25.428775787353516 -4.099999904632568
vertex -55.551578521728516 -27.820837020874023 -4.099999904632568
vertex -51.55257797241211 -27.321807861328125 -4.099999904632568
endloop
endfacet
facet normal 0 0 1
outer loop
vertex -40.849971771240234 -45.329994201660156 -4.099999904632568
vertex -40.849971771240234 -48.329994201660156 -4.099999904632568
vertex -2.8499717712402344 -48.329994201660156 -4.099999904632568
endloop
endfacet
facet normal 0 0 1
outer loop
vertex -32.94997024536133 -45.329994201660156 -4.099999904632568
vertex -40.849971771240234 -45.329994201660156 -4.099999904632568
vertex -2.8499717712402344 -48.329994201660156 -4.099999904632568
endloop
endfacet
facet normal 0 0 1
outer loop
vertex -32.94997024536133 -39.329994201660156 -4.099999904632568
vertex -32.94997024536133 -45.329994201660156 -4.099999904632568
vertex -21.69997215270996 -39.329994201660156 -4.099999904632568
endloop
endfacet
facet normal 0 0 1
outer loop
vertex -32.94997024536133 -45.329994201660156 -4.099999904632568
vertex -20.39997100830078 -43.52999496459961 -4.099999904632568
vertex -21.289920806884766 -43.22999572753906 -4.099999904632568
endloop
endfacet
facet normal 0 0 1
outer loop
vertex -32.94997024536133 -45.329994201660156 -4.099999904632568
vertex -21.289920806884766 -43.22999572753906 -4.099999904632568
vertex -21.69997215270996 -42.819942474365234 -4.099999904632568
endloop
endfacet
facet normal 0 0 1
outer loop
vertex -21.289920806884766 -43.22999572753906 -4.099999904632568
vertex -20.39997100830078 -43.52999496459961 -4.099999904632568
vertex -20.39997100830078 -43.22999572753906 -4.099999904632568
endloop
endfacet
facet normal 0 0 1
outer loop
vertex -21.69997215270996 -39.329994201660156 -4.099999904632568
vertex -32.94997024536133 -45.329994201660156 -4.099999904632568
vertex -21.69997215270996 -42.819942474365234 -4.099999904632568
endloop
endfacet
facet normal 0 0 1
outer loop
vertex -33.858158111572266 -9.627387046813965 -4.099999904632568
vertex -33.5069694519043 -9.851164817810059 -4.099999904632568
vertex -35.751190185546875 -4.637562274932861 -4.099999904632568
endloop
endfacet
facet normal 0 0 1
outer loop
vertex -40.849971771240234 -3.8299946784973145 -4.099999904632568
vertex -37.29210662841797 -8.121434211730957 -4.099999904632568
vertex -38.268802642822266 -4.03313684463501 -4.099999904632568
endloop
endfacet
facet normal 0 1 0
outer loop
vertex -40.849971771240234 -48.329994201660156 -4.099999904632568
vertex -40.849971771240234 -48.329994201660156 -0.5
vertex -2.8499717712402344 -48.329994201660156 -0.5
endloop
endfacet
facet normal 0 0 1
outer loop
vertex -42.30607986450195 -32.944644927978516 -4.099999904632568
vertex -52.517234802246094 -31.997257232666016 -4.099999904632568
vertex -33.349971771240234 -35.0259895324707 -4.099999904632568
endloop
endfacet
facet normal 0 0 1
outer loop
vertex -28.64141082763672 -16.772127151489258 -4.099999904632568
vertex -28.235321044921875 -18.87388801574707 -4.099999904632568
vertex -24.55311393737793 -22.911163330078125 -4.099999904632568
endloop
endfacet
facet normal 0 0 1
outer loop
vertex -38.268802642822266 -4.03313684463501 -4.099999904632568
vertex -33.858158111572266 -9.627387046813965 -4.099999904632568
vertex -35.751190185546875 -4.637562274932861 -4.099999904632568
endloop
endfacet
facet normal 0 0 1
outer loop
vertex -37.29210662841797 -8.121434211730957 -4.099999904632568
vertex -33.858158111572266 -9.627387046813965 -4.099999904632568
vertex -38.268802642822266 -4.03313684463501 -4.099999904632568
endloop
endfacet
facet normal 0 0 1
outer loop
vertex -33.349971771240234 -35.0259895324707 -4.099999904632568
vertex -48.349971771240234 -35.0259895324707 -4.099999904632568
vertex -33.349971771240234 -35.329994201660156 -4.099999904632568
endloop
endfacet
facet normal 0 0 1
outer loop
vertex -24.55311393737793 -22.911163330078125 -4.099999904632568
vertex -24.349971771240234 -20.329994201660156 -4.099999904632568
vertex -29.182710647583008 -8.66273307800293 -4.099999904632568
endloop
endfacet
facet normal 0 0 1
outer loop
vertex -53.464622497558594 -18.87388801574707 -4.099999904632568
vertex -53.05853271484375 -16.772127151489258 -4.099999904632568
vertex -57.146827697753906 -17.748825073242188 -4.099999904632568
endloop
endfacet
facet normal 0 0 1
outer loop
vertex -56.54240417480469 -15.23121452331543 -4.099999904632568
vertex -57.146827697753906 -17.748825073242188 -4.099999904632568
vertex -53.05853271484375 -16.772127151489258 -4.099999904632568
endloop
endfacet
facet normal 0 0 1
outer loop
vertex -29.182710647583008 -8.66273307800293 -4.099999904632568
vertex -24.349971771240234 -20.329994201660156 -4.099999904632568
vertex -24.55311393737793 -17.748825073242188 -4.099999904632568
endloop
endfacet
facet normal 0 0 1
outer loop
vertex -39.393863677978516 -7.715342998504639 -4.099999904632568
vertex -37.29210662841797 -8.121434211730957 -4.099999904632568
vertex -40.849971771240234 -3.8299946784973145 -4.099999904632568
endloop
endfacet
facet normal 0 0 1
outer loop
vertex -30.37114143371582 -12.986992835998535 -4.099999904632568
vertex -30.147363662719727 -13.338181495666504 -4.099999904632568
vertex -33.359127044677734 -5.628386974334717 -4.099999904632568
endloop
endfacet
facet normal 0 0 1
outer loop
vertex -30.147363662719727 -13.338181495666504 -4.099999904632568
vertex -28.64141082763672 -16.772127151489258 -4.099999904632568
vertex -33.359127044677734 -5.628386974334717 -4.099999904632568
endloop
endfacet
facet normal 0 -1 0
outer loop
vertex -32.94997024536133 -39.329994201660156 -0.5
vertex -32.94997024536133 -39.329994201660156 -4.099999904632568
vertex -21.69997215270996 -39.329994201660156 -0.5
endloop
endfacet
facet normal 0 0 1
outer loop
vertex -56.54240417480469 -15.23121452331543 -4.099999904632568
vertex -53.05853271484375 -16.772127151489258 -4.099999904632568
vertex -51.55257797241211 -13.338181495666504 -4.099999904632568
endloop
endfacet
facet normal 0 0 1
outer loop
vertex -33.5069694519043 -9.851164817810059 -4.099999904632568
vertex -30.37114143371582 -12.986992835998535 -4.099999904632568
vertex -35.751190185546875 -4.637562274932861 -4.099999904632568
endloop
endfacet
facet normal 1 0 0
outer loop
vertex -40.849971771240234 -48.329994201660156 -4.099999904632568
vertex -40.849971771240234 -45.329994201660156 -0.5
vertex -40.849971771240234 -48.329994201660156 -0.5
endloop
endfacet
facet normal 0 0 1
outer loop
vertex -40.849971771240234 -33.09780502319336 -4.099999904632568
vertex -42.30607986450195 -32.944644927978516 -4.099999904632568
vertex -33.349971771240234 -35.0259895324707 -4.099999904632568
endloop
endfacet
facet normal 0 0 1
outer loop
vertex -39.393863677978516 -32.944644927978516 -4.099999904632568
vertex -40.849971771240234 -33.09780502319336 -4.099999904632568
vertex -33.349971771240234 -35.0259895324707 -4.099999904632568
endloop
endfacet
facet normal 0 0 1
outer loop
vertex -37.29210662841797 -32.53855514526367 -4.099999904632568
vertex -39.393863677978516 -32.944644927978516 -4.099999904632568
vertex -33.349971771240234 -35.0259895324707 -4.099999904632568
endloop
endfacet
facet normal 0 0 1
outer loop
vertex -37.29210662841797 -32.53855514526367 -4.099999904632568
vertex -33.349971771240234 -35.0259895324707 -4.099999904632568
vertex -31.15151596069336 -33.678775787353516 -4.099999904632568
endloop
endfacet
facet normal 0 0 1
outer loop
vertex -53.464622497558594 -21.786102294921875 -4.099999904632568
vertex -57.146827697753906 -22.911163330078125 -4.099999904632568
vertex -53.05853271484375 -23.887861251831055 -4.099999904632568
endloop
endfacet
facet normal 0 0 1
outer loop
vertex -43.4311408996582 -4.03313684463501 -4.099999904632568
vertex -39.393863677978516 -7.715342998504639 -4.099999904632568
vertex -40.849971771240234 -3.8299946784973145 -4.099999904632568
endloop
endfacet
facet normal 0 0 1
outer loop
vertex -33.858158111572266 -31.032602310180664 -4.099999904632568
vertex -37.29210662841797 -32.53855514526367 -4.099999904632568
vertex -31.15151596069336 -33.678775787353516 -4.099999904632568
endloop
endfacet
facet normal 0 0 1
outer loop
vertex -33.5069694519043 -30.80882453918457 -4.099999904632568
vertex -33.858158111572266 -31.032602310180664 -4.099999904632568
vertex -31.15151596069336 -33.678775787353516 -4.099999904632568
endloop
endfacet
facet normal 0 0 1
outer loop
vertex -33.5069694519043 -30.80882453918457 -4.099999904632568
vertex -31.15151596069336 -33.678775787353516 -4.099999904632568
vertex -29.182710647583008 -31.997257232666016 -4.099999904632568
endloop
endfacet
facet normal 0 0 1
outer loop
vertex -45.948753356933594 -4.637562274932861 -4.099999904632568
vertex -42.30607986450195 -7.715342998504639 -4.099999904632568
vertex -43.4311408996582 -4.03313684463501 -4.099999904632568
endloop
endfacet
facet normal 0 0 1
outer loop
vertex -43.4311408996582 -4.03313684463501 -4.099999904632568
vertex -40.849971771240234 -7.562185764312744 -4.099999904632568
vertex -39.393863677978516 -7.715342998504639 -4.099999904632568
endloop
endfacet
facet normal 0 0 1
outer loop
vertex -42.30607986450195 -7.715342998504639 -4.099999904632568
vertex -40.849971771240234 -7.562185764312744 -4.099999904632568
vertex -43.4311408996582 -4.03313684463501 -4.099999904632568
endloop
endfacet
facet normal 0 -1 0
outer loop
vertex -21.69997215270996 -39.329994201660156 -0.5
vertex -32.94997024536133 -39.329994201660156 -4.099999904632568
vertex -21.69997215270996 -39.329994201660156 -4.099999904632568
endloop
endfacet
facet normal 0 0 1
outer loop
vertex -48.340816497802734 -5.628386974334717 -4.099999904632568
vertex -44.407840728759766 -8.121434211730957 -4.099999904632568
vertex -45.948753356933594 -4.637562274932861 -4.099999904632568
endloop
endfacet
facet normal 0 0 1
outer loop
vertex -33.5069694519043 -30.80882453918457 -4.099999904632568
vertex -29.182710647583008 -31.997257232666016 -4.099999904632568
vertex -27.501192092895508 -30.028451919555664 -4.099999904632568
endloop
endfacet
facet normal 0 0 1
outer loop
vertex -48.340816497802734 -5.628386974334717 -4.099999904632568
vertex -50.54842758178711 -6.9812140464782715 -4.099999904632568
vertex -44.407840728759766 -8.121434211730957 -4.099999904632568
endloop
endfacet
facet normal 0 0 1
outer loop
vertex -30.37114143371582 -27.672996520996094 -4.099999904632568
vertex -33.5069694519043 -30.80882453918457 -4.099999904632568
vertex -27.501192092895508 -30.028451919555664 -4.099999904632568
endloop
endfacet
facet normal 0 0 1
outer loop
vertex -30.37114143371582 -27.672996520996094 -4.099999904632568
vertex -27.501192092895508 -30.028451919555664 -4.099999904632568
vertex -30.147363662719727 -27.321807861328125 -4.099999904632568
endloop
endfacet
facet normal 0 0 1
outer loop
vertex -50.54842758178711 -6.9812140464782715 -4.099999904632568
vertex -47.8417854309082 -9.627387046813965 -4.099999904632568
vertex -44.407840728759766 -8.121434211730957 -4.099999904632568
endloop
endfacet
facet normal 0 0 1
outer loop
vertex -50.54842758178711 -6.9812140464782715 -4.099999904632568
vertex -48.19297409057617 -9.851164817810059 -4.099999904632568
vertex -47.8417854309082 -9.627387046813965 -4.099999904632568
endloop
endfacet
facet normal 0 0 1
outer loop
vertex -30.147363662719727 -27.321807861328125 -4.099999904632568
vertex -27.501192092895508 -30.028451919555664 -4.099999904632568
vertex -26.148365020751953 -27.820837020874023 -4.099999904632568
endloop
endfacet
facet normal 0 0 1
outer loop
vertex -50.54842758178711 -6.9812140464782715 -4.099999904632568
vertex -52.517234802246094 -8.66273307800293 -4.099999904632568
vertex -48.19297409057617 -9.851164817810059 -4.099999904632568
endloop
endfacet
facet normal 0 0 1
outer loop
vertex -50.54842758178711 -33.678775787353516 -4.099999904632568
vertex -33.349971771240234 -35.0259895324707 -4.099999904632568
vertex -52.517234802246094 -31.997257232666016 -4.099999904632568
endloop
endfacet
facet normal 0 0 1
outer loop
vertex -52.517234802246094 -8.66273307800293 -4.099999904632568
vertex -54.198753356933594 -10.631538391113281 -4.099999904632568
vertex -48.19297409057617 -9.851164817810059 -4.099999904632568
endloop
endfacet
facet normal 0 0 1
outer loop
vertex -54.198753356933594 -10.631538391113281 -4.099999904632568
vertex -51.328800201416016 -12.986992835998535 -4.099999904632568
vertex -48.19297409057617 -9.851164817810059 -4.099999904632568
endloop
endfacet
facet normal 0 0 1
outer loop
vertex -54.198753356933594 -10.631538391113281 -4.099999904632568
vertex -51.55257797241211 -13.338181495666504 -4.099999904632568
vertex -51.328800201416016 -12.986992835998535 -4.099999904632568
endloop
endfacet
facet normal 0 0 1
outer loop
vertex -55.551578521728516 -12.839151382446289 -4.099999904632568
vertex -51.55257797241211 -13.338181495666504 -4.099999904632568
vertex -54.198753356933594 -10.631538391113281 -4.099999904632568
endloop
endfacet
facet normal 0 0 1
outer loop
vertex -44.407840728759766 -8.121434211730957 -4.099999904632568
vertex -42.30607986450195 -7.715342998504639 -4.099999904632568
vertex -45.948753356933594 -4.637562274932861 -4.099999904632568
endloop
endfacet
facet normal -1 0 0
outer loop
vertex -32.94997024536133 -39.329994201660156 -4.099999904632568
vertex -32.94997024536133 -39.329994201660156 -0.5
vertex -32.94997024536133 -36.65122604370117 -0.5
endloop
endfacet
facet normal -1 0 0
outer loop
vertex -32.94997024536133 -35.329994201660156 -4.900000095367432
vertex -32.94997024536133 -36.65122604370117 -0.5
vertex -32.94997024536133 -35.332210540771484 -4.099999904632568
endloop
endfacet
facet normal 0 1 0
outer loop
vertex -48.74997329711914 -45.329994201660156 -4.900000095367432
vertex -40.849971771240234 -45.329994201660156 -4.099999904632568
vertex -32.94997024536133 -45.329994201660156 -4.900000095367432
endloop
endfacet
facet normal -1 0 0
outer loop
vertex -32.94997024536133 -36.65122604370117 -0.5
vertex -32.94997024536133 -35.329994201660156 -4.900000095367432
vertex -32.94997024536133 -39.329994201660156 -4.099999904632568
endloop
endfacet
facet normal -0.00554072032740927 -0.9999808125498816 -0.0027703700712822803
outer loop
vertex -33.349971771240234 -35.329994201660156 -4.099999904632568
vertex -32.94997024536133 -35.329994201660156 -4.900000095367432
vertex -32.94997024536133 -35.332210540771484 -4.099999904632568
endloop
endfacet
facet normal 0.00554072032740927 -0.9999808125498816 -0.0027703700712822803
outer loop
vertex -48.74997329711914 -35.332210540771484 -4.099999904632568
vertex -48.74997329711914 -35.329994201660156 -4.900000095367432
vertex -48.349971771240234 -35.329994201660156 -4.099999904632568
endloop
endfacet
facet normal -1 0 0
outer loop
vertex -32.94997024536133 -45.329994201660156 -4.099999904632568
vertex -32.94997024536133 -39.329994201660156 -4.099999904632568
vertex -32.94997024536133 -45.329994201660156 -4.900000095367432
endloop
endfacet
facet normal 0 1 0
outer loop
vertex -32.94997024536133 -45.329994201660156 -4.900000095367432
vertex -40.849971771240234 -45.329994201660156 -4.099999904632568
vertex -32.94997024536133 -45.329994201660156 -4.099999904632568
endloop
endfacet
facet normal 0 0 1
outer loop
vertex -32.94997024536133 -35.329994201660156 -4.900000095367432
vertex -48.74997329711914 -45.329994201660156 -4.900000095367432
vertex -32.94997024536133 -45.329994201660156 -4.900000095367432
endloop
endfacet
facet normal 0 -1 0
outer loop
vertex -48.349971771240234 -35.329994201660156 -4.099999904632568
vertex -48.74997329711914 -35.329994201660156 -4.900000095367432
vertex -33.349971771240234 -35.329994201660156 -4.099999904632568
endloop
endfacet
facet normal 0 1 0
outer loop
vertex -40.849971771240234 -45.329994201660156 -0.5
vertex -40.849971771240234 -45.329994201660156 -4.099999904632568
vertex -48.74997329711914 -45.329994201660156 -4.900000095367432
endloop
endfacet
facet normal 1 0 0
outer loop
vertex -48.74997329711914 -45.329994201660156 -0.5
vertex -48.74997329711914 -45.329994201660156 -4.900000095367432
vertex -48.74997329711914 -35.332210540771484 -4.099999904632568
endloop
endfacet
facet normal 1 0 0
outer loop
vertex -48.74997329711914 -35.332210540771484 -4.099999904632568
vertex -48.74997329711914 -36.65122604370117 -0.5
vertex -48.74997329711914 -45.329994201660156 -0.5
endloop
endfacet
facet normal 1 0 0
outer loop
vertex -48.74997329711914 -45.329994201660156 -4.900000095367432
vertex -48.74997329711914 -35.329994201660156 -4.900000095367432
vertex -48.74997329711914 -35.332210540771484 -4.099999904632568
endloop
endfacet
facet normal 0 0 1
outer loop
vertex -48.74997329711914 -35.329994201660156 -4.900000095367432
vertex -48.74997329711914 -45.329994201660156 -4.900000095367432
vertex -32.94997024536133 -35.329994201660156 -4.900000095367432
endloop
endfacet
facet normal 0 -1 0
outer loop
vertex -33.349971771240234 -35.329994201660156 -4.099999904632568
vertex -48.74997329711914 -35.329994201660156 -4.900000095367432
vertex -32.94997024536133 -35.329994201660156 -4.900000095367432
endloop
endfacet
facet normal 0 1 0
outer loop
vertex -48.74997329711914 -45.329994201660156 -4.900000095367432
vertex -48.74997329711914 -45.329994201660156 -0.5
vertex -40.849971771240234 -45.329994201660156 -0.5
endloop
endfacet
facet normal -1 0 0
outer loop
vertex -32.94997024536133 -35.329994201660156 -4.900000095367432
vertex -32.94997024536133 -45.329994201660156 -4.900000095367432
vertex -32.94997024536133 -39.329994201660156 -4.099999904632568
endloop
endfacet
facet normal 0.7071025280277989 0.707111034319714 0
outer loop
vertex -49.1179084777832 -27.5592098236084 -5.481316566467285
vertex -49.27646255493164 -27.400657653808594 -14.100000381469727
vertex -49.27646255493164 -27.400657653808594 -5.446519374847412
endloop
endfacet
facet normal -0.9961947172651381 0.08715552359450156 0
outer loop
vertex -29.849971771240234 -20.329994201660156 -14.100000381469727
vertex -30.017086029052734 -22.240123748779297 -14.100000381469727
vertex -29.849971771240234 -20.329994201660156 -5.504171371459961
endloop
endfacet
facet normal 0.9063076306488409 0.422618597115276 0
outer loop
vertex -51.10870361328125 -24.259248733520508 -5.549038887023926
vertex -51.18659210205078 -24.09221649169922 -14.100000381469727
vertex -51.18659210205078 -24.09221649169922 -5.545279026031494
endloop
endfacet
facet normal 0.9659268343241852 0.2588152830349432 0
outer loop
vertex -51.18659210205078 -24.09221649169922 -5.545279026031494
vertex -51.18659210205078 -24.09221649169922 -14.100000381469727
vertex -51.24485397338867 -23.87477684020996 -5.575359344482422
endloop
endfacet
facet normal 0.9659265049418 0.25881651232276054 -3.3606851887594384e-8
outer loop
vertex -51.24485397338867 -23.87477684020996 -5.575359344482422
vertex -51.18659210205078 -24.09221649169922 -14.100000381469727
vertex -51.417484283447266 -23.230504989624023 -5.536246299743652
endloop
endfacet
facet normal 0.9659260014448855 0.2588183914111191 -2.362616147810902e-7
outer loop
vertex -51.18659210205078 -24.09221649169922 -14.100000381469727
vertex -51.682857513427734 -22.240123748779297 -14.100000381469727
vertex -51.417484283447266 -23.230504989624023 -5.536246299743652
endloop
endfacet
facet normal 0.9961947172651381 0.08715552359450156 0
outer loop
vertex -51.682857513427734 -22.240123748779297 -14.100000381469727
vertex -51.849971771240234 -20.329994201660156 -14.100000381469727
vertex -51.682857513427734 -22.240123748779297 -5.442880630493164
endloop
endfacet
facet normal 0.996194693373879 -0.08715579667310197 0
outer loop
vertex -51.849971771240234 -20.329994201660156 -14.100000381469727
vertex -51.711490631103516 -18.747148513793945 -14.100000381469727
vertex -51.849971771240234 -20.329994201660156 -5.504171371459961
endloop
endfacet
facet normal 0.9961948305114013 -0.0871542291703368 2.908510569599867e-7
outer loop
vertex -51.849971771240234 -20.329994201660156 -5.504171371459961
vertex -51.711490631103516 -18.747148513793945 -14.100000381469727
vertex -51.682857513427734 -18.419864654541016 -14.070215225219727
endloop
endfacet
facet normal 0.9659259395503857 -0.258818622405076 -2.0835430248509267e-7
outer loop
vertex -51.682857513427734 -18.419864654541016 -14.070215225219727
vertex -51.18659210205078 -16.567773818969727 -13.901660919189453
vertex -51.417484283447266 -17.42948341369629 -5.536246299743652
endloop
endfacet
facet normal 0.9659254907102777 0.2588202974963695 0
outer loop
vertex -51.417484283447266 -23.230504989624023 -5.536246299743652
vertex -51.682857513427734 -22.240123748779297 -14.100000381469727
vertex -51.682857513427734 -22.240123748779297 -5.442880630493164
endloop
endfacet
facet normal 0.8191524665944037 0.5735758332359411 0
outer loop
vertex -49.27646255493164 -27.400657653808594 -14.100000381469727
vertex -50.376251220703125 -25.829994201660156 -14.100000381469727
vertex -49.27646255493164 -27.400657653808594 -5.446519374847412
endloop
endfacet
facet normal 0 0 1
outer loop
vertex -51.682857513427734 -22.240123748779297 -14.100000381469727
vertex -29.988452911376953 -18.747148513793945 -14.100000381469727
vertex -51.849971771240234 -20.329994201660156 -14.100000381469727
endloop
endfacet
facet normal 0 0 1
outer loop
vertex -29.988452911376953 -18.747148513793945 -14.100000381469727
vertex -50.376251220703125 -25.829994201660156 -14.100000381469727
vertex -49.27646255493164 -27.400657653808594 -14.100000381469727
endloop
endfacet
facet normal 0.9063074220731604 0.4226190444065459 1.0637132229174581e-8
outer loop
vertex -50.376251220703125 -25.829994201660156 -14.100000381469727
vertex -51.18659210205078 -24.09221649169922 -14.100000381469727
vertex -51.10870361328125 -24.259248733520508 -5.549038887023926
endloop
endfacet
facet normal 0.9063075996846952 -0.4226186635180306 1.6166362400787965e-9
outer loop
vertex -51.18659210205078 -16.567773818969727 -13.901660919189453
vertex -50.376251220703125 -14.829994201660156 -13.743511199951172
vertex -51.10870361328125 -16.400741577148438 -5.549038887023926
endloop
endfacet
facet normal 0.9961947172651381 0.08715552359450156 0
outer loop
vertex -51.682857513427734 -22.240123748779297 -5.442880630493164
vertex -51.849971771240234 -20.329994201660156 -14.100000381469727
vertex -51.849971771240234 -20.329994201660156 -5.504171371459961
endloop
endfacet
facet normal 0 0 1
outer loop
vertex -51.18659210205078 -24.09221649169922 -14.100000381469727
vertex -29.988452911376953 -18.747148513793945 -14.100000381469727
vertex -51.682857513427734 -22.240123748779297 -14.100000381469727
endloop
endfacet
facet normal 0 0 1
outer loop
vertex -50.376251220703125 -25.829994201660156 -14.100000381469727
vertex -29.988452911376953 -18.747148513793945 -14.100000381469727
vertex -51.18659210205078 -24.09221649169922 -14.100000381469727
endloop
endfacet
facet normal 0.8191524665944038 -0.5735758332359412 0
outer loop
vertex -50.376251220703125 -14.829994201660156 -13.743511199951172
vertex -49.27646255493164 -13.259330749511719 -13.600569725036621
vertex -50.376251220703125 -14.829994201660156 -5.386653900146484
endloop
endfacet
facet normal 0.7071062980734834 -0.7071072642992122 -3.133540818563314e-7
outer loop
vertex -49.27646255493164 -13.259330749511719 -13.600569725036621
vertex -47.92063522338867 -11.903505325317383 -13.477179527282715
vertex -49.1179084777832 -13.100780487060547 -5.481316566467285
endloop
endfacet
facet normal 0.5735765007198529 -0.8191519992174643 0
outer loop
vertex -47.92063522338867 -11.903505325317383 -13.477179527282715
vertex -46.349971771240234 -10.803714752197266 -13.377090454101562
vertex -47.92063522338867 -11.903505325317383 -5.446519374847412
endloop
endfacet
facet normal 0.42261822733000115 -0.9063078030826213 0
outer loop
vertex -46.349971771240234 -10.803714752197266 -13.377090454101562
vertex -44.6121940612793 -9.993375778198242 -13.303343772888184
vertex -46.349971771240234 -10.803714752197266 -5.386653900146484
endloop
endfacet
facet normal 0.9961947172651381 -0.08715552359450156 0
outer loop
vertex -51.849971771240234 -20.329994201660156 -5.504171371459961
vertex -51.682857513427734 -18.419864654541016 -14.070215225219727
vertex -51.682857513427734 -18.419864654541016 -5.442880630493164
endloop
endfacet
facet normal 0.9659254907102778 -0.2588202974963695 0
outer loop
vertex -51.682857513427734 -18.419864654541016 -5.442880630493164
vertex -51.682857513427734 -18.419864654541016 -14.070215225219727
vertex -51.417484283447266 -17.42948341369629 -5.536246299743652
endloop
endfacet
facet normal 0.9659265058308858 -0.2588165090046137 2.4973904740415827e-8
outer loop
vertex -51.417484283447266 -17.42948341369629 -5.536246299743652
vertex -51.18659210205078 -16.567773818969727 -13.901660919189453
vertex -51.24485397338867 -16.78521156311035 -5.575359344482422
endloop
endfacet
facet normal 0 0 1
outer loop
vertex -47.92063522338867 -28.75648307800293 -14.100000381469727
vertex -46.349971771240234 -29.856273651123047 -14.100000381469727
vertex -29.988452911376953 -18.747148513793945 -14.100000381469727
endloop
endfacet
facet normal 0 0 1
outer loop
vertex -49.27646255493164 -27.400657653808594 -14.100000381469727
vertex -47.92063522338867 -28.75648307800293 -14.100000381469727
vertex -29.988452911376953 -18.747148513793945 -14.100000381469727
endloop
endfacet
facet normal 0.42261822732999904 0.9063078030826168 9.909622228424523e-8
outer loop
vertex -46.349971771240234 -29.856273651123047 -14.100000381469727
vertex -44.77922439575195 -30.588726043701172 -5.549038887023926
vertex -44.6121940612793 -30.66661262512207 -14.100000381469727
endloop
endfacet
facet normal 0.08715552359450156 0.9961947172651381 0
outer loop
vertex -42.760101318359375 -31.162879943847656 -14.100000381469727
vertex -40.849971771240234 -31.329994201660156 -5.504171371459961
vertex -40.849971771240234 -31.329994201660156 -14.100000381469727
endloop
endfacet
facet normal 0.25881931951963694 0.965925752759181 3.626772931018768e-8
outer loop
vertex -44.6121940612793 -30.66661262512207 -14.100000381469727
vertex -43.75048065185547 -30.89750862121582 -5.536246299743652
vertex -42.760101318359375 -31.162879943847656 -14.100000381469727
endloop
endfacet
facet normal 0.25881885600002996 -0.9659258769589079 -2.3495585790198225e-8
outer loop
vertex -44.6121940612793 -9.993375778198242 -13.303343772888184
vertex -42.760101318359375 -9.497109413146973 -13.258180618286133
vertex -43.75048065185547 -9.762480735778809 -5.536246299743652
endloop
endfacet
facet normal 0.7071062838147418 0.7071072785580028 -1.8299407249887873e-8
outer loop
vertex -49.27646255493164 -27.400657653808594 -14.100000381469727
vertex -48.079185485839844 -28.597932815551758 -5.481316566467285
vertex -47.92063522338867 -28.75648307800293 -14.100000381469727
endloop
endfacet
facet normal 0.08715601718857786 -0.9961946740812382 0
outer loop
vertex -42.760101318359375 -9.497109413146973 -13.258180618286133
vertex -40.849971771240234 -9.329994201660156 -13.242971420288086
vertex -42.760101318359375 -9.497109413146973 -5.442880630493164
endloop
endfacet
facet normal -0.7071110343708785 0.7071025279766339 0
outer loop
vertex -32.423484802246094 -27.400657653808594 -14.100000381469727
vertex -32.582035064697266 -27.5592098236084 -5.481316566467285
vertex -32.423484802246094 -27.400657653808594 -5.446519374847412
endloop
endfacet
facet normal -0.8191515318405143 0.5735771682026221 0
outer loop
vertex -31.323692321777344 -25.829994201660156 -5.386653900146484
vertex -32.423484802246094 -27.400657653808594 -14.100000381469727
vertex -32.423484802246094 -27.400657653808594 -5.446519374847412
endloop
endfacet
facet normal -0.9063078214191332 0.42261818800721834 0
outer loop
vertex -30.59124183654785 -24.259248733520508 -5.549038887023926
vertex -31.323692321777344 -25.829994201660156 -14.100000381469727
vertex -31.323692321777344 -25.829994201660156 -5.386653900146484
endloop
endfacet
facet normal -0.9063080179793908 -0.42261776648204025 0
outer loop
vertex -31.323692321777344 -14.829994201660156 -13.743511199951172
vertex -30.59124183654785 -16.400741577148438 -5.549038887023926
vertex -31.323692321777344 -14.829994201660156 -5.386653900146484
endloop
endfacet
facet normal -0.9063076306488409 0.422618597115276 0
outer loop
vertex -30.51335334777832 -24.09221649169922 -14.100000381469727
vertex -30.59124183654785 -24.259248733520508 -5.549038887023926
vertex -30.51335334777832 -24.09221649169922 -5.545279026031494
endloop
endfacet
facet normal -0.9659247160830393 0.25882318841228236 0
outer loop
vertex -30.51335334777832 -24.09221649169922 -14.100000381469727
vertex -30.51335334777832 -24.09221649169922 -5.545279026031494
vertex -30.455089569091797 -23.87477684020996 -5.575359344482422
endloop
endfacet
facet normal -0.9659257922220567 0.25881917224228246 1.0979635700637109e-7
outer loop
vertex -30.28245735168457 -23.230504989624023 -5.536246299743652
vertex -30.51335334777832 -24.09221649169922 -14.100000381469727
vertex -30.455089569091797 -23.87477684020996 -5.575359344482422
endloop
endfacet
facet normal -0.9659259557735212 0.2588185618594802 0
outer loop
vertex -30.017086029052734 -22.240123748779297 -14.100000381469727
vertex -30.28245735168457 -23.230504989624023 -5.536246299743652
vertex -30.017086029052734 -22.240123748779297 -5.442880630493164
endloop
endfacet
facet normal -0.9961947172651381 0.08715552359450156 0
outer loop
vertex -29.849971771240234 -20.329994201660156 -5.504171371459961
vertex -30.017086029052734 -22.240123748779297 -14.100000381469727
vertex -30.017086029052734 -22.240123748779297 -5.442880630493164
endloop
endfacet
facet normal 0.965926266752479 -0.25881740126509845 0
outer loop
vertex -51.24485397338867 -16.78521156311035 -5.575359344482422
vertex -51.18659210205078 -16.567773818969727 -13.901660919189453
vertex -51.18659210205078 -16.567773818969727 -5.545279026031494
endloop
endfacet
facet normal -0.9961947172651381 -0.08715552359450156 0
outer loop
vertex -30.017086029052734 -18.419864654541016 -5.442880630493164
vertex -29.849971771240234 -20.329994201660156 -14.100000381469727
vertex -29.849971771240234 -20.329994201660156 -5.504171371459961
endloop
endfacet
facet normal -0.9659259557735211 -0.25881856185948016 0
outer loop
vertex -30.28245735168457 -17.42948341369629 -5.536246299743652
vertex -30.017086029052734 -18.419864654541016 -14.070215225219727
vertex -30.017086029052734 -18.419864654541016 -5.442880630493164
endloop
endfacet
facet normal -0.9659257931630789 -0.2588191687303075 1.7179913261019522e-7
outer loop
vertex -30.51335334777832 -16.567773818969727 -13.901660919189453
vertex -30.28245735168457 -17.42948341369629 -5.536246299743652
vertex -30.455089569091797 -16.78521156311035 -5.575359344482422
endloop
endfacet
facet normal -0.9659241484779049 -0.258825306697847 0
outer loop
vertex -30.455089569091797 -16.78521156311035 -5.575359344482422
vertex -30.51335334777832 -16.567773818969727 -5.545279026031494
vertex -30.51335334777832 -16.567773818969727 -13.901660919189453
endloop
endfacet
facet normal -0.906307630648841 -0.4226185971152761 0
outer loop
vertex -30.59124183654785 -16.400741577148438 -5.549038887023926
vertex -30.51335334777832 -16.567773818969727 -13.901660919189453
vertex -30.51335334777832 -16.567773818969727 -5.545279026031494
endloop
endfacet
facet normal 0.906307630648841 -0.4226185971152761 0
outer loop
vertex -51.18659210205078 -16.567773818969727 -5.545279026031494
vertex -51.18659210205078 -16.567773818969727 -13.901660919189453
vertex -51.10870361328125 -16.400741577148438 -5.549038887023926
endloop
endfacet
facet normal 0.8191524665944039 0.5735758332359412 0
outer loop
vertex -49.27646255493164 -27.400657653808594 -5.446519374847412
vertex -50.376251220703125 -25.829994201660156 -14.100000381469727
vertex -50.376251220703125 -25.829994201660156 -5.386653900146484
endloop
endfacet
facet normal 0.9063073998933258 0.4226190919712447 0
outer loop
vertex -50.376251220703125 -25.829994201660156 -5.386653900146484
vertex -50.376251220703125 -25.829994201660156 -14.100000381469727
vertex -51.10870361328125 -24.259248733520508 -5.549038887023926
endloop
endfacet
facet normal 0.9063075964543327 -0.4226186704455572 0
outer loop
vertex -51.10870361328125 -16.400741577148438 -5.549038887023926
vertex -50.376251220703125 -14.829994201660156 -13.743511199951172
vertex -50.376251220703125 -14.829994201660156 -5.386653900146484
endloop
endfacet
facet normal 0.5735765007198529 0.8191519992174643 0
outer loop
vertex -46.349971771240234 -29.856273651123047 -14.100000381469727
vertex -47.92063522338867 -28.75648307800293 -14.100000381469727
vertex -46.349971771240234 -29.856273651123047 -5.386653900146484
endloop
endfacet
facet normal -0.08715552359450156 0.9961947172651381 0
outer loop
vertex -40.849971771240234 -31.329994201660156 -14.100000381469727
vertex -38.939842224121094 -31.162879943847656 -5.442880630493164
vertex -38.939842224121094 -31.162879943847656 -14.100000381469727
endloop
endfacet
facet normal 0.8191524665944038 -0.5735758332359412 0
outer loop
vertex -50.376251220703125 -14.829994201660156 -5.386653900146484
vertex -49.27646255493164 -13.259330749511719 -13.600569725036621
vertex -49.27646255493164 -13.259330749511719 -5.446519374847412
endloop
endfacet
facet normal 0.7070982747923037 -0.7071152874784619 0
outer loop
vertex -49.27646255493164 -13.259330749511719 -5.446519374847412
vertex -49.27646255493164 -13.259330749511719 -13.600569725036621
vertex -49.1179084777832 -13.100780487060547 -5.481316566467285
endloop
endfacet
facet normal -0.25881931951963694 0.965925752759181 3.626772931018768e-8
outer loop
vertex -38.939842224121094 -31.162879943847656 -14.100000381469727
vertex -37.949462890625 -30.89750862121582 -5.536246299743652
vertex -37.08774948120117 -30.66661262512207 -14.100000381469727
endloop
endfacet
facet normal -0.42261822732999904 0.9063078030826168 9.909622228424523e-8
outer loop
vertex -37.08774948120117 -30.66661262512207 -14.100000381469727
vertex -36.920719146728516 -30.588726043701172 -5.549038887023926
vertex -35.349971771240234 -29.856273651123047 -14.100000381469727
endloop
endfacet
facet normal -0.5735765007198529 0.8191519992174643 0
outer loop
vertex -35.349971771240234 -29.856273651123047 -14.100000381469727
vertex -33.7793083190918 -28.75648307800293 -5.446519374847412
vertex -33.7793083190918 -28.75648307800293 -14.100000381469727
endloop
endfacet
facet normal -0.7071072785586959 0.7071062838140357 1.3818596926028193e-7
outer loop
vertex -33.7793083190918 -28.75648307800293 -14.100000381469727
vertex -32.582035064697266 -27.5592098236084 -5.481316566467285
vertex -32.423484802246094 -27.400657653808594 -14.100000381469727
endloop
endfacet
facet normal 0 0 1
outer loop
vertex -29.988452911376953 -18.747148513793945 -14.100000381469727
vertex -46.349971771240234 -29.856273651123047 -14.100000381469727
vertex -44.6121940612793 -30.66661262512207 -14.100000381469727
endloop
endfacet
facet normal 0.7071067811865389 0.7071067811865389 -1.5648551232392675e-7
outer loop
vertex -48.079185485839844 -28.597932815551758 -5.481316566467285
vertex -49.27646255493164 -27.400657653808594 -14.100000381469727
vertex -49.1179084777832 -27.5592098236084 -5.481316566467285
endloop
endfacet
facet normal 0.7071067811865475 0.7071067811865475 0
outer loop
vertex -47.92063522338867 -28.75648307800293 -14.100000381469727
vertex -48.079185485839844 -28.597932815551758 -5.481316566467285
vertex -47.92063522338867 -28.75648307800293 -5.446519374847412
endloop
endfacet
facet normal -0.08715601718857786 -0.9961946740812382 0
outer loop
vertex -40.849971771240234 -9.329994201660156 -5.504171371459961
vertex -38.939842224121094 -9.497109413146973 -13.258180618286133
vertex -38.939842224121094 -9.497109413146973 -5.442880630493164
endloop
endfacet
facet normal -0.2588190269221939 -0.965925831160472 0
outer loop
vertex -38.939842224121094 -9.497109413146973 -5.442880630493164
vertex -38.939842224121094 -9.497109413146973 -13.258180618286133
vertex -37.949462890625 -9.762480735778809 -5.536246299743652
endloop
endfacet
facet normal -0.4226177664820403 -0.9063080179793908 0
outer loop
vertex -36.920719146728516 -10.071264266967773 -5.549038887023926
vertex -35.349971771240234 -10.803714752197266 -13.377090454101562
vertex -35.349971771240234 -10.803714752197266 -5.386653900146484
endloop
endfacet
facet normal -0.25881774250143186 -0.9659261753190306 1.0890992992826872e-7
outer loop
vertex -37.949462890625 -9.762480735778809 -5.536246299743652
vertex -37.08774948120117 -9.993375778198242 -13.303343772888184
vertex -37.3051872253418 -9.935112953186035 -5.575359344482422
endloop
endfacet
facet normal -0.25882135398797396 -0.9659252076221181 0
outer loop
vertex -37.3051872253418 -9.935112953186035 -5.575359344482422
vertex -37.08774948120117 -9.993375778198242 -13.303343772888184
vertex -37.08774948120117 -9.993375778198242 -5.545279026031494
endloop
endfacet
facet normal -0.4226225611119381 -0.906305782194501 0
outer loop
vertex -37.08774948120117 -9.993375778198242 -5.545279026031494
vertex -37.08774948120117 -9.993375778198242 -13.303343772888184
vertex -36.920719146728516 -10.071264266967773 -5.549038887023926
endloop
endfacet
facet normal -0.8191515318405143 -0.5735771682026222 0
outer loop
vertex -32.423484802246094 -13.259330749511719 -5.446519374847412
vertex -31.323692321777344 -14.829994201660156 -13.743511199951172
vertex -31.323692321777344 -14.829994201660156 -5.386653900146484
endloop
endfacet
facet normal -0.7071067811865476 -0.7071067811865476 0
outer loop
vertex -32.423484802246094 -13.259330749511719 -13.600569725036621
vertex -32.423484802246094 -13.259330749511719 -5.446519374847412
vertex -32.582035064697266 -13.100780487060547 -5.481316566467285
endloop
endfacet
facet normal -0.7071071057914311 -0.7071064565815149 -1.2677570288438652e-8
outer loop
vertex -33.620758056640625 -12.062056541442871 -5.481316566467285
vertex -32.423484802246094 -13.259330749511719 -13.600569725036621
vertex -32.582035064697266 -13.100780487060547 -5.481316566467285
endloop
endfacet
facet normal -0.5735765007198529 -0.8191519992174643 0
outer loop
vertex -35.349971771240234 -10.803714752197266 -5.386653900146484
vertex -33.7793083190918 -11.903505325317383 -13.477179527282715
vertex -33.7793083190918 -11.903505325317383 -5.446519374847412
endloop
endfacet
facet normal -0.7071089077883065 -0.7071046545783928 0
outer loop
vertex -33.7793083190918 -11.903505325317383 -5.446519374847412
vertex -33.7793083190918 -11.903505325317383 -13.477179527282715
vertex -33.620758056640625 -12.062056541442871 -5.481316566467285
endloop
endfacet
facet normal 0 0 1
outer loop
vertex -44.6121940612793 -30.66661262512207 -14.100000381469727
vertex -42.760101318359375 -31.162879943847656 -14.100000381469727
vertex -29.988452911376953 -18.747148513793945 -14.100000381469727
endloop
endfacet
facet normal 0 0 1
outer loop
vertex -29.988452911376953 -18.747148513793945 -14.100000381469727
vertex -42.760101318359375 -31.162879943847656 -14.100000381469727
vertex -40.849971771240234 -31.329994201660156 -14.100000381469727
endloop
endfacet
facet normal 0.7071071057914293 -0.707106456581513 -7.146406420416643e-8
outer loop
vertex -49.1179084777832 -13.100780487060547 -5.481316566467285
vertex -47.92063522338867 -11.903505325317383 -13.477179527282715
vertex -48.079185485839844 -12.062056541442871 -5.481316566467285
endloop
endfacet
facet normal 0 0 1
outer loop
vertex -29.988452911376953 -18.747148513793945 -14.100000381469727
vertex -40.849971771240234 -31.329994201660156 -14.100000381469727
vertex -38.939842224121094 -31.162879943847656 -14.100000381469727
endloop
endfacet
facet normal 0.7071089077883065 -0.7071046545783928 0
outer loop
vertex -48.079185485839844 -12.062056541442871 -5.481316566467285
vertex -47.92063522338867 -11.903505325317383 -13.477179527282715
vertex -47.92063522338867 -11.903505325317383 -5.446519374847412
endloop
endfacet
facet normal 0.5735765007198529 0.8191519992174643 0
outer loop
vertex -46.349971771240234 -29.856273651123047 -5.386653900146484
vertex -47.92063522338867 -28.75648307800293 -14.100000381469727
vertex -47.92063522338867 -28.75648307800293 -5.446519374847412
endloop
endfacet
facet normal 0.25881773694856586 0.9659261768068926 2.069444696839152e-7
outer loop
vertex -43.75048065185547 -30.89750862121582 -5.536246299743652
vertex -44.6121940612793 -30.66661262512207 -14.100000381469727
vertex -44.39475631713867 -30.724876403808594 -5.575359344482422
endloop
endfacet
facet normal 0.2588190269221939 0.965925831160472 0
outer loop
vertex -42.760101318359375 -31.162879943847656 -14.100000381469727
vertex -43.75048065185547 -30.89750862121582 -5.536246299743652
vertex -42.760101318359375 -31.162879943847656 -5.442880630493164
endloop
endfacet
facet normal 0.5735765007198529 -0.8191519992174643 0
outer loop
vertex -47.92063522338867 -11.903505325317383 -5.446519374847412
vertex -46.349971771240234 -10.803714752197266 -13.377090454101562
vertex -46.349971771240234 -10.803714752197266 -5.386653900146484
endloop
endfacet
facet normal 0.08715552359450156 0.9961947172651381 0
outer loop
vertex -40.849971771240234 -31.329994201660156 -5.504171371459961
vertex -42.760101318359375 -31.162879943847656 -14.100000381469727
vertex -42.760101318359375 -31.162879943847656 -5.442880630493164
endloop
endfacet
facet normal 0.4226186704455572 0.9063075964543327 0
outer loop
vertex -44.77922439575195 -30.588726043701172 -5.549038887023926
vertex -46.349971771240234 -29.856273651123047 -14.100000381469727
vertex -46.349971771240234 -29.856273651123047 -5.386653900146484
endloop
endfacet
facet normal 0.42261775578122085 -0.9063080229692488 -1.260160091867214e-7
outer loop
vertex -46.349971771240234 -10.803714752197266 -5.386653900146484
vertex -44.6121940612793 -9.993375778198242 -13.303343772888184
vertex -44.77922439575195 -10.071264266967773 -5.549038887023926
endloop
endfacet
facet normal 0.42261406027211157 0.9063097462017718 0
outer loop
vertex -44.6121940612793 -30.66661262512207 -14.100000381469727
vertex -44.77922439575195 -30.588726043701172 -5.549038887023926
vertex -44.6121940612793 -30.66661262512207 -5.545279026031494
endloop
endfacet
facet normal 0.258825306697847 0.9659241484779048 0
outer loop
vertex -44.39475631713867 -30.724876403808594 -5.575359344482422
vertex -44.6121940612793 -30.66661262512207 -14.100000381469727
vertex -44.6121940612793 -30.66661262512207 -5.545279026031494
endloop
endfacet
facet normal 0.4226225611119381 -0.906305782194501 0
outer loop
vertex -44.77922439575195 -10.071264266967773 -5.549038887023926
vertex -44.6121940612793 -9.993375778198242 -13.303343772888184
vertex -44.6121940612793 -9.993375778198242 -5.545279026031494
endloop
endfacet
facet normal 0.25882135398797396 -0.9659252076221181 0
outer loop
vertex -44.6121940612793 -9.993375778198242 -5.545279026031494
vertex -44.6121940612793 -9.993375778198242 -13.303343772888184
vertex -44.39475631713867 -9.935112953186035 -5.575359344482422
endloop
endfacet
facet normal 0 0 1
outer loop
vertex -29.988452911376953 -18.747148513793945 -14.100000381469727
vertex -38.939842224121094 -31.162879943847656 -14.100000381469727
vertex -37.08774948120117 -30.66661262512207 -14.100000381469727
endloop
endfacet
facet normal 0 0 1
outer loop
vertex -29.988452911376953 -18.747148513793945 -14.100000381469727
vertex -37.08774948120117 -30.66661262512207 -14.100000381469727
vertex -35.349971771240234 -29.856273651123047 -14.100000381469727
endloop
endfacet
facet normal 0 0 1
outer loop
vertex -29.988452911376953 -18.747148513793945 -14.100000381469727
vertex -35.349971771240234 -29.856273651123047 -14.100000381469727
vertex -33.7793083190918 -28.75648307800293 -14.100000381469727
endloop
endfacet
facet normal 0 0 1
outer loop
vertex -29.988452911376953 -18.747148513793945 -14.100000381469727
vertex -33.7793083190918 -28.75648307800293 -14.100000381469727
vertex -32.423484802246094 -27.400657653808594 -14.100000381469727
endloop
endfacet
facet normal 0 0 1
outer loop
vertex -29.988452911376953 -18.747148513793945 -14.100000381469727
vertex -32.423484802246094 -27.400657653808594 -14.100000381469727
vertex -31.323692321777344 -25.829994201660156 -14.100000381469727
endloop
endfacet
facet normal 0 0 1
outer loop
vertex -29.988452911376953 -18.747148513793945 -14.100000381469727
vertex -31.323692321777344 -25.829994201660156 -14.100000381469727
vertex -30.51335334777832 -24.09221649169922 -14.100000381469727
endloop
endfacet
facet normal 0 0 1
outer loop
vertex -29.988452911376953 -18.747148513793945 -14.100000381469727
vertex -30.51335334777832 -24.09221649169922 -14.100000381469727
vertex -30.017086029052734 -22.240123748779297 -14.100000381469727
endloop
endfacet
facet normal 0 0 1
outer loop
vertex -29.988452911376953 -18.747148513793945 -14.100000381469727
vertex -30.017086029052734 -22.240123748779297 -14.100000381469727
vertex -29.849971771240234 -20.329994201660156 -14.100000381469727
endloop
endfacet
facet normal -0.7071067811865476 0.7071067811865476 0
outer loop
vertex -32.582035064697266 -27.5592098236084 -5.481316566467285
vertex -33.7793083190918 -28.75648307800293 -14.100000381469727
vertex -33.620758056640625 -28.597932815551758 -5.481316566467285
endloop
endfacet
facet normal -0.7071067811865475 0.7071067811865475 0
outer loop
vertex -33.7793083190918 -28.75648307800293 -14.100000381469727
vertex -33.7793083190918 -28.75648307800293 -5.446519374847412
vertex -33.620758056640625 -28.597932815551758 -5.481316566467285
endloop
endfacet
facet normal -0.5735765007198529 0.8191519992174643 0
outer loop
vertex -33.7793083190918 -28.75648307800293 -5.446519374847412
vertex -35.349971771240234 -29.856273651123047 -14.100000381469727
vertex -35.349971771240234 -29.856273651123047 -5.386653900146484
endloop
endfacet
facet normal -0.4226186704455572 0.9063075964543327 0
outer loop
vertex -35.349971771240234 -29.856273651123047 -14.100000381469727
vertex -36.920719146728516 -30.588726043701172 -5.549038887023926
vertex -35.349971771240234 -29.856273651123047 -5.386653900146484
endloop
endfacet
facet normal -0.42261406027211157 0.9063097462017718 0
outer loop
vertex -36.920719146728516 -30.588726043701172 -5.549038887023926
vertex -37.08774948120117 -30.66661262512207 -14.100000381469727
vertex -37.08774948120117 -30.66661262512207 -5.545279026031494
endloop
endfacet
facet normal -0.258825306697847 0.9659241484779048 0
outer loop
vertex -37.3051872253418 -30.724876403808594 -5.575359344482422
vertex -37.08774948120117 -30.66661262512207 -5.545279026031494
vertex -37.08774948120117 -30.66661262512207 -14.100000381469727
endloop
endfacet
facet normal -0.25881773694856586 0.9659261768068926 2.069444696839152e-7
outer loop
vertex -37.08774948120117 -30.66661262512207 -14.100000381469727
vertex -37.949462890625 -30.89750862121582 -5.536246299743652
vertex -37.3051872253418 -30.724876403808594 -5.575359344482422
endloop
endfacet
facet normal -0.2588190269221939 0.965925831160472 0
outer loop
vertex -37.949462890625 -30.89750862121582 -5.536246299743652
vertex -38.939842224121094 -31.162879943847656 -14.100000381469727
vertex -38.939842224121094 -31.162879943847656 -5.442880630493164
endloop
endfacet
facet normal -0.08715552359450156 0.9961947172651381 0
outer loop
vertex -38.939842224121094 -31.162879943847656 -5.442880630493164
vertex -40.849971771240234 -31.329994201660156 -14.100000381469727
vertex -40.849971771240234 -31.329994201660156 -5.504171371459961
endloop
endfacet
facet normal 0.25881774250143186 -0.9659261753190306 1.0890992992826872e-7
outer loop
vertex -44.39475631713867 -9.935112953186035 -5.575359344482422
vertex -44.6121940612793 -9.993375778198242 -13.303343772888184
vertex -43.75048065185547 -9.762480735778809 -5.536246299743652
endloop
endfacet
facet normal -0.8191515318405143 0.5735771682026221 0
outer loop
vertex -31.323692321777344 -25.829994201660156 -14.100000381469727
vertex -32.423484802246094 -27.400657653808594 -14.100000381469727
vertex -31.323692321777344 -25.829994201660156 -5.386653900146484
endloop
endfacet
facet normal -0.9063078030826213 0.42261822733000115 -8.793943238855004e-9
outer loop
vertex -30.51335334777832 -24.09221649169922 -14.100000381469727
vertex -31.323692321777344 -25.829994201660156 -14.100000381469727
vertex -30.59124183654785 -24.259248733520508 -5.549038887023926
endloop
endfacet
facet normal -0.9063079813882112 -0.4226178449521806 -1.8312099717294255e-8
outer loop
vertex -31.323692321777344 -14.829994201660156 -13.743511199951172
vertex -30.51335334777832 -16.567773818969727 -13.901660919189453
vertex -30.59124183654785 -16.400741577148438 -5.549038887023926
endloop
endfacet
facet normal 0.2588190269221939 -0.965925831160472 0
outer loop
vertex -43.75048065185547 -9.762480735778809 -5.536246299743652
vertex -42.760101318359375 -9.497109413146973 -13.258180618286133
vertex -42.760101318359375 -9.497109413146973 -5.442880630493164
endloop
endfacet
facet normal 0.08715601718857785 -0.9961946740812381 0
outer loop
vertex -42.760101318359375 -9.497109413146973 -5.442880630493164
vertex -40.849971771240234 -9.329994201660156 -13.242971420288086
vertex -40.849971771240234 -9.329994201660156 -5.504171371459961
endloop
endfacet
facet normal -0.9961948328095949 -0.08715420290188669 0
outer loop
vertex -30.017086029052734 -18.419864654541016 -14.070215225219727
vertex -29.988452911376953 -18.747148513793945 -14.100000381469727
vertex -30.017086029052734 -18.419864654541016 -5.442880630493164
endloop
endfacet
facet normal -0.965925683245427 -0.2588195789480362 1.2650931546668754e-7
outer loop
vertex -30.51335334777832 -16.567773818969727 -13.901660919189453
vertex -30.017086029052734 -18.419864654541016 -14.070215225219727
vertex -30.28245735168457 -17.42948341369629 -5.536246299743652
endloop
endfacet
facet normal -0.7071072814935107 -0.7071062808792274 -6.449603305714744e-8
outer loop
vertex -32.423484802246094 -13.259330749511719 -13.600569725036621
vertex -33.620758056640625 -12.062056541442871 -5.481316566467285
vertex -33.7793083190918 -11.903505325317383 -13.477179527282715
endloop
endfacet
facet normal -0.8191515318405143 -0.5735771682026221 0
outer loop
vertex -32.423484802246094 -13.259330749511719 -13.600569725036621
vertex -31.323692321777344 -14.829994201660156 -13.743511199951172
vertex -32.423484802246094 -13.259330749511719 -5.446519374847412
endloop
endfacet
facet normal -0.08715601718857785 -0.9961946740812381 0
outer loop
vertex -40.849971771240234 -9.329994201660156 -13.242971420288086
vertex -38.939842224121094 -9.497109413146973 -13.258180618286133
vertex -40.849971771240234 -9.329994201660156 -5.504171371459961
endloop
endfacet
facet normal -0.25881885600002996 -0.9659258769589079 -2.3495585790198225e-8
outer loop
vertex -38.939842224121094 -9.497109413146973 -13.258180618286133
vertex -37.08774948120117 -9.993375778198242 -13.303343772888184
vertex -37.949462890625 -9.762480735778809 -5.536246299743652
endloop
endfacet
facet normal -0.4226182312879678 -0.9063078012369842 -1.1354623356981256e-7
outer loop
vertex -37.08774948120117 -9.993375778198242 -13.303343772888184
vertex -35.349971771240234 -10.803714752197266 -13.377090454101562
vertex -36.920719146728516 -10.071264266967773 -5.549038887023926
endloop
endfacet
facet normal -0.5735765007198529 -0.8191519992174643 0
outer loop
vertex -33.7793083190918 -11.903505325317383 -13.477179527282715
vertex -35.349971771240234 -10.803714752197266 -5.386653900146484
vertex -35.349971771240234 -10.803714752197266 -13.377090454101562
endloop
endfacet
facet normal -0.9659257527591775 0.258819319519636 9.391285439436552e-8
outer loop
vertex -30.017086029052734 -22.240123748779297 -14.100000381469727
vertex -30.51335334777832 -24.09221649169922 -14.100000381469727
vertex -30.28245735168457 -23.230504989624023 -5.536246299743652
endloop
endfacet
facet normal -0.9961946933738771 -0.0871557966731018 6.071396590135471e-8
outer loop
vertex -29.988452911376953 -18.747148513793945 -14.100000381469727
vertex -29.849971771240234 -20.329994201660156 -14.100000381469727
vertex -30.017086029052734 -18.419864654541016 -5.442880630493164
endloop
endfacet
facet normal 0 0 1
outer loop
vertex -29.988452911376953 -18.747148513793945 -14.100000381469727
vertex -51.711490631103516 -18.747148513793945 -14.100000381469727
vertex -51.849971771240234 -20.329994201660156 -14.100000381469727
endloop
endfacet
facet normal 0.12093035659336633 -0.6258857185541458 0.770482262069778
outer loop
vertex -44.407840728759766 -8.121434211730957 -4.099999904632568
vertex -43.75048065185547 -9.762480735778809 -5.536246299743652
vertex -42.30607986450195 -7.715342998504639 -4.099999904632568
endloop
endfacet
facet normal -0.3132190802748662 0.4915545833463696 0.8125687043831702
outer loop
vertex -33.5069694519043 -30.80882453918457 -4.099999904632568
vertex -33.7793083190918 -28.75648307800293 -5.446519374847412
vertex -33.858158111572266 -31.032602310180664 -4.099999904632568
endloop
endfacet
facet normal 0.45490745208179106 0.45490745208179106 0.7655837120007885
outer loop
vertex -48.079185485839844 -28.597932815551758 -5.481316566467285
vertex -49.1179084777832 -27.5592098236084 -5.481316566467285
vertex -51.328800201416016 -27.672996520996094 -4.099999904632568
endloop
endfacet
facet normal 0.31321924413382246 0.4915545381148105 0.8125686685831371
outer loop
vertex -47.92063522338867 -28.75648307800293 -5.446519374847412
vertex -48.079185485839844 -28.597932815551758 -5.481316566467285
vertex -48.19297409057617 -30.80882453918457 -4.099999904632568
endloop
endfacet
facet normal 0.3132193617215324 0.49155450565593656 0.8125686428924659
outer loop
vertex -46.349971771240234 -29.856273651123047 -5.386653900146484
vertex -47.92063522338867 -28.75648307800293 -5.446519374847412
vertex -48.19297409057617 -30.80882453918457 -4.099999904632568
endloop
endfacet
facet normal 0.31321969947236183 0.49155422164593837 0.8125686845088844
outer loop
vertex -44.77922439575195 -30.588726043701172 -5.549038887023926
vertex -46.349971771240234 -29.856273651123047 -5.386653900146484
vertex -47.8417854309082 -31.032602310180664 -4.099999904632568
endloop
endfacet
facet normal 0.07624286969958871 0.571906106669312 0.8167682841383603
outer loop
vertex -42.760101318359375 -31.162879943847656 -5.442880630493164
vertex -43.75048065185547 -30.89750862121582 -5.536246299743652
vertex -40.849971771240234 -32.54296112060547 -4.654844284057617
endloop
endfacet
facet normal -0.2662464762645573 -0.6071084505336957 0.7486869460377159
outer loop
vertex -37.29210662841797 -8.121434211730957 -4.099999904632568
vertex -37.3051872253418 -9.935112953186035 -5.575359344482422
vertex -33.858158111572266 -9.627387046813965 -4.099999904632568
endloop
endfacet
facet normal -0.49155439384047767 -0.3132189595215192 0.812568865569176
outer loop
vertex -30.37114143371582 -12.986992835998535 -4.099999904632568
vertex -32.423484802246094 -13.259330749511719 -5.446519374847412
vertex -30.147363662719727 -13.338181495666504 -4.099999904632568
endloop
endfacet
facet normal -0.31321927662098387 -0.49155489148479453 0.8125684422929551
outer loop
vertex -33.858158111572266 -9.627387046813965 -4.099999904632568
vertex -35.349971771240234 -10.803714752197266 -5.386653900146484
vertex -33.5069694519043 -9.851164817810059 -4.099999904632568
endloop
endfacet
facet normal 0.07624300304027593 0.5719062334322098 0.81676818293123
outer loop
vertex -40.849971771240234 -31.329994201660156 -5.504171371459961
vertex -42.760101318359375 -31.162879943847656 -5.442880630493164
vertex -40.849971771240234 -32.54296112060547 -4.654844284057617
endloop
endfacet
facet normal -0.45490723331797794 -0.45490723331797794 0.7655839719782316
outer loop
vertex -33.5069694519043 -9.851164817810059 -4.099999904632568
vertex -33.620758056640625 -12.062056541442871 -5.481316566467285
vertex -30.37114143371582 -12.986992835998535 -4.099999904632568
endloop
endfacet
facet normal 0.2662500689983774 0.607098963490906 0.7486933613213269
outer loop
vertex -44.39475631713867 -30.724876403808594 -5.575359344482422
vertex -44.6121940612793 -30.66661262512207 -5.545279026031494
vertex -47.8417854309082 -31.032602310180664 -4.099999904632568
endloop
endfacet
facet normal 0.2662446700593944 0.6071121051340217 0.7486846248352512
outer loop
vertex -44.6121940612793 -30.66661262512207 -5.545279026031494
vertex -44.77922439575195 -30.588726043701172 -5.549038887023926
vertex -47.8417854309082 -31.032602310180664 -4.099999904632568
endloop
endfacet
facet normal -0.07417046817953847 -0.7051591102900211 0.7051591102900211
outer loop
vertex -40.849971771240234 -7.562185764312744 -4.099999904632568
vertex -40.849971771240234 -8.117030143737793 -4.654844284057617
vertex -39.393863677978516 -7.715342998504639 -4.099999904632568
endloop
endfacet
facet normal 0.1209298530418838 0.6258858768755751 0.7704822124948512
outer loop
vertex -43.75048065185547 -30.89750862121582 -5.536246299743652
vertex -44.39475631713867 -30.724876403808594 -5.575359344482422
vertex -44.407840728759766 -32.53855514526367 -4.099999904632568
endloop
endfacet
facet normal -0.12093059343956275 -0.6258858083873191 0.7704821519215792
outer loop
vertex -39.393863677978516 -7.715342998504639 -4.099999904632568
vertex -37.949462890625 -9.762480735778809 -5.536246299743652
vertex -37.29210662841797 -8.121434211730957 -4.099999904632568
endloop
endfacet
facet normal -0.6071077467537522 -0.26624638944835444 0.7486875476040036
outer loop
vertex -30.59124183654785 -16.400741577148438 -5.549038887023926
vertex -28.64141082763672 -16.772127151489258 -4.099999904632568
vertex -30.147363662719727 -13.338181495666504 -4.099999904632568
endloop
endfacet
facet normal -0.6258858682275286 -0.12092995951875862 0.7704822028079975
outer loop
vertex -28.64141082763672 -16.772127151489258 -4.099999904632568
vertex -30.455089569091797 -16.78521156311035 -5.575359344482422
vertex -28.235321044921875 -18.87388801574707 -4.099999904632568
endloop
endfacet
facet normal -0.7051593823956277 -0.07417105579896034 0.7051587763766998
outer loop
vertex -28.235321044921875 -18.87388801574707 -4.099999904632568
vertex -28.637006759643555 -20.329994201660156 -4.654844284057617
vertex -28.082162857055664 -20.329994201660156 -4.099999904632568
endloop
endfacet
facet normal 0.12093125973946611 0.6258863396950025 0.7704816157449945
outer loop
vertex -40.849971771240234 -32.54296112060547 -4.654844284057617
vertex -43.75048065185547 -30.89750862121582 -5.536246299743652
vertex -42.30607986450195 -32.944644927978516 -4.099999904632568
endloop
endfacet
facet normal 0.45490744481512474 0.45490716812039284 0.7655838850475231
outer loop
vertex -48.19297409057617 -30.80882453918457 -4.099999904632568
vertex -48.079185485839844 -28.597932815551758 -5.481316566467285
vertex -51.328800201416016 -27.672996520996094 -4.099999904632568
endloop
endfacet
facet normal 0.3132191838913224 0.49155474595825105 0.8125685660720412
outer loop
vertex -47.8417854309082 -31.032602310180664 -4.099999904632568
vertex -46.349971771240234 -29.856273651123047 -5.386653900146484
vertex -48.19297409057617 -30.80882453918457 -4.099999904632568
endloop
endfacet
facet normal 0.2662466133190297 0.6071080886284536 0.7486871907666466
outer loop
vertex -44.407840728759766 -32.53855514526367 -4.099999904632568
vertex -44.39475631713867 -30.724876403808594 -5.575359344482422
vertex -47.8417854309082 -31.032602310180664 -4.099999904632568
endloop
endfacet
facet normal -0.7051593874771331 0.07417095917715846 0.7051587814582009
outer loop
vertex -28.637006759643555 -20.329994201660156 -4.654844284057617
vertex -28.235321044921875 -21.786102294921875 -4.099999904632568
vertex -28.082162857055664 -20.329994201660156 -4.099999904632568
endloop
endfacet
facet normal 0.12092995499613207 0.6258858448201938 0.7704822225323215
outer loop
vertex -42.30607986450195 -32.944644927978516 -4.099999904632568
vertex -43.75048065185547 -30.89750862121582 -5.536246299743652
vertex -44.407840728759766 -32.53855514526367 -4.099999904632568
endloop
endfacet
facet normal 0.0741718777802866 0.7051593391659576 0.7051587331470668
outer loop
vertex -42.30607986450195 -32.944644927978516 -4.099999904632568
vertex -40.849971771240234 -33.09780502319336 -4.099999904632568
vertex -40.849971771240234 -32.54296112060547 -4.654844284057617
endloop
endfacet
facet normal 0.5719091151476507 0.07624484639377381 0.8167659930539599
outer loop
vertex -51.682857513427734 -22.240123748779297 -5.442880630493164
vertex -53.06293487548828 -20.329994201660156 -4.654844284057617
vertex -51.417484283447266 -23.230504989624023 -5.536246299743652
endloop
endfacet
facet normal 0.60710852219131 0.2662441864437131 0.7486877022281112
outer loop
vertex -51.18659210205078 -24.09221649169922 -5.545279026031494
vertex -51.24485397338867 -23.87477684020996 -5.575359344482422
vertex -53.05853271484375 -23.887861251831055 -4.099999904632568
endloop
endfacet
facet normal 0.6071082647049669 0.26624671790925547 0.7486870107925429
outer loop
vertex -53.05853271484375 -23.887861251831055 -4.099999904632568
vertex -51.10870361328125 -24.259248733520508 -5.549038887023926
vertex -51.18659210205078 -24.09221649169922 -5.545279026031494
endloop
endfacet
facet normal 0.6258859677384145 0.12092873431082313 0.7704823142721257
outer loop
vertex -53.05853271484375 -23.887861251831055 -4.099999904632568
vertex -51.24485397338867 -23.87477684020996 -5.575359344482422
vertex -51.417484283447266 -23.230504989624023 -5.536246299743652
endloop
endfacet
facet normal 0.625885606749875 0.12093011743219627 0.7704823904289935
outer loop
vertex -51.417484283447266 -23.230504989624023 -5.536246299743652
vertex -53.06293487548828 -20.329994201660156 -4.654844284057617
vertex -53.464622497558594 -21.786102294921875 -4.099999904632568
endloop
endfacet
facet normal 0.5719074368963128 0.07624308105671726 0.8167673329741271
outer loop
vertex -53.06293487548828 -20.329994201660156 -4.654844284057617
vertex -51.682857513427734 -22.240123748779297 -5.442880630493164
vertex -51.849971771240234 -20.329994201660156 -5.504171371459961
endloop
endfacet
facet normal 0.5719074368963128 -0.07624308105671726 0.8167673329741271
outer loop
vertex -53.06293487548828 -20.329994201660156 -4.654844284057617
vertex -51.849971771240234 -20.329994201660156 -5.504171371459961
vertex -51.682857513427734 -18.419864654541016 -5.442880630493164
endloop
endfacet
facet normal 0.5719091151476507 -0.07624484639377381 0.8167659930539599
outer loop
vertex -53.06293487548828 -20.329994201660156 -4.654844284057617
vertex -51.682857513427734 -18.419864654541016 -5.442880630493164
vertex -51.417484283447266 -17.42948341369629 -5.536246299743652
endloop
endfacet
facet normal 0.62588571295915 -0.12093020823278566 0.7704822899005476
outer loop
vertex -53.06293487548828 -20.329994201660156 -4.654844284057617
vertex -51.417484283447266 -17.42948341369629 -5.536246299743652
vertex -53.464622497558594 -18.87388801574707 -4.099999904632568
endloop
endfacet
facet normal 0.6258859677384145 -0.12092873431082313 0.7704823142721257
outer loop
vertex -51.417484283447266 -17.42948341369629 -5.536246299743652
vertex -51.24485397338867 -16.78521156311035 -5.575359344482422
vertex -53.05853271484375 -16.772127151489258 -4.099999904632568
endloop
endfacet
facet normal 0.6071090236299751 -0.26624648685611985 0.748686477548401
outer loop
vertex -51.24485397338867 -16.78521156311035 -5.575359344482422
vertex -51.18659210205078 -16.567773818969727 -5.545279026031494
vertex -51.55257797241211 -13.338181495666504 -4.099999904632568
endloop
endfacet
facet normal 0.6071083544800323 -0.26624676176180745 0.7486869223994091
outer loop
vertex -51.55257797241211 -13.338181495666504 -4.099999904632568
vertex -51.18659210205078 -16.567773818969727 -5.545279026031494
vertex -51.10870361328125 -16.400741577148438 -5.549038887023926
endloop
endfacet
facet normal 0.49155321428123777 0.31322640932567 0.812566707434369
outer loop
vertex -51.328800201416016 -27.672996520996094 -4.099999904632568
vertex -49.1179084777832 -27.5592098236084 -5.481316566467285
vertex -49.27646255493164 -27.400657653808594 -5.446519374847412
endloop
endfacet
facet normal 0.4915551670995966 0.3132192414288648 0.8125682891280056
outer loop
vertex -49.27646255493164 -27.400657653808594 -5.446519374847412
vertex -50.376251220703125 -25.829994201660156 -5.386653900146484
vertex -51.55257797241211 -27.321807861328125 -4.099999904632568
endloop
endfacet
facet normal 0.49155429885226853 0.3132200952166575 0.8125684852566722
outer loop
vertex -50.376251220703125 -25.829994201660156 -5.386653900146484
vertex -51.10870361328125 -24.259248733520508 -5.549038887023926
vertex -51.55257797241211 -27.321807861328125 -4.099999904632568
endloop
endfacet
facet normal 0.4915546750719796 -0.31321987553568914 0.8125683423468378
outer loop
vertex -51.55257797241211 -13.338181495666504 -4.099999904632568
vertex -51.10870361328125 -16.400741577148438 -5.549038887023926
vertex -50.376251220703125 -14.829994201660156 -5.386653900146484
endloop
endfacet
facet normal 0.49155527521011627 -0.31321932078720366 0.8125681931374803
outer loop
vertex -51.328800201416016 -12.986992835998535 -4.099999904632568
vertex -50.376251220703125 -14.829994201660156 -5.386653900146484
vertex -49.27646255493164 -13.259330749511719 -5.446519374847412
endloop
endfacet
facet normal 0.49155244497543465 -0.3132295736635074 0.8125659530285831
outer loop
vertex -51.328800201416016 -12.986992835998535 -4.099999904632568
vertex -49.27646255493164 -13.259330749511719 -5.446519374847412
vertex -49.1179084777832 -13.100780487060547 -5.481316566467285
endloop
endfacet
facet normal 0.4549075525648857 -0.45490713490468726 0.7655838407596091
outer loop
vertex -49.1179084777832 -13.100780487060547 -5.481316566467285
vertex -48.079185485839844 -12.062056541442871 -5.481316566467285
vertex -48.19297409057617 -9.851164817810059 -4.099999904632568
endloop
endfacet
facet normal 0.31322180250077614 -0.49155399541723854 0.8125680107089587
outer loop
vertex -48.19297409057617 -9.851164817810059 -4.099999904632568
vertex -48.079185485839844 -12.062056541442871 -5.481316566467285
vertex -47.92063522338867 -11.903505325317383 -5.446519374847412
endloop
endfacet
facet normal 0.31321948751254264 -0.49155467702178873 0.8125684907380948
outer loop
vertex -47.92063522338867 -11.903505325317383 -5.446519374847412
vertex -46.349971771240234 -10.803714752197266 -5.386653900146484
vertex -47.8417854309082 -9.627387046813965 -4.099999904632568
endloop
endfacet
facet normal 0.31321935471387397 -0.4915548120694107 0.81256846023214
outer loop
vertex -47.8417854309082 -9.627387046813965 -4.099999904632568
vertex -46.349971771240234 -10.803714752197266 -5.386653900146484
vertex -44.77922439575195 -10.071264266967773 -5.549038887023926
endloop
endfacet
facet normal 0.07624314959467293 -0.5719069374046861 0.816767676324349
outer loop
vertex -42.760101318359375 -9.497109413146973 -5.442880630493164
vertex -40.849971771240234 -8.117030143737793 -4.654844284057617
vertex -43.75048065185547 -9.762480735778809 -5.536246299743652
endloop
endfacet
facet normal 0.0762433454300078 -0.5719071235793537 0.8167675276826512
outer loop
vertex -40.849971771240234 -8.117030143737793 -4.654844284057617
vertex -42.760101318359375 -9.497109413146973 -5.442880630493164
vertex -40.849971771240234 -9.329994201660156 -5.504171371459961
endloop
endfacet
facet normal 0.2662494715364386 -0.6071076275717939 0.7486865481967171
outer loop
vertex -44.77922439575195 -10.071264266967773 -5.549038887023926
vertex -44.6121940612793 -9.993375778198242 -5.545279026031494
vertex -44.407840728759766 -8.121434211730957 -4.099999904632568
endloop
endfacet
facet normal 0.26624882721953086 -0.6071076931100668 0.7486867241849541
outer loop
vertex -44.6121940612793 -9.993375778198242 -5.545279026031494
vertex -44.39475631713867 -9.935112953186035 -5.575359344482422
vertex -44.407840728759766 -8.121434211730957 -4.099999904632568
endloop
endfacet
facet normal 0.1209298530418838 -0.6258858768755751 0.7704822124948512
outer loop
vertex -44.407840728759766 -8.121434211730957 -4.099999904632568
vertex -44.39475631713867 -9.935112953186035 -5.575359344482422
vertex -43.75048065185547 -9.762480735778809 -5.536246299743652
endloop
endfacet
facet normal -0.6258859671816006 0.1209300883821707 0.7704821021990275
outer loop
vertex -28.235321044921875 -21.786102294921875 -4.099999904632568
vertex -30.28245735168457 -23.230504989624023 -5.536246299743652
vertex -28.64141082763672 -23.887861251831055 -4.099999904632568
endloop
endfacet
facet normal -0.6071081131285909 0.26624647617972147 0.74868721966875
outer loop
vertex -30.455089569091797 -23.87477684020996 -5.575359344482422
vertex -30.147363662719727 -27.321807861328125 -4.099999904632568
vertex -28.64141082763672 -23.887861251831055 -4.099999904632568
endloop
endfacet
facet normal -0.49155474595825105 0.3132191838913224 0.8125685660720412
outer loop
vertex -31.323692321777344 -25.829994201660156 -5.386653900146484
vertex -30.37114143371582 -27.672996520996094 -4.099999904632568
vertex -30.147363662719727 -27.321807861328125 -4.099999904632568
endloop
endfacet
facet normal -0.12093026769507188 -0.625885684835983 0.7704823034129926
outer loop
vertex -40.849971771240234 -8.117030143737793 -4.654844284057617
vertex -37.949462890625 -9.762480735778809 -5.536246299743652
vertex -39.393863677978516 -7.715342998504639 -4.099999904632568
endloop
endfacet
facet normal -0.31321935471387397 -0.4915548120694107 0.81256846023214
outer loop
vertex -33.858158111572266 -9.627387046813965 -4.099999904632568
vertex -36.920719146728516 -10.071264266967773 -5.549038887023926
vertex -35.349971771240234 -10.803714752197266 -5.386653900146484
endloop
endfacet
facet normal -0.3132194615267379 -0.4915546416211705 0.812568522170028
outer loop
vertex -35.349971771240234 -10.803714752197266 -5.386653900146484
vertex -33.7793083190918 -11.903505325317383 -5.446519374847412
vertex -33.5069694519043 -9.851164817810059 -4.099999904632568
endloop
endfacet
facet normal -0.31322180250077614 -0.49155399541723854 0.8125680107089587
outer loop
vertex -33.5069694519043 -9.851164817810059 -4.099999904632568
vertex -33.7793083190918 -11.903505325317383 -5.446519374847412
vertex -33.620758056640625 -12.062056541442871 -5.481316566467285
endloop
endfacet
facet normal -0.4915543720140161 -0.3132190385917326 0.8125688482938397
outer loop
vertex -30.37114143371582 -12.986992835998535 -4.099999904632568
vertex -32.582035064697266 -13.100780487060547 -5.481316566467285
vertex -32.423484802246094 -13.259330749511719 -5.446519374847412
endloop
endfacet
facet normal -0.45490722234914016 -0.45490680468924494 0.7655842331853571
outer loop
vertex -33.620758056640625 -12.062056541442871 -5.481316566467285
vertex -32.582035064697266 -13.100780487060547 -5.481316566467285
vertex -30.37114143371582 -12.986992835998535 -4.099999904632568
endloop
endfacet
facet normal -0.49155427444528416 -0.3132197978254198 0.8125686146564938
outer loop
vertex -32.423484802246094 -13.259330749511719 -5.446519374847412
vertex -31.323692321777344 -14.829994201660156 -5.386653900146484
vertex -30.147363662719727 -13.338181495666504 -4.099999904632568
endloop
endfacet
facet normal -0.491554749691728 -0.31321933049296974 0.812568507303254
outer loop
vertex -31.323692321777344 -14.829994201660156 -5.386653900146484
vertex -30.59124183654785 -16.400741577148438 -5.549038887023926
vertex -30.147363662719727 -13.338181495666504 -4.099999904632568
endloop
endfacet
facet normal -0.2662479466903673 -0.6071045059381834 0.7486896217744157
outer loop
vertex -33.858158111572266 -9.627387046813965 -4.099999904632568
vertex -37.08774948120117 -9.993375778198242 -5.545279026031494
vertex -36.920719146728516 -10.071264266967773 -5.549038887023926
endloop
endfacet
facet normal -0.266248245894111 -0.6071037776390726 0.748690105941488
outer loop
vertex -37.3051872253418 -9.935112953186035 -5.575359344482422
vertex -37.08774948120117 -9.993375778198242 -5.545279026031494
vertex -33.858158111572266 -9.627387046813965 -4.099999904632568
endloop
endfacet
facet normal -0.12092990085417288 -0.6258860261419288 0.770482083736971
outer loop
vertex -37.949462890625 -9.762480735778809 -5.536246299743652
vertex -37.3051872253418 -9.935112953186035 -5.575359344482422
vertex -37.29210662841797 -8.121434211730957 -4.099999904632568
endloop
endfacet
facet normal -0.07624314959467293 -0.5719069374046861 0.816767676324349
outer loop
vertex -38.939842224121094 -9.497109413146973 -5.442880630493164
vertex -37.949462890625 -9.762480735778809 -5.536246299743652
vertex -40.849971771240234 -8.117030143737793 -4.654844284057617
endloop
endfacet
facet normal -0.0762433454300078 -0.5719071235793537 0.8167675276826512
outer loop
vertex -40.849971771240234 -8.117030143737793 -4.654844284057617
vertex -40.849971771240234 -9.329994201660156 -5.504171371459961
vertex -38.939842224121094 -9.497109413146973 -5.442880630493164
endloop
endfacet
facet normal -0.6071077433549876 -0.2662464632447112 0.7486875241167686
outer loop
vertex -30.59124183654785 -16.400741577148438 -5.549038887023926
vertex -30.51335334777832 -16.567773818969727 -5.545279026031494
vertex -28.64141082763672 -16.772127151489258 -4.099999904632568
endloop
endfacet
facet normal -0.6071072514207425 -0.2662512995374108 0.7486862031365287
outer loop
vertex -30.51335334777832 -16.567773818969727 -5.545279026031494
vertex -30.455089569091797 -16.78521156311035 -5.575359344482422
vertex -28.64141082763672 -16.772127151489258 -4.099999904632568
endloop
endfacet
facet normal -0.6258862718695111 -0.12093070247229543 0.7704817583076459
outer loop
vertex -30.455089569091797 -16.78521156311035 -5.575359344482422
vertex -30.28245735168457 -17.42948341369629 -5.536246299743652
vertex -28.235321044921875 -18.87388801574707 -4.099999904632568
endloop
endfacet
facet normal -0.6258862626558818 -0.12093067818051939 0.7704817696048704
outer loop
vertex -30.28245735168457 -17.42948341369629 -5.536246299743652
vertex -28.637006759643555 -20.329994201660156 -4.654844284057617
vertex -28.235321044921875 -18.87388801574707 -4.099999904632568
endloop
endfacet
facet normal -0.5719067302085046 -0.07624293164706895 0.8167678417494638
outer loop
vertex -30.28245735168457 -17.42948341369629 -5.536246299743652
vertex -30.017086029052734 -18.419864654541016 -5.442880630493164
vertex -28.637006759643555 -20.329994201660156 -4.654844284057617
endloop
endfacet
facet normal -0.5719068351637838 -0.07624304204847629 0.8167677579533479
outer loop
vertex -30.017086029052734 -18.419864654541016 -5.442880630493164
vertex -29.849971771240234 -20.329994201660156 -5.504171371459961
vertex -28.637006759643555 -20.329994201660156 -4.654844284057617
endloop
endfacet
facet normal -0.5719068351637838 0.07624304204847629 0.8167677579533479
outer loop
vertex -29.849971771240234 -20.329994201660156 -5.504171371459961
vertex -30.017086029052734 -22.240123748779297 -5.442880630493164
vertex -28.637006759643555 -20.329994201660156 -4.654844284057617
endloop
endfacet
facet normal -0.6258861564461967 0.12093058737951591 0.7704818701339132
outer loop
vertex -28.637006759643555 -20.329994201660156 -4.654844284057617
vertex -30.28245735168457 -23.230504989624023 -5.536246299743652
vertex -28.235321044921875 -21.786102294921875 -4.099999904632568
endloop
endfacet
facet normal -0.6258858196497586 0.12093055761852936 0.7704821483950303
outer loop
vertex -30.28245735168457 -23.230504989624023 -5.536246299743652
vertex -30.455089569091797 -23.87477684020996 -5.575359344482422
vertex -28.64141082763672 -23.887861251831055 -4.099999904632568
endloop
endfacet
facet normal -0.5719067302085046 0.07624293164706895 0.8167678417494638
outer loop
vertex -30.017086029052734 -22.240123748779297 -5.442880630493164
vertex -30.28245735168457 -23.230504989624023 -5.536246299743652
vertex -28.637006759643555 -20.329994201660156 -4.654844284057617
endloop
endfacet
facet normal -0.6071029434872381 0.26624843392442527 0.748690715477307
outer loop
vertex -30.51335334777832 -24.09221649169922 -5.545279026031494
vertex -30.147363662719727 -27.321807861328125 -4.099999904632568
vertex -30.455089569091797 -23.87477684020996 -5.575359344482422
endloop
endfacet
facet normal -0.6071077419830785 0.2662464625745729 0.7486875254675573
outer loop
vertex -30.51335334777832 -24.09221649169922 -5.545279026031494
vertex -30.59124183654785 -24.259248733520508 -5.549038887023926
vertex -30.147363662719727 -27.321807861328125 -4.099999904632568
endloop
endfacet
facet normal -0.49155437347267555 0.3132195501740119 0.8125686502128143
outer loop
vertex -30.59124183654785 -24.259248733520508 -5.549038887023926
vertex -31.323692321777344 -25.829994201660156 -5.386653900146484
vertex -30.147363662719727 -27.321807861328125 -4.099999904632568
endloop
endfacet
facet normal -0.4915540946705675 0.3132196658616681 0.8125687742770478
outer loop
vertex -31.323692321777344 -25.829994201660156 -5.386653900146484
vertex -32.423484802246094 -27.400657653808594 -5.446519374847412
vertex -30.37114143371582 -27.672996520996094 -4.099999904632568
endloop
endfacet
facet normal -0.4915551412787719 0.31321587433224674 0.8125696026487164
outer loop
vertex -32.582035064697266 -27.5592098236084 -5.481316566467285
vertex -30.37114143371582 -27.672996520996094 -4.099999904632568
vertex -32.423484802246094 -27.400657653808594 -5.446519374847412
endloop
endfacet
facet normal 0.12093026769507188 -0.625885684835983 0.7704823034129926
outer loop
vertex -43.75048065185547 -9.762480735778809 -5.536246299743652
vertex -40.849971771240234 -8.117030143737793 -4.654844284057617
vertex -42.30607986450195 -7.715342998504639 -4.099999904632568
endloop
endfacet
facet normal 0.607108257393644 0.2662468766587116 0.7486869602670623
outer loop
vertex -51.10870361328125 -24.259248733520508 -5.549038887023926
vertex -53.05853271484375 -23.887861251831055 -4.099999904632568
vertex -51.55257797241211 -27.321807861328125 -4.099999904632568
endloop
endfacet
facet normal 0.6258855663574034 0.12093001093722365 0.7704824399557693
outer loop
vertex -53.05853271484375 -23.887861251831055 -4.099999904632568
vertex -51.417484283447266 -23.230504989624023 -5.536246299743652
vertex -53.464622497558594 -21.786102294921875 -4.099999904632568
endloop
endfacet
facet normal 0.7051569284304425 0.07417162420812205 0.7051611705481753
outer loop
vertex -53.464622497558594 -21.786102294921875 -4.099999904632568
vertex -53.06293487548828 -20.329994201660156 -4.654844284057617
vertex -53.61778259277344 -20.329994201660156 -4.099999904632568
endloop
endfacet
facet normal 0.7051569233488637 -0.07417172083078068 0.7051611654665659
outer loop
vertex -53.61778259277344 -20.329994201660156 -4.099999904632568
vertex -53.06293487548828 -20.329994201660156 -4.654844284057617
vertex -53.464622497558594 -18.87388801574707 -4.099999904632568
endloop
endfacet
facet normal 0.6258855988857679 -0.12092990747813928 0.7704824297702917
outer loop
vertex -53.464622497558594 -18.87388801574707 -4.099999904632568
vertex -51.417484283447266 -17.42948341369629 -5.536246299743652
vertex -53.05853271484375 -16.772127151489258 -4.099999904632568
endloop
endfacet
facet normal 0.6071080450121155 -0.2662468574609232 0.7486871393137123
outer loop
vertex -53.05853271484375 -16.772127151489258 -4.099999904632568
vertex -51.24485397338867 -16.78521156311035 -5.575359344482422
vertex -51.55257797241211 -13.338181495666504 -4.099999904632568
endloop
endfacet
facet normal 0.4915551395725124 0.31321943470272995 0.8125682312792878
outer loop
vertex -51.55257797241211 -27.321807861328125 -4.099999904632568
vertex -51.328800201416016 -27.672996520996094 -4.099999904632568
vertex -49.27646255493164 -27.400657653808594 -5.446519374847412
endloop
endfacet
facet normal 0.4915551297411376 -0.3132194284381679 0.812568239641472
outer loop
vertex -50.376251220703125 -14.829994201660156 -5.386653900146484
vertex -51.328800201416016 -12.986992835998535 -4.099999904632568
vertex -51.55257797241211 -13.338181495666504 -4.099999904632568
endloop
endfacet
facet normal 0.4549074078973831 -0.4549071312026736 0.7655839289202964
outer loop
vertex -51.328800201416016 -12.986992835998535 -4.099999904632568
vertex -49.1179084777832 -13.100780487060547 -5.481316566467285
vertex -48.19297409057617 -9.851164817810059 -4.099999904632568
endloop
endfacet
facet normal 0.31321916888177626 -0.4915547224028176 0.8125685861073502
outer loop
vertex -48.19297409057617 -9.851164817810059 -4.099999904632568
vertex -47.92063522338867 -11.903505325317383 -5.446519374847412
vertex -47.8417854309082 -9.627387046813965 -4.099999904632568
endloop
endfacet
facet normal 0.26624647171514515 -0.6071077657365954 0.7486875029553756
outer loop
vertex -47.8417854309082 -9.627387046813965 -4.099999904632568
vertex -44.77922439575195 -10.071264266967773 -5.549038887023926
vertex -44.407840728759766 -8.121434211730957 -4.099999904632568
endloop
endfacet
facet normal 0.07417046817953847 -0.7051591102900211 0.7051591102900211
outer loop
vertex -42.30607986450195 -7.715342998504639 -4.099999904632568
vertex -40.849971771240234 -8.117030143737793 -4.654844284057617
vertex -40.849971771240234 -7.562185764312744 -4.099999904632568
endloop
endfacet
facet normal -0.07624300304027593 0.5719062334322098 0.81676818293123
outer loop
vertex -38.939842224121094 -31.162879943847656 -5.442880630493164
vertex -40.849971771240234 -31.329994201660156 -5.504171371459961
vertex -40.849971771240234 -32.54296112060547 -4.654844284057617
endloop
endfacet
facet normal -0.07624286969958871 0.571906106669312 0.8167682841383603
outer loop
vertex -37.949462890625 -30.89750862121582 -5.536246299743652
vertex -38.939842224121094 -31.162879943847656 -5.442880630493164
vertex -40.849971771240234 -32.54296112060547 -4.654844284057617
endloop
endfacet
facet normal -0.12093125973946611 0.6258863396950025 0.7704816157449945
outer loop
vertex -37.949462890625 -30.89750862121582 -5.536246299743652
vertex -40.849971771240234 -32.54296112060547 -4.654844284057617
vertex -39.393863677978516 -32.944644927978516 -4.099999904632568
endloop
endfacet
facet normal -0.12092990085417288 0.6258860261419288 0.770482083736971
outer loop
vertex -37.3051872253418 -30.724876403808594 -5.575359344482422
vertex -37.949462890625 -30.89750862121582 -5.536246299743652
vertex -37.29210662841797 -32.53855514526367 -4.099999904632568
endloop
endfacet
facet normal -0.26625134834134867 0.6071075801281272 0.7486859192327472
outer loop
vertex -37.08774948120117 -30.66661262512207 -5.545279026031494
vertex -37.3051872253418 -30.724876403808594 -5.575359344482422
vertex -37.29210662841797 -32.53855514526367 -4.099999904632568
endloop
endfacet
facet normal -0.26624288046907457 0.6071084414358556 0.7486882321346159
outer loop
vertex -36.920719146728516 -30.588726043701172 -5.549038887023926
vertex -37.08774948120117 -30.66661262512207 -5.545279026031494
vertex -37.29210662841797 -32.53855514526367 -4.099999904632568
endloop
endfacet
facet normal -0.31321969947236183 0.49155422164593837 0.8125686845088844
outer loop
vertex -35.349971771240234 -29.856273651123047 -5.386653900146484
vertex -36.920719146728516 -30.588726043701172 -5.549038887023926
vertex -33.858158111572266 -31.032602310180664 -4.099999904632568
endloop
endfacet
facet normal -0.31321924413382246 0.4915545381148105 0.8125686685831371
outer loop
vertex -33.620758056640625 -28.597932815551758 -5.481316566467285
vertex -33.7793083190918 -28.75648307800293 -5.446519374847412
vertex -33.5069694519043 -30.80882453918457 -4.099999904632568
endloop
endfacet
facet normal -0.31321938671296384 0.4915545397019147 0.8125686126633205
outer loop
vertex -33.7793083190918 -28.75648307800293 -5.446519374847412
vertex -35.349971771240234 -29.856273651123047 -5.386653900146484
vertex -33.858158111572266 -31.032602310180664 -4.099999904632568
endloop
endfacet
facet normal -0.45490723331797794 0.45490723331797794 0.7655839719782316
outer loop
vertex -32.582035064697266 -27.5592098236084 -5.481316566467285
vertex -33.620758056640625 -28.597932815551758 -5.481316566467285
vertex -33.5069694519043 -30.80882453918457 -4.099999904632568
endloop
endfacet
facet normal -0.0741718777802866 0.7051593391659576 0.7051587331470668
outer loop
vertex -39.393863677978516 -32.944644927978516 -4.099999904632568
vertex -40.849971771240234 -32.54296112060547 -4.654844284057617
vertex -40.849971771240234 -33.09780502319336 -4.099999904632568
endloop
endfacet
facet normal -0.12093019184149392 0.6258859346531367 0.770482112384544
outer loop
vertex -37.29210662841797 -32.53855514526367 -4.099999904632568
vertex -37.949462890625 -30.89750862121582 -5.536246299743652
vertex -39.393863677978516 -32.944644927978516 -4.099999904632568
endloop
endfacet
facet normal -0.26624640116708614 0.6071082792927089 0.7486871116025847
outer loop
vertex -37.29210662841797 -32.53855514526367 -4.099999904632568
vertex -33.858158111572266 -31.032602310180664 -4.099999904632568
vertex -36.920719146728516 -30.588726043701172 -5.549038887023926
endloop
endfacet
facet normal -0.45490723331797794 0.45490723331797794 0.7655839719782316
outer loop
vertex -32.582035064697266 -27.5592098236084 -5.481316566467285
vertex -33.5069694519043 -30.80882453918457 -4.099999904632568
vertex -30.37114143371582 -27.672996520996094 -4.099999904632568
endloop
endfacet
facet normal 0 0 1
outer loop
vertex -43.8019905090332 -3.5882627964019775 -4.099999904632568
vertex -45.948753356933594 -4.637562274932861 -4.099999904632568
vertex -43.4311408996582 -4.03313684463501 -4.099999904632568
endloop
endfacet
facet normal -0.9454323328472065 0.0827146696236252 0.3151443914083564
outer loop
vertex -22.926469802856445 -23.49039077758789 -0.5
vertex -23.849971771240234 -20.329994201660156 -4.099999904632568
vertex -24.108240127563477 -23.282012939453125 -4.099999904632568
endloop
endfacet
facet normal -0.40108423159914663 0.8601253643428403 0.315144088912704
outer loop
vertex -31.749971389770508 -36.09165573120117 -0.5
vertex -32.94997024536133 -35.332210540771484 -4.099999904632568
vertex -32.94997024536133 -36.65122604370117 -0.5
endloop
endfacet
facet normal -0.7774111257898275 0.5443492382545027 0.31514417067420986
outer loop
vertex -25.08831024169922 -29.429994583129883 -0.5
vertex -26.127540588378906 -28.829994201660156 -4.099999904632568
vertex -27.82721710205078 -31.257383346557617 -4.099999904632568
endloop
endfacet
facet normal -0.6710752798932353 0.6710752798932353 0.3151443120737413
outer loop
vertex -26.907962799072266 -32.02872848510742 -0.5
vertex -27.82721710205078 -31.257383346557617 -4.099999904632568
vertex -29.922582626342773 -33.35274887084961 -4.099999904632568
endloop
endfacet
facet normal 0 0 1
outer loop
vertex -26.148365020751953 -27.820837020874023 -4.099999904632568
vertex -26.127540588378906 -28.829994201660156 -4.099999904632568
vertex -24.87519645690918 -26.144336700439453 -4.099999904632568
endloop
endfacet
facet normal 0 0 1
outer loop
vertex -26.148365020751953 -27.820837020874023 -4.099999904632568
vertex -27.501192092895508 -30.028451919555664 -4.099999904632568
vertex -26.127540588378906 -28.829994201660156 -4.099999904632568
endloop
endfacet
facet normal 0 0 1
outer loop
vertex -27.501192092895508 -30.028451919555664 -4.099999904632568
vertex -29.182710647583008 -31.997257232666016 -4.099999904632568
vertex -26.127540588378906 -28.829994201660156 -4.099999904632568
endloop
endfacet
facet normal 0 0 1
outer loop
vertex -29.182710647583008 -31.997257232666016 -4.099999904632568
vertex -27.82721710205078 -31.257383346557617 -4.099999904632568
vertex -26.127540588378906 -28.829994201660156 -4.099999904632568
endloop
endfacet
facet normal 0 0 1
outer loop
vertex -29.182710647583008 -31.997257232666016 -4.099999904632568
vertex -29.922582626342773 -33.35274887084961 -4.099999904632568
vertex -27.82721710205078 -31.257383346557617 -4.099999904632568
endloop
endfacet
facet normal 0 0 1
outer loop
vertex -29.182710647583008 -31.997257232666016 -4.099999904632568
vertex -31.15151596069336 -33.678775787353516 -4.099999904632568
vertex -29.922582626342773 -33.35274887084961 -4.099999904632568
endloop
endfacet
facet normal -0.5443492060036695 0.7774110797308735 0.3151443400012951
outer loop
vertex -29.15123748779297 -34.272003173828125 -0.5
vertex -29.922582626342773 -33.35274887084961 -4.099999904632568
vertex -32.349971771240234 -35.052425384521484 -4.099999904632568
endloop
endfacet
facet normal 0.24563066760815486 -0.9167059148243107 0.31514415884876484
outer loop
vertex -47.074737548828125 -3.2275888919830322 -0.5
vertex -46.66431427001953 -4.355220317840576 -4.099999904632568
vertex -43.8019905090332 -3.5882627964019775 -4.099999904632568
endloop
endfacet
facet normal 0.8601257635369923 -0.40108339459082687 0.3151440646488601
outer loop
vertex -55.57240295410156 -11.829994201660156 -4.099999904632568
vertex -56.61163330078125 -11.229994773864746 -0.5
vertex -57.95237731933594 -14.105228424072266 -0.5
endloop
endfacet
facet normal -0.6710752798932355 0.6710752798932355 0.3151443120737413
outer loop
vertex -29.922582626342773 -33.35274887084961 -4.099999904632568
vertex -29.15123748779297 -34.272003173828125 -0.5
vertex -26.907962799072266 -32.02872848510742 -0.5
endloop
endfacet
facet normal -0.7774112036123882 0.5443490323142625 0.31514433441911044
outer loop
vertex -27.82721710205078 -31.257383346557617 -4.099999904632568
vertex -26.907962799072266 -32.02872848510742 -0.5
vertex -25.08831024169922 -29.429994583129883 -0.5
endloop
endfacet
facet normal -0.8601256828319009 0.40108348999112753 0.3151441635021874
outer loop
vertex -26.127540588378906 -28.829994201660156 -4.099999904632568
vertex -25.08831024169922 -29.429994583129883 -0.5
vertex -23.74756622314453 -26.55476188659668 -0.5
endloop
endfacet
facet normal -0.40108473969162123 0.8601250868119593 0.3151441997296223
outer loop
vertex -32.94997024536133 -35.332210540771484 -4.099999904632568
vertex -31.749971389770508 -36.09165573120117 -0.5
vertex -32.349971771240234 -35.052425384521484 -4.099999904632568
endloop
endfacet
facet normal 0 0 1
outer loop
vertex -31.15151596069336 -33.678775787353516 -4.099999904632568
vertex -32.349971771240234 -35.052425384521484 -4.099999904632568
vertex -29.922582626342773 -33.35274887084961 -4.099999904632568
endloop
endfacet
facet normal 0 0 1
outer loop
vertex -33.349971771240234 -35.0259895324707 -4.099999904632568
vertex -32.349971771240234 -35.052425384521484 -4.099999904632568
vertex -31.15151596069336 -33.678775787353516 -4.099999904632568
endloop
endfacet
facet normal 0 0 1
outer loop
vertex -32.94997024536133 -35.332210540771484 -4.099999904632568
vertex -32.349971771240234 -35.052425384521484 -4.099999904632568
vertex -33.349971771240234 -35.0259895324707 -4.099999904632568
endloop
endfacet
facet normal 0 0 1
outer loop
vertex -33.349971771240234 -35.0259895324707 -4.099999904632568
vertex -33.349971771240234 -35.329994201660156 -4.099999904632568
vertex -32.94997024536133 -35.332210540771484 -4.099999904632568
endloop
endfacet
facet normal -0.08271466746665712 -0.9454324271180206 0.3151441091621563
outer loop
vertex -37.897953033447266 -3.5882627964019775 -4.099999904632568
vertex -37.6895751953125 -2.406493663787842 -0.5
vertex -40.849971771240234 -2.1299946308135986 -0.5
endloop
endfacet
facet normal -0.9167060611399421 -0.24563040686563908 0.31514393646762934
outer loop
vertex -23.74756622314453 -14.105228424072266 -0.5
vertex -24.87519645690918 -14.515652656555176 -4.099999904632568
vertex -24.108240127563477 -17.377975463867188 -4.099999904632568
endloop
endfacet
facet normal -0.9454323606154116 0.08271459032553218 0.31514432891684646
outer loop
vertex -22.64997100830078 -20.329994201660156 -0.5
vertex -23.849971771240234 -20.329994201660156 -4.099999904632568
vertex -22.926469802856445 -23.49039077758789 -0.5
endloop
endfacet
facet normal -0.9454323606154116 -0.08271459032553218 0.31514432891684646
outer loop
vertex -23.849971771240234 -20.329994201660156 -4.099999904632568
vertex -22.64997100830078 -20.329994201660156 -0.5
vertex -22.926469802856445 -17.169597625732422 -0.5
endloop
endfacet
facet normal -0.9167057727799991 -0.24563092073869394 0.31514437473781115
outer loop
vertex -24.108240127563477 -17.377975463867188 -4.099999904632568
vertex -22.926469802856445 -17.169597625732422 -0.5
vertex -23.74756622314453 -14.105228424072266 -0.5
endloop
endfacet
facet normal -0.9454323328472065 -0.0827146696236252 0.3151443914083564
outer loop
vertex -22.926469802856445 -17.169597625732422 -0.5
vertex -24.108240127563477 -17.377975463867188 -4.099999904632568
vertex -23.849971771240234 -20.329994201660156 -4.099999904632568
endloop
endfacet
facet normal 0 0 1
outer loop
vertex -24.108240127563477 -17.377975463867188 -4.099999904632568
vertex -24.87519645690918 -14.515652656555176 -4.099999904632568
vertex -24.55311393737793 -17.748825073242188 -4.099999904632568
endloop
endfacet
facet normal 0 0 1
outer loop
vertex -24.349971771240234 -20.329994201660156 -4.099999904632568
vertex -24.108240127563477 -17.377975463867188 -4.099999904632568
vertex -24.55311393737793 -17.748825073242188 -4.099999904632568
endloop
endfacet
facet normal 0 0 1
outer loop
vertex -24.108240127563477 -23.282012939453125 -4.099999904632568
vertex -23.849971771240234 -20.329994201660156 -4.099999904632568
vertex -24.108240127563477 -17.377975463867188 -4.099999904632568
endloop
endfacet
facet normal 0 0 1
outer loop
vertex -24.349971771240234 -20.329994201660156 -4.099999904632568
vertex -24.108240127563477 -23.282012939453125 -4.099999904632568
vertex -24.108240127563477 -17.377975463867188 -4.099999904632568
endloop
endfacet
facet normal 0 0 1
outer loop
vertex -40.849971771240234 -3.3299946784973145 -4.099999904632568
vertex -40.849971771240234 -3.8299946784973145 -4.099999904632568
vertex -38.268802642822266 -4.03313684463501 -4.099999904632568
endloop
endfacet
facet normal 0 0 1
outer loop
vertex -51.77736282348633 -33.35274887084961 -4.099999904632568
vertex -50.54842758178711 -33.678775787353516 -4.099999904632568
vertex -52.517234802246094 -31.997257232666016 -4.099999904632568
endloop
endfacet
facet normal 0 0 1
outer loop
vertex -51.77736282348633 -33.35274887084961 -4.099999904632568
vertex -52.517234802246094 -31.997257232666016 -4.099999904632568
vertex -53.87272644042969 -31.257383346557617 -4.099999904632568
endloop
endfacet
facet normal 0 0 1
outer loop
vertex -53.87272644042969 -31.257383346557617 -4.099999904632568
vertex -52.517234802246094 -31.997257232666016 -4.099999904632568
vertex -54.198753356933594 -30.028451919555664 -4.099999904632568
endloop
endfacet
facet normal 0.24563061073612957 -0.9167059467380534 0.3151441103439585
outer loop
vertex -43.8019905090332 -3.5882627964019775 -4.099999904632568
vertex -44.01036834716797 -2.406493663787842 -0.5
vertex -47.074737548828125 -3.2275888919830322 -0.5
endloop
endfacet
facet normal 0.4010833208072876 -0.8601257788733437 0.31514411669539727
outer loop
vertex -46.66431427001953 -4.355220317840576 -4.099999904632568
vertex -47.074737548828125 -3.2275888919830322 -0.5
vertex -49.94997024536133 -4.568332195281982 -0.5
endloop
endfacet
facet normal 0.5443490171305333 -0.7774113450721675 0.3151440116868887
outer loop
vertex -49.349971771240234 -5.607563018798828 -4.099999904632568
vertex -49.94997024536133 -4.568332195281982 -0.5
vertex -52.5487060546875 -6.387985706329346 -0.5
endloop
endfacet
facet normal 0 0 1
outer loop
vertex -53.87272644042969 -31.257383346557617 -4.099999904632568
vertex -54.198753356933594 -30.028451919555664 -4.099999904632568
vertex -55.57240295410156 -28.829994201660156 -4.099999904632568
endloop
endfacet
facet normal 0 0 1
outer loop
vertex -55.57240295410156 -28.829994201660156 -4.099999904632568
vertex -54.198753356933594 -30.028451919555664 -4.099999904632568
vertex -55.551578521728516 -27.820837020874023 -4.099999904632568
endloop
endfacet
facet normal 0.671075320740586 -0.6710754633863879 0.31514383435768584
outer loop
vertex -51.77736282348633 -7.307239055633545 -4.099999904632568
vertex -52.5487060546875 -6.387985706329346 -0.5
vertex -54.7919807434082 -8.63125991821289 -0.5
endloop
endfacet
facet normal 0.7774112986350997 -0.5443488990865996 0.315144330137312
outer loop
vertex -53.87272644042969 -9.402605056762695 -4.099999904632568
vertex -54.7919807434082 -8.63125991821289 -0.5
vertex -56.61163330078125 -11.229994773864746 -0.5
endloop
endfacet
facet normal 0.08271460206453933 -0.9454324334130305 0.3151441074429608
outer loop
vertex -44.01036834716797 -2.406493663787842 -0.5
vertex -43.8019905090332 -3.5882627964019775 -4.099999904632568
vertex -40.849971771240234 -3.3299946784973145 -4.099999904632568
endloop
endfacet
facet normal 0 0 1
outer loop
vertex -55.57240295410156 -28.829994201660156 -4.099999904632568
vertex -55.551578521728516 -27.820837020874023 -4.099999904632568
vertex -56.824745178222656 -26.144336700439453 -4.099999904632568
endloop
endfacet
facet normal 0.4010832701254587 -0.8601258203544049 0.3151440679834069
outer loop
vertex -49.94997024536133 -4.568332195281982 -0.5
vertex -49.349971771240234 -5.607563018798828 -4.099999904632568
vertex -46.66431427001953 -4.355220317840576 -4.099999904632568
endloop
endfacet
facet normal 0 0 1
outer loop
vertex -40.849971771240234 -3.3299946784973145 -4.099999904632568
vertex -43.4311408996582 -4.03313684463501 -4.099999904632568
vertex -40.849971771240234 -3.8299946784973145 -4.099999904632568
endloop
endfacet
facet normal 0 0 1
outer loop
vertex -43.8019905090332 -3.5882627964019775 -4.099999904632568
vertex -43.4311408996582 -4.03313684463501 -4.099999904632568
vertex -40.849971771240234 -3.3299946784973145 -4.099999904632568
endloop
endfacet
facet normal -0.9167058097624333 0.24563077776069261 0.3151443786020603
outer loop
vertex -22.926469802856445 -23.49039077758789 -0.5
vertex -24.108240127563477 -23.282012939453125 -4.099999904632568
vertex -23.74756622314453 -26.55476188659668 -0.5
endloop
endfacet
facet normal 0 0 1
outer loop
vertex -46.66431427001953 -4.355220317840576 -4.099999904632568
vertex -45.948753356933594 -4.637562274932861 -4.099999904632568
vertex -43.8019905090332 -3.5882627964019775 -4.099999904632568
endloop
endfacet
facet normal 0.8601258532177836 0.4010831327349854 0.31514415314562
outer loop
vertex -56.61163330078125 -29.429994583129883 -0.5
vertex -55.57240295410156 -28.829994201660156 -4.099999904632568
vertex -56.824745178222656 -26.144336700439453 -4.099999904632568
endloop
endfacet
facet normal 0 0 1
outer loop
vertex -46.66431427001953 -4.355220317840576 -4.099999904632568
vertex -48.340816497802734 -5.628386974334717 -4.099999904632568
vertex -45.948753356933594 -4.637562274932861 -4.099999904632568
endloop
endfacet
facet normal 0 0 1
outer loop
vertex -49.349971771240234 -5.607563018798828 -4.099999904632568
vertex -48.340816497802734 -5.628386974334717 -4.099999904632568
vertex -46.66431427001953 -4.355220317840576 -4.099999904632568
endloop
endfacet
facet normal 0 0 1
outer loop
vertex -49.349971771240234 -5.607563018798828 -4.099999904632568
vertex -50.54842758178711 -6.9812140464782715 -4.099999904632568
vertex -48.340816497802734 -5.628386974334717 -4.099999904632568
endloop
endfacet
facet normal 0 0 1
outer loop
vertex -50.54842758178711 -6.9812140464782715 -4.099999904632568
vertex -49.349971771240234 -5.607563018798828 -4.099999904632568
vertex -51.77736282348633 -7.307239055633545 -4.099999904632568
endloop
endfacet
facet normal 0.7774110797308735 0.5443492060036695 0.3151443400012951
outer loop
vertex -54.7919807434082 -32.02872848510742 -0.5
vertex -53.87272644042969 -31.257383346557617 -4.099999904632568
vertex -55.57240295410156 -28.829994201660156 -4.099999904632568
endloop
endfacet
facet normal 0.6710756631705109 0.6710750523103848 0.3151439805340936
outer loop
vertex -52.5487060546875 -34.272003173828125 -0.5
vertex -51.77736282348633 -33.35274887084961 -4.099999904632568
vertex -53.87272644042969 -31.257383346557617 -4.099999904632568
endloop
endfacet
facet normal 0 0 1
outer loop
vertex -50.54842758178711 -33.678775787353516 -4.099999904632568
vertex -51.77736282348633 -33.35274887084961 -4.099999904632568
vertex -49.349971771240234 -35.052425384521484 -4.099999904632568
endloop
endfacet
facet normal 0.5443489036949889 -0.7774114769482271 0.3151438823065425
outer loop
vertex -52.5487060546875 -6.387985706329346 -0.5
vertex -51.77736282348633 -7.307239055633545 -4.099999904632568
vertex -49.349971771240234 -5.607563018798828 -4.099999904632568
endloop
endfacet
facet normal 0.6710756583632485 -0.6710748947882699 0.3151443262018931
outer loop
vertex -54.7919807434082 -8.63125991821289 -0.5
vertex -53.87272644042969 -9.402605056762695 -4.099999904632568
vertex -51.77736282348633 -7.307239055633545 -4.099999904632568
endloop
endfacet
facet normal 0 0 1
outer loop
vertex -51.77736282348633 -7.307239055633545 -4.099999904632568
vertex -52.517234802246094 -8.66273307800293 -4.099999904632568
vertex -50.54842758178711 -6.9812140464782715 -4.099999904632568
endloop
endfacet
facet normal 0 0 1
outer loop
vertex -52.517234802246094 -8.66273307800293 -4.099999904632568
vertex -51.77736282348633 -7.307239055633545 -4.099999904632568
vertex -53.87272644042969 -9.402605056762695 -4.099999904632568
endloop
endfacet
facet normal 0.7774111611191393 -0.5443492629923581 0.3151440407925687
outer loop
vertex -56.61163330078125 -11.229994773864746 -0.5
vertex -55.57240295410156 -11.829994201660156 -4.099999904632568
vertex -53.87272644042969 -9.402605056762695 -4.099999904632568
endloop
endfacet
facet normal 0.860125841009719 -0.4010829846181031 0.3151443749730557
outer loop
vertex -57.95237731933594 -14.105228424072266 -0.5
vertex -56.824745178222656 -14.515652656555176 -4.099999904632568
vertex -55.57240295410156 -11.829994201660156 -4.099999904632568
endloop
endfacet
facet normal 0 0 1
outer loop
vertex -55.57240295410156 -11.829994201660156 -4.099999904632568
vertex -52.517234802246094 -8.66273307800293 -4.099999904632568
vertex -53.87272644042969 -9.402605056762695 -4.099999904632568
endloop
endfacet
facet normal 0 0 1
outer loop
vertex -55.57240295410156 -11.829994201660156 -4.099999904632568
vertex -54.198753356933594 -10.631538391113281 -4.099999904632568
vertex -52.517234802246094 -8.66273307800293 -4.099999904632568
endloop
endfacet
facet normal 0 0 1
outer loop
vertex -55.57240295410156 -11.829994201660156 -4.099999904632568
vertex -55.551578521728516 -12.839151382446289 -4.099999904632568
vertex -54.198753356933594 -10.631538391113281 -4.099999904632568
endloop
endfacet
facet normal 0 0 1
outer loop
vertex -50.54842758178711 -33.678775787353516 -4.099999904632568
vertex -49.349971771240234 -35.052425384521484 -4.099999904632568
vertex -48.74997329711914 -35.332210540771484 -4.099999904632568
endloop
endfacet
facet normal 0 0 1
outer loop
vertex -55.551578521728516 -12.839151382446289 -4.099999904632568
vertex -55.57240295410156 -11.829994201660156 -4.099999904632568
vertex -56.824745178222656 -14.515652656555176 -4.099999904632568
endloop
endfacet
facet normal 0 0 1
outer loop
vertex -56.824745178222656 -14.515652656555176 -4.099999904632568
vertex -56.54240417480469 -15.23121452331543 -4.099999904632568
vertex -55.551578521728516 -12.839151382446289 -4.099999904632568
endloop
endfacet
facet normal 0.9167061914253856 -0.24563046233111308 0.3151435142555972
outer loop
vertex -58.77347183227539 -17.169597625732422 -0.5
vertex -57.591705322265625 -17.377975463867188 -4.099999904632568
vertex -57.95237731933594 -14.105228424072266 -0.5
endloop
endfacet
facet normal 0.9454325846756884 -0.08271518051157352 0.3151435018311265
outer loop
vertex -57.591705322265625 -17.377975463867188 -4.099999904632568
vertex -58.77347183227539 -17.169597625732422 -0.5
vertex -59.04997253417969 -20.329994201660156 -0.5
endloop
endfacet
facet normal 0.9454323159950572 0.08271515700490867 0.31514431404338517
outer loop
vertex -57.849971771240234 -20.329994201660156 -4.099999904632568
vertex -59.04997253417969 -20.329994201660156 -0.5
vertex -58.77347183227539 -23.49039077758789 -0.5
endloop
endfacet
facet normal 0.9167062284076963 0.24563031935334098 0.31514351811977986
outer loop
vertex -57.591705322265625 -23.282012939453125 -4.099999904632568
vertex -58.77347183227539 -23.49039077758789 -0.5
vertex -57.95237731933594 -26.55476188659668 -0.5
endloop
endfacet
facet normal 0.8601255945216779 0.4010834488113637 0.3151444569373104
outer loop
vertex -56.824745178222656 -26.144336700439453 -4.099999904632568
vertex -57.95237731933594 -26.55476188659668 -0.5
vertex -56.61163330078125 -29.429994583129883 -0.5
endloop
endfacet
facet normal 0 0 1
outer loop
vertex -50.54842758178711 -33.678775787353516 -4.099999904632568
vertex -48.74997329711914 -35.332210540771484 -4.099999904632568
vertex -48.349971771240234 -35.0259895324707 -4.099999904632568
endloop
endfacet
facet normal 0.9167056054926535 -0.24563150649450924 0.31514440479815836
outer loop
vertex -57.95237731933594 -14.105228424072266 -0.5
vertex -57.591705322265625 -17.377975463867188 -4.099999904632568
vertex -56.824745178222656 -14.515652656555176 -4.099999904632568
endloop
endfacet
facet normal 0.9454324019939717 -0.08271406481351504 0.315144342709709
outer loop
vertex -59.04997253417969 -20.329994201660156 -0.5
vertex -57.849971771240234 -20.329994201660156 -4.099999904632568
vertex -57.591705322265625 -17.377975463867188 -4.099999904632568
endloop
endfacet
facet normal 0 0 1
outer loop
vertex -48.349971771240234 -35.0259895324707 -4.099999904632568
vertex -48.74997329711914 -35.332210540771484 -4.099999904632568
vertex -48.349971771240234 -35.329994201660156 -4.099999904632568
endloop
endfacet
facet normal 0.4010847665518115 0.8601251444135611 0.3151440083321106
outer loop
vertex -49.349971771240234 -35.052425384521484 -4.099999904632568
vertex -48.74997329711914 -36.65122604370117 -0.5
vertex -48.74997329711914 -35.332210540771484 -4.099999904632568
endloop
endfacet
facet normal 0.5443489989739116 0.7774113949211627 0.31514392007911596
outer loop
vertex -49.94997024536133 -36.09165573120117 -0.5
vertex -49.349971771240234 -35.052425384521484 -4.099999904632568
vertex -51.77736282348633 -33.35274887084961 -4.099999904632568
endloop
endfacet
facet normal 0 0 1
outer loop
vertex -56.54240417480469 -15.23121452331543 -4.099999904632568
vertex -56.824745178222656 -14.515652656555176 -4.099999904632568
vertex -57.591705322265625 -17.377975463867188 -4.099999904632568
endloop
endfacet
facet normal 0 0 1
outer loop
vertex -57.591705322265625 -17.377975463867188 -4.099999904632568
vertex -57.146827697753906 -17.748825073242188 -4.099999904632568
vertex -56.54240417480469 -15.23121452331543 -4.099999904632568
endloop
endfacet
facet normal 0 0 1
outer loop
vertex -57.591705322265625 -17.377975463867188 -4.099999904632568
vertex -57.349971771240234 -20.329994201660156 -4.099999904632568
vertex -57.146827697753906 -17.748825073242188 -4.099999904632568
endloop
endfacet
facet normal 0 0 1
outer loop
vertex -57.591705322265625 -23.282012939453125 -4.099999904632568
vertex -57.349971771240234 -20.329994201660156 -4.099999904632568
vertex -57.591705322265625 -17.377975463867188 -4.099999904632568
endloop
endfacet
facet normal 0 0 1
outer loop
vertex -57.591705322265625 -23.282012939453125 -4.099999904632568
vertex -57.591705322265625 -17.377975463867188 -4.099999904632568
vertex -57.849971771240234 -20.329994201660156 -4.099999904632568
endloop
endfacet
facet normal 0.9454326896403568 0.08271408997914474 0.3151434731647202
outer loop
vertex -58.77347183227539 -23.49039077758789 -0.5
vertex -57.591705322265625 -23.282012939453125 -4.099999904632568
vertex -57.849971771240234 -20.329994201660156 -4.099999904632568
endloop
endfacet
facet normal 0.9167056078177682 0.24563142527756524 0.3151444613372859
outer loop
vertex -57.95237731933594 -26.55476188659668 -0.5
vertex -56.824745178222656 -26.144336700439453 -4.099999904632568
vertex -57.591705322265625 -23.282012939453125 -4.099999904632568
endloop
endfacet
facet normal 0 0 1
outer loop
vertex -38.268802642822266 -4.03313684463501 -4.099999904632568
vertex -37.897953033447266 -3.5882627964019775 -4.099999904632568
vertex -40.849971771240234 -3.3299946784973145 -4.099999904632568
endloop
endfacet
facet normal 0 0 1
outer loop
vertex -37.897953033447266 -3.5882627964019775 -4.099999904632568
vertex -38.268802642822266 -4.03313684463501 -4.099999904632568
vertex -35.751190185546875 -4.637562274932861 -4.099999904632568
endloop
endfacet
facet normal 0 0 1
outer loop
vertex -57.591705322265625 -23.282012939453125 -4.099999904632568
vertex -57.146827697753906 -22.911163330078125 -4.099999904632568
vertex -57.349971771240234 -20.329994201660156 -4.099999904632568
endloop
endfacet
facet normal 0 0 1
outer loop
vertex -56.824745178222656 -26.144336700439453 -4.099999904632568
vertex -57.146827697753906 -22.911163330078125 -4.099999904632568
vertex -57.591705322265625 -23.282012939453125 -4.099999904632568
endloop
endfacet
facet normal 0 0 1
outer loop
vertex -56.54240417480469 -25.428775787353516 -4.099999904632568
vertex -57.146827697753906 -22.911163330078125 -4.099999904632568
vertex -56.824745178222656 -26.144336700439453 -4.099999904632568
endloop
endfacet
facet normal 0 0 1
outer loop
vertex -56.824745178222656 -26.144336700439453 -4.099999904632568
vertex -55.551578521728516 -27.820837020874023 -4.099999904632568
vertex -56.54240417480469 -25.428775787353516 -4.099999904632568
endloop
endfacet
facet normal 0 0 1
outer loop
vertex -37.897953033447266 -3.5882627964019775 -4.099999904632568
vertex -35.751190185546875 -4.637562274932861 -4.099999904632568
vertex -35.03562927246094 -4.355220317840576 -4.099999904632568
endloop
endfacet
facet normal -0.5443492579124498 -0.7774111183613008 0.3151441550439999
outer loop
vertex -31.749971389770508 -4.568332195281982 -0.5
vertex -29.922582626342773 -7.307239055633545 -4.099999904632568
vertex -29.15123748779297 -6.387985706329346 -0.5
endloop
endfacet
facet normal -0.6710752455472911 -0.6710753881930771 0.31514415459461387
outer loop
vertex -29.15123748779297 -6.387985706329346 -0.5
vertex -29.922582626342773 -7.307239055633545 -4.099999904632568
vertex -26.907962799072266 -8.63125991821289 -0.5
endloop
endfacet
facet normal 0 0 1
outer loop
vertex -25.15753936767578 -25.428775787353516 -4.099999904632568
vertex -26.148365020751953 -27.820837020874023 -4.099999904632568
vertex -24.87519645690918 -26.144336700439453 -4.099999904632568
endloop
endfacet
facet normal 0 0 1
outer loop
vertex -25.15753936767578 -25.428775787353516 -4.099999904632568
vertex -24.87519645690918 -26.144336700439453 -4.099999904632568
vertex -24.108240127563477 -23.282012939453125 -4.099999904632568
endloop
endfacet
facet normal -0.8601257968545081 -0.40108341012704596 0.3151439539420956
outer loop
vertex -24.87519645690918 -14.515652656555176 -4.099999904632568
vertex -23.74756622314453 -14.105228424072266 -0.5
vertex -25.08831024169922 -11.229994773864746 -0.5
endloop
endfacet
facet normal -0.7774113746571312 -0.5443489523177645 0.31514405065661977
outer loop
vertex -26.127540588378906 -11.829994201660156 -4.099999904632568
vertex -25.08831024169922 -11.229994773864746 -0.5
vertex -26.907962799072266 -8.63125991821289 -0.5
endloop
endfacet
facet normal -0.40108308288982497 -0.8601258392407548 0.31514425473103747
outer loop
vertex -32.349971771240234 -5.607563018798828 -4.099999904632568
vertex -31.749971389770508 -4.568332195281982 -0.5
vertex -34.625205993652344 -3.2275888919830322 -0.5
endloop
endfacet
facet normal -0.24563061073612957 -0.9167059467380534 0.3151441103439585
outer loop
vertex -37.6895751953125 -2.406493663787842 -0.5
vertex -37.897953033447266 -3.5882627964019775 -4.099999904632568
vertex -34.625205993652344 -3.2275888919830322 -0.5
endloop
endfacet
facet normal -0.5443490624386663 0.7774112466345077 0.3151441762564016
outer loop
vertex -32.349971771240234 -35.052425384521484 -4.099999904632568
vertex -31.749971389770508 -36.09165573120117 -0.5
vertex -29.15123748779297 -34.272003173828125 -0.5
endloop
endfacet
facet normal 0 0 1
outer loop
vertex -29.182710647583008 -8.66273307800293 -4.099999904632568
vertex -27.82721710205078 -9.402605056762695 -4.099999904632568
vertex -29.922582626342773 -7.307239055633545 -4.099999904632568
endloop
endfacet
facet normal 0 0 1
outer loop
vertex -29.922582626342773 -7.307239055633545 -4.099999904632568
vertex -31.15151596069336 -6.9812140464782715 -4.099999904632568
vertex -29.182710647583008 -8.66273307800293 -4.099999904632568
endloop
endfacet
facet normal 0 0 1
outer loop
vertex -24.55311393737793 -22.911163330078125 -4.099999904632568
vertex -25.15753936767578 -25.428775787353516 -4.099999904632568
vertex -24.108240127563477 -23.282012939453125 -4.099999904632568
endloop
endfacet
facet normal -0.8601256992541063 -0.40108352937577124 0.31514406855612787
outer loop
vertex -25.08831024169922 -11.229994773864746 -0.5
vertex -26.127540588378906 -11.829994201660156 -4.099999904632568
vertex -24.87519645690918 -14.515652656555176 -4.099999904632568
endloop
endfacet
facet normal -0.7774110797308735 -0.5443492060036695 0.3151443400012951
outer loop
vertex -26.907962799072266 -8.63125991821289 -0.5
vertex -27.82721710205078 -9.402605056762695 -4.099999904632568
vertex -26.127540588378906 -11.829994201660156 -4.099999904632568
endloop
endfacet
facet normal 0 0 1
outer loop
vertex -29.182710647583008 -8.66273307800293 -4.099999904632568
vertex -26.127540588378906 -11.829994201660156 -4.099999904632568
vertex -27.82721710205078 -9.402605056762695 -4.099999904632568
endloop
endfacet
facet normal 0 0 1
outer loop
vertex -29.182710647583008 -8.66273307800293 -4.099999904632568
vertex -24.87519645690918 -14.515652656555176 -4.099999904632568
vertex -26.127540588378906 -11.829994201660156 -4.099999904632568
endloop
endfacet
facet normal 0 0 1
outer loop
vertex -24.55311393737793 -22.911163330078125 -4.099999904632568
vertex -24.108240127563477 -23.282012939453125 -4.099999904632568
vertex -24.349971771240234 -20.329994201660156 -4.099999904632568
endloop
endfacet
facet normal 0 0 1
outer loop
vertex -29.182710647583008 -8.66273307800293 -4.099999904632568
vertex -24.55311393737793 -17.748825073242188 -4.099999904632568
vertex -24.87519645690918 -14.515652656555176 -4.099999904632568
endloop
endfacet
facet normal -0.8601256525874662 0.40108365003909774 0.31514404235571386
outer loop
vertex -26.127540588378906 -28.829994201660156 -4.099999904632568
vertex -23.74756622314453 -26.55476188659668 -0.5
vertex -24.87519645690918 -26.144336700439453 -4.099999904632568
endloop
endfacet
facet normal -0.9167060634649891 0.24563032564904017 0.3151439930064825
outer loop
vertex -23.74756622314453 -26.55476188659668 -0.5
vertex -24.108240127563477 -23.282012939453125 -4.099999904632568
vertex -24.87519645690918 -26.144336700439453 -4.099999904632568
endloop
endfacet
facet normal -0.5443491174931444 -0.7774111714242308 0.31514426669263723
outer loop
vertex -29.922582626342773 -7.307239055633545 -4.099999904632568
vertex -31.749971389770508 -4.568332195281982 -0.5
vertex -32.349971771240234 -5.607563018798828 -4.099999904632568
endloop
endfacet
facet normal -0.4010832630563297 -0.8601258051946093 0.3151441183560498
outer loop
vertex -34.625205993652344 -3.2275888919830322 -0.5
vertex -35.03562927246094 -4.355220317840576 -4.099999904632568
vertex -32.349971771240234 -5.607563018798828 -4.099999904632568
endloop
endfacet
facet normal 0.08271466605690746 -0.9454324110045175 0.31514415787267785
outer loop
vertex -40.849971771240234 -3.3299946784973145 -4.099999904632568
vertex -40.849971771240234 -2.1299946308135986 -0.5
vertex -44.01036834716797 -2.406493663787842 -0.5
endloop
endfacet
facet normal -0.24563066760815486 -0.9167059148243107 0.31514415884876484
outer loop
vertex -34.625205993652344 -3.2275888919830322 -0.5
vertex -37.897953033447266 -3.5882627964019775 -4.099999904632568
vertex -35.03562927246094 -4.355220317840576 -4.099999904632568
endloop
endfacet
facet normal -0.0827146005552791 -0.9454324161621034 0.31514415959187325
outer loop
vertex -40.849971771240234 -2.1299946308135986 -0.5
vertex -40.849971771240234 -3.3299946784973145 -4.099999904632568
vertex -37.897953033447266 -3.5882627964019775 -4.099999904632568
endloop
endfacet
facet normal 0 0 1
outer loop
vertex -35.03562927246094 -4.355220317840576 -4.099999904632568
vertex -33.359127044677734 -5.628386974334717 -4.099999904632568
vertex -32.349971771240234 -5.607563018798828 -4.099999904632568
endloop
endfacet
facet normal 0 0 1
outer loop
vertex -35.03562927246094 -4.355220317840576 -4.099999904632568
vertex -35.751190185546875 -4.637562274932861 -4.099999904632568
vertex -33.359127044677734 -5.628386974334717 -4.099999904632568
endloop
endfacet
facet normal 0 0 1
outer loop
vertex -32.349971771240234 -5.607563018798828 -4.099999904632568
vertex -31.15151596069336 -6.9812140464782715 -4.099999904632568
vertex -29.922582626342773 -7.307239055633545 -4.099999904632568
endloop
endfacet
facet normal 0.4010847665518115 0.8601251444135611 0.3151440083321106
outer loop
vertex -48.74997329711914 -36.65122604370117 -0.5
vertex -49.349971771240234 -35.052425384521484 -4.099999904632568
vertex -49.94997024536133 -36.09165573120117 -0.5
endloop
endfacet
facet normal 0.7774112466345077 0.5443490624386663 0.3151441762564016
outer loop
vertex -55.57240295410156 -28.829994201660156 -4.099999904632568
vertex -56.61163330078125 -29.429994583129883 -0.5
vertex -54.7919807434082 -32.02872848510742 -0.5
endloop
endfacet
facet normal 0.6710752798932355 0.6710752798932355 0.3151443120737413
outer loop
vertex -53.87272644042969 -31.257383346557617 -4.099999904632568
vertex -54.7919807434082 -32.02872848510742 -0.5
vertex -52.5487060546875 -34.272003173828125 -0.5
endloop
endfacet
facet normal 0.5443488153346283 0.7774114643163537 0.3151440660924609
outer loop
vertex -51.77736282348633 -33.35274887084961 -4.099999904632568
vertex -52.5487060546875 -34.272003173828125 -0.5
vertex -49.94997024536133 -36.09165573120117 -0.5
endloop
endfacet
facet normal 0 0 1
outer loop
vertex -31.15151596069336 -6.9812140464782715 -4.099999904632568
vertex -32.349971771240234 -5.607563018798828 -4.099999904632568
vertex -33.359127044677734 -5.628386974334717 -4.099999904632568
endloop
endfacet
facet normal -0.6710753555872195 -0.6710752028722927 0.3151443148993777
outer loop
vertex -26.907962799072266 -8.63125991821289 -0.5
vertex -29.922582626342773 -7.307239055633545 -4.099999904632568
vertex -27.82721710205078 -9.402605056762695 -4.099999904632568
endloop
endfacet
facet normal 0 -0.7071067811865476 0.7071067811865476
outer loop
vertex -53.027584075927734 -50.47999572753906 -0.5
vertex -57.428131103515625 -50.47999572753906 -0.5
vertex -53.027584075927734 -50.97999572753906 -1
endloop
endfacet
facet normal 0 -0.7071067811865476 0.7071067811865476
outer loop
vertex -44.027584075927734 -50.47999572753906 -0.5
vertex -44.027584075927734 -50.97999572753906 -1
vertex -4.222358226776123 -50.97999572753906 -1
endloop
endfacet
facet normal 0 -0.7071067811865476 0.7071067811865476
outer loop
vertex -4.222358226776123 -50.97999572753906 -1
vertex -4.321814060211182 -50.47999572753906 -0.5
vertex -44.027584075927734 -50.47999572753906 -0.5
endloop
endfacet
facet normal 0 -0.7071067811865476 0.7071067811865476
outer loop
vertex -57.428131103515625 -50.47999572753906 -0.5
vertex -57.527584075927734 -50.97999572753906 -1
vertex -53.027584075927734 -50.97999572753906 -1
endloop
endfacet
facet normal 0.2705984327952385 -0.6532798169711945 0.7071081734125574
outer loop
vertex -3.1197316646575928 -50.52327346801758 -1
vertex -3.402958869934082 -50.09939193725586 -0.5
vertex -4.321814060211182 -50.47999572753906 -0.5
endloop
endfacet
facet normal 0.2705967918213216 -0.6532843428817298 0.7071046199832064
outer loop
vertex -4.321814060211182 -50.47999572753906 -0.5
vertex -3.532219409942627 -50.694129943847656 -1
vertex -3.1197316646575928 -50.52327346801758 -1
endloop
endfacet
facet normal 0.2705988652085962 -0.6532813345480543 0.7071066058798583
outer loop
vertex -4.321814060211182 -50.47999572753906 -0.5
vertex -4.222358226776123 -50.97999572753906 -1
vertex -3.532219409942627 -50.694129943847656 -1
endloop
endfacet
facet normal 0.49999912472797087 -0.4999991124410963 0.7071080276940568
outer loop
vertex -1.1180740594863892 -47.81450653076172 -0.5
vertex -3.1197316646575928 -50.52327346801758 -1
vertex -0.6941946148872375 -48.09773635864258 -1
endloop
endfacet
facet normal 0.49999938055843535 -0.49999925012613716 0.7071077494374399
outer loop
vertex -3.402958869934082 -50.09939193725586 -0.5
vertex -3.1197316646575928 -50.52327346801758 -1
vertex -1.1180740594863892 -47.81450653076172 -0.5
endloop
endfacet
facet normal 0.6537469018539962 -0.2721132217879422 0.7060944574520378
outer loop
vertex -0.33939674496650696 -47.24117660522461 -1
vertex -0.8000171184539795 -47.05038070678711 -0.5
vertex -1.1180740594863892 -47.81450653076172 -0.5
endloop
endfacet
facet normal 0.6532811571849801 -0.27059730754764955 0.7071073658328104
outer loop
vertex -1.1180740594863892 -47.81450653076172 -0.5
vertex -0.6941946148872375 -48.09773635864258 -1
vertex -0.33939674496650696 -47.24117660522461 -1
endloop
endfacet
facet normal 0.4063346608927853 -0.5803444639265157 0.7057566482485236
outer loop
vertex -0.6607905626296997 -46.858154296875 -0.5
vertex -0.33939674496650696 -47.24117660522461 -1
vertex -0.6161906719207764 -46.826927185058594 -0.5
endloop
endfacet
facet normal 0.5009600303772856 -0.5009450110337158 0.7057571422839584
outer loop
vertex -0.7224189639091492 -46.91978454589844 -0.5
vertex -0.33939674496650696 -47.24117660522461 -1
vertex -0.6607905626296997 -46.858154296875 -0.5
endloop
endfacet
facet normal 0.5803267250662798 -0.4063590407425644 0.7057571977533275
outer loop
vertex -0.7724094390869141 -46.99117660522461 -0.5
vertex -0.33939674496650696 -47.24117660522461 -1
vertex -0.7224189639091492 -46.91978454589844 -0.5
endloop
endfacet
facet normal 0.6420752650885793 -0.2994084460411245 0.7057577037487228
outer loop
vertex -0.8000171184539795 -47.05038070678711 -0.5
vertex -0.33939674496650696 -47.24117660522461 -1
vertex -0.7724094390869141 -46.99117660522461 -0.5
endloop
endfacet
facet normal 0.3934236918064919 -0.587550922896993 0.7071079915601595
outer loop
vertex 1.1739445924758911 -46.22999572753906 -1
vertex 0.8961594700813293 -45.81425857543945 -0.5
vertex -0.6161906719207764 -46.826927185058594 -0.5
endloop
endfacet
facet normal 0.3935492263456965 -0.5889888997017078 0.7058406919913838
outer loop
vertex -0.6161906719207764 -46.826927185058594 -0.5
vertex -0.33939674496650696 -47.24117660522461 -1
vertex 1.1739445924758911 -46.22999572753906 -1
endloop
endfacet
facet normal 0.12371460064435469 -0.7016746744708006 0.7016746744708006
outer loop
vertex 1.002934455871582 -45.76014709472656 -0.5
vertex 1.1739445924758911 -46.22999572753906 -1
vertex 1.1739445924758911 -45.72999572753906 -0.5
endloop
endfacet
facet normal 0.3207950615728276 -0.6330059294212228 0.7045523556046488
outer loop
vertex 0.8961594700813293 -45.81425857543945 -0.5
vertex 1.1739445924758911 -46.22999572753906 -1
vertex 1.002934455871582 -45.76014709472656 -0.5
endloop
endfacet
facet normal 0 -0.7071067811865475 0.7071067811865475
outer loop
vertex 1.1739445924758911 -45.72999572753906 -0.5
vertex 1.1739445924758911 -46.22999572753906 -1
vertex 66.63516235351562 -46.22999572753906 -1
endloop
endfacet
facet normal 0 -0.7071067811865475 0.7071067811865475
outer loop
vertex 66.63516235351562 -46.22999572753906 -1
vertex 66.63516235351562 -45.72999572753906 -0.5
vertex 1.1739445924758911 -45.72999572753906 -0.5
endloop
endfacet
facet normal 0 -0.7071067811865476 0.7071067811865476
outer loop
vertex 80.13516235351562 -46.22999572753906 -1
vertex 79.92762756347656 -45.72999572753906 -0.5
vertex 75.63516235351562 -45.72999572753906 -0.5
endloop
endfacet
facet normal 0 -0.7071067811865476 0.7071067811865476
outer loop
vertex 75.63516235351562 -45.72999572753906 -0.5
vertex 75.63516235351562 -46.22999572753906 -1
vertex 80.13516235351562 -46.22999572753906 -1
endloop
endfacet
facet normal 0.500719709982778 -0.4992757409303578 0.70710926068975
outer loop
vertex 79.92762756347656 -45.72999572753906 -0.5
vertex 80.13516235351562 -46.22999572753906 -1
vertex 80.43544006347656 -45.2207145690918 -0.5
endloop
endfacet
facet normal 0.500722384098566 -0.49927563535568736 0.7071074416259688
outer loop
vertex 80.43544006347656 -45.2207145690918 -0.5
vertex 80.13516235351562 -46.22999572753906 -1
vertex 81.14356994628906 -45.218666076660156 -1
endloop
endfacet
facet normal 0.707107738939994 0.002045311259816512 0.7071028653831206
outer loop
vertex 81.75553131103516 3.253145933151245 -1
vertex 81.25553894042969 3.251699686050415 -0.5
vertex 81.26634216308594 -0.4832048714160919 -0.5
endloop
endfacet
facet normal 0.7071023412545044 0.0020452952716294294 0.707108263110855
outer loop
vertex 81.82563781738281 -20.981672286987305 -1
vertex 81.32563781738281 -20.98311996459961 -0.5
vertex 81.83644104003906 -24.716577529907227 -1
endloop
endfacet
facet normal 0.7071023451525585 0.0020452963274004447 0.7071082592097797
outer loop
vertex 81.83644104003906 -24.716577529907227 -1
vertex 81.32563781738281 -20.98311996459961 -0.5
vertex 81.33644104003906 -24.7180233001709 -0.5
endloop
endfacet
facet normal 0.707107738878992 0.0020453112759604344 0.7071028654440764
outer loop
vertex 81.7663345336914 -0.48175859451293945 -1
vertex 81.75553131103516 3.253145933151245 -1
vertex 81.26634216308594 -0.4832048714160919 -0.5
endloop
endfacet
facet normal 0.6592922918080644 0.25561082471968755 0.7071045044748275
outer loop
vertex 81.29591369628906 24.041202545166016 -1
vertex 80.8722915649414 23.75067710876465 -0.5
vertex 81.40795135498047 23.752225875854492 -1
endloop
endfacet
facet normal 0.5190170728201751 0.47090264625658096 0.7133526308003122
outer loop
vertex 79.82047271728516 25.667396545410156 -1
vertex 80.8722915649414 23.75067710876465 -0.5
vertex 81.29591369628906 24.041202545166016 -1
endloop
endfacet
facet normal 0.5251929445514021 0.4736982616127984 0.706952847040339
outer loop
vertex 79.15505981445312 26.40079116821289 -1
vertex 78.83338165283203 26.011232376098633 -0.5
vertex 80.8722915649414 23.75067710876465 -0.5
endloop
endfacet
facet normal 0.5190098399644598 0.4709004313248581 0.7133593553028714
outer loop
vertex 80.8722915649414 23.75067710876465 -0.5
vertex 79.82047271728516 25.667396545410156 -1
vertex 79.15505981445312 26.40079116821289 -1
endloop
endfacet
facet normal 0.3675082126856059 0.6041022988374263 0.7071054561718276
outer loop
vertex 79.15505981445312 26.40079116821289 -1
vertex 77.8947982788086 27.167476654052734 -1
vertex 78.83338165283203 26.011232376098633 -0.5
endloop
endfacet
facet normal 0.36815257232440307 0.6044282177904348 0.7064914812151692
outer loop
vertex 77.71981048583984 27.273929595947266 -1
vertex 77.46039581298828 26.84750747680664 -0.5
vertex 78.83338165283203 26.011232376098633 -0.5
endloop
endfacet
facet normal 0.36750060492469205 0.6040990378092695 0.707112196117349
outer loop
vertex 78.83338165283203 26.011232376098633 -0.5
vertex 77.8947982788086 27.167476654052734 -1
vertex 77.71981048583984 27.273929595947266 -1
endloop
endfacet
facet normal 0.5009433753387518 0.5009588791416467 0.705759120460631
outer loop
vertex 77.3984146118164 26.890907287597656 -0.5
vertex 77.71981048583984 27.273929595947266 -1
vertex 77.33678436279297 26.95253562927246 -0.5
endloop
endfacet
facet normal 0.5849821048599554 0.40025168044099235 0.7054038058429922
outer loop
vertex 77.33678436279297 26.95253562927246 -0.5
vertex 77.71981048583984 27.273929595947266 -1
vertex 77.28437042236328 27.02914047241211 -0.5
endloop
endfacet
facet normal 0.4063523347012535 0.5803298527051038 0.7057584871201429
outer loop
vertex 77.46039581298828 26.84750747680664 -0.5
vertex 77.71981048583984 27.273929595947266 -1
vertex 77.3984146118164 26.890907287597656 -0.5
endloop
endfacet
facet normal 0.6166795951459646 0.34667027048965277 0.7067715334457382
outer loop
vertex 77.28437042236328 27.02914047241211 -0.5
vertex 77.4299545288086 27.78953742980957 -1
vertex 76.95002746582031 28.64326286315918 -1
endloop
endfacet
facet normal 0.616283062129259 0.34669195523587615 0.7071066931569162
outer loop
vertex 76.95002746582031 28.64326286315918 -1
vertex 76.51417541503906 28.39824676513672 -0.5
vertex 77.28437042236328 27.02914047241211 -0.5
endloop
endfacet
facet normal 0.6166756048447934 0.34667257919872435 0.7067738826675843
outer loop
vertex 77.28437042236328 27.02914047241211 -0.5
vertex 77.71981048583984 27.273929595947266 -1
vertex 77.4299545288086 27.78953742980957 -1
endloop
endfacet
facet normal 0.6436210409697325 0.29565994263664624 0.705929992237993
outer loop
vertex 76.51417541503906 28.39824676513672 -0.5
vertex 76.95002746582031 28.64326286315918 -1
vertex 76.48017883300781 28.472253799438477 -0.5
endloop
endfacet
facet normal 0.7016746070936722 0.12371536493047772 0.7016746070936722
outer loop
vertex 76.48017883300781 28.472253799438477 -0.5
vertex 76.95002746582031 28.64326286315918 -1
vertex 76.45002746582031 28.64326286315918 -0.5
endloop
endfacet
facet normal 0.7071067811865475 0 0.7071067811865475
outer loop
vertex 76.95002746582031 28.64326286315918 -1
vertex 76.95002746582031 41.99663162231445 -1
vertex 76.45002746582031 28.64326286315918 -0.5
endloop
endfacet
facet normal 0.7071067811865476 0 0.7071067811865476
outer loop
vertex 76.95002746582031 41.99663162231445 -1
vertex 76.45002746582031 41.903472900390625 -0.5
vertex 76.45002746582031 28.64326286315918 -0.5
endloop
endfacet
facet normal 0.6596600076557629 0.2546545517351979 0.7071065927992358
outer loop
vertex 76.45002746582031 41.903472900390625 -0.5
vertex 76.95002746582031 41.99663162231445 -1
vertex 76.54742431640625 43.0395393371582 -1
endloop
endfacet
facet normal 0.6596604651235033 0.2546543557506885 0.7071062366082236
outer loop
vertex 76.54742431640625 43.0395393371582 -1
vertex 76.1145248413086 42.77256393432617 -0.5
vertex 76.45002746582031 41.903472900390625 -0.5
endloop
endfacet
facet normal 0.5236856658313624 0.47513911862289127 0.7071040527086694
outer loop
vertex 74.27066802978516 45.54891586303711 -1
vertex 73.97138977050781 45.13467025756836 -0.5
vertex 76.1145248413086 42.77256393432617 -0.5
endloop
endfacet
facet normal 0.5236841216615968 0.4751383875240023 0.7071056875889294
outer loop
vertex 76.1145248413086 42.77256393432617 -0.5
vertex 76.54742431640625 43.0395393371582 -1
vertex 74.27066802978516 45.54891586303711 -1
endloop
endfacet
facet normal 0.28661446396566975 0.646418655122527 0.707103296099838
outer loop
vertex 73.97138977050781 45.13467025756836 -0.5
vertex 73.71002197265625 45.7974967956543 -1
vertex 73.11125183105469 46.062984466552734 -1
endloop
endfacet
facet normal 0.2866099813286251 0.6464165277908652 0.7071070578078023
outer loop
vertex 73.11125183105469 46.062984466552734 -1
vertex 73.00520324707031 45.56306076049805 -0.5
vertex 73.97138977050781 45.13467025756836 -0.5
endloop
endfacet
facet normal 0.28661096336445296 0.6464184716357751 0.7071048827489234
outer loop
vertex 73.97138977050781 45.13467025756836 -0.5
vertex 74.27066802978516 45.54891586303711 -1
vertex 73.71002197265625 45.7974967956543 -1
endloop
endfacet
facet normal 0.0005042387938629397 0.7071076769820575 0.7071057056029723
outer loop
vertex -77.52500915527344 46.17040252685547 -1
vertex -77.43211364746094 45.67033767700195 -0.5
vertex 73.00520324707031 45.56306076049805 -0.5
endloop
endfacet
facet normal 0.0005042350340315682 0.7071071658784723 0.7071062167102938
outer loop
vertex 73.00520324707031 45.56306076049805 -0.5
vertex 73.11125183105469 46.062984466552734 -1
vertex -77.52500915527344 46.17040252685547 -1
endloop
endfacet
facet normal -0.25442165153574786 0.6597486040778962 0.7071077730071208
outer loop
vertex -78.56909942626953 45.76776885986328 -1
vertex -78.30218505859375 45.334808349609375 -0.5
vertex -77.43211364746094 45.67033767700195 -0.5
endloop
endfacet
facet normal -0.25442055726998053 0.6597511593389568 0.7071057826021047
outer loop
vertex -77.43211364746094 45.67033767700195 -0.5
vertex -77.52500915527344 46.17040252685547 -1
vertex -78.56909942626953 45.76776885986328 -1
endloop
endfacet
facet normal -0.4751374094000343 0.5236831383467355 0.7071070730801228
outer loop
vertex -81.07727813720703 43.49209976196289 -1
vertex -80.66329956054688 43.19257354736328 -0.5
vertex -78.56909942626953 45.76776885986328 -1
endloop
endfacet
facet normal -0.47513594646166624 0.5236822650876666 0.707108702826254
outer loop
vertex -80.66329956054688 43.19257354736328 -0.5
vertex -78.30218505859375 45.334808349609375 -0.5
vertex -78.56909942626953 45.76776885986328 -1
endloop
endfacet
facet normal -0.6460201151368891 0.28751246225015054 0.7071029591858434
outer loop
vertex -81.25792694091797 43.086185455322266 -1
vertex -80.71149444580078 43.08428955078125 -0.5
vertex -81.2032699584961 43.2089958190918 -1
endloop
endfacet
facet normal -0.6460229316264691 0.28750431705283397 0.7071036978327337
outer loop
vertex -81.2032699584961 43.2089958190918 -1
vertex -80.71149444580078 43.08428955078125 -0.5
vertex -81.07727813720703 43.49209976196289 -1
endloop
endfacet
facet normal -0.6460080588376262 0.28752433648117276 0.7071091456401221
outer loop
vertex -81.07727813720703 43.49209976196289 -1
vertex -80.71149444580078 43.08428955078125 -0.5
vertex -80.66329956054688 43.19257354736328 -0.5
endloop
endfacet
facet normal -0.7071036446323355 0.0024553160649822513 0.7071056548852431
outer loop
vertex -81.20158386230469 10.542975425720215 -0.5
vertex -81.1597671508789 22.585721969604492 -0.5
vertex -81.701904296875 10.451103210449219 -1
endloop
endfacet
facet normal -0.7071003890566782 0.0024550364328216156 0.7071089114075764
outer loop
vertex -81.1597671508789 22.585721969604492 -0.5
vertex -81.6597671508789 22.58745765686035 -1
vertex -81.701904296875 10.451103210449219 -1
endloop
endfacet
facet normal -0.660096907774101 -0.25351165268701786 0.7071095490084737
outer loop
vertex -81.29917907714844 9.4024658203125 -1
vertex -80.86597442626953 9.669111251831055 -0.5
vertex -81.20158386230469 10.542975425720215 -0.5
endloop
endfacet
facet normal -0.6601017549404962 -0.25350957995655804 0.7071057671909674
outer loop
vertex -81.20158386230469 10.542975425720215 -0.5
vertex -81.701904296875 10.451103210449219 -1
vertex -81.29917907714844 9.4024658203125 -1
endloop
endfacet
facet normal -0.5236865379476703 -0.47513919079027495 0.7071033583200876
outer loop
vertex -80.86597442626953 9.669111251831055 -0.5
vertex -79.02323150634766 6.893984794616699 -1
vertex -78.72351837158203 7.3077497482299805 -0.5
endloop
endfacet
facet normal -0.523681523567828 -0.47513681755151 0.7071086666706197
outer loop
vertex -79.02323150634766 6.893984794616699 -1
vertex -80.86597442626953 9.669111251831055 -0.5
vertex -81.29917907714844 9.4024658203125 -1
endloop
endfacet
facet normal -0.2882205951811242 -0.6457023012195393 0.7071049615956811
outer loop
vertex -78.72351837158203 7.3077497482299805 -0.5
vertex -79.02323150634766 6.893984794616699 -1
vertex -77.87222290039062 6.38021183013916 -1
endloop
endfacet
facet normal -0.2882203827281082 -0.6457022018338313 0.7071051389482366
outer loop
vertex -77.87222290039062 6.38021183013916 -1
vertex -77.76434326171875 6.879605293273926 -0.5
vertex -78.72351837158203 7.3077497482299805 -0.5
endloop
endfacet
facet normal -0.004026965359443787 -0.7070954996805314 0.7071065958407782
outer loop
vertex -77.76434326171875 6.879605293273926 -0.5
vertex -77.87222290039062 6.38021183013916 -1
vertex -63.25776672363281 6.296981334686279 -1
endloop
endfacet
facet normal -0.004039659355672816 -0.7072655412714458 0.7069364435946832
outer loop
vertex -63.25776672363281 6.296981334686279 -1
vertex -63.254920959472656 6.796732425689697 -0.5
vertex -77.76434326171875 6.879605293273926 -0.5
endloop
endfacet
facet normal -0.29940010699014175 -0.6420794112701006 0.7057574693599301
outer loop
vertex -63.08675765991211 6.766827583312988 -0.5
vertex -63.25776672363281 6.296981334686279 -1
vertex -63.00776672363281 6.729994297027588 -0.5
endloop
endfacet
facet normal -0.500941064186653 -0.5009635868272309 0.7057574192913167
outer loop
vertex -62.93637466430664 6.680003643035889 -0.5
vertex -63.25776672363281 6.296981334686279 -1
vertex -62.90455627441406 6.648186683654785 -0.5
endloop
endfacet
facet normal -0.40635995654227286 -0.5803259571291811 0.7057573019112604
outer loop
vertex -63.00776672363281 6.729994297027588 -0.5
vertex -63.25776672363281 6.296981334686279 -1
vertex -62.93637466430664 6.680003643035889 -0.5
endloop
endfacet
facet normal -0.06174656575684546 -0.7057574758936636 0.7057575694510407
outer loop
vertex -63.25776672363281 6.296981334686279 -1
vertex -63.17094421386719 6.7893853187561035 -0.5
vertex -63.254920959472656 6.796732425689697 -0.5
endloop
endfacet
facet normal -0.18336142273975645 -0.6843136514162699 0.7057573344544031
outer loop
vertex -63.17094421386719 6.7893853187561035 -0.5
vertex -63.25776672363281 6.296981334686279 -1
vertex -63.08675765991211 6.766827583312988 -0.5
endloop
endfacet
facet normal -0.501174414368946 -0.49931803730975266 0.7067571747064761
outer loop
vertex -61.5531120300293 5.291718006134033 -0.5
vertex -62.90455627441406 6.648186683654785 -0.5
vertex -62.25821304321289 5.291718006134033 -1
endloop
endfacet
facet normal -0.5023759530199021 -0.49952258133069943 0.7057588770735088
outer loop
vertex -62.90455627441406 6.648186683654785 -0.5
vertex -63.25776672363281 6.296981334686279 -1
vertex -62.25821304321289 5.291718006134033 -1
endloop
endfacet
facet normal -0.6532803459134021 -0.2706012012789425 0.7071066252763148
outer loop
vertex -61.201812744140625 -47.74510955810547 -1
vertex -61.055747985839844 -48.09773635864258 -1
vertex -60.63187026977539 -47.81450653076172 -0.5
endloop
endfacet
facet normal -0.653282263488825 -0.2705849744606583 0.707111063275807
outer loop
vertex -60.660614013671875 -47.74510955810547 -0.5
vertex -61.201812744140625 -47.74510955810547 -1
vertex -60.63187026977539 -47.81450653076172 -0.5
endloop
endfacet
facet normal -0.49999973032412515 -0.49999973032412515 0.7071071625656214
outer loop
vertex -60.63187026977539 -47.81450653076172 -0.5
vertex -61.055747985839844 -48.09773635864258 -1
vertex -58.630210876464844 -50.52327346801758 -1
endloop
endfacet
facet normal -0.49999973032412515 -0.49999973032412515 0.7071071625656214
outer loop
vertex -58.630210876464844 -50.52327346801758 -1
vertex -58.34698486328125 -50.09939193725586 -0.5
vertex -60.63187026977539 -47.81450653076172 -0.5
endloop
endfacet
facet normal -0.2705973315215476 -0.6532807711235458 0.7071077133320235
outer loop
vertex -58.34698486328125 -50.09939193725586 -0.5
vertex -58.630210876464844 -50.52327346801758 -1
vertex -57.527584075927734 -50.97999572753906 -1
endloop
endfacet
facet normal -0.2705997102359738 -0.6532818839160843 0.7071057749497305
outer loop
vertex -57.527584075927734 -50.97999572753906 -1
vertex -57.428131103515625 -50.47999572753906 -0.5
vertex -58.34698486328125 -50.09939193725586 -0.5
endloop
endfacet
facet normal 0.2715529832826872 -0.5861105652865157 -0.7633697547910799
outer loop
vertex -4.419564247131348 -49.72608184814453 -16.91930389404297
vertex -3.680699586868286 -49.4200325012207 -16.891450881958008
vertex -3.1197316646575928 -50.34246063232422 -15.983663558959961
endloop
endfacet
facet normal 0.27155078989760356 -0.5861125553791711 -0.7633690070554906
outer loop
vertex -4.222358226776123 -50.7991828918457 -16.02522850036621
vertex -4.419564247131348 -49.72608184814453 -16.91930389404297
vertex -3.1197316646575928 -50.52327346801758 -15.844837188720703
endloop
endfacet
facet normal 0.27155073190091755 -0.5861120628931105 -0.7633694058155975
outer loop
vertex -4.177085876464844 -50.96124267578125 -15.884695053100586
vertex -4.222358226776123 -50.7991828918457 -16.02522850036621
vertex -3.1197316646575928 -50.52327346801758 -15.844837188720703
endloop
endfacet
facet normal 0.27156755429734936 -0.5860951718153815 -0.7633763901429323
outer loop
vertex -3.1197316646575928 -50.52327346801758 -15.844837188720703
vertex -4.419564247131348 -49.72608184814453 -16.91930389404297
vertex -3.0603854656219482 -50.463924407958984 -15.869291305541992
endloop
endfacet
facet normal 0.2715434968938633 -0.5861221688612803 -0.7633642200575038
outer loop
vertex -4.419564247131348 -49.72608184814453 -16.91930389404297
vertex -3.1197316646575928 -50.34246063232422 -15.983663558959961
vertex -3.0603854656219482 -50.463924407958984 -15.869291305541992
endloop
endfacet
facet normal 0.5010295911229774 -0.43282736314312614 -0.7494196571572637
outer loop
vertex -3.1197316646575928 -50.34246063232422 -15.983663558959961
vertex -3.680699586868286 -49.4200325012207 -16.891450881958008
vertex -0.6941946148872375 -48.09773635864258 -15.65849494934082
endloop
endfacet
facet normal 0.501029507010982 -0.4328268378515661 -0.7494200167728018
outer loop
vertex -3.680699586868286 -49.4200325012207 -16.891450881958008
vertex -1.5324188470840454 -47.271751403808594 -16.695941925048828
vertex -0.6941946148872375 -48.09773635864258 -15.65849494934082
endloop
endfacet
facet normal 0.5010332607390078 -0.43282280319186694 -0.7494198373878102
outer loop
vertex -0.6941946148872375 -48.09773635864258 -15.65849494934082
vertex -1.5324188470840454 -47.271751403808594 -16.695941925048828
vertex -0.6941946148872375 -47.91692352294922 -15.762922286987305
endloop
endfacet
facet normal 0.5099726769178614 -0.44435827935111216 -0.7365280635314242
outer loop
vertex -3.1197316646575928 -50.34246063232422 -15.983663558959961
vertex -0.6941946148872375 -48.09773635864258 -15.65849494934082
vertex -3.0603854656219482 -50.463924407958984 -15.869291305541992
endloop
endfacet
facet normal 0.5010499712110581 -0.43281796466489725 -0.7494114596219713
outer loop
vertex -0.6941946148872375 -48.09773635864258 -15.65849494934082
vertex -0.6941946148872375 -47.91692352294922 -15.762922286987305
vertex -0.6401375532150269 -47.967227935791016 -15.69772720336914
endloop
endfacet
facet normal 0.6528212500686088 -0.20664194662660423 -0.7287822180550418
outer loop
vertex -1.5324188470840454 -47.271751403808594 -16.695941925048828
vertex -1.483193039894104 -47.154022216796875 -16.68522834777832
vertex -0.5086987614631653 -47.64990997314453 -15.671699523925781
endloop
endfacet
facet normal 0.6534012548321005 -0.20495456003191512 -0.7287389302802209
outer loop
vertex -0.6941946148872375 -47.91692352294922 -15.762922286987305
vertex -1.5324188470840454 -47.271751403808594 -16.695941925048828
vertex -0.5086987614631653 -47.64990997314453 -15.671699523925781
endloop
endfacet
facet normal 0.6632472406553476 -0.21595328922622894 -0.716566308610334
outer loop
vertex -0.6401375532150269 -47.967227935791016 -15.69772720336914
vertex -0.6941946148872375 -47.91692352294922 -15.762922286987305
vertex -0.5086987614631653 -47.64990997314453 -15.671699523925781
endloop
endfacet
facet normal 0.39396657244007627 -0.5206854665621445 -0.757414671570851
outer loop
vertex 0.24209728837013245 -46.85263442993164 -15.525310516357422
vertex -0.3862771987915039 -45.81771469116211 -16.563613891601562
vertex 0.7465106844902039 -46.51559829711914 -15.494637489318848
endloop
endfacet
facet normal 0.39396800458859704 -0.5206837784593672 -0.7574150871284225
outer loop
vertex 0.7465106844902039 -46.51559829711914 -15.494637489318848
vertex -0.3862771987915039 -45.81771469116211 -16.563613891601562
vertex 0.11813616007566452 -45.480674743652344 -16.532941818237305
endloop
endfacet
facet normal 0.6256431073714753 -0.2679516098253887 -0.7326476895415336
outer loop
vertex -0.5086987614631653 -47.64990997314453 -15.671699523925781
vertex -1.483193039894104 -47.154022216796875 -16.68522834777832
vertex -0.3598684072494507 -47.29059982299805 -15.676016807556152
endloop
endfacet
facet normal 0.6256431732084614 -0.26795135136870657 -0.7326477278456074
outer loop
vertex -1.483193039894104 -47.154022216796875 -16.68522834777832
vertex -1.2058357000350952 -46.63545608520508 -16.63803482055664
vertex -0.3598684072494507 -47.29059982299805 -15.676016807556152
endloop
endfacet
facet normal 0.5479180311704656 -0.38388308286816675 -0.7432493591022552
outer loop
vertex -1.2058357000350952 -46.63545608520508 -16.63803482055664
vertex -0.834282636642456 -46.1845817565918 -16.597002029418945
vertex -0.33939674496650696 -47.24117660522461 -15.68645191192627
endloop
endfacet
facet normal 0.4501666791421935 -0.4812761657494122 -0.7521457393827566
outer loop
vertex -0.834282636642456 -46.1845817565918 -16.597002029418945
vertex -0.3862771987915039 -45.81771469116211 -16.563613891601562
vertex 0.24209728837013245 -46.85263442993164 -15.525310516357422
endloop
endfacet
facet normal 0.5479186861722672 -0.38388214685132976 -0.7432493596849383
outer loop
vertex -0.3598684072494507 -47.29059982299805 -15.676016807556152
vertex -1.2058357000350952 -46.63545608520508 -16.63803482055664
vertex -0.33939674496650696 -47.24117660522461 -15.68645191192627
endloop
endfacet
facet normal 0.5479191228283117 -0.38388224913053054 -0.743248984958297
outer loop
vertex -0.33939674496650696 -47.24117660522461 -15.68645191192627
vertex -0.834282636642456 -46.1845817565918 -16.597002029418945
vertex -0.060239702463150024 -47.054649353027344 -15.576998710632324
endloop
endfacet
facet normal 0.4501666491345136 -0.4812762038253816 -0.7521457329789446
outer loop
vertex -0.060239702463150024 -47.054649353027344 -15.576998710632324
vertex -0.834282636642456 -46.1845817565918 -16.597002029418945
vertex 0.24209728837013245 -46.85263442993164 -15.525310516357422
endloop
endfacet
facet normal -0.00001560104052165503 -0.6401086664943473 -0.7682843840892746
outer loop
vertex 80.13516235351562 -46.22999572753906 -15.44229793548584
vertex 80.13516235351562 -46.0491828918457 -15.592945098876953
vertex 80.16323852539062 -46.201839447021484 -15.465757369995117
endloop
endfacet
facet normal 0 -0.6401100246688254 -0.7682832526604206
outer loop
vertex 80.13516235351562 -46.22999572753906 -15.44229793548584
vertex 1.7827205657958984 -44.97608184814453 -16.48702049255371
vertex 79.72402954101562 -44.97608184814453 -16.48702049255371
endloop
endfacet
facet normal 0 -0.6401100246688254 -0.7682832526604206
outer loop
vertex 1.7827205657958984 -46.22999572753906 -15.44229793548584
vertex 1.7827205657958984 -44.97608184814453 -16.48702049255371
vertex 80.13516235351562 -46.22999572753906 -15.44229793548584
endloop
endfacet
facet normal 0.000007017350565973851 -0.6401086665564856 -0.7682843841638555
outer loop
vertex 80.13516235351562 -46.22999572753906 -15.44229793548584
vertex 79.72402954101562 -44.97608184814453 -16.48702049255371
vertex 80.13516235351562 -46.0491828918457 -15.592945098876953
endloop
endfacet
facet normal 0.3347418481183032 -0.558326047583955 -0.7590915094424532
outer loop
vertex 0.11813616007566452 -45.480674743652344 -16.532941818237305
vertex 0.6393951773643494 -45.20256805419922 -16.507631301879883
vertex 1.0577938556671143 -46.3076057434082 -15.510351181030273
endloop
endfacet
facet normal 0.2057582009839334 -0.6115660289044957 -0.7639702579406091
outer loop
vertex 1.19985830783844 -45.03325271606445 -16.49222183227539
vertex 1.4185928106307983 -46.22999572753906 -15.475305557250977
vertex 0.6393951773643494 -45.20256805419922 -16.507631301879883
endloop
endfacet
facet normal 0.06947382254039064 -0.6385633747726159 -0.7664269073960243
outer loop
vertex 1.19985830783844 -45.03325271606445 -16.49222183227539
vertex 1.7827205657958984 -44.97608184814453 -16.48702049255371
vertex 1.7827205657958984 -46.22999572753906 -15.44229793548584
endloop
endfacet
facet normal 0.334741901307599 -0.5583260007430535 -0.7590915204395591
outer loop
vertex 0.11813616007566452 -45.480674743652344 -16.532941818237305
vertex 1.0577938556671143 -46.3076057434082 -15.510351181030273
vertex 0.7465106844902039 -46.51559829711914 -15.494637489318848
endloop
endfacet
facet normal 0.20575993872553594 -0.6115653388780066 -0.7639703422899954
outer loop
vertex 1.0577938556671143 -46.3076057434082 -15.510351181030273
vertex 0.6393951773643494 -45.20256805419922 -16.507631301879883
vertex 1.1739445924758911 -46.22999572753906 -15.5411958694458
endloop
endfacet
facet normal 0.20575760507220023 -0.6115663687529868 -0.7639701463835078
outer loop
vertex 1.1739445924758911 -46.22999572753906 -15.5411958694458
vertex 0.6393951773643494 -45.20256805419922 -16.507631301879883
vertex 1.4185928106307983 -46.22999572753906 -15.475305557250977
endloop
endfacet
facet normal 0.06947544888984392 -0.638562842444132 -0.7664272034911245
outer loop
vertex 1.4185928106307983 -46.22999572753906 -15.475305557250977
vertex 1.19985830783844 -45.03325271606445 -16.49222183227539
vertex 1.7827205657958984 -46.22999572753906 -15.44229793548584
endloop
endfacet
facet normal 0.2718100522049189 -0.5860091812501212 -0.7633560997404303
outer loop
vertex 80.16323852539062 -46.201839447021484 -15.465757369995117
vertex 80.13516235351562 -46.0491828918457 -15.592945098876953
vertex 80.20353698730469 -46.161415100097656 -15.482440948486328
endloop
endfacet
facet normal 0.501750722394701 -0.4321053139211026 -0.7493538618420145
outer loop
vertex 80.13516235351562 -46.0491828918457 -15.592945098876953
vertex 79.72402954101562 -44.97608184814453 -16.48702049255371
vertex 81.89356994628906 -44.466495513916016 -15.328190803527832
endloop
endfacet
facet normal 0.5017514101879349 -0.43210446080361736 -0.7493538932494005
outer loop
vertex 79.72402954101562 -44.97608184814453 -16.48702049255371
vertex 80.90473937988281 -43.79195022583008 -16.379255294799805
vertex 81.8930435180664 -44.28541946411133 -15.432955741882324
endloop
endfacet
facet normal 0.5017600679579496 -0.4321179641669969 -0.7493403093701845
outer loop
vertex 80.13516235351562 -46.0491828918457 -15.592945098876953
vertex 81.89356994628906 -44.466495513916016 -15.328190803527832
vertex 80.20353698730469 -46.161415100097656 -15.482440948486328
endloop
endfacet
facet normal 0.5017511864332048 -0.4320966975448873 -0.7493585195910387
outer loop
vertex 81.89356994628906 -44.466495513916016 -15.328190803527832
vertex 79.72402954101562 -44.97608184814453 -16.48702049255371
vertex 81.8930435180664 -44.28541946411133 -15.432955741882324
endloop
endfacet
facet normal 0.7071340534791012 0.06611192803354468 -0.7039819908079349
outer loop
vertex 81.69840240478516 23.003063201904297 -9.309226036071777
vertex 80.90473937988281 -43.79195022583008 -16.379255294799805
vertex 81.6304931640625 23.17823600769043 -9.36098861694336
endloop
endfacet
facet normal 0.7071031065074492 0.06611554990170919 -0.7040127348483899
outer loop
vertex 81.8930435180664 -44.28541946411133 -15.432955741882324
vertex 80.90473937988281 -43.79195022583008 -16.379255294799805
vertex 81.69840240478516 23.003063201904297 -9.309226036071777
endloop
endfacet
facet normal 0.707102062568645 0.0661156059278043 -0.7040137781066271
outer loop
vertex 80.90473937988281 -43.79195022583008 -16.379255294799805
vertex 80.7112808227539 23.089635848999023 -10.292553901672363
vertex 81.6304931640625 23.17823600769043 -9.36098861694336
endloop
endfacet
facet normal 0.659642065404617 0.3177350457921439 -0.6811143708836241
outer loop
vertex 81.6304931640625 23.17823600769043 -9.36098861694336
vertex 80.7112808227539 23.089635848999023 -10.292553901672363
vertex 81.29591369628906 24.041202545166016 -9.282452583312988
endloop
endfacet
facet normal 0.659638408559948 0.3177390627565547 -0.6811160385360819
outer loop
vertex 81.29591369628906 24.041202545166016 -9.282452583312988
vertex 80.7112808227539 23.089635848999023 -10.292553901672363
vertex 81.18306732177734 24.165576934814453 -9.333720207214355
endloop
endfacet
facet normal 0.6596435949096489 0.31773429466149894 -0.6811132399907043
outer loop
vertex 80.7112808227539 23.089635848999023 -10.292553901672363
vertex 80.44044494628906 23.788192749023438 -10.228981018066406
vertex 81.18306732177734 24.165576934814453 -9.333720207214355
endloop
endfacet
facet normal 0.5246560734957852 0.5361968917001889 -0.6612328620652795
outer loop
vertex 80.44044494628906 23.788192749023438 -10.228981018066406
vertex 78.51813507080078 25.906909942626953 -10.036162376403809
vertex 79.04618835449219 26.467025756835938 -9.16297721862793
endloop
endfacet
facet normal 0.5246570806049331 0.5361976511497436 -0.661231447129223
outer loop
vertex 81.18306732177734 24.165576934814453 -9.333720207214355
vertex 80.44044494628906 23.788192749023438 -10.228981018066406
vertex 79.15505981445312 26.40079116821289 -9.13029956817627
endloop
endfacet
facet normal 0.524673517518845 0.5361995915991601 -0.661216831291594
outer loop
vertex 79.15505981445312 26.40079116821289 -9.13029956817627
vertex 80.44044494628906 23.788192749023438 -10.228981018066406
vertex 79.04618835449219 26.467025756835938 -9.16297721862793
endloop
endfacet
facet normal 0.3670527964904817 0.6627531713174026 -0.6527101029532505
outer loop
vertex 78.51813507080078 25.906909942626953 -10.036162376403809
vertex 77.6517333984375 26.433990478515625 -9.988194465637207
vertex 78.07827758789062 27.05585289001465 -9.11689567565918
endloop
endfacet
facet normal 0.37211625250932034 0.6625546134707212 -0.6500391363503301
outer loop
vertex 79.04618835449219 26.467025756835938 -9.16297721862793
vertex 78.51813507080078 25.906909942626953 -10.036162376403809
vertex 78.07827758789062 27.05585289001465 -9.11689567565918
endloop
endfacet
facet normal 0.6184263397064755 0.40873353391686057 -0.6711823601742566
outer loop
vertex 76.35517120361328 27.987354278564453 -9.846826553344727
vertex 77.12310791015625 28.335376739501953 -8.927313804626465
vertex 76.61432647705078 27.526350021362305 -9.888781547546387
endloop
endfacet
facet normal 0.6184207696600637 0.4087391044864375 -0.6711841000177816
outer loop
vertex 77.38227081298828 27.874370574951172 -8.969268798828125
vertex 76.61432647705078 27.526350021362305 -9.888781547546387
vertex 77.12310791015625 28.335376739501953 -8.927313804626465
endloop
endfacet
facet normal 0.3317491599516115 0.6834848323527154 -0.6502237913327846
outer loop
vertex 78.07827758789062 27.05585289001465 -9.11689567565918
vertex 77.6517333984375 26.433990478515625 -9.988194465637207
vertex 78.00316619873047 27.101547241210938 -9.107186317443848
endloop
endfacet
facet normal 0.38083623403519906 0.6575032831130264 -0.6501178320439137
outer loop
vertex 77.6517333984375 26.433990478515625 -9.988194465637207
vertex 77.54933166503906 26.499168395996094 -9.98226261138916
vertex 78.00316619873047 27.101547241210938 -9.107186317443848
endloop
endfacet
facet normal 0.5479184341969706 0.5117457472707866 -0.6617413993528015
outer loop
vertex 77.09659576416016 26.869192123413086 -9.948587417602539
vertex 76.72504425048828 27.320066452026367 -9.907554626464844
vertex 77.66841125488281 27.3653621673584 -9.091423034667969
endloop
endfacet
facet normal 0.4496660442756164 0.6095942889248219 -0.652836312972678
outer loop
vertex 77.54933166503906 26.499168395996094 -9.98226261138916
vertex 77.09659576416016 26.869192123413086 -9.948587417602539
vertex 77.71981048583984 27.273929595947266 -9.141395568847656
endloop
endfacet
facet normal 0.6251132297941826 0.3966901195811418 -0.6722130606905706
outer loop
vertex 76.72504425048828 27.320066452026367 -9.907554626464844
vertex 76.61432647705078 27.526350021362305 -9.888781547546387
vertex 77.38227081298828 27.874370574951172 -8.969268798828125
endloop
endfacet
facet normal 0.44966844265333616 0.6095931363304399 -0.6528357372421801
outer loop
vertex 78.00316619873047 27.101547241210938 -9.107186317443848
vertex 77.54933166503906 26.499168395996094 -9.98226261138916
vertex 77.71981048583984 27.273929595947266 -9.141395568847656
endloop
endfacet
facet normal 0.4496685802168094 0.6095917075844952 -0.6528369765952431
outer loop
vertex 77.71981048583984 27.273929595947266 -9.141395568847656
vertex 77.09659576416016 26.869192123413086 -9.948587417602539
vertex 77.66841125488281 27.3653621673584 -9.091423034667969
endloop
endfacet
facet normal 0.547916437717425 0.5117505260210569 -0.6617393568439303
outer loop
vertex 77.66841125488281 27.3653621673584 -9.091423034667969
vertex 76.72504425048828 27.320066452026367 -9.907554626464844
vertex 77.46302795410156 27.730703353881836 -8.9789457321167
endloop
endfacet
facet normal 0.6251277940222436 0.39667001115703926 -0.6722113829663685
outer loop
vertex 77.46302795410156 27.730703353881836 -8.9789457321167
vertex 76.72504425048828 27.320066452026367 -9.907554626464844
vertex 77.38227081298828 27.874370574951172 -8.969268798828125
endloop
endfacet
facet normal 0.7071057838248695 0.06408699511020295 -0.7041976054625305
outer loop
vertex 76.95002746582031 29.344579696655273 -8.731575012207031
vertex 75.96237182617188 29.434091567993164 -9.715163230895996
vertex 76.95002746582031 41.99663162231445 -7.580148220062256
endloop
endfacet
facet normal 0.7071059244982184 0.06408696057838485 -0.704197467350845
outer loop
vertex 76.95002746582031 41.99663162231445 -7.580148220062256
vertex 75.96237182617188 29.434091567993164 -9.715163230895996
vertex 75.96237182617188 42.085304260253906 -8.563813209533691
endloop
endfacet
facet normal 0.7071059268854313 0.06408137272796512 -0.7041979734654131
outer loop
vertex 76.95002746582031 41.99663162231445 -7.580148220062256
vertex 75.96237182617188 42.085304260253906 -8.563813209533691
vertex 76.88233947753906 42.171974182128906 -7.63215970993042
endloop
endfacet
facet normal 0.6782811709297993 0.2688645213083637 -0.6838468559141914
outer loop
vertex 76.1897964477539 28.295473098754883 -9.818785667419434
vertex 76.95002746582031 28.64326286315918 -8.928003311157227
vertex 77.00199127197266 28.550832748413086 -8.912802696228027
endloop
endfacet
facet normal 0.6251156333140988 0.39669024492267885 -0.6722107516021282
outer loop
vertex 77.12310791015625 28.335376739501953 -8.927313804626465
vertex 76.35517120361328 27.987354278564453 -9.846826553344727
vertex 76.1897964477539 28.295473098754883 -9.818785667419434
endloop
endfacet
facet normal 0.7053971096881237 0.13312184593311333 -0.6961993190021099
outer loop
vertex 76.95002746582031 28.951942443847656 -8.806652069091797
vertex 75.96237182617188 29.434091567993164 -9.715163230895996
vertex 76.95002746582031 29.344579696655273 -8.731575012207031
endloop
endfacet
facet normal 0.6782911937010038 0.26884059029625 -0.6838463230557221
outer loop
vertex 76.95002746582031 28.64326286315918 -8.928003311157227
vertex 76.01978302001953 28.853628158569336 -9.767990112304688
vertex 76.95002746582031 28.951942443847656 -8.806652069091797
endloop
endfacet
facet normal 0.6782911671881373 0.2688409803625782 -0.6838461960062673
outer loop
vertex 76.1897964477539 28.295473098754883 -9.818785667419434
vertex 76.01978302001953 28.853628158569336 -9.767990112304688
vertex 76.95002746582031 28.64326286315918 -8.928003311157227
endloop
endfacet
facet normal 0.6251191976362696 0.39667914641877566 -0.6722139864232654
outer loop
vertex 77.12310791015625 28.335376739501953 -8.927313804626465
vertex 76.1897964477539 28.295473098754883 -9.818785667419434
vertex 77.00199127197266 28.550832748413086 -8.912802696228027
endloop
endfacet
facet normal 0.705398032613427 0.13312755587942765 -0.6961972920449175
outer loop
vertex 75.96237182617188 29.434091567993164 -9.715163230895996
vertex 76.95002746582031 28.951942443847656 -8.806652069091797
vertex 76.01978302001953 28.853628158569336 -9.767990112304688
endloop
endfacet
facet normal 0.6600110526738883 0.31678564511894775 -0.6811991378406743
outer loop
vertex 75.96237182617188 42.085304260253906 -8.563813209533691
vertex 75.69145965576172 42.78707504272461 -8.499946594238281
vertex 76.43450927734375 43.16398620605469 -7.604729652404785
endloop
endfacet
facet normal 0.6600087887611217 0.31678772593868376 -0.681200363661584
outer loop
vertex 75.96237182617188 42.085304260253906 -8.563813209533691
vertex 76.43450927734375 43.16398620605469 -7.604729652404785
vertex 76.88233947753906 42.171974182128906 -7.63215970993042
endloop
endfacet
facet normal 0.6599833163293602 0.3167770464771006 -0.681230008875229
outer loop
vertex 76.88233947753906 42.171974182128906 -7.63215970993042
vertex 76.43450927734375 43.16398620605469 -7.604729652404785
vertex 76.54742431640625 43.0395393371582 -7.5532050132751465
endloop
endfacet
facet normal 0.5246626345139388 0.5361981716857868 -0.6612266182071868
outer loop
vertex 74.27066802978516 45.54891586303711 -7.387683868408203
vertex 75.69145965576172 42.78707504272461 -8.499946594238281
vertex 74.16156768798828 45.5972900390625 -7.435024261474609
endloop
endfacet
facet normal 0.5246575721591398 0.5361974279664535 -0.6612312380841039
outer loop
vertex 76.43450927734375 43.16398620605469 -7.604729652404785
vertex 75.69145965576172 42.78707504272461 -8.499946594238281
vertex 74.27066802978516 45.54891586303711 -7.387683868408203
endloop
endfacet
facet normal 0.5246571505609233 0.536197149288697 -0.6612317985850101
outer loop
vertex 75.69145965576172 42.78707504272461 -8.499946594238281
vertex 73.67799377441406 45.006263732910156 -8.297985076904297
vertex 74.16156768798828 45.5972900390625 -7.435024261474609
endloop
endfacet
facet normal 0.28757809130663853 0.7074032123706995 -0.6456620915990389
outer loop
vertex 73.67799377441406 45.006263732910156 -8.297985076904297
vertex 73.06851196289062 46.06301498413086 -7.411645889282227
vertex 73.11125183105469 46.062984466552734 -7.392642974853516
endloop
endfacet
facet normal 0.28759970425215126 0.7074055005152928 -0.6456499577594529
outer loop
vertex 73.67799377441406 45.006263732910156 -8.297985076904297
vertex 72.90098571777344 45.35077667236328 -8.266632080078125
vertex 73.06851196289062 46.06301498413086 -7.411645889282227
endloop
endfacet
facet normal 0.28760021434284005 0.7074049778014326 -0.6456503032537867
outer loop
vertex 74.16156768798828 45.5972900390625 -7.435024261474609
vertex 73.67799377441406 45.006263732910156 -8.297985076904297
vertex 73.11125183105469 46.062984466552734 -7.392642974853516
endloop
endfacet
facet normal 0.000506249370636494 0.7682814586128445 -0.6401119777533419
outer loop
vertex -49.50836944580078 45.95463562011719 -7.6386847496032715
vertex -77.4875717163086 46.17037582397461 -7.401875019073486
vertex -49.52751541137695 46.15044021606445 -7.403689384460449
endloop
endfacet
facet normal 0.0005062925887474577 0.7682803244089831 -0.6401133390219594
outer loop
vertex 70.43384552001953 45.352535247802734 -8.266471862792969
vertex -47.52765655517578 46.14901351928711 -7.4038190841674805
vertex 70.3036880493164 45.50882339477539 -8.078993797302246
endloop
endfacet
facet normal 0.0005062993304882114 0.768284254449134 -0.6401086220529499
outer loop
vertex -77.34080505371094 45.457916259765625 -8.256881713867188
vertex -77.4875717163086 46.17037582397461 -7.401875019073486
vertex -49.50836944580078 45.95463562011719 -7.6386847496032715
endloop
endfacet
facet normal 0.0005063455959308776 0.7682846302563517 -0.6401081709570644
outer loop
vertex 70.3036880493164 45.50882339477539 -8.078993797302246
vertex -47.52765655517578 46.14901351928711 -7.4038190841674805
vertex 70.2112808227539 45.68170928955078 -7.8715620040893555
endloop
endfacet
facet normal 0.000505435444294504 0.7682794448709569 -0.6401143953417903
outer loop
vertex 72.90098571777344 45.35077667236328 -8.266632080078125
vertex 71.83525848388672 45.35153579711914 -8.266562461853027
vertex 71.96662902832031 45.50882339477539 -8.077678680419922
endloop
endfacet
facet normal 0.0005022809369307152 0.7682819874882097 -0.6401113461070869
outer loop
vertex 72.1159439086914 45.869300842285156 -7.644898891448975
vertex 72.13509368896484 46.06367874145508 -7.411585330963135
vertex 72.90098571777344 45.35077667236328 -8.266632080078125
endloop
endfacet
facet normal 0.0005063494192346726 0.7682853592071679 -0.6401072960357338
outer loop
vertex -77.34080505371094 45.457916259765625 -8.256881713867188
vertex -49.45146560668945 45.76704025268555 -7.863795757293701
vertex -49.35905456542969 45.594154357910156 -8.07122802734375
endloop
endfacet
facet normal 0.0005048000008604879 0.7682830958615873 -0.6401100138181671
outer loop
vertex 73.06851196289062 46.06301498413086 -7.411645889282227
vertex 72.90098571777344 45.35077667236328 -8.266632080078125
vertex 72.13509368896484 46.06367874145508 -7.411585330963135
endloop
endfacet
facet normal 0.0005063370791602193 0.7682814580508295 -0.6401119783585164
outer loop
vertex 70.15437316894531 45.869300842285156 -7.646450519561768
vertex -47.52765655517578 46.14901351928711 -7.4038190841674805
vertex 70.1352310180664 46.06510543823242 -7.411455154418945
endloop
endfacet
facet normal 0.0005063259732422771 0.7682824741710651 -0.6401107587875674
outer loop
vertex -47.54679870605469 45.95463562011719 -7.6371331214904785
vertex -47.52765655517578 46.14901351928711 -7.4038190841674805
vertex 70.43384552001953 45.352535247802734 -8.266471862792969
endloop
endfacet
facet normal 0.0005078514124163229 0.7682853097620101 -0.6401073541921192
outer loop
vertex 71.96662902832031 45.50882339477539 -8.077678680419922
vertex 72.05904388427734 45.68170928955078 -7.870100021362305
vertex 72.90098571777344 45.35077667236328 -8.266632080078125
endloop
endfacet
facet normal 0.0005063610500796863 0.768286399023597 -0.6401060479903632
outer loop
vertex 70.2112808227539 45.68170928955078 -7.8715620040893555
vertex -47.52765655517578 46.14901351928711 -7.4038190841674805
vertex 70.15437316894531 45.869300842285156 -7.646450519561768
endloop
endfacet
facet normal 0.0005062913286859366 0.7682794631069826 -0.6401143727781285
outer loop
vertex 70.43384552001953 45.352535247802734 -8.266471862792969
vertex -47.60370635986328 45.76704025268555 -7.862334251403809
vertex -47.54679870605469 45.95463562011719 -7.6371331214904785
endloop
endfacet
facet normal 0.0005063384504299096 0.7682856462312145 -0.6401069515451763
outer loop
vertex 70.43384552001953 45.352535247802734 -8.266471862792969
vertex -47.69611740112305 45.594154357910156 -8.069912910461426
vertex -47.60370635986328 45.76704025268555 -7.862334251403809
endloop
endfacet
facet normal 0.0005065178093515588 0.7682793453405852 -0.6401145139447711
outer loop
vertex -49.45146560668945 45.76704025268555 -7.863795757293701
vertex -77.34080505371094 45.457916259765625 -8.256881713867188
vertex -49.50836944580078 45.95463562011719 -7.6386847496032715
endloop
endfacet
facet normal 0.0005063154265211345 0.7682880082271 -0.6401041165772365
outer loop
vertex -49.228904724121094 45.437870025634766 -8.258706092834473
vertex -77.34080505371094 45.457916259765625 -8.256881713867188
vertex -49.35905456542969 45.594154357910156 -8.07122802734375
endloop
endfacet
facet normal 0.0005063429990998543 0.7682867714460748 -0.640105601004814
outer loop
vertex 70.43384552001953 45.352535247802734 -8.266471862792969
vertex -47.827484130859375 45.43687057495117 -8.258796691894531
vertex -47.69611740112305 45.594154357910156 -8.069912910461426
endloop
endfacet
facet normal 0.0005081664925700664 0.768285638415416 -0.6401069594774241
outer loop
vertex 72.05904388427734 45.68170928955078 -7.870100021362305
vertex 72.1159439086914 45.869300842285156 -7.644898891448975
vertex 72.90098571777344 45.35077667236328 -8.266632080078125
endloop
endfacet
facet normal -0.2553345092660477 0.7207707107460247 -0.6444329840321157
outer loop
vertex -77.34080505371094 45.457916259765625 -8.256881713867188
vertex -78.04036712646484 45.18814468383789 -8.281432151794434
vertex -78.46955871582031 45.806156158447266 -7.420160293579102
endloop
endfacet
facet normal -0.25533418510379186 0.7207710793891177 -0.6444327001585416
outer loop
vertex -78.46955871582031 45.806156158447266 -7.420160293579102
vertex -77.52500915527344 46.17040252685547 -7.3870110511779785
vertex -77.34080505371094 45.457916259765625 -8.256881713867188
endloop
endfacet
facet normal -0.25534789393488444 0.7207667776241597 -0.6444320796921148
outer loop
vertex -77.34080505371094 45.457916259765625 -8.256881713867188
vertex -77.52500915527344 46.17040252685547 -7.3870110511779785
vertex -77.4875717163086 46.17037582397461 -7.401875019073486
endloop
endfacet
facet normal -0.47621188002873577 0.5846427328027067 -0.6568219852444647
outer loop
vertex -78.04036712646484 45.18814468383789 -8.281432151794434
vertex -80.25852966308594 43.17560577392578 -8.464588165283203
vertex -80.9573974609375 43.600868225097656 -7.579362392425537
endloop
endfacet
facet normal -0.47621202314671535 0.5846432423108324 -0.6568214279625699
outer loop
vertex -78.04036712646484 45.18814468383789 -8.281432151794434
vertex -80.9573974609375 43.600868225097656 -7.579362392425537
vertex -78.56909942626953 45.76776885986328 -7.3821587562561035
endloop
endfacet
facet normal -0.4762167225967548 0.5846392216644284 -0.6568215995312707
outer loop
vertex -78.46955871582031 45.806156158447266 -7.420160293579102
vertex -78.04036712646484 45.18814468383789 -8.281432151794434
vertex -78.56909942626953 45.76776885986328 -7.3821587562561035
endloop
endfacet
facet normal -0.6464601811293136 0.3494242548288599 -0.6782270448393746
outer loop
vertex -80.25852966308594 43.17560577392578 -8.464588165283203
vertex -80.60426330566406 42.398746490478516 -8.535287857055664
vertex -81.51448059082031 42.50970458984375 -7.610537528991699
endloop
endfacet
facet normal -0.6464599477276706 0.3494221160330079 -0.6782283692171484
outer loop
vertex -80.25852966308594 43.17560577392578 -8.464588165283203
vertex -81.51448059082031 42.50970458984375 -7.610537528991699
vertex -81.07727813720703 43.49209976196289 -7.521132946014404
endloop
endfacet
facet normal -0.6464626026894276 0.34941643261927374 -0.6782287666706801
outer loop
vertex -80.25852966308594 43.17560577392578 -8.464588165283203
vertex -81.07727813720703 43.49209976196289 -7.521132946014404
vertex -80.9573974609375 43.600868225097656 -7.579362392425537
endloop
endfacet
facet normal -0.7071023016549431 0.06653941955565983 -0.7039736079140168
outer loop
vertex -81.51448059082031 42.50970458984375 -7.610537528991699
vertex -80.60426330566406 42.398746490478516 -8.535287857055664
vertex -81.59119415283203 42.337337493896484 -7.549775123596191
endloop
endfacet
facet normal -0.7071025841128604 0.06652182149743072 -0.7039749873437117
outer loop
vertex -80.60426330566406 42.398746490478516 -8.535287857055664
vertex -81.70127868652344 10.632086753845215 -10.435175895690918
vertex -81.59119415283203 42.337337493896484 -7.549775123596191
endloop
endfacet
facet normal -0.7071026035336755 0.0665218210042148 -0.7039749678832203
outer loop
vertex -80.60426330566406 42.398746490478516 -8.535287857055664
vertex -80.713623046875 10.901463508605957 -11.401764869689941
vertex -81.70127868652344 10.632086753845215 -10.435175895690918
endloop
endfacet
facet normal -0.6598943135959936 -0.18896208925277394 -0.7272089271377924
outer loop
vertex -80.713623046875 10.901463508605957 -11.401764869689941
vertex -81.35140991210938 9.538466453552246 -10.468846321105957
vertex -81.701904296875 10.451103210449219 -10.387940406799316
endloop
endfacet
facet normal -0.6604467738096064 -0.18748269903214126 -0.7270902946182861
outer loop
vertex -80.713623046875 10.901463508605957 -11.401764869689941
vertex -81.701904296875 10.451103210449219 -10.387940406799316
vertex -81.70127868652344 10.632086753845215 -10.435175895690918
endloop
endfacet
facet normal -0.6604492626513033 -0.18747432458735555 -0.727090193224929
outer loop
vertex -80.442626953125 10.19583511352539 -11.465982437133789
vertex -81.29917907714844 9.583277702331543 -10.529994010925293
vertex -80.713623046875 10.901463508605957 -11.401764869689941
endloop
endfacet
facet normal -0.6889014175396393 -0.16133269476577813 -0.7066729077242794
outer loop
vertex -80.713623046875 10.901463508605957 -11.401764869689941
vertex -81.29917907714844 9.583277702331543 -10.529994010925293
vertex -81.35140991210938 9.538466453552246 -10.468846321105957
endloop
endfacet
facet normal -0.5246564440242137 -0.4080247157548469 -0.7471622628834004
outer loop
vertex -80.442626953125 10.19583511352539 -11.465982437133789
vertex -78.42969512939453 7.977243423461914 -11.667889595031738
vertex -79.02323150634766 7.074796676635742 -10.758283615112305
endloop
endfacet
facet normal -0.524657361549541 -0.4080223858311621 -0.7471628909632226
outer loop
vertex -81.35140991210938 9.538466453552246 -10.468846321105957
vertex -81.29917907714844 9.583277702331543 -10.529994010925293
vertex -81.29917907714844 9.4024658203125 -10.431253433227539
endloop
endfacet
facet normal -0.524637295638506 -0.40801967978040427 -0.7471784585606114
outer loop
vertex -79.02323150634766 7.074796676635742 -10.758283615112305
vertex -79.10035705566406 6.9789838790893555 -10.65180778503418
vertex -80.442626953125 10.19583511352539 -11.465982437133789
endloop
endfacet
facet normal -0.5246574921023648 -0.40802393022765543 -0.7471619558987425
outer loop
vertex -80.442626953125 10.19583511352539 -11.465982437133789
vertex -79.10035705566406 6.9789838790893555 -10.65180778503418
vertex -81.29917907714844 9.4024658203125 -10.431253433227539
endloop
endfacet
facet normal -0.5246593115175237 -0.40802180984860903 -0.7471618362348438
outer loop
vertex -80.442626953125 10.19583511352539 -11.465982437133789
vertex -81.29917907714844 9.4024658203125 -10.431253433227539
vertex -81.29917907714844 9.583277702331543 -10.529994010925293
endloop
endfacet
facet normal -0.2892157691100858 -0.5785122134304533 -0.7626780826861743
outer loop
vertex -79.02323150634766 7.074796676635742 -10.758283615112305
vertex -78.42969512939453 7.977243423461914 -11.667889595031738
vertex -79.02323150634766 6.893984794616699 -10.621132850646973
endloop
endfacet
facet normal -0.2892122843055157 -0.5785140520810614 -0.762678009484695
outer loop
vertex -79.02323150634766 6.893984794616699 -10.621132850646973
vertex -78.42969512939453 7.977243423461914 -11.667889595031738
vertex -77.92023468017578 6.401641845703125 -10.665939331054688
endloop
endfacet
facet normal -0.32963924564835734 -0.5705609422017576 -0.7521955722830497
outer loop
vertex -79.02323150634766 7.074796676635742 -10.758283615112305
vertex -79.02323150634766 6.893984794616699 -10.621132850646973
vertex -79.10035705566406 6.9789838790893555 -10.65180778503418
endloop
endfacet
facet normal -0.2892138503871383 -0.5785143339582219 -0.7626772018023883
outer loop
vertex -78.42969512939453 7.977243423461914 -11.667889595031738
vertex -77.65831756591797 7.632923603057861 -11.699225425720215
vertex -77.87222290039062 6.561023712158203 -10.805041313171387
endloop
endfacet
facet normal -0.2892103521958862 -0.5785139449402006 -0.7626788234194378
outer loop
vertex -77.87222290039062 6.561023712158203 -10.805041313171387
vertex -77.92023468017578 6.401641845703125 -10.665939331054688
vertex -78.42969512939453 7.977243423461914 -11.667889595031738
endloop
endfacet
facet normal -0.1498583672470551 -0.6241132046972289 -0.76682799732965
outer loop
vertex -77.87222290039062 6.561023712158203 -10.805041313171387
vertex -77.8897476196289 6.388033866882324 -10.660821914672852
vertex -77.92023468017578 6.401641845703125 -10.665939331054688
endloop
endfacet
facet normal -0.004048901429028232 -0.6400974709794052 -0.7682830429229761
outer loop
vertex -77.8897476196289 6.388033866882324 -10.660821914672852
vertex -77.87222290039062 6.561023712158203 -10.805041313171387
vertex -77.65831756591797 7.632923603057861 -11.699225425720215
endloop
endfacet
facet normal -0.004094928447462147 -0.640092302649689 -0.7682871049611787
outer loop
vertex -77.8897476196289 6.388033866882324 -10.660821914672852
vertex -77.65831756591797 7.632923603057861 -11.699225425720215
vertex -64.086181640625 6.301699161529541 -10.66246509552002
endloop
endfacet
facet normal -0.004129770890881441 -0.6403076290540626 -0.7681074698032521
outer loop
vertex -64.086181640625 6.301699161529541 -10.66246509552002
vertex -77.65831756591797 7.632923603057861 -11.699225425720215
vertex -64.07959747314453 7.5539655685424805 -11.706411361694336
endloop
endfacet
facet normal -0.502567520113381 -0.43153654408781394 -0.7491342328607288
outer loop
vertex -61.39053726196289 6.085302352905273 -11.840069770812988
vertex -62.17668151855469 5.20972204208374 -10.808298110961914
vertex -61.974735260009766 6.672837734222412 -11.786600112915039
endloop
endfacet
facet normal -0.5025681144532824 -0.43153629239578656 -0.7491339791253434
outer loop
vertex -62.76087951660156 5.797256946563721 -10.754827499389648
vertex -61.974735260009766 6.672837734222412 -11.786600112915039
vertex -62.17668151855469 5.20972204208374 -10.808298110961914
endloop
endfacet
facet normal -0.06947509976169684 -0.6385631338442913 -0.7664269923535183
outer loop
vertex -63.732913970947266 6.299687385559082 -10.692811965942383
vertex -64.086181640625 6.301699161529541 -10.66246509552002
vertex -64.07959747314453 7.5539655685424805 -11.706411361694336
endloop
endfacet
facet normal -0.33413189311414593 -0.558611122869795 -0.7591505064281415
outer loop
vertex -62.43682098388672 7.054202556610107 -11.751893043518066
vertex -63.03203582763672 6.0699615478515625 -10.765674591064453
vertex -63.25776672363281 6.296981334686279 -10.83337116241455
endloop
endfacet
facet normal -0.4523925358035809 -0.4797276174993772 -0.751799445701829
outer loop
vertex -61.974735260009766 6.672837734222412 -11.786600112915039
vertex -62.76087951660156 5.797256946563721 -10.754827499389648
vertex -63.03203582763672 6.0699615478515625 -10.765674591064453
endloop
endfacet
facet normal -0.2057579499303618 -0.6115667492335269 -0.7639697489249108
outer loop
vertex -62.953346252441406 7.329154968261719 -11.7268705368042
vertex -63.34396743774414 6.2974724769592285 -10.795791625976562
vertex -63.51380920410156 7.498469829559326 -11.711461067199707
endloop
endfacet
facet normal -0.06947432687241813 -0.6385630400112473 -0.766427140592776
outer loop
vertex -64.07959747314453 7.5539655685424805 -11.706411361694336
vertex -63.51380920410156 7.498469829559326 -11.711461067199707
vertex -63.732913970947266 6.299687385559082 -10.692811965942383
endloop
endfacet
facet normal -0.45239239105249446 -0.4797278104075986 -0.7517994097093572
outer loop
vertex -63.03203582763672 6.0699615478515625 -10.765674591064453
vertex -62.43682098388672 7.054202556610107 -11.751893043518066
vertex -61.974735260009766 6.672837734222412 -11.786600112915039
endloop
endfacet
facet normal -0.2057556963926289 -0.6115668386893878 -0.7639702842502794
outer loop
vertex -63.732913970947266 6.299687385559082 -10.692811965942383
vertex -63.51380920410156 7.498469829559326 -11.711461067199707
vertex -63.34396743774414 6.2974724769592285 -10.795791625976562
endloop
endfacet
facet normal -0.33413702800808087 -0.5586091456579747 -0.7591497012455414
outer loop
vertex -63.34396743774414 6.2974724769592285 -10.795791625976562
vertex -62.953346252441406 7.329154968261719 -11.7268705368042
vertex -63.25776672363281 6.296981334686279 -10.83337116241455
endloop
endfacet
facet normal -0.3341315693999428 -0.5586113996271864 -0.7591504452589665
outer loop
vertex -62.953346252441406 7.329154968261719 -11.7268705368042
vertex -62.43682098388672 7.054202556610107 -11.751893043518066
vertex -63.25776672363281 6.296981334686279 -10.83337116241455
endloop
endfacet
facet normal -0.707107203530988 0.06408687257423644 -0.7041961910421267
outer loop
vertex -60.524818420410156 3.992748260498047 -12.03050708770752
vertex -61.51247024536133 -46.81429672241211 -15.662575721740723
vertex -61.51247024536133 3.9032347202301025 -11.046918869018555
endloop
endfacet
facet normal -0.7071069132269218 0.06408688767160878 -0.7041964811721663
outer loop
vertex -60.524818420410156 -46.52988052368164 -16.62842559814453
vertex -61.51247024536133 -46.81429672241211 -15.662575721740723
vertex -60.524818420410156 3.992748260498047 -12.03050708770752
endloop
endfacet
facet normal -0.7053990625620179 -0.005257301714281744 -0.7087908882846276
outer loop
vertex -60.58222579956055 4.573211669921875 -11.977681159973145
vertex -61.51247024536133 3.9032347202301025 -11.046918869018555
vertex -61.51247024536133 4.30297327041626 -11.049883842468262
endloop
endfacet
facet normal -0.6782911385804732 -0.14097672396300298 -0.721142631262266
outer loop
vertex -60.75223922729492 5.131368160247803 -11.926884651184082
vertex -60.58222579956055 4.573211669921875 -11.977681159973145
vertex -61.51247024536133 4.541718006134033 -11.096556663513184
endloop
endfacet
facet normal -0.678290990552711 -0.14097800193785562 -0.7211425206605364
outer loop
vertex -61.51247024536133 4.30297327041626 -11.049883842468262
vertex -61.51247024536133 4.541718006134033 -11.096556663513184
vertex -60.58222579956055 4.573211669921875 -11.977681159973145
endloop
endfacet
facet normal -0.547919170705408 -0.3838807686561896 -0.7432497143150686
outer loop
vertex -61.02832794189453 5.645768165588379 -11.880070686340332
vertex -61.922054290771484 4.953639507293701 -10.863743782043457
vertex -62.17668151855469 5.20972204208374 -10.808298110961914
endloop
endfacet
facet normal -0.6251159095507851 -0.2688228289738766 -0.7327785383381369
outer loop
vertex -61.922054290771484 4.953639507293701 -10.863743782043457
vertex -61.02832794189453 5.645768165588379 -11.880070686340332
vertex -61.64533996582031 4.675343990325928 -10.997708320617676
endloop
endfacet
facet normal -0.5479174881706009 -0.3838840644266346 -0.743249252428892
outer loop
vertex -61.39053726196289 6.085302352905273 -11.840069770812988
vertex -61.02832794189453 5.645768165588379 -11.880070686340332
vertex -62.17668151855469 5.20972204208374 -10.808298110961914
endloop
endfacet
facet normal -0.6782858216045556 -0.14098762136618465 -0.7211455018453199
outer loop
vertex -61.51247024536133 4.541718006134033 -11.096556663513184
vertex -61.64533996582031 4.675343990325928 -10.997708320617676
vertex -60.75223922729492 5.131368160247803 -11.926884651184082
endloop
endfacet
facet normal -0.7053985311597637 -0.005258759245226684 -0.7087914063311211
outer loop
vertex -60.524818420410156 3.992748260498047 -12.03050708770752
vertex -61.51247024536133 3.9032347202301025 -11.046918869018555
vertex -60.58222579956055 4.573211669921875 -11.977681159973145
endloop
endfacet
facet normal -0.6251150612184014 -0.26882372687111994 -0.7327789326318244
outer loop
vertex -60.75223922729492 5.131368160247803 -11.926884651184082
vertex -61.64533996582031 4.675343990325928 -10.997708320617676
vertex -61.02832794189453 5.645768165588379 -11.880070686340332
endloop
endfacet
facet normal -0.6536752938229926 -0.204448920981799 -0.7286351960719454
outer loop
vertex -60.524818420410156 -46.52988052368164 -16.62842559814453
vertex -61.11509704589844 -47.9544563293457 -15.699149131774902
vertex -61.51247024536133 -46.99510955810547 -15.611841201782227
endloop
endfacet
facet normal -0.6536753657979882 -0.2044487387935783 -0.7286351826219905
outer loop
vertex -60.524818420410156 -46.52988052368164 -16.62842559814453
vertex -61.51247024536133 -46.99510955810547 -15.611841201782227
vertex -61.51247024536133 -46.81429672241211 -15.662575721740723
endloop
endfacet
facet normal -0.6536582194287169 -0.2044633471476341 -0.7286464656103572
outer loop
vertex -60.524818420410156 -46.52988052368164 -16.62842559814453
vertex -61.055747985839844 -47.91692352294922 -15.762922286987305
vertex -61.11509704589844 -47.9544563293457 -15.699149131774902
endloop
endfacet
facet normal -0.6536755042466844 -0.20444948266315127 -0.7286348496926377
outer loop
vertex -60.524818420410156 -46.52988052368164 -16.62842559814453
vertex -60.217525482177734 -47.271751403808594 -16.695941925048828
vertex -61.055747985839844 -47.91692352294922 -15.762922286987305
endloop
endfacet
facet normal -0.5233778923803887 -0.4261574576620727 -0.7378789894328616
outer loop
vertex -61.055747985839844 -47.91692352294922 -15.762922286987305
vertex -61.055747985839844 -48.09773635864258 -15.65849494934082
vertex -61.11509704589844 -47.9544563293457 -15.699149131774902
endloop
endfacet
facet normal -0.5010340345714236 -0.43282257913299554 -0.7494194494365244
outer loop
vertex -61.055747985839844 -47.91692352294922 -15.762922286987305
vertex -60.217525482177734 -47.271751403808594 -16.695941925048828
vertex -61.055747985839844 -48.09773635864258 -15.65849494934082
endloop
endfacet
facet normal -0.501029695855685 -0.4328272425577361 -0.7494196567815836
outer loop
vertex -60.217525482177734 -47.271751403808594 -16.695941925048828
vertex -58.70713424682617 -50.44635009765625 -15.872235298156738
vertex -61.055747985839844 -48.09773635864258 -15.65849494934082
endloop
endfacet
facet normal -0.5010300262626077 -0.4328275072899272 -0.7494192829894883
outer loop
vertex -58.069244384765625 -49.4200325012207 -16.891450881958008
vertex -58.630210876464844 -50.34246063232422 -15.983663558959961
vertex -60.217525482177734 -47.271751403808594 -16.695941925048828
endloop
endfacet
facet normal -0.5010268607200175 -0.4328264971793405 -0.7494219827150166
outer loop
vertex -58.630210876464844 -50.34246063232422 -15.983663558959961
vertex -58.70713424682617 -50.44635009765625 -15.872235298156738
vertex -60.217525482177734 -47.271751403808594 -16.695941925048828
endloop
endfacet
facet normal -0.3103618678148432 -0.5789197991924909 -0.7540075444645153
outer loop
vertex -58.630210876464844 -50.52327346801758 -15.844837188720703
vertex -58.70713424682617 -50.44635009765625 -15.872235298156738
vertex -58.630210876464844 -50.34246063232422 -15.983663558959961
endloop
endfacet
facet normal -0.2715579150018334 -0.5861081133798818 -0.7633698829729482
outer loop
vertex -58.069244384765625 -49.4200325012207 -16.891450881958008
vertex -58.630210876464844 -50.52327346801758 -15.844837188720703
vertex -58.630210876464844 -50.34246063232422 -15.983663558959961
endloop
endfacet
facet normal -0.2715505035361269 -0.5861116638333455 -0.7633697934473065
outer loop
vertex -57.527584075927734 -50.7991828918457 -16.02522850036621
vertex -57.57285690307617 -50.96124267578125 -15.884695053100586
vertex -58.069244384765625 -49.4200325012207 -16.891450881958008
endloop
endfacet
facet normal -0.2715534420725156 -0.5861119995136413 -0.7633684903928707
outer loop
vertex -58.069244384765625 -49.4200325012207 -16.891450881958008
vertex -57.330379486083984 -49.72608184814453 -16.91930389404297
vertex -57.527584075927734 -50.7991828918457 -16.02522850036621
endloop
endfacet
facet normal -0.27155064379601335 -0.586111672212972 -0.7633697371193623
outer loop
vertex -58.630210876464844 -50.52327346801758 -15.844837188720703
vertex -58.069244384765625 -49.4200325012207 -16.891450881958008
vertex -57.57285690307617 -50.96124267578125 -15.884695053100586
endloop
endfacet
facet normal 0 -0.6401096797660255 -0.768283540022716
outer loop
vertex -4.222358226776123 -50.97999572753906 -15.874582290649414
vertex -57.330379486083984 -49.72608184814453 -16.91930389404297
vertex -4.419564247131348 -49.72608184814453 -16.91930389404297
endloop
endfacet
facet normal 0 -0.6401096797660255 -0.768283540022716
outer loop
vertex -57.527584075927734 -50.97999572753906 -15.874582290649414
vertex -57.330379486083984 -49.72608184814453 -16.91930389404297
vertex -4.222358226776123 -50.97999572753906 -15.874582290649414
endloop
endfacet
facet normal 0.00003668002389335263 -0.6401062742663217 -0.7682863764895643
outer loop
vertex -4.222358226776123 -50.97999572753906 -15.874582290649414
vertex -4.419564247131348 -49.72608184814453 -16.91930389404297
vertex -4.222358226776123 -50.7991828918457 -16.02522850036621
endloop
endfacet
facet normal 0.27153058525348805 0.5861186924809859 0.7633714820428371
outer loop
vertex -57.527584075927734 -50.7991828918457 -16.02522850036621
vertex -57.330379486083984 -49.72608184814453 -16.91930389404297
vertex -57.57285690307617 -50.96124267578125 -15.884695053100586
endloop
endfacet
facet normal -0.08824572563842477 -0.6293839852999139 -0.7720676725226524
outer loop
vertex -57.527584075927734 -50.97999572753906 -15.874582290649414
vertex -57.57285690307617 -50.96124267578125 -15.884695053100586
vertex -57.330379486083984 -49.72608184814453 -16.91930389404297
endloop
endfacet
facet normal 0.09312630811080136 -0.6373245666684729 -0.7649476370696854
outer loop
vertex -4.177085876464844 -50.96124267578125 -15.884695053100586
vertex -4.222358226776123 -50.97999572753906 -15.874582290649414
vertex -4.222358226776123 -50.7991828918457 -16.02522850036621
endloop
endfacet
facet normal 0.8314693128710082 0 -0.5555706811503046
outer loop
vertex 3.039368152618408 -46.22999572753906 -3.8893399238586426
vertex 2.7142088413238525 -44.72999572753906 -4.375974655151367
vertex 3.039368152618408 -44.72999572753906 -3.8893399238586426
endloop
endfacet
facet normal 0 -1 0
outer loop
vertex 4.100028038024902 -44.72999572753906 -3.450000047683716
vertex 5.350028038024902 -44.72999572753906 -6.699999809265137
vertex 5.426148891448975 -44.72999572753906 -6.31731653213501
endloop
endfacet
facet normal 0 0 -1
outer loop
vertex 16.10002899169922 -46.22999572753906 -3.450000047683716
vertex 4.100028038024902 -44.72999572753906 -3.450000047683716
vertex 16.10002899169922 -44.72999572753906 -3.450000047683716
endloop
endfacet
facet normal -0.19509040787318935 0 -0.9807852633251952
outer loop
vertex 16.674053192138672 -46.22999572753906 -3.564180612564087
vertex 16.10002899169922 -46.22999572753906 -3.450000047683716
vertex 16.10002899169922 -44.72999572753906 -3.450000047683716
endloop
endfacet
facet normal -0.19509040787318935 0 -0.9807852633251952
outer loop
vertex 16.10002899169922 -44.72999572753906 -3.450000047683716
vertex 16.674053192138672 -44.72999572753906 -3.564180612564087
vertex 16.674053192138672 -46.22999572753906 -3.564180612564087
endloop
endfacet
facet normal 0 -1 0
outer loop
vertex 16.10002899169922 -44.72999572753906 -11.449999809265137
vertex 16.674053192138672 -44.72999572753906 -11.335819244384766
vertex 16.10002899169922 -44.72999572753906 -3.450000047683716
endloop
endfacet
facet normal 0.9807853253427457 0 -0.1950900960897925
outer loop
vertex 2.7142088413238525 -46.22999572753906 -4.375974655151367
vertex 2.6000282764434814 -44.72999572753906 -4.949999809265137
vertex 2.7142088413238525 -44.72999572753906 -4.375974655151367
endloop
endfacet
facet normal 0.5555704929723909 0 -0.8314694386075862
outer loop
vertex 3.039368152618408 -46.22999572753906 -3.8893399238586426
vertex 3.039368152618408 -44.72999572753906 -3.8893399238586426
vertex 3.526003122329712 -46.22999572753906 -3.564180612564087
endloop
endfacet
facet normal 0.5555704929723909 0 -0.8314694386075862
outer loop
vertex 3.526003122329712 -46.22999572753906 -3.564180612564087
vertex 3.039368152618408 -44.72999572753906 -3.8893399238586426
vertex 3.526003122329712 -44.72999572753906 -3.564180612564087
endloop
endfacet
facet normal 0 -1 0
outer loop
vertex 4.100028038024902 -44.72999572753906 -3.450000047683716
vertex 6.350028038024902 -44.72999572753906 -5.699999809265137
vertex 16.10002899169922 -44.72999572753906 -3.450000047683716
endloop
endfacet
facet normal 0.19509017403555012 0 -0.980785309838386
outer loop
vertex 3.526003122329712 -46.22999572753906 -3.564180612564087
vertex 3.526003122329712 -44.72999572753906 -3.564180612564087
vertex 4.100028038024902 -46.22999572753906 -3.450000047683716
endloop
endfacet
facet normal 0 -1 0
outer loop
vertex 14.850028038024902 -44.72999572753906 -8.199999809265137
vertex 16.10002899169922 -44.72999572753906 -11.449999809265137
vertex 14.850028038024902 -44.72999572753906 -6.699999809265137
endloop
endfacet
facet normal 0.19509017403555012 0 -0.980785309838386
outer loop
vertex 4.100028038024902 -46.22999572753906 -3.450000047683716
vertex 3.526003122329712 -44.72999572753906 -3.564180612564087
vertex 4.100028038024902 -44.72999572753906 -3.450000047683716
endloop
endfacet
facet normal 0 -1 0
outer loop
vertex 14.773907661437988 -44.72999572753906 -8.582683563232422
vertex 16.10002899169922 -44.72999572753906 -11.449999809265137
vertex 14.850028038024902 -44.72999572753906 -8.199999809265137
endloop
endfacet
facet normal 0 -1 0
outer loop
vertex 14.557134628295898 -44.72999572753906 -8.907106399536133
vertex 16.10002899169922 -44.72999572753906 -11.449999809265137
vertex 14.773907661437988 -44.72999572753906 -8.582683563232422
endloop
endfacet
facet normal -0.9807850135586839 0 0.1950916635294606
outer loop
vertex 17.60002899169922 -44.72999572753906 -9.949999809265137
vertex 17.48584747314453 -46.22999572753906 -10.524024963378906
vertex 17.60002899169922 -46.22999572753906 -9.949999809265137
endloop
endfacet
facet normal -0.9807850135586839 0 0.1950916635294606
outer loop
vertex 17.48584747314453 -44.72999572753906 -10.524024963378906
vertex 17.48584747314453 -46.22999572753906 -10.524024963378906
vertex 17.60002899169922 -44.72999572753906 -9.949999809265137
endloop
endfacet
facet normal -0.8314697525217963 0 0.5555700231666056
outer loop
vertex 17.48584747314453 -44.72999572753906 -10.524024963378906
vertex 17.160688400268555 -46.22999572753906 -11.010660171508789
vertex 17.48584747314453 -46.22999572753906 -10.524024963378906
endloop
endfacet
facet normal 0 -1 0
outer loop
vertex 14.232711791992188 -44.72999572753906 -9.123879432678223
vertex 16.10002899169922 -44.72999572753906 -11.449999809265137
vertex 14.557134628295898 -44.72999572753906 -8.907106399536133
endloop
endfacet
facet normal 0 -1 0
outer loop
vertex 13.850028038024902 -44.72999572753906 -9.199999809265137
vertex 16.10002899169922 -44.72999572753906 -11.449999809265137
vertex 14.232711791992188 -44.72999572753906 -9.123879432678223
endloop
endfacet
facet normal 0 -1 0
outer loop
vertex 4.100028038024902 -44.72999572753906 -11.449999809265137
vertex 16.10002899169922 -44.72999572753906 -11.449999809265137
vertex 13.850028038024902 -44.72999572753906 -9.199999809265137
endloop
endfacet
facet normal -0.9807850135586839 0 -0.1950916635294606
outer loop
vertex 17.60002899169922 -44.72999572753906 -4.949999809265137
vertex 17.60002899169922 -46.22999572753906 -4.949999809265137
vertex 17.48584747314453 -44.72999572753906 -4.375974655151367
endloop
endfacet
facet normal 0 0 -1
outer loop
vertex 4.100028038024902 -46.22999572753906 -3.450000047683716
vertex 4.100028038024902 -44.72999572753906 -3.450000047683716
vertex 16.10002899169922 -46.22999572753906 -3.450000047683716
endloop
endfacet
facet normal 0 -1 0
outer loop
vertex 16.10002899169922 -44.72999572753906 -3.450000047683716
vertex 13.850028038024902 -44.72999572753906 -5.699999809265137
vertex 14.232711791992188 -44.72999572753906 -5.776120662689209
endloop
endfacet
facet normal 0 -1 0
outer loop
vertex 14.232711791992188 -44.72999572753906 -5.776120662689209
vertex 14.557134628295898 -44.72999572753906 -5.992893218994141
vertex 16.10002899169922 -44.72999572753906 -3.450000047683716
endloop
endfacet
facet normal 0 -1 0
outer loop
vertex 6.350028038024902 -44.72999572753906 -5.699999809265137
vertex 13.850028038024902 -44.72999572753906 -5.699999809265137
vertex 16.10002899169922 -44.72999572753906 -3.450000047683716
endloop
endfacet
facet normal 0 -1 0
outer loop
vertex 14.557134628295898 -44.72999572753906 -5.992893218994141
vertex 14.773907661437988 -44.72999572753906 -6.31731653213501
vertex 16.10002899169922 -44.72999572753906 -3.450000047683716
endloop
endfacet
facet normal 0 -1 0
outer loop
vertex 3.526003122329712 -44.72999572753906 -11.335819244384766
vertex 4.100028038024902 -44.72999572753906 -11.449999809265137
vertex 3.526003122329712 -44.72999572753906 -3.564180612564087
endloop
endfacet
facet normal 0 -1 0
outer loop
vertex 3.039368152618408 -44.72999572753906 -11.010660171508789
vertex 3.526003122329712 -44.72999572753906 -11.335819244384766
vertex 3.039368152618408 -44.72999572753906 -3.8893399238586426
endloop
endfacet
facet normal 0 -1 0
outer loop
vertex 4.100028038024902 -44.72999572753906 -11.449999809265137
vertex 5.426148891448975 -44.72999572753906 -8.582683563232422
vertex 5.350028038024902 -44.72999572753906 -8.199999809265137
endloop
endfacet
facet normal 0 -1 0
outer loop
vertex 4.100028038024902 -44.72999572753906 -11.449999809265137
vertex 5.642921447753906 -44.72999572753906 -8.907106399536133
vertex 5.426148891448975 -44.72999572753906 -8.582683563232422
endloop
endfacet
facet normal 0 -1 0
outer loop
vertex 6.350028038024902 -44.72999572753906 -9.199999809265137
vertex 4.100028038024902 -44.72999572753906 -11.449999809265137
vertex 13.850028038024902 -44.72999572753906 -9.199999809265137
endloop
endfacet
facet normal 0 -1 0
outer loop
vertex 5.642921447753906 -44.72999572753906 -8.907106399536133
vertex 4.100028038024902 -44.72999572753906 -11.449999809265137
vertex 5.967344760894775 -44.72999572753906 -9.123879432678223
endloop
endfacet
facet normal 0 -1 0
outer loop
vertex 6.350028038024902 -44.72999572753906 -9.199999809265137
vertex 5.967344760894775 -44.72999572753906 -9.123879432678223
vertex 4.100028038024902 -44.72999572753906 -11.449999809265137
endloop
endfacet
facet normal 0.9807853253427457 0 0.1950900960897925
outer loop
vertex 2.7142088413238525 -44.72999572753906 -10.524024963378906
vertex 2.6000282764434814 -44.72999572753906 -9.949999809265137
vertex 2.6000282764434814 -46.22999572753906 -9.949999809265137
endloop
endfacet
facet normal 0.9807853253427457 0 0.1950900960897925
outer loop
vertex 2.6000282764434814 -46.22999572753906 -9.949999809265137
vertex 2.7142088413238525 -46.22999572753906 -10.524024963378906
vertex 2.7142088413238525 -44.72999572753906 -10.524024963378906
endloop
endfacet
facet normal 0.8314695643440364 0 0.5555703047945764
outer loop
vertex 2.7142088413238525 -46.22999572753906 -10.524024963378906
vertex 3.039368152618408 -44.72999572753906 -11.010660171508789
vertex 2.7142088413238525 -44.72999572753906 -10.524024963378906
endloop
endfacet
facet normal -0.8314697525217963 0 0.5555700231666056
outer loop
vertex 17.160688400268555 -44.72999572753906 -11.010660171508789
vertex 17.160688400268555 -46.22999572753906 -11.010660171508789
vertex 17.48584747314453 -44.72999572753906 -10.524024963378906
endloop
endfacet
facet normal -0.5555700231666056 0 0.8314697525217963
outer loop
vertex 16.674053192138672 -44.72999572753906 -11.335819244384766
vertex 16.674053192138672 -46.22999572753906 -11.335819244384766
vertex 17.160688400268555 -44.72999572753906 -11.010660171508789
endloop
endfacet
facet normal -0.5555700231666056 0 0.8314697525217963
outer loop
vertex 16.674053192138672 -46.22999572753906 -11.335819244384766
vertex 17.160688400268555 -46.22999572753906 -11.010660171508789
vertex 17.160688400268555 -44.72999572753906 -11.010660171508789
endloop
endfacet
facet normal -0.19509040787318935 0 0.9807852633251952
outer loop
vertex 16.10002899169922 -44.72999572753906 -11.449999809265137
vertex 16.10002899169922 -46.22999572753906 -11.449999809265137
vertex 16.674053192138672 -44.72999572753906 -11.335819244384766
endloop
endfacet
facet normal -0.19509040787318935 0 0.9807852633251952
outer loop
vertex 16.10002899169922 -46.22999572753906 -11.449999809265137
vertex 16.674053192138672 -46.22999572753906 -11.335819244384766
vertex 16.674053192138672 -44.72999572753906 -11.335819244384766
endloop
endfacet
facet normal 0 0 1
outer loop
vertex 16.10002899169922 -44.72999572753906 -11.449999809265137
vertex 4.100028038024902 -46.22999572753906 -11.449999809265137
vertex 16.10002899169922 -46.22999572753906 -11.449999809265137
endloop
endfacet
facet normal 0 -1 0
outer loop
vertex 2.6000282764434814 -44.72999572753906 -9.949999809265137
vertex 2.7142088413238525 -44.72999572753906 -10.524024963378906
vertex 2.6000282764434814 -44.72999572753906 -4.949999809265137
endloop
endfacet
facet normal 1 0 0
outer loop
vertex 2.6000282764434814 -46.22999572753906 -4.949999809265137
vertex 2.6000282764434814 -46.22999572753906 -9.949999809265137
vertex 2.6000282764434814 -44.72999572753906 -9.949999809265137
endloop
endfacet
facet normal 0 -1 0
outer loop
vertex 2.7142088413238525 -44.72999572753906 -10.524024963378906
vertex 3.039368152618408 -44.72999572753906 -11.010660171508789
vertex 2.7142088413238525 -44.72999572753906 -4.375974655151367
endloop
endfacet
facet normal 0 -1 0
outer loop
vertex 4.100028038024902 -44.72999572753906 -11.449999809265137
vertex 5.350028038024902 -44.72999572753906 -8.199999809265137
vertex 4.100028038024902 -44.72999572753906 -3.450000047683716
endloop
endfacet
facet normal 0 0 1
outer loop
vertex 4.100028038024902 -44.72999572753906 -11.449999809265137
vertex 4.100028038024902 -46.22999572753906 -11.449999809265137
vertex 16.10002899169922 -44.72999572753906 -11.449999809265137
endloop
endfacet
facet normal 0 -1 0
outer loop
vertex 14.850028038024902 -44.72999572753906 -6.699999809265137
vertex 16.10002899169922 -44.72999572753906 -3.450000047683716
vertex 14.773907661437988 -44.72999572753906 -6.31731653213501
endloop
endfacet
facet normal -0.9807850135586839 0 -0.1950916635294606
outer loop
vertex 17.48584747314453 -44.72999572753906 -4.375974655151367
vertex 17.60002899169922 -46.22999572753906 -4.949999809265137
vertex 17.48584747314453 -46.22999572753906 -4.375974655151367
endloop
endfacet
facet normal 0 -1 0
outer loop
vertex 16.10002899169922 -44.72999572753906 -3.450000047683716
vertex 16.674053192138672 -44.72999572753906 -11.335819244384766
vertex 16.674053192138672 -44.72999572753906 -3.564180612564087
endloop
endfacet
facet normal 0.8314695643440364 0 0.5555703047945764
outer loop
vertex 2.7142088413238525 -46.22999572753906 -10.524024963378906
vertex 3.039368152618408 -46.22999572753906 -11.010660171508789
vertex 3.039368152618408 -44.72999572753906 -11.010660171508789
endloop
endfacet
facet normal 0 -1 0
outer loop
vertex 17.160688400268555 -44.72999572753906 -3.8893399238586426
vertex 17.48584747314453 -44.72999572753906 -10.524024963378906
vertex 17.48584747314453 -44.72999572753906 -4.375974655151367
endloop
endfacet
facet normal 0.5555702113444101 0 0.8314696267854452
outer loop
vertex 3.039368152618408 -46.22999572753906 -11.010660171508789
vertex 3.526003122329712 -44.72999572753906 -11.335819244384766
vertex 3.039368152618408 -44.72999572753906 -11.010660171508789
endloop
endfacet
facet normal 0.5555702113444101 0 0.8314696267854452
outer loop
vertex 3.039368152618408 -46.22999572753906 -11.010660171508789
vertex 3.526003122329712 -46.22999572753906 -11.335819244384766
vertex 3.526003122329712 -44.72999572753906 -11.335819244384766
endloop
endfacet
facet normal 0 -1 0
outer loop
vertex 16.674053192138672 -44.72999572753906 -3.564180612564087
vertex 17.160688400268555 -44.72999572753906 -11.010660171508789
vertex 17.160688400268555 -44.72999572753906 -3.8893399238586426
endloop
endfacet
facet normal 0 -1 0
outer loop
vertex 17.48584747314453 -44.72999572753906 -4.375974655151367
vertex 17.60002899169922 -44.72999572753906 -9.949999809265137
vertex 17.60002899169922 -44.72999572753906 -4.949999809265137
endloop
endfacet
facet normal -1 0 0
outer loop
vertex 17.60002899169922 -44.72999572753906 -4.949999809265137
vertex 17.60002899169922 -46.22999572753906 -9.949999809265137
vertex 17.60002899169922 -46.22999572753906 -4.949999809265137
endloop
endfacet
facet normal 0.19509017403555012 0 0.980785309838386
outer loop
vertex 3.526003122329712 -46.22999572753906 -11.335819244384766
vertex 4.100028038024902 -44.72999572753906 -11.449999809265137
vertex 3.526003122329712 -44.72999572753906 -11.335819244384766
endloop
endfacet
facet normal 0 -1 0
outer loop
vertex 4.100028038024902 -44.72999572753906 -3.450000047683716
vertex 5.967344760894775 -44.72999572753906 -5.776120662689209
vertex 6.350028038024902 -44.72999572753906 -5.699999809265137
endloop
endfacet
facet normal -0.5555703047945764 0 -0.8314695643440364
outer loop
vertex 16.674053192138672 -44.72999572753906 -3.564180612564087
vertex 17.160688400268555 -44.72999572753906 -3.8893399238586426
vertex 17.160688400268555 -46.22999572753906 -3.8893399238586426
endloop
endfacet
facet normal 0.19509017403555012 0 0.980785309838386
outer loop
vertex 3.526003122329712 -46.22999572753906 -11.335819244384766
vertex 4.100028038024902 -46.22999572753906 -11.449999809265137
vertex 4.100028038024902 -44.72999572753906 -11.449999809265137
endloop
endfacet
facet normal 0 -1 0
outer loop
vertex 16.674053192138672 -44.72999572753906 -11.335819244384766
vertex 17.160688400268555 -44.72999572753906 -11.010660171508789
vertex 16.674053192138672 -44.72999572753906 -3.564180612564087
endloop
endfacet
facet normal 0 -1 0
outer loop
vertex 17.160688400268555 -44.72999572753906 -11.010660171508789
vertex 17.48584747314453 -44.72999572753906 -10.524024963378906
vertex 17.160688400268555 -44.72999572753906 -3.8893399238586426
endloop
endfacet
facet normal -1 0 0
outer loop
vertex 17.60002899169922 -44.72999572753906 -9.949999809265137
vertex 17.60002899169922 -46.22999572753906 -9.949999809265137
vertex 17.60002899169922 -44.72999572753906 -4.949999809265137
endloop
endfacet
facet normal 0 -1 0
outer loop
vertex 17.48584747314453 -44.72999572753906 -10.524024963378906
vertex 17.60002899169922 -44.72999572753906 -9.949999809265137
vertex 17.48584747314453 -44.72999572753906 -4.375974655151367
endloop
endfacet
facet normal 0 -1 0
outer loop
vertex 4.100028038024902 -44.72999572753906 -3.450000047683716
vertex 5.642921447753906 -44.72999572753906 -5.992893218994141
vertex 5.967344760894775 -44.72999572753906 -5.776120662689209
endloop
endfacet
facet normal 0 -1 0
outer loop
vertex 14.850028038024902 -44.72999572753906 -6.699999809265137
vertex 16.10002899169922 -44.72999572753906 -11.449999809265137
vertex 16.10002899169922 -44.72999572753906 -3.450000047683716
endloop
endfacet
facet normal -0.5555703047945764 0 -0.8314695643440364
outer loop
vertex 16.674053192138672 -44.72999572753906 -3.564180612564087
vertex 17.160688400268555 -46.22999572753906 -3.8893399238586426
vertex 16.674053192138672 -46.22999572753906 -3.564180612564087
endloop
endfacet
facet normal -0.8314695010489662 0 -0.5555703995223135
outer loop
vertex 17.48584747314453 -46.22999572753906 -4.375974655151367
vertex 17.160688400268555 -46.22999572753906 -3.8893399238586426
vertex 17.160688400268555 -44.72999572753906 -3.8893399238586426
endloop
endfacet
facet normal 1 0 0
outer loop
vertex 2.6000282764434814 -46.22999572753906 -4.949999809265137
vertex 2.6000282764434814 -44.72999572753906 -9.949999809265137
vertex 2.6000282764434814 -44.72999572753906 -4.949999809265137
endloop
endfacet
facet normal 0 -1 0
outer loop
vertex 2.6000282764434814 -44.72999572753906 -4.949999809265137
vertex 2.7142088413238525 -44.72999572753906 -10.524024963378906
vertex 2.7142088413238525 -44.72999572753906 -4.375974655151367
endloop
endfacet
facet normal 0 -1 0
outer loop
vertex 2.7142088413238525 -44.72999572753906 -4.375974655151367
vertex 3.039368152618408 -44.72999572753906 -11.010660171508789
vertex 3.039368152618408 -44.72999572753906 -3.8893399238586426
endloop
endfacet
facet normal 0 -1 0
outer loop
vertex 3.039368152618408 -44.72999572753906 -3.8893399238586426
vertex 3.526003122329712 -44.72999572753906 -11.335819244384766
vertex 3.526003122329712 -44.72999572753906 -3.564180612564087
endloop
endfacet
facet normal 0 -1 0
outer loop
vertex 3.526003122329712 -44.72999572753906 -3.564180612564087
vertex 4.100028038024902 -44.72999572753906 -11.449999809265137
vertex 4.100028038024902 -44.72999572753906 -3.450000047683716
endloop
endfacet
facet normal 0 -1 0
outer loop
vertex 4.100028038024902 -44.72999572753906 -3.450000047683716
vertex 5.350028038024902 -44.72999572753906 -8.199999809265137
vertex 5.350028038024902 -44.72999572753906 -6.699999809265137
endloop
endfacet
facet normal -0.8314695010489662 0 -0.5555703995223135
outer loop
vertex 17.160688400268555 -44.72999572753906 -3.8893399238586426
vertex 17.48584747314453 -44.72999572753906 -4.375974655151367
vertex 17.48584747314453 -46.22999572753906 -4.375974655151367
endloop
endfacet
facet normal 0.9807853253427457 0 -0.1950900960897925
outer loop
vertex 2.6000282764434814 -46.22999572753906 -4.949999809265137
vertex 2.6000282764434814 -44.72999572753906 -4.949999809265137
vertex 2.7142088413238525 -46.22999572753906 -4.375974655151367
endloop
endfacet
facet normal 0 -1 0
outer loop
vertex 4.100028038024902 -44.72999572753906 -3.450000047683716
vertex 5.426148891448975 -44.72999572753906 -6.31731653213501
vertex 5.642921447753906 -44.72999572753906 -5.992893218994141
endloop
endfacet
facet normal 0.8314693128710082 0 -0.5555706811503046
outer loop
vertex 2.7142088413238525 -44.72999572753906 -4.375974655151367
vertex 3.039368152618408 -46.22999572753906 -3.8893399238586426
vertex 2.7142088413238525 -46.22999572753906 -4.375974655151367
endloop
endfacet
facet normal 0.555569929716238 0 -0.831469814963294
outer loop
vertex 5.642921447753906 -44.72999572753906 -5.992893218994141
vertex 5.642921447753906 -43.52999496459961 -5.992893218994141
vertex 5.967344760894775 -44.72999572753906 -5.776120662689209
endloop
endfacet
facet normal 0.555569929716238 0 -0.831469814963294
outer loop
vertex 5.967344760894775 -44.72999572753906 -5.776120662689209
vertex 5.642921447753906 -43.52999496459961 -5.992893218994141
vertex 5.967344760894775 -43.52999496459961 -5.776120662689209
endloop
endfacet
facet normal 0.19509134961587388 0 -0.9807850760003728
outer loop
vertex 5.967344760894775 -44.72999572753906 -5.776120662689209
vertex 5.967344760894775 -43.52999496459961 -5.776120662689209
vertex 6.350028038024902 -44.72999572753906 -5.699999809265137
endloop
endfacet
facet normal 0.19509134961587388 0 -0.9807850760003728
outer loop
vertex 6.350028038024902 -44.72999572753906 -5.699999809265137
vertex 5.967344760894775 -43.52999496459961 -5.776120662689209
vertex 6.350028038024902 -43.52999496459961 -5.699999809265137
endloop
endfacet
facet normal 0 0 -1
outer loop
vertex 6.350028038024902 -44.72999572753906 -5.699999809265137
vertex 6.350028038024902 -43.52999496459961 -5.699999809265137
vertex 13.850028038024902 -44.72999572753906 -5.699999809265137
endloop
endfacet
facet normal 0.831469814963294 0 -0.555569929716238
outer loop
vertex 5.642921447753906 -44.72999572753906 -5.992893218994141
vertex 5.426148891448975 -43.52999496459961 -6.31731653213501
vertex 5.642921447753906 -43.52999496459961 -5.992893218994141
endloop
endfacet
facet normal 0.831469814963294 0 -0.555569929716238
outer loop
vertex 5.426148891448975 -44.72999572753906 -6.31731653213501
vertex 5.426148891448975 -43.52999496459961 -6.31731653213501
vertex 5.642921447753906 -44.72999572753906 -5.992893218994141
endloop
endfacet
facet normal 0.9807850760003728 0 -0.19509134961587388
outer loop
vertex 5.426148891448975 -44.72999572753906 -6.31731653213501
vertex 5.350028038024902 -43.52999496459961 -6.699999809265137
vertex 5.426148891448975 -43.52999496459961 -6.31731653213501
endloop
endfacet
facet normal 0.9807850760003728 0 -0.19509134961587388
outer loop
vertex 5.350028038024902 -44.72999572753906 -6.699999809265137
vertex 5.350028038024902 -43.52999496459961 -6.699999809265137
vertex 5.426148891448975 -44.72999572753906 -6.31731653213501
endloop
endfacet
facet normal -1 0 0
outer loop
vertex 14.850028038024902 -43.52999496459961 -6.699999809265137
vertex 14.850028038024902 -44.72999572753906 -8.199999809265137
vertex 14.850028038024902 -44.72999572753906 -6.699999809265137
endloop
endfacet
facet normal -0.9807853563514094 0 0.1950899401984604
outer loop
vertex 14.850028038024902 -44.72999572753906 -8.199999809265137
vertex 14.850028038024902 -43.52999496459961 -8.199999809265137
vertex 14.773907661437988 -44.72999572753906 -8.582683563232422
endloop
endfacet
facet normal -0.9807853098383859 0 -0.19509017403555012
outer loop
vertex 14.850028038024902 -43.52999496459961 -6.699999809265137
vertex 14.850028038024902 -44.72999572753906 -6.699999809265137
vertex 14.773907661437988 -43.52999496459961 -6.31731653213501
endloop
endfacet
facet normal -0.9807853098383859 0 -0.19509017403555012
outer loop
vertex 14.773907661437988 -43.52999496459961 -6.31731653213501
vertex 14.850028038024902 -44.72999572753906 -6.699999809265137
vertex 14.773907661437988 -44.72999572753906 -6.31731653213501
endloop
endfacet
facet normal -0.8314692504297169 0 -0.5555707746001806
outer loop
vertex 14.773907661437988 -43.52999496459961 -6.31731653213501
vertex 14.773907661437988 -44.72999572753906 -6.31731653213501
vertex 14.557134628295898 -43.52999496459961 -5.992893218994141
endloop
endfacet
facet normal 0 0 -1
outer loop
vertex 13.850028038024902 -44.72999572753906 -5.699999809265137
vertex 6.350028038024902 -43.52999496459961 -5.699999809265137
vertex 13.850028038024902 -43.52999496459961 -5.699999809265137
endloop
endfacet
facet normal -0.8314692504297169 0 -0.5555707746001806
outer loop
vertex 14.557134628295898 -44.72999572753906 -5.992893218994141
vertex 14.557134628295898 -43.52999496459961 -5.992893218994141
vertex 14.773907661437988 -44.72999572753906 -6.31731653213501
endloop
endfacet
facet normal -0.5555704942502147 0 -0.831469437753771
outer loop
vertex 14.557134628295898 -43.52999496459961 -5.992893218994141
vertex 14.557134628295898 -44.72999572753906 -5.992893218994141
vertex 14.232711791992188 -43.52999496459961 -5.776120662689209
endloop
endfacet
facet normal -0.19509111577748656 0 -0.9807851225139456
outer loop
vertex 13.850028038024902 -44.72999572753906 -5.699999809265137
vertex 13.850028038024902 -43.52999496459961 -5.699999809265137
vertex 14.232711791992188 -44.72999572753906 -5.776120662689209
endloop
endfacet
facet normal -0.19509111577748656 0 -0.9807851225139456
outer loop
vertex 14.232711791992188 -43.52999496459961 -5.776120662689209
vertex 14.232711791992188 -44.72999572753906 -5.776120662689209
vertex 13.850028038024902 -43.52999496459961 -5.699999809265137
endloop
endfacet
facet normal -0.5555704942502147 0 -0.831469437753771
outer loop
vertex 14.232711791992188 -44.72999572753906 -5.776120662689209
vertex 14.232711791992188 -43.52999496459961 -5.776120662689209
vertex 14.557134628295898 -44.72999572753906 -5.992893218994141
endloop
endfacet
facet normal -0.9807853563514094 0 0.1950899401984604
outer loop
vertex 14.850028038024902 -43.52999496459961 -8.199999809265137
vertex 14.773907661437988 -43.52999496459961 -8.582683563232422
vertex 14.773907661437988 -44.72999572753906 -8.582683563232422
endloop
endfacet
facet normal -0.8314688732193027 0 0.5555713391342493
outer loop
vertex 14.773907661437988 -43.52999496459961 -8.582683563232422
vertex 14.557134628295898 -44.72999572753906 -8.907106399536133
vertex 14.773907661437988 -44.72999572753906 -8.582683563232422
endloop
endfacet
facet normal 1 0 0
outer loop
vertex 5.350028038024902 -44.72999572753906 -6.699999809265137
vertex 5.350028038024902 -43.52999496459961 -8.199999809265137
vertex 5.350028038024902 -43.52999496459961 -6.699999809265137
endloop
endfacet
facet normal 1 0 0
outer loop
vertex 5.350028038024902 -44.72999572753906 -8.199999809265137
vertex 5.350028038024902 -43.52999496459961 -8.199999809265137
vertex 5.350028038024902 -44.72999572753906 -6.699999809265137
endloop
endfacet
facet normal 0.9807851225139456 0 0.19509111577748656
outer loop
vertex 5.350028038024902 -44.72999572753906 -8.199999809265137
vertex 5.426148891448975 -43.52999496459961 -8.582683563232422
vertex 5.350028038024902 -43.52999496459961 -8.199999809265137
endloop
endfacet
facet normal 0.9807851225139456 0 0.19509111577748656
outer loop
vertex 5.426148891448975 -44.72999572753906 -8.582683563232422
vertex 5.426148891448975 -43.52999496459961 -8.582683563232422
vertex 5.350028038024902 -44.72999572753906 -8.199999809265137
endloop
endfacet
facet normal 0.831469437753771 0 0.5555704942502147
outer loop
vertex 5.426148891448975 -44.72999572753906 -8.582683563232422
vertex 5.642921447753906 -43.52999496459961 -8.907106399536133
vertex 5.426148891448975 -43.52999496459961 -8.582683563232422
endloop
endfacet
facet normal 0.19509017403555012 0 0.9807853098383859
outer loop
vertex 5.967344760894775 -44.72999572753906 -9.123879432678223
vertex 6.350028038024902 -44.72999572753906 -9.199999809265137
vertex 6.350028038024902 -43.52999496459961 -9.199999809265137
endloop
endfacet
facet normal 0.19509017403555012 0 0.9807853098383859
outer loop
vertex 5.967344760894775 -44.72999572753906 -9.123879432678223
vertex 6.350028038024902 -43.52999496459961 -9.199999809265137
vertex 5.967344760894775 -43.52999496459961 -9.123879432678223
endloop
endfacet
facet normal 0.5555707746001806 0 0.8314692504297169
outer loop
vertex 5.642921447753906 -44.72999572753906 -8.907106399536133
vertex 5.967344760894775 -43.52999496459961 -9.123879432678223
vertex 5.642921447753906 -43.52999496459961 -8.907106399536133
endloop
endfacet
facet normal 0.5555707746001806 0 0.8314692504297169
outer loop
vertex 5.642921447753906 -44.72999572753906 -8.907106399536133
vertex 5.967344760894775 -44.72999572753906 -9.123879432678223
vertex 5.967344760894775 -43.52999496459961 -9.123879432678223
endloop
endfacet
facet normal 0.831469437753771 0 0.5555704942502147
outer loop
vertex 5.426148891448975 -44.72999572753906 -8.582683563232422
vertex 5.642921447753906 -44.72999572753906 -8.907106399536133
vertex 5.642921447753906 -43.52999496459961 -8.907106399536133
endloop
endfacet
facet normal 0 0 1
outer loop
vertex 6.350028038024902 -43.52999496459961 -9.199999809265137
vertex 6.350028038024902 -44.72999572753906 -9.199999809265137
vertex 13.850028038024902 -43.52999496459961 -9.199999809265137
endloop
endfacet
facet normal 0 0 1
outer loop
vertex 13.850028038024902 -43.52999496459961 -9.199999809265137
vertex 6.350028038024902 -44.72999572753906 -9.199999809265137
vertex 13.850028038024902 -44.72999572753906 -9.199999809265137
endloop
endfacet
facet normal -0.1950899401984604 0 0.9807853563514094
outer loop
vertex 14.232711791992188 -44.72999572753906 -9.123879432678223
vertex 14.232711791992188 -43.52999496459961 -9.123879432678223
vertex 13.850028038024902 -44.72999572753906 -9.199999809265137
endloop
endfacet
facet normal -0.1950899401984604 0 0.9807853563514094
outer loop
vertex 13.850028038024902 -43.52999496459961 -9.199999809265137
vertex 13.850028038024902 -44.72999572753906 -9.199999809265137
vertex 14.232711791992188 -43.52999496459961 -9.123879432678223
endloop
endfacet
facet normal -0.5555713391342493 0 0.8314688732193027
outer loop
vertex 14.557134628295898 -43.52999496459961 -8.907106399536133
vertex 14.232711791992188 -44.72999572753906 -9.123879432678223
vertex 14.557134628295898 -44.72999572753906 -8.907106399536133
endloop
endfacet
facet normal -0.5555713391342493 0 0.8314688732193027
outer loop
vertex 14.232711791992188 -43.52999496459961 -9.123879432678223
vertex 14.232711791992188 -44.72999572753906 -9.123879432678223
vertex 14.557134628295898 -43.52999496459961 -8.907106399536133
endloop
endfacet
facet normal -0.8314688732193027 0 0.5555713391342493
outer loop
vertex 14.773907661437988 -43.52999496459961 -8.582683563232422
vertex 14.557134628295898 -43.52999496459961 -8.907106399536133
vertex 14.557134628295898 -44.72999572753906 -8.907106399536133
endloop
endfacet
facet normal -1 0 0
outer loop
vertex 14.850028038024902 -43.52999496459961 -8.199999809265137
vertex 14.850028038024902 -44.72999572753906 -8.199999809265137
vertex 14.850028038024902 -43.52999496459961 -6.699999809265137
endloop
endfacet
facet normal -0.010350533518518402 -0.11831136125036402 -0.9929225993273433
outer loop
vertex 70.73516082763672 -47.69499969482422 -1.5
vertex 69.88427734375 -46.82411575317383 -1.5949000120162964
vertex 70.73516082763672 -46.898555755615234 -1.5949000120162964
endloop
endfacet
facet normal -0.030738220854969352 -0.11471643203248684 -0.9929226062490506
outer loop
vertex 68.67140197753906 -46.499122619628906 -1.5949000120162964
vertex 69.7459716796875 -47.608455657958984 -1.5
vertex 68.39900207519531 -47.247535705566406 -1.5
endloop
endfacet
facet normal -0.009265481981183751 -0.10590872285697246 -0.9943326874172755
outer loop
vertex 69.88427734375 -46.82411575317383 -1.5949000120162964
vertex 70.73516082763672 -46.22999572753906 -1.6661099195480347
vertex 70.73516082763672 -46.898555755615234 -1.5949000120162964
endloop
endfacet
facet normal 0.06812082435513186 -0.09728619810712637 -0.9929224284640963
outer loop
vertex 75.13516235351562 -46.658199310302734 -1.5
vertex 75.63516235351562 -46.22999572753906 -1.5076520442962646
vertex 75.63516235351562 -46.3080940246582 -1.5
endloop
endfacet
facet normal 1 0 0
outer loop
vertex 75.63516235351562 -46.22999572753906 -1
vertex 75.63516235351562 -45.72999572753906 -0.5
vertex 75.63516235351562 -46.3080940246582 -0.5
endloop
endfacet
facet normal 1 0 0
outer loop
vertex 75.63516235351562 -46.3080940246582 -0.5
vertex 75.63516235351562 -46.3080940246582 -1.5
vertex 75.63516235351562 -46.22999572753906 -1
endloop
endfacet
facet normal 0.5735781035076711 -0.8191508769308272 0
outer loop
vertex 75.13516235351562 -46.658199310302734 -0.5
vertex 75.13516235351562 -46.658199310302734 -1.5
vertex 75.63516235351562 -46.3080940246582 -0.5
endloop
endfacet
facet normal 0.42261723351328206 -0.906308266506259 0
outer loop
vertex 73.87132263183594 -47.247535705566406 -0.5
vertex 73.87132263183594 -47.247535705566406 -1.5
vertex 75.13516235351562 -46.658199310302734 -0.5
endloop
endfacet
facet normal 0.25881803504136525 -0.9659260969335732 0
outer loop
vertex 72.52434539794922 -47.608455657958984 -0.5
vertex 72.52434539794922 -47.608455657958984 -1.5
vertex 73.87132263183594 -47.247535705566406 -0.5
endloop
endfacet
facet normal 0.08715760952337664 -0.9961945347682704 0
outer loop
vertex 71.53516387939453 -47.69499969482422 -0.5
vertex 71.53516387939453 -47.69499969482422 -1.5
vertex 72.52434539794922 -47.608455657958984 -0.5
endloop
endfacet
facet normal 0.5735781035076711 -0.8191508769308272 0
outer loop
vertex 75.13516235351562 -46.658199310302734 -1.5
vertex 75.63516235351562 -46.3080940246582 -1.5
vertex 75.63516235351562 -46.3080940246582 -0.5
endloop
endfacet
facet normal 0.42261723351328206 -0.906308266506259 0
outer loop
vertex 73.87132263183594 -47.247535705566406 -1.5
vertex 75.13516235351562 -46.658199310302734 -1.5
vertex 75.13516235351562 -46.658199310302734 -0.5
endloop
endfacet
facet normal 1 0 0
outer loop
vertex 75.63516235351562 -46.3080940246582 -1.5
vertex 75.63516235351562 -46.22999572753906 -1.5076520442962646
vertex 75.63516235351562 -46.22999572753906 -1
endloop
endfacet
facet normal 0.06812006781441063 -0.09728531718798292 -0.992922566679091
outer loop
vertex 75.13516235351562 -46.658199310302734 -1.5
vertex 74.887939453125 -46.22999572753906 -1.5589157342910767
vertex 75.63516235351562 -46.22999572753906 -1.5076520442962646
endloop
endfacet
facet normal 0.25881803504136525 -0.9659260969335732 0
outer loop
vertex 72.52434539794922 -47.608455657958984 -1.5
vertex 73.87132263183594 -47.247535705566406 -1.5
vertex 73.87132263183594 -47.247535705566406 -0.5
endloop
endfacet
facet normal 0.08715760952337664 -0.9961945347682704 0
outer loop
vertex 72.52434539794922 -47.608455657958984 -1.5
vertex 72.52434539794922 -47.608455657958984 -0.5
vertex 71.53516387939453 -47.69499969482422 -1.5
endloop
endfacet
facet normal 0.05019130939425478 -0.10763646751122644 -0.9929225666299436
outer loop
vertex 75.13516235351562 -46.658199310302734 -1.5
vertex 74.17607116699219 -46.22999572753906 -1.5949000120162964
vertex 74.887939453125 -46.22999572753906 -1.5589157342910767
endloop
endfacet
facet normal 0.05019133693144264 -0.10763640697915727 -0.9929225717998618
outer loop
vertex 75.13516235351562 -46.658199310302734 -1.5
vertex 73.59892272949219 -46.499122619628906 -1.5949000120162964
vertex 74.17607116699219 -46.22999572753906 -1.5949000120162964
endloop
endfacet
facet normal 0.04493010334121775 -0.09635357781875097 -0.9943325770863958
outer loop
vertex 73.59892272949219 -46.499122619628906 -1.5949000120162964
vertex 73.50096893310547 -46.22999572753906 -1.6254053115844727
vertex 74.17607116699219 -46.22999572753906 -1.5949000120162964
endloop
endfacet
facet normal 0.050191374176117014 -0.10763606809161036 -0.992922606653757
outer loop
vertex 73.87132263183594 -47.247535705566406 -1.5
vertex 73.59892272949219 -46.499122619628906 -1.5949000120162964
vertex 75.13516235351562 -46.658199310302734 -1.5
endloop
endfacet
facet normal 0.02751648163670339 -0.10269159344358907 -0.9943325801130897
outer loop
vertex 72.38604736328125 -46.82411575317383 -1.5949000120162964
vertex 73.50096893310547 -46.22999572753906 -1.6254053115844727
vertex 73.59892272949219 -46.499122619628906 -1.5949000120162964
endloop
endfacet
facet normal 0.03073853785745441 -0.11471631709257485 -0.9929226097149272
outer loop
vertex 73.87132263183594 -47.247535705566406 -1.5
vertex 72.38604736328125 -46.82411575317383 -1.5949000120162964
vertex 73.59892272949219 -46.499122619628906 -1.5949000120162964
endloop
endfacet
facet normal 0.027515762057422326 -0.10269025122592364 -0.9943327386451459
outer loop
vertex 72.38604736328125 -46.82411575317383 -1.5949000120162964
vertex 72.28128814697266 -46.22999572753906 -1.6591570377349854
vertex 73.50096893310547 -46.22999572753906 -1.6254053115844727
endloop
endfacet
facet normal 0.009265853322310233 -0.10590819732606105 -0.9943327399323396
outer loop
vertex 72.38604736328125 -46.82411575317383 -1.5949000120162964
vertex 71.53516387939453 -46.22999572753906 -1.6661099195480347
vertex 72.28128814697266 -46.22999572753906 -1.6591570377349854
endloop
endfacet
facet normal 0.009265481981183751 -0.10590872285697246 -0.9943326874172755
outer loop
vertex 71.53516387939453 -46.898555755615234 -1.5949000120162964
vertex 71.53516387939453 -46.22999572753906 -1.6661099195480347
vertex 72.38604736328125 -46.82411575317383 -1.5949000120162964
endloop
endfacet
facet normal 0.03073826574856354 -0.11471724934574828 -0.9929225104313608
outer loop
vertex 72.52434539794922 -47.608455657958984 -1.5
vertex 72.38604736328125 -46.82411575317383 -1.5949000120162964
vertex 73.87132263183594 -47.247535705566406 -1.5
endloop
endfacet
facet normal 0.010350597017743162 -0.11831208707572427 -0.9929225121796577
outer loop
vertex 72.52434539794922 -47.608455657958984 -1.5
vertex 71.53516387939453 -46.898555755615234 -1.5949000120162964
vertex 72.38604736328125 -46.82411575317383 -1.5949000120162964
endloop
endfacet
facet normal 0.0103511262136857 -0.11831136052445945 -0.9929225932352228
outer loop
vertex 71.53516387939453 -47.69499969482422 -1.5
vertex 71.53516387939453 -46.898555755615234 -1.5949000120162964
vertex 72.52434539794922 -47.608455657958984 -1.5
endloop
endfacet
facet normal -1 0 0
outer loop
vertex 66.63516235351562 -46.22999572753906 -1
vertex 66.63516235351562 -46.3080940246582 -0.5
vertex 66.63516235351562 -45.72999572753906 -0.5
endloop
endfacet
facet normal -0.08715694240271953 -0.9961945931347997 0
outer loop
vertex 69.7459716796875 -47.608455657958984 -0.5
vertex 69.7459716796875 -47.608455657958984 -1.5
vertex 70.73516082763672 -47.69499969482422 -0.5
endloop
endfacet
facet normal -0.25881940281543525 -0.9659257304401108 0
outer loop
vertex 68.39900207519531 -47.247535705566406 -0.5
vertex 68.39900207519531 -47.247535705566406 -1.5
vertex 69.7459716796875 -47.608455657958984 -0.5
endloop
endfacet
facet normal -0.42261723351328206 -0.906308266506259 0
outer loop
vertex 67.13516235351562 -46.658199310302734 -0.5
vertex 67.13516235351562 -46.658199310302734 -1.5
vertex 68.39900207519531 -47.247535705566406 -0.5
endloop
endfacet
facet normal -0.5735781035076711 -0.8191508769308272 0
outer loop
vertex 66.63516235351562 -46.3080940246582 -0.5
vertex 66.63516235351562 -46.3080940246582 -1.5
vertex 67.13516235351562 -46.658199310302734 -0.5
endloop
endfacet
facet normal -1 0 0
outer loop
vertex 66.63516235351562 -46.22999572753906 -1
vertex 66.63516235351562 -46.3080940246582 -1.5
vertex 66.63516235351562 -46.3080940246582 -0.5
endloop
endfacet
facet normal -0.08715694240271953 -0.9961945931347997 0
outer loop
vertex 69.7459716796875 -47.608455657958984 -1.5
vertex 70.73516082763672 -47.69499969482422 -1.5
vertex 70.73516082763672 -47.69499969482422 -0.5
endloop
endfacet
facet normal -0.25881940281543525 -0.9659257304401108 0
outer loop
vertex 68.39900207519531 -47.247535705566406 -1.5
vertex 69.7459716796875 -47.608455657958984 -1.5
vertex 69.7459716796875 -47.608455657958984 -0.5
endloop
endfacet
facet normal -0.42261723351328206 -0.906308266506259 0
outer loop
vertex 68.39900207519531 -47.247535705566406 -1.5
vertex 68.39900207519531 -47.247535705566406 -0.5
vertex 67.13516235351562 -46.658199310302734 -1.5
endloop
endfacet
facet normal -0.5735781035076711 -0.8191508769308272 0
outer loop
vertex 66.63516235351562 -46.3080940246582 -1.5
vertex 67.13516235351562 -46.658199310302734 -1.5
vertex 67.13516235351562 -46.658199310302734 -0.5
endloop
endfacet
facet normal -1 0 0
outer loop
vertex 66.63516235351562 -46.22999572753906 -1
vertex 66.63516235351562 -46.22999572753906 -1.5076520442962646
vertex 66.63516235351562 -46.3080940246582 -1.5
endloop
endfacet
facet normal -0.06812006781441063 -0.09728531718798292 -0.992922566679091
outer loop
vertex 67.13516235351562 -46.658199310302734 -1.5
vertex 66.63516235351562 -46.22999572753906 -1.5076520442962646
vertex 67.38238525390625 -46.22999572753906 -1.5589157342910767
endloop
endfacet
facet normal -0.06812082435513186 -0.09728619810712637 -0.9929224284640963
outer loop
vertex 66.63516235351562 -46.22999572753906 -1.5076520442962646
vertex 67.13516235351562 -46.658199310302734 -1.5
vertex 66.63516235351562 -46.3080940246582 -1.5
endloop
endfacet
facet normal -0.009265853322310233 -0.10590819732606105 -0.9943327399323396
outer loop
vertex 69.88427734375 -46.82411575317383 -1.5949000120162964
vertex 69.9890365600586 -46.22999572753906 -1.6591570377349854
vertex 70.73516082763672 -46.22999572753906 -1.6661099195480347
endloop
endfacet
facet normal -0.027516105658585262 -0.10269019029210479 -0.9943327354297237
outer loop
vertex 68.67140197753906 -46.499122619628906 -1.5949000120162964
vertex 69.9890365600586 -46.22999572753906 -1.6591570377349854
vertex 69.88427734375 -46.82411575317383 -1.5949000120162964
endloop
endfacet
facet normal -0.027515757474004532 -0.10269185621165612 -0.9943325730149025
outer loop
vertex 68.67140197753906 -46.499122619628906 -1.5949000120162964
vertex 68.76935577392578 -46.22999572753906 -1.6254053115844727
vertex 69.9890365600586 -46.22999572753906 -1.6591570377349854
endloop
endfacet
facet normal -0.030738688525986914 -0.11471687938799797 -0.9929225400861751
outer loop
vertex 69.7459716796875 -47.608455657958984 -1.5
vertex 68.67140197753906 -46.499122619628906 -1.5949000120162964
vertex 69.88427734375 -46.82411575317383 -1.5949000120162964
endloop
endfacet
facet normal -0.010351093653251058 -0.11831190087823562 -0.9929225291888387
outer loop
vertex 69.88427734375 -46.82411575317383 -1.5949000120162964
vertex 70.73516082763672 -47.69499969482422 -1.5
vertex 69.7459716796875 -47.608455657958984 -1.5
endloop
endfacet
facet normal -0.044929595812526785 -0.09635376310763541 -0.9943325820645327
outer loop
vertex 68.67140197753906 -46.499122619628906 -1.5949000120162964
vertex 68.09424591064453 -46.22999572753906 -1.5949000120162964
vertex 68.76935577392578 -46.22999572753906 -1.6254053115844727
endloop
endfacet
facet normal -0.05019064043624903 -0.1076363361690093 -0.9929226146828922
outer loop
vertex 68.09424591064453 -46.22999572753906 -1.5949000120162964
vertex 68.67140197753906 -46.499122619628906 -1.5949000120162964
vertex 68.39900207519531 -47.247535705566406 -1.5
endloop
endfacet
facet normal -0.05019163445407178 -0.10763662626113892 -0.9929225329893309
outer loop
vertex 67.13516235351562 -46.658199310302734 -1.5
vertex 68.09424591064453 -46.22999572753906 -1.5949000120162964
vertex 68.39900207519531 -47.247535705566406 -1.5
endloop
endfacet
facet normal -0.05019184764428587 -0.10763615763146751 -0.992922573013821
outer loop
vertex 67.38238525390625 -46.22999572753906 -1.5589157342910767
vertex 68.09424591064453 -46.22999572753906 -1.5949000120162964
vertex 67.13516235351562 -46.658199310302734 -1.5
endloop
endfacet
facet normal -0.42261828128849965 -0.9063077779213609 0
outer loop
vertex -52.527584075927734 -51.408199310302734 -1.5
vertex -51.26374816894531 -51.997535705566406 -1.5
vertex -51.26374816894531 -51.997535705566406 -0.5
endloop
endfacet
facet normal 0.5735781035076711 -0.8191508769308272 0
outer loop
vertex -44.527584075927734 -51.408199310302734 -0.5
vertex -44.527584075927734 -51.408199310302734 -1.5
vertex -44.027584075927734 -51.0580940246582 -0.5
endloop
endfacet
facet normal -1 0 0
outer loop
vertex -53.027584075927734 -50.97999572753906 -1
vertex -53.027584075927734 -50.97999572753906 -1.5076520442962646
vertex -53.027584075927734 -51.0580940246582 -1.5
endloop
endfacet
facet normal 0.25881803504136525 -0.9659260969335732 0
outer loop
vertex -47.13840103149414 -52.358455657958984 -0.5
vertex -47.13840103149414 -52.358455657958984 -1.5
vertex -45.79142379760742 -51.997535705566406 -0.5
endloop
endfacet
facet normal -0.06812006188671474 -0.09728620318369842 -0.9929224802766077
outer loop
vertex -53.027584075927734 -51.0580940246582 -1.5
vertex -53.027584075927734 -50.97999572753906 -1.5076520442962646
vertex -52.28036117553711 -50.97999572753906 -1.5589157342910767
endloop
endfacet
facet normal -1 0 0
outer loop
vertex -53.027584075927734 -50.97999572753906 -1
vertex -53.027584075927734 -51.0580940246582 -1.5
vertex -53.027584075927734 -51.0580940246582 -0.5
endloop
endfacet
facet normal -0.5735781035076711 -0.8191508769308272 0
outer loop
vertex -53.027584075927734 -51.0580940246582 -0.5
vertex -53.027584075927734 -51.0580940246582 -1.5
vertex -52.527584075927734 -51.408199310302734 -0.5
endloop
endfacet
facet normal -0.42261828128849965 -0.9063077779213609 0
outer loop
vertex -52.527584075927734 -51.408199310302734 -0.5
vertex -52.527584075927734 -51.408199310302734 -1.5
vertex -51.26374816894531 -51.997535705566406 -0.5
endloop
endfacet
facet normal -1 0 0
outer loop
vertex -53.027584075927734 -50.47999572753906 -0.5
vertex -53.027584075927734 -50.97999572753906 -1
vertex -53.027584075927734 -51.0580940246582 -0.5
endloop
endfacet
facet normal -0.030738062168052558 -0.11471648956975991 -0.9929226045140398
outer loop
vertex -51.26374816894531 -51.997535705566406 -1.5
vertex -50.99134826660156 -51.249122619628906 -1.5949000120162964
vertex -49.916770935058594 -52.358455657958984 -1.5
endloop
endfacet
facet normal -0.030738633951452984 -0.11471703651893334 -0.9929225236216128
outer loop
vertex -49.916770935058594 -52.358455657958984 -1.5
vertex -50.99134826660156 -51.249122619628906 -1.5949000120162964
vertex -49.77846908569336 -51.57411575317383 -1.5949000120162964
endloop
endfacet
facet normal -0.02751575857605411 -0.1026914703067878 -0.9943326128394937
outer loop
vertex -50.99134826660156 -51.249122619628906 -1.5949000120162964
vertex -50.89339065551758 -50.97999572753906 -1.6254053115844727
vertex -49.673709869384766 -50.97999572753906 -1.6591570377349854
endloop
endfacet
facet normal -0.044929852332459774 -0.09635303952504372 -0.9943326405904962
outer loop
vertex -51.56849670410156 -50.97999572753906 -1.5949000120162964
vertex -50.89339065551758 -50.97999572753906 -1.6254053115844727
vertex -50.99134826660156 -51.249122619628906 -1.5949000120162964
endloop
endfacet
facet normal -0.05019120733161092 -0.10763612904951673 -0.9929226084795487
outer loop
vertex -51.26374816894531 -51.997535705566406 -1.5
vertex -51.56849670410156 -50.97999572753906 -1.5949000120162964
vertex -50.99134826660156 -51.249122619628906 -1.5949000120162964
endloop
endfacet
facet normal -0.0501915785178297 -0.10763631257218294 -0.992922569821913
outer loop
vertex -52.28036117553711 -50.97999572753906 -1.5589157342910767
vertex -51.56849670410156 -50.97999572753906 -1.5949000120162964
vertex -52.527584075927734 -51.408199310302734 -1.5
endloop
endfacet
facet normal -0.050191608718123615 -0.10763624618634988 -0.9929225754917643
outer loop
vertex -51.56849670410156 -50.97999572753906 -1.5949000120162964
vertex -51.26374816894531 -51.997535705566406 -1.5
vertex -52.527584075927734 -51.408199310302734 -1.5
endloop
endfacet
facet normal -0.027516023041873346 -0.10269020494325475 -0.9943327362028626
outer loop
vertex -50.99134826660156 -51.249122619628906 -1.5949000120162964
vertex -49.673709869384766 -50.97999572753906 -1.6591570377349854
vertex -49.77846908569336 -51.57411575317383 -1.5949000120162964
endloop
endfacet
facet normal -0.010351137245505982 -0.11831194287454977 -0.9929225237303131
outer loop
vertex -49.916770935058594 -52.358455657958984 -1.5
vertex -49.77846908569336 -51.57411575317383 -1.5949000120162964
vertex -48.92758560180664 -52.44499969482422 -1.5
endloop
endfacet
facet normal -0.010350533518518402 -0.11831136125036402 -0.9929225993273433
outer loop
vertex -48.92758560180664 -52.44499969482422 -1.5
vertex -49.77846908569336 -51.57411575317383 -1.5949000120162964
vertex -48.92758560180664 -51.648555755615234 -1.5949000120162964
endloop
endfacet
facet normal -0.009265481981183751 -0.10590872285697246 -0.9943326874172755
outer loop
vertex -49.77846908569336 -51.57411575317383 -1.5949000120162964
vertex -48.92758560180664 -50.97999572753906 -1.6661099195480347
vertex -48.92758560180664 -51.648555755615234 -1.5949000120162964
endloop
endfacet
facet normal 1 0 0
outer loop
vertex -44.027584075927734 -50.97999572753906 -1
vertex -44.027584075927734 -50.47999572753906 -0.5
vertex -44.027584075927734 -51.0580940246582 -0.5
endloop
endfacet
facet normal -0.009265853322310233 -0.10590819732606105 -0.9943327399323396
outer loop
vertex -48.92758560180664 -50.97999572753906 -1.6661099195480347
vertex -49.77846908569336 -51.57411575317383 -1.5949000120162964
vertex -49.673709869384766 -50.97999572753906 -1.6591570377349854
endloop
endfacet
facet normal 0.01035108629984877 -0.1183113605733453 -0.9929225936454951
outer loop
vertex -48.127586364746094 -51.648555755615234 -1.5949000120162964
vertex -47.13840103149414 -52.358455657958984 -1.5
vertex -48.127586364746094 -52.44499969482422 -1.5
endloop
endfacet
facet normal 0.010350551313921753 -0.11831209507670475 -0.9929225117027304
outer loop
vertex -47.13840103149414 -52.358455657958984 -1.5
vertex -48.127586364746094 -51.648555755615234 -1.5949000120162964
vertex -47.27669906616211 -51.57411575317383 -1.5949000120162964
endloop
endfacet
facet normal 0.009265440445748308 -0.1059087228977344 -0.9943326877999722
outer loop
vertex -48.127586364746094 -51.648555755615234 -1.5949000120162964
vertex -48.127586364746094 -50.97999572753906 -1.6661099195480347
vertex -47.27669906616211 -51.57411575317383 -1.5949000120162964
endloop
endfacet
facet normal 0.00926580594504671 -0.10590820563200387 -0.99433273948915
outer loop
vertex -47.27669906616211 -51.57411575317383 -1.5949000120162964
vertex -48.127586364746094 -50.97999572753906 -1.6661099195480347
vertex -47.3814582824707 -50.97999572753906 -1.6591570377349854
endloop
endfacet
facet normal 0.03073826574856354 -0.11471724934574828 -0.9929225104313608
outer loop
vertex -47.13840103149414 -52.358455657958984 -1.5
vertex -47.27669906616211 -51.57411575317383 -1.5949000120162964
vertex -45.79142379760742 -51.997535705566406 -1.5
endloop
endfacet
facet normal 0.027515762057422326 -0.10269025122592364 -0.9943327386451459
outer loop
vertex -47.27669906616211 -51.57411575317383 -1.5949000120162964
vertex -47.3814582824707 -50.97999572753906 -1.6591570377349854
vertex -46.16177749633789 -50.97999572753906 -1.6254053115844727
endloop
endfacet
facet normal 0.03073853785745441 -0.11471631709257485 -0.9929226097149272
outer loop
vertex -45.79142379760742 -51.997535705566406 -1.5
vertex -47.27669906616211 -51.57411575317383 -1.5949000120162964
vertex -46.06382369995117 -51.249122619628906 -1.5949000120162964
endloop
endfacet
facet normal 0.02751648163670339 -0.10269159344358907 -0.9943325801130897
outer loop
vertex -47.27669906616211 -51.57411575317383 -1.5949000120162964
vertex -46.16177749633789 -50.97999572753906 -1.6254053115844727
vertex -46.06382369995117 -51.249122619628906 -1.5949000120162964
endloop
endfacet
facet normal 0.050191374176117014 -0.10763606809161036 -0.992922606653757
outer loop
vertex -45.79142379760742 -51.997535705566406 -1.5
vertex -46.06382369995117 -51.249122619628906 -1.5949000120162964
vertex -44.527584075927734 -51.408199310302734 -1.5
endloop
endfacet
facet normal 0.04492984957544065 -0.09635367046371997 -0.9943325795755147
outer loop
vertex -46.06382369995117 -51.249122619628906 -1.5949000120162964
vertex -46.16177749633789 -50.97999572753906 -1.6254053115844727
vertex -45.486671447753906 -50.97999572753906 -1.5949000120162964
endloop
endfacet
facet normal 0.050191273656648355 -0.10763698271339371 -0.9929225125864959
outer loop
vertex -44.527584075927734 -51.408199310302734 -1.5
vertex -46.06382369995117 -51.249122619628906 -1.5949000120162964
vertex -45.486671447753906 -50.97999572753906 -1.5949000120162964
endloop
endfacet
facet normal 0.0501915785178297 -0.10763631257218294 -0.992922569821913
outer loop
vertex -44.527584075927734 -51.408199310302734 -1.5
vertex -45.486671447753906 -50.97999572753906 -1.5949000120162964
vertex -44.77480697631836 -50.97999572753906 -1.5589157342910767
endloop
endfacet
facet normal -0.25881803504136525 -0.9659260969335732 0
outer loop
vertex -51.26374816894531 -51.997535705566406 -1.5
vertex -49.916770935058594 -52.358455657958984 -1.5
vertex -49.916770935058594 -52.358455657958984 -0.5
endloop
endfacet
facet normal -0.0871572759617764 -0.9961945639517026 0
outer loop
vertex -49.916770935058594 -52.358455657958984 -1.5
vertex -48.92758560180664 -52.44499969482422 -1.5
vertex -48.92758560180664 -52.44499969482422 -0.5
endloop
endfacet
facet normal 0.0871572759617764 -0.9961945639517026 0
outer loop
vertex -47.13840103149414 -52.358455657958984 -1.5
vertex -47.13840103149414 -52.358455657958984 -0.5
vertex -48.127586364746094 -52.44499969482422 -1.5
endloop
endfacet
facet normal 0.25881803504136525 -0.9659260969335732 0
outer loop
vertex -47.13840103149414 -52.358455657958984 -1.5
vertex -45.79142379760742 -51.997535705566406 -1.5
vertex -45.79142379760742 -51.997535705566406 -0.5
endloop
endfacet
facet normal -0.25881803504136525 -0.9659260969335732 0
outer loop
vertex -51.26374816894531 -51.997535705566406 -0.5
vertex -51.26374816894531 -51.997535705566406 -1.5
vertex -49.916770935058594 -52.358455657958984 -0.5
endloop
endfacet
facet normal -0.0871572759617764 -0.9961945639517026 0
outer loop
vertex -49.916770935058594 -52.358455657958984 -0.5
vertex -49.916770935058594 -52.358455657958984 -1.5
vertex -48.92758560180664 -52.44499969482422 -0.5
endloop
endfacet
facet normal 0.0871572759617764 -0.9961945639517026 0
outer loop
vertex -48.127586364746094 -52.44499969482422 -0.5
vertex -48.127586364746094 -52.44499969482422 -1.5
vertex -47.13840103149414 -52.358455657958984 -0.5
endloop
endfacet
facet normal -0.5735781035076711 -0.8191508769308272 0
outer loop
vertex -53.027584075927734 -51.0580940246582 -1.5
vertex -52.527584075927734 -51.408199310302734 -1.5
vertex -52.527584075927734 -51.408199310302734 -0.5
endloop
endfacet
facet normal 0.06812006781441063 -0.09728531718798292 -0.992922566679091
outer loop
vertex -44.527584075927734 -51.408199310302734 -1.5
vertex -44.77480697631836 -50.97999572753906 -1.5589157342910767
vertex -44.027584075927734 -50.97999572753906 -1.5076520442962646
endloop
endfacet
facet normal 0.06812082435513186 -0.09728619810712637 -0.9929224284640963
outer loop
vertex -44.527584075927734 -51.408199310302734 -1.5
vertex -44.027584075927734 -50.97999572753906 -1.5076520442962646
vertex -44.027584075927734 -51.0580940246582 -1.5
endloop
endfacet
facet normal 1 0 0
outer loop
vertex -44.027584075927734 -51.0580940246582 -1.5
vertex -44.027584075927734 -50.97999572753906 -1.5076520442962646
vertex -44.027584075927734 -50.97999572753906 -1
endloop
endfacet
facet normal 0.42261723351328206 -0.906308266506259 0
outer loop
vertex -45.79142379760742 -51.997535705566406 -1.5
vertex -44.527584075927734 -51.408199310302734 -1.5
vertex -44.527584075927734 -51.408199310302734 -0.5
endloop
endfacet
facet normal -0.06812016722441129 -0.09728525963126279 -0.9929225654983354
outer loop
vertex -53.027584075927734 -51.0580940246582 -1.5
vertex -52.28036117553711 -50.97999572753906 -1.5589157342910767
vertex -52.527584075927734 -51.408199310302734 -1.5
endloop
endfacet
facet normal 0.5735781035076711 -0.8191508769308272 0
outer loop
vertex -44.527584075927734 -51.408199310302734 -1.5
vertex -44.027584075927734 -51.0580940246582 -1.5
vertex -44.027584075927734 -51.0580940246582 -0.5
endloop
endfacet
facet normal 0.42261723351328206 -0.906308266506259 0
outer loop
vertex -45.79142379760742 -51.997535705566406 -0.5
vertex -45.79142379760742 -51.997535705566406 -1.5
vertex -44.527584075927734 -51.408199310302734 -0.5
endloop
endfacet
facet normal 1 0 0
outer loop
vertex -44.027584075927734 -51.0580940246582 -0.5
vertex -44.027584075927734 -51.0580940246582 -1.5
vertex -44.027584075927734 -50.97999572753906 -1
endloop
endfacet
facet normal -1 0 0
outer loop
vertex 77.13516235351562 -44.52999496459961 -4
vertex 77.13516235351562 -44.52999496459961 -0.5
vertex 77.13516235351562 -43.52999496459961 -0.5
endloop
endfacet
facet normal 0.9807899398239573 0.19506689606419184 0
outer loop
vertex 65.13516235351562 -44.52999496459961 -4
vertex 65.13516235351562 -44.52999496459961 -0.5
vertex 65.1732177734375 -44.721336364746094 -0.5
endloop
endfacet
facet normal -1 0 0
outer loop
vertex 77.13516235351562 -43.52999496459961 -0.5
vertex 77.13516235351562 -43.52999496459961 -5
vertex 77.13516235351562 -44.52999496459961 -4
endloop
endfacet
facet normal -0.5555617383814266 0.831475288175546 0
outer loop
vertex 76.98871612548828 -44.883548736572266 -0.5
vertex 76.98871612548828 -44.883548736572266 -4
vertex 76.82649993896484 -44.99193572998047 -4
endloop
endfacet
facet normal -0.8314782854783427 0.5555572524753821 0
outer loop
vertex 77.09709930419922 -44.721336364746094 -0.5
vertex 77.09709930419922 -44.721336364746094 -4
vertex 76.98871612548828 -44.883548736572266 -4
endloop
endfacet
facet normal -0.980782457176804 0.19510451479714808 0
outer loop
vertex 77.13516235351562 -44.52999496459961 -0.5
vertex 77.13516235351562 -44.52999496459961 -4
vertex 77.09709930419922 -44.721336364746094 -4
endloop
endfacet
facet normal 0 0 -1
outer loop
vertex 77.13516235351562 -44.52999496459961 -4
vertex 77.13516235351562 -46.22999572753906 -4
vertex 77.09709930419922 -44.721336364746094 -4
endloop
endfacet
facet normal 0 0 -1
outer loop
vertex 77.13516235351562 -46.22999572753906 -4
vertex 76.98871612548828 -44.883548736572266 -4
vertex 77.09709930419922 -44.721336364746094 -4
endloop
endfacet
facet normal 1 0 0
outer loop
vertex 65.13516235351562 -46.22999572753906 -5
vertex 65.13516235351562 -43.52999496459961 -5
vertex 65.13516235351562 -44.52999496459961 -4
endloop
endfacet
facet normal 0 0 1
outer loop
vertex 77.13516235351562 -43.52999496459961 -5
vertex 65.13516235351562 -43.52999496459961 -5
vertex 65.13516235351562 -46.22999572753906 -5
endloop
endfacet
facet normal 0 0 1
outer loop
vertex 77.13516235351562 -43.52999496459961 -5
vertex 65.13516235351562 -46.22999572753906 -5
vertex 77.13516235351562 -46.22999572753906 -5
endloop
endfacet
facet normal -1 0 0
outer loop
vertex 77.13516235351562 -43.52999496459961 -5
vertex 77.13516235351562 -46.22999572753906 -5
vertex 77.13516235351562 -44.52999496459961 -4
endloop
endfacet
facet normal 1 0 0
outer loop
vertex 65.13516235351562 -46.22999572753906 -4
vertex 65.13516235351562 -46.22999572753906 -5
vertex 65.13516235351562 -44.52999496459961 -4
endloop
endfacet
facet normal 0 0 -1
outer loop
vertex 65.13516235351562 -46.22999572753906 -4
vertex 65.1732177734375 -44.721336364746094 -4
vertex 65.28160858154297 -44.883548736572266 -4
endloop
endfacet
facet normal 0 0 -1
outer loop
vertex 65.1732177734375 -44.721336364746094 -4
vertex 65.13516235351562 -46.22999572753906 -4
vertex 65.13516235351562 -44.52999496459961 -4
endloop
endfacet
facet normal 0 0 -1
outer loop
vertex 65.13516235351562 -46.22999572753906 -4
vertex 65.28160858154297 -44.883548736572266 -4
vertex 65.44381713867188 -44.99193572998047 -4
endloop
endfacet
facet normal 0 0 -1
outer loop
vertex 65.13516235351562 -46.22999572753906 -4
vertex 65.44381713867188 -44.99193572998047 -4
vertex 70.73516082763672 -46.22999572753906 -4
endloop
endfacet
facet normal 0 0 -1
outer loop
vertex 70.73516082763672 -46.22999572753906 -4
vertex 65.44381713867188 -44.99193572998047 -4
vertex 70.73516082763672 -45.02999496459961 -4
endloop
endfacet
facet normal 1 0 0
outer loop
vertex 65.13516235351562 -43.52999496459961 -5
vertex 65.13516235351562 -43.52999496459961 -0.5
vertex 65.13516235351562 -44.52999496459961 -4
endloop
endfacet
facet normal -0.007192559633405969 0.9999741332084146 0
outer loop
vertex 76.82649993896484 -44.99193572998047 -0.5
vertex 76.82649993896484 -44.99193572998047 -4
vertex 71.53516387939453 -45.02999496459961 -4
endloop
endfacet
facet normal 0.8314602204820793 0.5555842886150507 0
outer loop
vertex 65.28160858154297 -44.883548736572266 -0.5
vertex 65.28160858154297 -44.883548736572266 -4
vertex 65.1732177734375 -44.721336364746094 -4
endloop
endfacet
facet normal 0.5555798033776967 0.8314632175140401 0
outer loop
vertex 65.44381713867188 -44.99193572998047 -0.5
vertex 65.44381713867188 -44.99193572998047 -4
vertex 65.28160858154297 -44.883548736572266 -4
endloop
endfacet
facet normal 0.9807899398239573 0.19506689606419184 0
outer loop
vertex 65.1732177734375 -44.721336364746094 -0.5
vertex 65.1732177734375 -44.721336364746094 -4
vertex 65.13516235351562 -44.52999496459961 -4
endloop
endfacet
facet normal 1 0 0
outer loop
vertex 70.73516082763672 -46.22999572753906 -1.6661099195480347
vertex 70.73516082763672 -46.22999572753906 -4
vertex 70.73516082763672 -45.02999496459961 -4
endloop
endfacet
facet normal 0.007192549263254353 0.9999741332830042 0
outer loop
vertex 65.44381713867188 -44.99193572998047 -4
vertex 70.73516082763672 -45.02999496459961 -0.5
vertex 70.73516082763672 -45.02999496459961 -4
endloop
endfacet
facet normal -0.980782457176804 0.19510451479714808 0
outer loop
vertex 77.09709930419922 -44.721336364746094 -4
vertex 77.09709930419922 -44.721336364746094 -0.5
vertex 77.13516235351562 -44.52999496459961 -0.5
endloop
endfacet
facet normal -0.8314782854783427 0.5555572524753821 0
outer loop
vertex 76.98871612548828 -44.883548736572266 -4
vertex 76.98871612548828 -44.883548736572266 -0.5
vertex 77.09709930419922 -44.721336364746094 -0.5
endloop
endfacet
facet normal 1 0 0
outer loop
vertex 70.73516082763672 -47.69499969482422 -0.5
vertex 70.73516082763672 -47.69499969482422 -1.5
vertex 70.73516082763672 -46.898555755615234 -1.5949000120162964
endloop
endfacet
facet normal -1 0 0
outer loop
vertex 71.53516387939453 -47.69499969482422 -1.5
vertex 71.53516387939453 -47.69499969482422 -0.5
vertex 71.53516387939453 -46.898555755615234 -1.5949000120162964
endloop
endfacet
facet normal 1 0 0
outer loop
vertex 70.73516082763672 -46.22999572753906 -1.6661099195480347
vertex 70.73516082763672 -47.69499969482422 -0.5
vertex 70.73516082763672 -46.898555755615234 -1.5949000120162964
endloop
endfacet
facet normal -1 0 0
outer loop
vertex 71.53516387939453 -47.69499969482422 -0.5
vertex 71.53516387939453 -46.22999572753906 -1.6661099195480347
vertex 71.53516387939453 -46.898555755615234 -1.5949000120162964
endloop
endfacet
facet normal -0.5555617383814266 0.831475288175546 0
outer loop
vertex 76.82649993896484 -44.99193572998047 -4
vertex 76.82649993896484 -44.99193572998047 -0.5
vertex 76.98871612548828 -44.883548736572266 -0.5
endloop
endfacet
facet normal -0.007192559633405969 0.9999741332084146 0
outer loop
vertex 76.82649993896484 -44.99193572998047 -0.5
vertex 71.53516387939453 -45.02999496459961 -4
vertex 71.53516387939453 -45.02999496459961 -0.5
endloop
endfacet
facet normal -1 0 0
outer loop
vertex 71.53516387939453 -46.22999572753906 -4
vertex 71.53516387939453 -45.02999496459961 -0.5
vertex 71.53516387939453 -45.02999496459961 -4
endloop
endfacet
facet normal 0 0 -1
outer loop
vertex 71.53516387939453 -45.02999496459961 -4
vertex 77.13516235351562 -46.22999572753906 -4
vertex 71.53516387939453 -46.22999572753906 -4
endloop
endfacet
facet normal 0 0 -1
outer loop
vertex 77.13516235351562 -46.22999572753906 -4
vertex 71.53516387939453 -45.02999496459961 -4
vertex 76.82649993896484 -44.99193572998047 -4
endloop
endfacet
facet normal -1 0 0
outer loop
vertex 77.13516235351562 -44.52999496459961 -4
vertex 77.13516235351562 -46.22999572753906 -5
vertex 77.13516235351562 -46.22999572753906 -4
endloop
endfacet
facet normal 0 0 -1
outer loop
vertex 77.13516235351562 -46.22999572753906 -4
vertex 76.82649993896484 -44.99193572998047 -4
vertex 76.98871612548828 -44.883548736572266 -4
endloop
endfacet
facet normal 0.007192549263254353 0.9999741332830042 0
outer loop
vertex 65.44381713867188 -44.99193572998047 -4
vertex 65.44381713867188 -44.99193572998047 -0.5
vertex 70.73516082763672 -45.02999496459961 -0.5
endloop
endfacet
facet normal 1 0 0
outer loop
vertex 70.73516082763672 -45.02999496459961 -4
vertex 70.73516082763672 -45.02999496459961 -0.5
vertex 70.73516082763672 -46.22999572753906 -1.6661099195480347
endloop
endfacet
facet normal 1 0 0
outer loop
vertex 70.73516082763672 -47.69499969482422 -0.5
vertex 70.73516082763672 -46.22999572753906 -1.6661099195480347
vertex 70.73516082763672 -45.02999496459961 -0.5
endloop
endfacet
facet normal -1 0 0
outer loop
vertex 71.53516387939453 -46.22999572753906 -1.6661099195480347
vertex 71.53516387939453 -47.69499969482422 -0.5
vertex 71.53516387939453 -45.02999496459961 -0.5
endloop
endfacet
facet normal -1 0 0
outer loop
vertex 71.53516387939453 -45.02999496459961 -0.5
vertex 71.53516387939453 -46.22999572753906 -4
vertex 71.53516387939453 -46.22999572753906 -1.6661099195480347
endloop
endfacet
facet normal 0.8314602204820793 0.5555842886150507 0
outer loop
vertex 65.1732177734375 -44.721336364746094 -4
vertex 65.1732177734375 -44.721336364746094 -0.5
vertex 65.28160858154297 -44.883548736572266 -0.5
endloop
endfacet
facet normal 0.5555798033776967 0.8314632175140401 0
outer loop
vertex 65.28160858154297 -44.883548736572266 -4
vertex 65.28160858154297 -44.883548736572266 -0.5
vertex 65.44381713867188 -44.99193572998047 -0.5
endloop
endfacet
facet normal 1 0 0
outer loop
vertex 65.13516235351562 -44.52999496459961 -0.5
vertex 65.13516235351562 -44.52999496459961 -4
vertex 65.13516235351562 -43.52999496459961 -0.5
endloop
endfacet
facet normal 0.9807861986664705 0.19508570553829574 0
outer loop
vertex -54.527584075927734 -49.27999496459961 -4
vertex -54.527584075927734 -49.27999496459961 -0.5
vertex -54.489524841308594 -49.471336364746094 -0.5
endloop
endfacet
facet normal -1 0 0
outer loop
vertex -42.527584075927734 -48.27999496459961 -0.5
vertex -42.527584075927734 -48.27999496459961 -5
vertex -42.527584075927734 -49.27999496459961 -4
endloop
endfacet
facet normal -0.980782457176804 -0.19510451479714808 0
outer loop
vertex -42.527584075927734 -48.27999496459961 -5
vertex -42.527584075927734 -48.27999496459961 -0.5
vertex -42.56564712524414 -48.088653564453125 -0.5
endloop
endfacet
facet normal 0 0 -1
outer loop
vertex -48.92758560180664 -50.97999572753906 -4
vertex -54.21892547607422 -49.74193572998047 -4
vertex -48.92758560180664 -49.77999496459961 -4
endloop
endfacet
facet normal 1 0 0
outer loop
vertex -54.527584075927734 -49.27999496459961 -0.5
vertex -54.527584075927734 -49.27999496459961 -4
vertex -54.527584075927734 -48.27999496459961 -0.5
endloop
endfacet
facet normal -1 0 0
outer loop
vertex -42.527584075927734 -49.27999496459961 -4
vertex -42.527584075927734 -50.97999572753906 -5
vertex -42.527584075927734 -50.97999572753906 -4
endloop
endfacet
facet normal 0.5555707707654927 -0.831469252991977 0
outer loop
vertex -54.21892547607422 -47.81805419921875 -5
vertex -54.21892547607422 -47.81805419921875 -0.5
vertex -54.38113784790039 -47.92644119262695 -0.5
endloop
endfacet
facet normal 1 0 0
outer loop
vertex -48.92758560180664 -50.97999572753906 -4
vertex -48.92758560180664 -49.77999496459961 -0.5
vertex -48.92758560180664 -50.97999572753906 -1.6661099195480347
endloop
endfacet
facet normal -1 0 0
outer loop
vertex -48.127586364746094 -49.77999496459961 -0.5
vertex -48.127586364746094 -49.77999496459961 -4
vertex -48.127586364746094 -50.97999572753906 -1.6661099195480347
endloop
endfacet
facet normal 1 0 0
outer loop
vertex -54.527584075927734 -50.97999572753906 -5
vertex -54.527584075927734 -48.27999496459961 -5
vertex -54.527584075927734 -49.27999496459961 -4
endloop
endfacet
facet normal 0 0 1
outer loop
vertex -54.527584075927734 -48.27999496459961 -5
vertex -54.527584075927734 -50.97999572753906 -5
vertex -54.489524841308594 -48.088653564453125 -5
endloop
endfacet
facet normal 0.831469252991977 -0.5555707707654927 0
outer loop
vertex -54.38113784790039 -47.92644119262695 -5
vertex -54.38113784790039 -47.92644119262695 -0.5
vertex -54.489524841308594 -48.088653564453125 -0.5
endloop
endfacet
facet normal 0.9807861986664705 -0.19508570553829577 0
outer loop
vertex -54.489524841308594 -48.088653564453125 -5
vertex -54.489524841308594 -48.088653564453125 -0.5
vertex -54.527584075927734 -48.27999496459961 -0.5
endloop
endfacet
facet normal 0.007192554448326423 0.9999741332457095 0
outer loop
vertex -54.21892547607422 -49.74193572998047 -4
vertex -54.21892547607422 -49.74193572998047 -0.5
vertex -48.92758560180664 -49.77999496459961 -0.5
endloop
endfacet
facet normal 0 0 1
outer loop
vertex -54.489524841308594 -48.088653564453125 -5
vertex -54.527584075927734 -50.97999572753906 -5
vertex -54.38113784790039 -47.92644119262695 -5
endloop
endfacet
facet normal 0 0 1
outer loop
vertex -54.38113784790039 -47.92644119262695 -5
vertex -54.527584075927734 -50.97999572753906 -5
vertex -54.21892547607422 -47.81805419921875 -5
endloop
endfacet
facet normal 0 0 1
outer loop
vertex -42.527584075927734 -50.97999572753906 -5
vertex -42.527584075927734 -48.27999496459961 -5
vertex -54.527584075927734 -50.97999572753906 -5
endloop
endfacet
facet normal 0 0 1
outer loop
vertex -54.21892547607422 -47.81805419921875 -5
vertex -54.527584075927734 -50.97999572753906 -5
vertex -42.83624267578125 -47.81805419921875 -5
endloop
endfacet
facet normal 0 0 1
outer loop
vertex -54.527584075927734 -50.97999572753906 -5
vertex -42.56564712524414 -48.088653564453125 -5
vertex -42.67403030395508 -47.92644119262695 -5
endloop
endfacet
facet normal 0 0 1
outer loop
vertex -42.83624267578125 -47.81805419921875 -5
vertex -54.527584075927734 -50.97999572753906 -5
vertex -42.67403030395508 -47.92644119262695 -5
endloop
endfacet
facet normal 0 0 1
outer loop
vertex -42.56564712524414 -48.088653564453125 -5
vertex -54.527584075927734 -50.97999572753906 -5
vertex -42.527584075927734 -48.27999496459961 -5
endloop
endfacet
facet normal 1 0 0
outer loop
vertex -54.527584075927734 -48.27999496459961 -5
vertex -54.527584075927734 -48.27999496459961 -0.5
vertex -54.527584075927734 -49.27999496459961 -4
endloop
endfacet
facet normal -1 0 0
outer loop
vertex -42.527584075927734 -48.27999496459961 -5
vertex -42.527584075927734 -50.97999572753906 -5
vertex -42.527584075927734 -49.27999496459961 -4
endloop
endfacet
facet normal 1 0 0
outer loop
vertex -54.527584075927734 -50.97999572753906 -5
vertex -54.527584075927734 -49.27999496459961 -4
vertex -54.527584075927734 -50.97999572753906 -4
endloop
endfacet
facet normal 0 0 -1
outer loop
vertex -54.21892547607422 -49.74193572998047 -4
vertex -54.527584075927734 -50.97999572753906 -4
vertex -54.38113784790039 -49.633548736572266 -4
endloop
endfacet
facet normal 0 0 -1
outer loop
vertex -54.38113784790039 -49.633548736572266 -4
vertex -54.527584075927734 -50.97999572753906 -4
vertex -54.489524841308594 -49.471336364746094 -4
endloop
endfacet
facet normal 0 0 -1
outer loop
vertex -54.489524841308594 -49.471336364746094 -4
vertex -54.527584075927734 -50.97999572753906 -4
vertex -54.527584075927734 -49.27999496459961 -4
endloop
endfacet
facet normal 0 0 -1
outer loop
vertex -42.527584075927734 -50.97999572753906 -4
vertex -48.127586364746094 -49.77999496459961 -4
vertex -42.83624267578125 -49.74193572998047 -4
endloop
endfacet
facet normal 0 0 -1
outer loop
vertex -42.527584075927734 -50.97999572753906 -4
vertex -42.83624267578125 -49.74193572998047 -4
vertex -42.67403030395508 -49.633548736572266 -4
endloop
endfacet
facet normal 0 0 -1
outer loop
vertex -42.527584075927734 -50.97999572753906 -4
vertex -42.67403030395508 -49.633548736572266 -4
vertex -42.56564712524414 -49.471336364746094 -4
endloop
endfacet
facet normal 0 0 -1
outer loop
vertex -54.527584075927734 -50.97999572753906 -4
vertex -54.21892547607422 -49.74193572998047 -4
vertex -48.92758560180664 -50.97999572753906 -4
endloop
endfacet
facet normal 0.831469252991977 0.5555707707654927 0
outer loop
vertex -54.38113784790039 -49.633548736572266 -0.5
vertex -54.38113784790039 -49.633548736572266 -4
vertex -54.489524841308594 -49.471336364746094 -4
endloop
endfacet
facet normal 0.5555707707654927 0.831469252991977 0
outer loop
vertex -54.21892547607422 -49.74193572998047 -0.5
vertex -54.21892547607422 -49.74193572998047 -4
vertex -54.38113784790039 -49.633548736572266 -4
endloop
endfacet
facet normal 0.9807861986664705 0.19508570553829574 0
outer loop
vertex -54.489524841308594 -49.471336364746094 -0.5
vertex -54.489524841308594 -49.471336364746094 -4
vertex -54.527584075927734 -49.27999496459961 -4
endloop
endfacet
facet normal 0.5555707707654927 -0.831469252991977 0
outer loop
vertex -54.38113784790039 -47.92644119262695 -0.5
vertex -54.38113784790039 -47.92644119262695 -5
vertex -54.21892547607422 -47.81805419921875 -5
endloop
endfacet
facet normal -0.007192549263254353 0.9999741332830042 0
outer loop
vertex -42.83624267578125 -49.74193572998047 -0.5
vertex -48.127586364746094 -49.77999496459961 -4
vertex -48.127586364746094 -49.77999496459961 -0.5
endloop
endfacet
facet normal 0 -1 0
outer loop
vertex -42.83624267578125 -47.81805419921875 -5
vertex -42.83624267578125 -47.81805419921875 -0.5
vertex -54.21892547607422 -47.81805419921875 -0.5
endloop
endfacet
facet normal -0.5555707707654927 0.831469252991977 0
outer loop
vertex -42.83624267578125 -49.74193572998047 -4
vertex -42.83624267578125 -49.74193572998047 -0.5
vertex -42.67403030395508 -49.633548736572266 -0.5
endloop
endfacet
facet normal 0 0 -1
outer loop
vertex -42.527584075927734 -49.27999496459961 -4
vertex -42.527584075927734 -50.97999572753906 -4
vertex -42.56564712524414 -49.471336364746094 -4
endloop
endfacet
facet normal -1 0 0
outer loop
vertex -48.127586364746094 -49.77999496459961 -4
vertex -48.127586364746094 -50.97999572753906 -4
vertex -48.127586364746094 -50.97999572753906 -1.6661099195480347
endloop
endfacet
facet normal -0.8314782854783427 0.5555572524753821 0
outer loop
vertex -42.67403030395508 -49.633548736572266 -4
vertex -42.67403030395508 -49.633548736572266 -0.5
vertex -42.56564712524414 -49.471336364746094 -0.5
endloop
endfacet
facet normal 0.007192554448326423 0.9999741332457095 0
outer loop
vertex -54.21892547607422 -49.74193572998047 -4
vertex -48.92758560180664 -49.77999496459961 -0.5
vertex -48.92758560180664 -49.77999496459961 -4
endloop
endfacet
facet normal 0 0 -1
outer loop
vertex -48.127586364746094 -50.97999572753906 -4
vertex -48.127586364746094 -49.77999496459961 -4
vertex -42.527584075927734 -50.97999572753906 -4
endloop
endfacet
facet normal -0.5555707707654927 -0.831469252991977 0
outer loop
vertex -42.67403030395508 -47.92644119262695 -5
vertex -42.67403030395508 -47.92644119262695 -0.5
vertex -42.83624267578125 -47.81805419921875 -0.5
endloop
endfacet
facet normal 1 0 0
outer loop
vertex -48.92758560180664 -49.77999496459961 -0.5
vertex -48.92758560180664 -50.97999572753906 -4
vertex -48.92758560180664 -49.77999496459961 -4
endloop
endfacet
facet normal -0.8314782854783427 -0.5555572524753821 0
outer loop
vertex -42.56564712524414 -48.088653564453125 -5
vertex -42.56564712524414 -48.088653564453125 -0.5
vertex -42.67403030395508 -47.92644119262695 -0.5
endloop
endfacet
facet normal -1 0 0
outer loop
vertex -42.527584075927734 -49.27999496459961 -4
vertex -42.527584075927734 -49.27999496459961 -0.5
vertex -42.527584075927734 -48.27999496459961 -0.5
endloop
endfacet
facet normal 1 0 0
outer loop
vertex -48.92758560180664 -52.44499969482422 -0.5
vertex -48.92758560180664 -52.44499969482422 -1.5
vertex -48.92758560180664 -51.648555755615234 -1.5949000120162964
endloop
endfacet
facet normal -1 0 0
outer loop
vertex -48.127586364746094 -49.77999496459961 -0.5
vertex -48.127586364746094 -52.44499969482422 -1.5
vertex -48.127586364746094 -52.44499969482422 -0.5
endloop
endfacet
facet normal 1 0 0
outer loop
vertex -48.92758560180664 -50.97999572753906 -1.6661099195480347
vertex -48.92758560180664 -52.44499969482422 -0.5
vertex -48.92758560180664 -51.648555755615234 -1.5949000120162964
endloop
endfacet
facet normal 0 -1 0
outer loop
vertex -54.21892547607422 -47.81805419921875 -0.5
vertex -54.21892547607422 -47.81805419921875 -5
vertex -42.83624267578125 -47.81805419921875 -5
endloop
endfacet
facet normal -0.007192549263254353 0.9999741332830042 0
outer loop
vertex -42.83624267578125 -49.74193572998047 -0.5
vertex -42.83624267578125 -49.74193572998047 -4
vertex -48.127586364746094 -49.77999496459961 -4
endloop
endfacet
facet normal 0.9807861986664705 -0.19508570553829577 0
outer loop
vertex -54.527584075927734 -48.27999496459961 -0.5
vertex -54.527584075927734 -48.27999496459961 -5
vertex -54.489524841308594 -48.088653564453125 -5
endloop
endfacet
facet normal -0.5555707707654927 0.831469252991977 0
outer loop
vertex -42.67403030395508 -49.633548736572266 -0.5
vertex -42.67403030395508 -49.633548736572266 -4
vertex -42.83624267578125 -49.74193572998047 -4
endloop
endfacet
facet normal -0.8314782854783427 0.5555572524753821 0
outer loop
vertex -42.56564712524414 -49.471336364746094 -0.5
vertex -42.56564712524414 -49.471336364746094 -4
vertex -42.67403030395508 -49.633548736572266 -4
endloop
endfacet
facet normal -0.980782457176804 0.19510451479714808 0
outer loop
vertex -42.527584075927734 -49.27999496459961 -0.5
vertex -42.527584075927734 -49.27999496459961 -4
vertex -42.56564712524414 -49.471336364746094 -4
endloop
endfacet
facet normal -0.5555707707654927 -0.831469252991977 0
outer loop
vertex -42.83624267578125 -47.81805419921875 -0.5
vertex -42.83624267578125 -47.81805419921875 -5
vertex -42.67403030395508 -47.92644119262695 -5
endloop
endfacet
facet normal -1 0 0
outer loop
vertex -48.127586364746094 -52.44499969482422 -1.5
vertex -48.127586364746094 -49.77999496459961 -0.5
vertex -48.127586364746094 -51.648555755615234 -1.5949000120162964
endloop
endfacet
facet normal 0.831469252991977 -0.5555707707654927 0
outer loop
vertex -54.489524841308594 -48.088653564453125 -0.5
vertex -54.489524841308594 -48.088653564453125 -5
vertex -54.38113784790039 -47.92644119262695 -5
endloop
endfacet
facet normal 0.831469252991977 0.5555707707654927 0
outer loop
vertex -54.489524841308594 -49.471336364746094 -4
vertex -54.489524841308594 -49.471336364746094 -0.5
vertex -54.38113784790039 -49.633548736572266 -0.5
endloop
endfacet
facet normal 1 0 0
outer loop
vertex -48.92758560180664 -52.44499969482422 -0.5
vertex -48.92758560180664 -50.97999572753906 -1.6661099195480347
vertex -48.92758560180664 -49.77999496459961 -0.5
endloop
endfacet
facet normal -1 0 0
outer loop
vertex -48.127586364746094 -49.77999496459961 -0.5
vertex -48.127586364746094 -50.97999572753906 -1.6661099195480347
vertex -48.127586364746094 -51.648555755615234 -1.5949000120162964
endloop
endfacet
facet normal 0.5555707707654927 0.831469252991977 0
outer loop
vertex -54.38113784790039 -49.633548736572266 -4
vertex -54.38113784790039 -49.633548736572266 -0.5
vertex -54.21892547607422 -49.74193572998047 -0.5
endloop
endfacet
facet normal -0.8314782854783427 -0.5555572524753821 0
outer loop
vertex -42.67403030395508 -47.92644119262695 -0.5
vertex -42.67403030395508 -47.92644119262695 -5
vertex -42.56564712524414 -48.088653564453125 -5
endloop
endfacet
facet normal -0.980782457176804 -0.19510451479714808 0
outer loop
vertex -42.56564712524414 -48.088653564453125 -0.5
vertex -42.56564712524414 -48.088653564453125 -5
vertex -42.527584075927734 -48.27999496459961 -5
endloop
endfacet
facet normal -0.980782457176804 0.19510451479714808 0
outer loop
vertex -42.56564712524414 -49.471336364746094 -4
vertex -42.56564712524414 -49.471336364746094 -0.5
vertex -42.527584075927734 -49.27999496459961 -0.5
endloop
endfacet
facet normal 0 0 -1
outer loop
vertex -49.527584075927734 46.14972686767578 -3.5
vertex -49.23469161987305 45.44261932373047 -3.5
vertex -49.35905456542969 45.594154357910156 -3.5
endloop
endfacet
facet normal -0.956938605216473 0.29029038193910456 0
outer loop
vertex -47.54679870605469 45.95463562011719 -3.5
vertex -47.54679870605469 45.95463562011719 -7.6371331214904785
vertex -47.60370635986328 45.76704025268555 -3.5
endloop
endfacet
facet normal -0.881917860019375 0.4714031058222316 0
outer loop
vertex -47.60370635986328 45.76704025268555 -3.5
vertex -47.60370635986328 45.76704025268555 -7.862334251403809
vertex -47.69611740112305 45.594154357910156 -3.5
endloop
endfacet
facet normal -0.7730070588633648 0.6343974203505326 0
outer loop
vertex -47.69611740112305 45.594154357910156 -3.5
vertex -47.69611740112305 45.594154357910156 -8.069912910461426
vertex -47.82048034667969 45.44261932373047 -3.5
endloop
endfacet
facet normal 0.7684318634164552 0.6399316145388616 0
outer loop
vertex -49.228904724121094 45.437870025634766 -8.258706092834473
vertex -49.35905456542969 45.594154357910156 -8.07122802734375
vertex -49.35905456542969 45.594154357910156 -3.5
endloop
endfacet
facet normal -0.6343974203505268 0.7730070588633579 -1.3464953106874763e-7
outer loop
vertex -47.82048034667969 45.44261932373047 -3.5
vertex -47.827484130859375 45.43687057495117 -8.258796691894531
vertex -47.972015380859375 45.31825637817383 -3.5
endloop
endfacet
facet normal 0.8819178600193751 0.47140310582223166 0
outer loop
vertex -49.35905456542969 45.594154357910156 -8.07122802734375
vertex -49.45146560668945 45.76704025268555 -7.863795757293701
vertex -49.45146560668945 45.76704025268555 -3.5
endloop
endfacet
facet normal 0 0 -1
outer loop
vertex -49.35905456542969 45.594154357910156 -3.5
vertex -49.45146560668945 45.76704025268555 -3.5
vertex -49.50836944580078 45.95463562011719 -3.5
endloop
endfacet
facet normal 0.9569440106171243 0.2902725625063677 0
outer loop
vertex -49.45146560668945 45.76704025268555 -7.863795757293701
vertex -49.50836944580078 45.95463562011719 -7.6386847496032715
vertex -49.50836944580078 45.95463562011719 -3.5
endloop
endfacet
facet normal 0.9952575492882146 0.09727491629397758 0.00003528196118223168
outer loop
vertex -49.50836944580078 45.95463562011719 -7.6386847496032715
vertex -49.52751541137695 46.15044021606445 -7.403689384460449
vertex -49.527584075927734 46.14972686767578 -3.5
endloop
endfacet
facet normal -0.767718390942146 0.640787285775269 0.0003558060794927812
outer loop
vertex -47.827484130859375 45.43687057495117 -8.258796691894531
vertex -47.82048034667969 45.44261932373047 -3.5
vertex -47.69611740112305 45.594154357910156 -8.069912910461426
endloop
endfacet
facet normal -0.8819178600193749 0.4714031058222316 0
outer loop
vertex -47.69611740112305 45.594154357910156 -8.069912910461426
vertex -47.69611740112305 45.594154357910156 -3.5
vertex -47.60370635986328 45.76704025268555 -7.862334251403809
endloop
endfacet
facet normal -0.956938605216473 0.29029038193910456 0
outer loop
vertex -47.60370635986328 45.76704025268555 -7.862334251403809
vertex -47.60370635986328 45.76704025268555 -3.5
vertex -47.54679870605469 45.95463562011719 -7.6371331214904785
endloop
endfacet
facet normal -0.9951859257931079 0.09800496468707322 0
outer loop
vertex -47.54679870605469 45.95463562011719 -7.6371331214904785
vertex -47.54679870605469 45.95463562011719 -3.5
vertex -47.52765655517578 46.14901351928711 -7.4038190841674805
endloop
endfacet
facet normal 0 0 -1
outer loop
vertex -48.91027069091797 45.22584533691406 -3.5
vertex -49.08315658569336 45.31825637817383 -3.5
vertex -49.527584075927734 46.14972686767578 -3.5
endloop
endfacet
facet normal -0.6343947711856505 0.7730092329929223 0
outer loop
vertex -47.972015380859375 45.31825637817383 -8.269591331481934
vertex -47.972015380859375 45.31825637817383 -3.5
vertex -47.827484130859375 45.43687057495117 -8.258796691894531
endloop
endfacet
facet normal -0.4714031058222316 0.881917860019375 0
outer loop
vertex -48.144901275634766 45.22584533691406 -8.27800178527832
vertex -48.144901275634766 45.22584533691406 -3.5
vertex -47.972015380859375 45.31825637817383 -8.269591331481934
endloop
endfacet
facet normal -0.995185925793108 0.09800496468707323 0
outer loop
vertex -47.52765655517578 46.14901351928711 -7.4038190841674805
vertex -47.54679870605469 45.95463562011719 -3.5
vertex -47.52765655517578 46.14901351928711 -3.5
endloop
endfacet
facet normal -0.2902725625063677 0.9569440106171243 0
outer loop
vertex -48.332496643066406 45.168941497802734 -8.283180236816406
vertex -48.332496643066406 45.168941497802734 -3.5
vertex -48.144901275634766 45.22584533691406 -8.27800178527832
endloop
endfacet
facet normal -0.09801812595133512 0.9951846295964323 0
outer loop
vertex -48.527584075927734 45.14972686767578 -8.284929275512695
vertex -48.527584075927734 45.14972686767578 -3.5
vertex -48.332496643066406 45.168941497802734 -8.283180236816406
endloop
endfacet
facet normal 0.6343972180952526 0.7730072248517503 -1.0753870039371653e-8
outer loop
vertex -49.08315658569336 45.31825637817383 -8.269591331481934
vertex -49.228904724121094 45.437870025634766 -8.258706092834473
vertex -49.23469161987305 45.44261932373047 -3.5
endloop
endfacet
facet normal 0.6343974203505327 0.7730070588633648 0
outer loop
vertex -49.08315658569336 45.31825637817383 -3.5
vertex -49.08315658569336 45.31825637817383 -8.269591331481934
vertex -49.23469161987305 45.44261932373047 -3.5
endloop
endfacet
facet normal 0 0 -1
outer loop
vertex -47.52765655517578 46.14901351928711 -3.5
vertex -47.54679870605469 45.95463562011719 -3.5
vertex -49.527584075927734 46.14972686767578 -3.5
endloop
endfacet
facet normal 0 0 -1
outer loop
vertex -47.54679870605469 45.95463562011719 -3.5
vertex -47.60370635986328 45.76704025268555 -3.5
vertex -49.527584075927734 46.14972686767578 -3.5
endloop
endfacet
facet normal 0 0 -1
outer loop
vertex -47.60370635986328 45.76704025268555 -3.5
vertex -47.69611740112305 45.594154357910156 -3.5
vertex -49.527584075927734 46.14972686767578 -3.5
endloop
endfacet
facet normal 0 0 -1
outer loop
vertex -47.69611740112305 45.594154357910156 -3.5
vertex -47.82048034667969 45.44261932373047 -3.5
vertex -49.527584075927734 46.14972686767578 -3.5
endloop
endfacet
facet normal 0.09801622777686082 0.9951848165503705 0
outer loop
vertex -48.527584075927734 45.14972686767578 -8.284929275512695
vertex -48.72267532348633 45.168941497802734 -8.283180236816406
vertex -48.72267532348633 45.168941497802734 -3.5
endloop
endfacet
facet normal 0.2902725625063677 0.9569440106171243 0
outer loop
vertex -48.72267532348633 45.168941497802734 -8.283180236816406
vertex -48.91027069091797 45.22584533691406 -8.27800178527832
vertex -48.91027069091797 45.22584533691406 -3.5
endloop
endfacet
facet normal 0.4714031058222316 0.881917860019375 0
outer loop
vertex -48.91027069091797 45.22584533691406 -8.27800178527832
vertex -49.08315658569336 45.31825637817383 -8.269591331481934
vertex -49.08315658569336 45.31825637817383 -3.5
endloop
endfacet
facet normal 0 0 -1
outer loop
vertex -47.82048034667969 45.44261932373047 -3.5
vertex -47.972015380859375 45.31825637817383 -3.5
vertex -49.527584075927734 46.14972686767578 -3.5
endloop
endfacet
facet normal 0.4714031058222316 0.881917860019375 0
outer loop
vertex -48.91027069091797 45.22584533691406 -3.5
vertex -48.91027069091797 45.22584533691406 -8.27800178527832
vertex -49.08315658569336 45.31825637817383 -3.5
endloop
endfacet
facet normal 0.2902725625063677 0.9569440106171243 0
outer loop
vertex -48.72267532348633 45.168941497802734 -3.5
vertex -48.72267532348633 45.168941497802734 -8.283180236816406
vertex -48.91027069091797 45.22584533691406 -3.5
endloop
endfacet
facet normal 0.09801622777686082 0.9951848165503704 0
outer loop
vertex -48.527584075927734 45.14972686767578 -3.5
vertex -48.527584075927734 45.14972686767578 -8.284929275512695
vertex -48.72267532348633 45.168941497802734 -3.5
endloop
endfacet
facet normal 0 0 -1
outer loop
vertex -47.972015380859375 45.31825637817383 -3.5
vertex -48.144901275634766 45.22584533691406 -3.5
vertex -49.527584075927734 46.14972686767578 -3.5
endloop
endfacet
facet normal 0.7730070224634169 0.6343973904775414 0.0003068835745515876
outer loop
vertex -49.23469161987305 45.44261932373047 -3.5
vertex -49.228904724121094 45.437870025634766 -8.258706092834473
vertex -49.35905456542969 45.594154357910156 -3.5
endloop
endfacet
facet normal 0.881917860019375 0.4714031058222316 0
outer loop
vertex -49.35905456542969 45.594154357910156 -3.5
vertex -49.35905456542969 45.594154357910156 -8.07122802734375
vertex -49.45146560668945 45.76704025268555 -3.5
endloop
endfacet
facet normal 0.9569440106171243 0.2902725625063677 0
outer loop
vertex -49.45146560668945 45.76704025268555 -3.5
vertex -49.45146560668945 45.76704025268555 -7.863795757293701
vertex -49.50836944580078 45.95463562011719 -3.5
endloop
endfacet
facet normal 0.9951848165503705 0.09801622777686082 0
outer loop
vertex -49.50836944580078 45.95463562011719 -3.5
vertex -49.50836944580078 45.95463562011719 -7.6386847496032715
vertex -49.527584075927734 46.14972686767578 -3.5
endloop
endfacet
facet normal -0.09801812595133512 0.9951846295964323 0
outer loop
vertex -48.332496643066406 45.168941497802734 -3.5
vertex -48.332496643066406 45.168941497802734 -8.283180236816406
vertex -48.527584075927734 45.14972686767578 -3.5
endloop
endfacet
facet normal -0.2902725625063677 0.9569440106171243 0
outer loop
vertex -48.144901275634766 45.22584533691406 -3.5
vertex -48.144901275634766 45.22584533691406 -8.27800178527832
vertex -48.332496643066406 45.168941497802734 -3.5
endloop
endfacet
facet normal -0.4714031058222316 0.881917860019375 0
outer loop
vertex -47.972015380859375 45.31825637817383 -3.5
vertex -47.972015380859375 45.31825637817383 -8.269591331481934
vertex -48.144901275634766 45.22584533691406 -3.5
endloop
endfacet
facet normal 0 0 -1
outer loop
vertex -48.144901275634766 45.22584533691406 -3.5
vertex -48.332496643066406 45.168941497802734 -3.5
vertex -49.527584075927734 46.14972686767578 -3.5
endloop
endfacet
facet normal 0 0 -1
outer loop
vertex -48.332496643066406 45.168941497802734 -3.5
vertex -48.527584075927734 45.14972686767578 -3.5
vertex -49.527584075927734 46.14972686767578 -3.5
endloop
endfacet
facet normal 0 0 -1
outer loop
vertex -48.527584075927734 45.14972686767578 -3.5
vertex -48.72267532348633 45.168941497802734 -3.5
vertex -49.527584075927734 46.14972686767578 -3.5
endloop
endfacet
facet normal 0 0 -1
outer loop
vertex -48.72267532348633 45.168941497802734 -3.5
vertex -48.91027069091797 45.22584533691406 -3.5
vertex -49.527584075927734 46.14972686767578 -3.5
endloop
endfacet
facet normal 0 0 -1
outer loop
vertex -49.527584075927734 46.14972686767578 -3.5
vertex -49.08315658569336 45.31825637817383 -3.5
vertex -49.23469161987305 45.44261932373047 -3.5
endloop
endfacet
facet normal 0 0 -1
outer loop
vertex -49.35905456542969 45.594154357910156 -3.5
vertex -49.50836944580078 45.95463562011719 -3.5
vertex -49.527584075927734 46.14972686767578 -3.5
endloop
endfacet
facet normal -0.6343783351516619 0.7730227214574681 8.340274478937321e-7
outer loop
vertex 71.84226989746094 45.35728454589844 -3.5
vertex 71.83525848388672 45.35153579711914 -8.266562461853027
vertex 71.69072723388672 45.2329216003418 -3.5
endloop
endfacet
facet normal 0 0 -1
outer loop
vertex 70.94007110595703 45.0836067199707 -3.5
vertex 70.75247955322266 45.1405143737793 -3.5
vertex 70.13516235351562 46.06439208984375 -3.5
endloop
endfacet
facet normal -0.9951821152773533 0.09804365064649817 0
outer loop
vertex 72.13509368896484 46.06367874145508 -7.411585330963135
vertex 72.1159439086914 45.869300842285156 -7.644898891448975
vertex 72.1159439086914 45.869300842285156 -3.5
endloop
endfacet
facet normal 0 0 -1
outer loop
vertex 71.5178451538086 45.1405143737793 -3.5
vertex 71.33025360107422 45.0836067199707 -3.5
vertex 70.13516235351562 46.06439208984375 -3.5
endloop
endfacet
facet normal -0.6343947711856505 0.7730092329929223 0
outer loop
vertex 71.83525848388672 45.35153579711914 -8.266562461853027
vertex 71.69072723388672 45.2329216003418 -8.27735710144043
vertex 71.69072723388672 45.2329216003418 -3.5
endloop
endfacet
facet normal 0.7684210979998204 0.6399445414633603 0
outer loop
vertex 70.43384552001953 45.352535247802734 -8.266471862792969
vertex 70.3036880493164 45.50882339477539 -8.078993797302246
vertex 70.3036880493164 45.50882339477539 -3.5
endloop
endfacet
facet normal 0 0 -1
outer loop
vertex 71.33025360107422 45.0836067199707 -3.5
vertex 71.13516235351562 45.06439208984375 -3.5
vertex 70.13516235351562 46.06439208984375 -3.5
endloop
endfacet
facet normal -0.77302443296692 0.6343762495839294 0
outer loop
vertex 71.96662902832031 45.50882339477539 -3.5
vertex 71.96662902832031 45.50882339477539 -8.077678680419922
vertex 71.84226989746094 45.35728454589844 -3.5
endloop
endfacet
facet normal -0.8819097699505024 0.4714182407012394 0
outer loop
vertex 72.05904388427734 45.68170928955078 -3.5
vertex 72.05904388427734 45.68170928955078 -7.870100021362305
vertex 71.96662902832031 45.50882339477539 -3.5
endloop
endfacet
facet normal 0.8819259499769284 0.471387970526712 0
outer loop
vertex 70.3036880493164 45.50882339477539 -8.078993797302246
vertex 70.2112808227539 45.68170928955078 -7.8715620040893555
vertex 70.2112808227539 45.68170928955078 -3.5
endloop
endfacet
facet normal 0.9569369653840532 0.2902957875711588 0
outer loop
vertex 70.2112808227539 45.68170928955078 -7.8715620040893555
vertex 70.15437316894531 45.869300842285156 -7.646450519561768
vertex 70.15437316894531 45.869300842285156 -3.5
endloop
endfacet
facet normal 0 0 -1
outer loop
vertex 71.13516235351562 45.06439208984375 -3.5
vertex 70.94007110595703 45.0836067199707 -3.5
vertex 70.13516235351562 46.06439208984375 -3.5
endloop
endfacet
facet normal 0 0 -1
outer loop
vertex 70.3036880493164 45.50882339477539 -3.5
vertex 70.2112808227539 45.68170928955078 -3.5
vertex 70.15437316894531 45.869300842285156 -3.5
endloop
endfacet
facet normal 0 0 -1
outer loop
vertex 70.13516235351562 46.06439208984375 -3.5
vertex 70.42805480957031 45.35728454589844 -3.5
vertex 70.3036880493164 45.50882339477539 -3.5
endloop
endfacet
facet normal 0 0 -1
outer loop
vertex 70.3036880493164 45.50882339477539 -3.5
vertex 70.15437316894531 45.869300842285156 -3.5
vertex 70.13516235351562 46.06439208984375 -3.5
endloop
endfacet
facet normal -0.9569477762986945 0.29026014786219556 0
outer loop
vertex 72.1159439086914 45.869300842285156 -3.5
vertex 72.1159439086914 45.869300842285156 -7.644898891448975
vertex 72.05904388427734 45.68170928955078 -3.5
endloop
endfacet
facet normal -0.9569477762986945 0.29026014786219556 0
outer loop
vertex 72.1159439086914 45.869300842285156 -7.644898891448975
vertex 72.05904388427734 45.68170928955078 -7.870100021362305
vertex 72.05904388427734 45.68170928955078 -3.5
endloop
endfacet
facet normal -0.8819097699505024 0.47141824070123944 0
outer loop
vertex 72.05904388427734 45.68170928955078 -7.870100021362305
vertex 71.96662902832031 45.50882339477539 -8.077678680419922
vertex 71.96662902832031 45.50882339477539 -3.5
endloop
endfacet
facet normal 0 0 -1
outer loop
vertex 70.57958984375 45.2329216003418 -3.5
vertex 70.42805480957031 45.35728454589844 -3.5
vertex 70.13516235351562 46.06439208984375 -3.5
endloop
endfacet
facet normal -0.9951821152773533 0.09804365064649816 0
outer loop
vertex 72.13509368896484 46.06367874145508 -3.5
vertex 72.13509368896484 46.06367874145508 -7.411585330963135
vertex 72.1159439086914 45.869300842285156 -3.5
endloop
endfacet
facet normal -0.7677172581788939 0.6407886425618978 0.0003564519068070641
outer loop
vertex 71.96662902832031 45.50882339477539 -8.077678680419922
vertex 71.83525848388672 45.35153579711914 -8.266562461853027
vertex 71.84226989746094 45.35728454589844 -3.5
endloop
endfacet
facet normal 0 0 -1
outer loop
vertex 72.13509368896484 46.06367874145508 -3.5
vertex 72.1159439086914 45.869300842285156 -3.5
vertex 70.13516235351562 46.06439208984375 -3.5
endloop
endfacet
facet normal 0.9952594177560733 0.09725579740152493 0.0000352084586834189
outer loop
vertex 70.15437316894531 45.869300842285156 -7.646450519561768
vertex 70.1352310180664 46.06510543823242 -7.411455154418945
vertex 70.13516235351562 46.06439208984375 -3.5
endloop
endfacet
facet normal 0.4713798807438282 0.8819302739048787 0
outer loop
vertex 70.75247955322266 45.1405143737793 -3.5
vertex 70.75247955322266 45.1405143737793 -8.285767555236816
vertex 70.57958984375 45.2329216003418 -3.5
endloop
endfacet
facet normal -0.4713960605476072 0.8819216258263524 0
outer loop
vertex 71.5178451538086 45.1405143737793 -8.285767555236816
vertex 71.5178451538086 45.1405143737793 -3.5
vertex 71.69072723388672 45.2329216003418 -8.27735710144043
endloop
endfacet
facet normal -0.2902957875711588 0.9569369653840532 0
outer loop
vertex 71.33025360107422 45.0836067199707 -8.290946006774902
vertex 71.33025360107422 45.0836067199707 -3.5
vertex 71.5178451538086 45.1405143737793 -8.285767555236816
endloop
endfacet
facet normal -0.09801622777686082 0.9951848165503705 0
outer loop
vertex 71.13516235351562 45.06439208984375 -8.292695045471191
vertex 71.13516235351562 45.06439208984375 -3.5
vertex 71.33025360107422 45.0836067199707 -8.290946006774902
endloop
endfacet
facet normal 0.09801622777686082 0.9951848165503705 0
outer loop
vertex 70.94007110595703 45.0836067199707 -8.290946006774902
vertex 70.94007110595703 45.0836067199707 -3.5
vertex 71.13516235351562 45.06439208984375 -8.292695045471191
endloop
endfacet
facet normal 0.2902957875711588 0.9569369653840533 0
outer loop
vertex 70.94007110595703 45.0836067199707 -8.290946006774902
vertex 70.75247955322266 45.1405143737793 -8.285767555236816
vertex 70.75247955322266 45.1405143737793 -3.5
endloop
endfacet
facet normal 0.6344071634444469 0.7729990627226551 5.171988672006115e-7
outer loop
vertex 70.57958984375 45.2329216003418 -8.27735710144043
vertex 70.43384552001953 45.352535247802734 -8.266471862792969
vertex 70.42805480957031 45.35728454589844 -3.5
endloop
endfacet
facet normal 0.6343974203505326 0.7730070588633648 0
outer loop
vertex 70.57958984375 45.2329216003418 -3.5
vertex 70.57958984375 45.2329216003418 -8.27735710144043
vertex 70.42805480957031 45.35728454589844 -3.5
endloop
endfacet
facet normal 0.9951867145052739 0.0979969554231074 0
outer loop
vertex 70.15437316894531 45.869300842285156 -3.5
vertex 70.15437316894531 45.869300842285156 -7.646450519561768
vertex 70.13516235351562 46.06439208984375 -3.5
endloop
endfacet
facet normal 0.4713798807438282 0.8819302739048787 0
outer loop
vertex 70.75247955322266 45.1405143737793 -8.285767555236816
vertex 70.57958984375 45.2329216003418 -8.27735710144043
vertex 70.57958984375 45.2329216003418 -3.5
endloop
endfacet
facet normal 0.2902957875711588 0.9569369653840532 0
outer loop
vertex 70.94007110595703 45.0836067199707 -3.5
vertex 70.94007110595703 45.0836067199707 -8.290946006774902
vertex 70.75247955322266 45.1405143737793 -3.5
endloop
endfacet
facet normal 0.9569369653840532 0.2902957875711588 0
outer loop
vertex 70.2112808227539 45.68170928955078 -3.5
vertex 70.2112808227539 45.68170928955078 -7.8715620040893555
vertex 70.15437316894531 45.869300842285156 -3.5
endloop
endfacet
facet normal 0 0 -1
outer loop
vertex 72.1159439086914 45.869300842285156 -3.5
vertex 72.05904388427734 45.68170928955078 -3.5
vertex 70.13516235351562 46.06439208984375 -3.5
endloop
endfacet
facet normal 0 0 -1
outer loop
vertex 72.05904388427734 45.68170928955078 -3.5
vertex 71.96662902832031 45.50882339477539 -3.5
vertex 70.13516235351562 46.06439208984375 -3.5
endloop
endfacet
facet normal 0.09801622777686082 0.9951848165503705 0
outer loop
vertex 71.13516235351562 45.06439208984375 -3.5
vertex 71.13516235351562 45.06439208984375 -8.292695045471191
vertex 70.94007110595703 45.0836067199707 -3.5
endloop
endfacet
facet normal 0 0 -1
outer loop
vertex 71.96662902832031 45.50882339477539 -3.5
vertex 71.84226989746094 45.35728454589844 -3.5
vertex 70.13516235351562 46.06439208984375 -3.5
endloop
endfacet
facet normal -0.09801622777686082 0.9951848165503705 0
outer loop
vertex 71.33025360107422 45.0836067199707 -3.5
vertex 71.33025360107422 45.0836067199707 -8.290946006774902
vertex 71.13516235351562 45.06439208984375 -3.5
endloop
endfacet
facet normal -0.2902957875711588 0.9569369653840533 0
outer loop
vertex 71.5178451538086 45.1405143737793 -3.5
vertex 71.5178451538086 45.1405143737793 -8.285767555236816
vertex 71.33025360107422 45.0836067199707 -3.5
endloop
endfacet
facet normal 0.8819259499769285 0.47138797052671205 0
outer loop
vertex 70.3036880493164 45.50882339477539 -3.5
vertex 70.3036880493164 45.50882339477539 -8.078993797302246
vertex 70.2112808227539 45.68170928955078 -3.5
endloop
endfacet
facet normal -0.47139606054760724 0.8819216258263524 0
outer loop
vertex 71.69072723388672 45.2329216003418 -3.5
vertex 71.69072723388672 45.2329216003418 -8.27735710144043
vertex 71.5178451538086 45.1405143737793 -3.5
endloop
endfacet
facet normal 0.7730053113412375 0.6343994754020649 0.0003069980806276643
outer loop
vertex 70.42805480957031 45.35728454589844 -3.5
vertex 70.43384552001953 45.352535247802734 -8.266471862792969
vertex 70.3036880493164 45.50882339477539 -3.5
endloop
endfacet
facet normal 0 0 -1
outer loop
vertex 71.84226989746094 45.35728454589844 -3.5
vertex 71.69072723388672 45.2329216003418 -3.5
vertex 70.13516235351562 46.06439208984375 -3.5
endloop
endfacet
facet normal 0 0 -1
outer loop
vertex 70.75247955322266 45.1405143737793 -3.5
vertex 70.57958984375 45.2329216003418 -3.5
vertex 70.13516235351562 46.06439208984375 -3.5
endloop
endfacet
facet normal 0 0 -1
outer loop
vertex 71.69072723388672 45.2329216003418 -3.5
vertex 71.5178451538086 45.1405143737793 -3.5
vertex 70.13516235351562 46.06439208984375 -3.5
endloop
endfacet
facet normal 0.00008851937817669174 0.12403457501776109 0.9922778927117559
outer loop
vertex -49.527015686035156 46.950439453125 -1.2000000476837158
vertex -49.72758483886719 46.15058135986328 -1.100000023841858
vertex -47.32758712768555 46.148868560791016 -1.100000023841858
endloop
endfacet
facet normal 0.00008847976733345977 0.12403443918643037 -0.9922779096941736
outer loop
vertex -49.72758483886719 46.15058135986328 -2.5
vertex -49.527015686035156 46.950439453125 -2.4000000953674316
vertex -47.527015686035156 46.949012756347656 -2.4000000953674316
endloop
endfacet
facet normal 0.00008851920486217129 0.12403433216706182 -0.9922779230680391
outer loop
vertex -47.32758712768555 46.148868560791016 -2.5
vertex -49.72758483886719 46.15058135986328 -2.5
vertex -47.527015686035156 46.949012756347656 -2.4000000953674316
endloop
endfacet
facet normal 0.000713348207172601 0.9999997455671353 0
outer loop
vertex -47.527015686035156 46.949012756347656 -2.4000000953674316
vertex -49.527015686035156 46.950439453125 -2.4000000953674316
vertex -47.527015686035156 46.949012756347656 -1.2000000476837158
endloop
endfacet
facet normal 0.000713348207172601 0.9999997455671353 0
outer loop
vertex -49.527015686035156 46.950439453125 -2.4000000953674316
vertex -49.527015686035156 46.950439453125 -1.2000000476837158
vertex -47.527015686035156 46.949012756347656 -1.2000000476837158
endloop
endfacet
facet normal -0.969969732240578 0.24322565353420536 0
outer loop
vertex -49.527015686035156 46.950439453125 -1.2000000476837158
vertex -49.527015686035156 46.950439453125 -2.4000000953674316
vertex -49.72758483886719 46.15058135986328 -1.100000023841858
endloop
endfacet
facet normal 0.9703155909992898 0.24184220860656044 0
outer loop
vertex -47.32758712768555 46.148868560791016 -2.5
vertex -47.527015686035156 46.949012756347656 -2.4000000953674316
vertex -47.527015686035156 46.949012756347656 -1.2000000476837158
endloop
endfacet
facet normal 0.9703155909992897 0.24184220860656042 0
outer loop
vertex -47.32758712768555 46.148868560791016 -2.5
vertex -47.527015686035156 46.949012756347656 -1.2000000476837158
vertex -47.32758712768555 46.148868560791016 -1.100000023841858
endloop
endfacet
facet normal -0.969969732240578 0.24322565353420536 0
outer loop
vertex -49.527015686035156 46.950439453125 -2.4000000953674316
vertex -49.72758483886719 46.15058135986328 -2.5
vertex -49.72758483886719 46.15058135986328 -1.100000023841858
endloop
endfacet
facet normal 0.00008847978792653983 0.1240344680546249 0.9922779060856557
outer loop
vertex -47.527015686035156 46.949012756347656 -1.2000000476837158
vertex -49.527015686035156 46.950439453125 -1.2000000476837158
vertex -47.32758712768555 46.148868560791016 -1.100000023841858
endloop
endfacet
facet normal 0.00008848018215571272 0.12403502070067997 -0.9922778370048579
outer loop
vertex 69.9351577758789 46.065250396728516 -2.5
vertex 70.13573455810547 46.86510467529297 -2.4000000953674316
vertex 72.13573455810547 46.863677978515625 -2.4000000953674316
endloop
endfacet
facet normal 0.0000885194794426021 0.1240349140610141 -0.9922778503313366
outer loop
vertex 72.33515930175781 46.06353759765625 -2.5
vertex 69.9351577758789 46.065250396728516 -2.5
vertex 72.13573455810547 46.863677978515625 -2.4000000953674316
endloop
endfacet
facet normal -0.9699672757732252 0.24323544957318247 0
outer loop
vertex 70.13573455810547 46.86510467529297 -2.4000000953674316
vertex 69.9351577758789 46.065250396728516 -2.5
vertex 69.9351577758789 46.065250396728516 -1.100000023841858
endloop
endfacet
facet normal 0.000713348207172601 0.9999997455671353 0
outer loop
vertex 72.13573455810547 46.863677978515625 -2.4000000953674316
vertex 70.13573455810547 46.86510467529297 -2.4000000953674316
vertex 72.13573455810547 46.863677978515625 -1.2000000476837158
endloop
endfacet
facet normal -0.9699672757732252 0.24323544957318247 0
outer loop
vertex 70.13573455810547 46.86510467529297 -1.2000000476837158
vertex 70.13573455810547 46.86510467529297 -2.4000000953674316
vertex 69.9351577758789 46.065250396728516 -1.100000023841858
endloop
endfacet
facet normal 0.000713348207172601 0.9999997455671353 0
outer loop
vertex 72.13573455810547 46.863677978515625 -1.2000000476837158
vertex 70.13573455810547 46.86510467529297 -2.4000000953674316
vertex 70.13573455810547 46.86510467529297 -1.2000000476837158
endloop
endfacet
facet normal 0.00008848020304482659 0.12403504998386643 0.9922778333444486
outer loop
vertex 72.13573455810547 46.863677978515625 -1.2000000476837158
vertex 70.13573455810547 46.86510467529297 -1.2000000476837158
vertex 72.33515930175781 46.06353759765625 -1.100000023841858
endloop
endfacet
facet normal 0.00008851965251079775 0.12403515656694512 0.9922778200180051
outer loop
vertex 70.13573455810547 46.86510467529297 -1.2000000476837158
vertex 69.9351577758789 46.065250396728516 -1.100000023841858
vertex 72.33515930175781 46.06353759765625 -1.100000023841858
endloop
endfacet
facet normal 0.970316405985229 0.24183893870902684 0
outer loop
vertex 72.13573455810547 46.863677978515625 -1.2000000476837158
vertex 72.33515930175781 46.06353759765625 -1.100000023841858
vertex 72.33515930175781 46.06353759765625 -2.5
endloop
endfacet
facet normal 0.970316405985229 0.24183893870902684 0
outer loop
vertex 72.33515930175781 46.06353759765625 -2.5
vertex 72.13573455810547 46.863677978515625 -2.4000000953674316
vertex 72.13573455810547 46.863677978515625 -1.2000000476837158
endloop
endfacet
facet normal 0 0 1
outer loop
vertex -41.46149444580078 9.270005226135254 -0.5
vertex -49.94997024536133 -4.568332195281982 -0.5
vertex -47.074737548828125 -3.2275888919830322 -0.5
endloop
endfacet
facet normal 0 0 1
outer loop
vertex -59.51247024536133 5.291718006134033 -0.5
vertex -57.95237731933594 -14.105228424072266 -0.5
vertex -56.61163330078125 -11.229994773864746 -0.5
endloop
endfacet
facet normal 0 0 1
outer loop
vertex -77.43211364746094 45.67033767700195 -0.5
vertex -77.22491455078125 43.063438415527344 -0.5
vertex -76.96763610839844 43.170005798339844 -0.5
endloop
endfacet
facet normal 0 0 1
outer loop
vertex -44.527584075927734 -51.408199310302734 -0.5
vertex -44.027584075927734 -51.0580940246582 -0.5
vertex -44.027584075927734 -50.47999572753906 -0.5
endloop
endfacet
facet normal 0 0 1
outer loop
vertex 78.70002746582031 22.437671661376953 -0.5
vertex 78.89794158935547 -9.837958335876465 -0.5
vertex 79.3000259399414 -10.240045547485352 -0.5
endloop
endfacet
facet normal 0 0 1
outer loop
vertex 78.70002746582031 22.437671661376953 -0.5
vertex 78.70002746582031 -9.360153198242188 -0.5
vertex 78.89794158935547 -9.837958335876465 -0.5
endloop
endfacet
facet normal 0 0 1
outer loop
vertex -57.428131103515625 -50.47999572753906 -0.5
vertex -54.21892547607422 -49.74193572998047 -0.5
vertex -54.38113784790039 -49.633548736572266 -0.5
endloop
endfacet
facet normal 0 0 1
outer loop
vertex -57.428131103515625 -50.47999572753906 -0.5
vertex -54.38113784790039 -49.633548736572266 -0.5
vertex -54.489524841308594 -49.471336364746094 -0.5
endloop
endfacet
facet normal 0 0 1
outer loop
vertex 79.76634216308594 -0.4875437617301941 -0.5
vertex 81.26634216308594 -0.4832048714160919 -0.5
vertex 79.75553894042969 3.247360944747925 -0.5
endloop
endfacet
facet normal 0 0 1
outer loop
vertex -57.428131103515625 -50.47999572753906 -0.5
vertex -54.489524841308594 -49.471336364746094 -0.5
vertex -54.527584075927734 -49.27999496459961 -0.5
endloop
endfacet
facet normal 0 0 1
outer loop
vertex -77.43211364746094 45.67033767700195 -0.5
vertex -78.30218505859375 45.334808349609375 -0.5
vertex -77.22491455078125 43.063438415527344 -0.5
endloop
endfacet
facet normal 0 0 1
outer loop
vertex -79.5886001586914 43.08039093017578 -0.5
vertex -78.5934066772461 41.694950103759766 -0.5
vertex -77.22491455078125 43.063438415527344 -0.5
endloop
endfacet
facet normal 0 0 1
outer loop
vertex -54.527584075927734 -48.27999496459961 -0.5
vertex -57.428131103515625 -50.47999572753906 -0.5
vertex -54.527584075927734 -49.27999496459961 -0.5
endloop
endfacet
facet normal 0 0 1
outer loop
vertex 81.25553894042969 3.251699686050415 -0.5
vertex 79.75553894042969 3.247360944747925 -0.5
vertex 81.26634216308594 -0.4832048714160919 -0.5
endloop
endfacet
facet normal 0 0 1
outer loop
vertex 79.76634216308594 -0.4875437617301941 -0.5
vertex 78.70002746582031 22.437671661376953 -0.5
vertex 79.3000259399414 -10.240045547485352 -0.5
endloop
endfacet
facet normal 0 0 1
outer loop
vertex 79.76634216308594 -0.4875437617301941 -0.5
vertex 79.75553894042969 3.247360944747925 -0.5
vertex 78.70002746582031 22.437671661376953 -0.5
endloop
endfacet
facet normal 0 0 1
outer loop
vertex -54.527584075927734 -48.27999496459961 -0.5
vertex -54.489524841308594 -48.088653564453125 -0.5
vertex -59.51247024536133 -47.74510955810547 -0.5
endloop
endfacet
facet normal 0 0 1
outer loop
vertex -54.527584075927734 -48.27999496459961 -0.5
vertex -59.51247024536133 -47.74510955810547 -0.5
vertex -60.63187026977539 -47.81450653076172 -0.5
endloop
endfacet
facet normal 0 0 1
outer loop
vertex -54.527584075927734 -48.27999496459961 -0.5
vertex -60.63187026977539 -47.81450653076172 -0.5
vertex -58.34698486328125 -50.09939193725586 -0.5
endloop
endfacet
facet normal 0 0 1
outer loop
vertex -79.5886001586914 43.08039093017578 -0.5
vertex -78.6999740600586 41.43767166137695 -0.5
vertex -78.5934066772461 41.694950103759766 -0.5
endloop
endfacet
facet normal 0 0 1
outer loop
vertex -80.66329956054688 43.19257354736328 -0.5
vertex -80.71149444580078 43.08428955078125 -0.5
vertex -79.5886001586914 43.08039093017578 -0.5
endloop
endfacet
facet normal 0 0 1
outer loop
vertex 72.21769714355469 43.170005798339844 -0.5
vertex 73.97138977050781 45.13467025756836 -0.5
vertex 73.00520324707031 45.56306076049805 -0.5
endloop
endfacet
facet normal 0 0 1
outer loop
vertex 78.70002746582031 22.437671661376953 -0.5
vertex 79.75553894042969 3.247360944747925 -0.5
vertex 79.69624328613281 23.74727439880371 -0.5
endloop
endfacet
facet normal 0 0 1
outer loop
vertex 1.002934455871582 -45.76014709472656 -0.5
vertex 1.1739445924758911 -45.72999572753906 -0.5
vertex -2.8499717712402344 -43.52999496459961 -0.5
endloop
endfacet
facet normal 0 0 1
outer loop
vertex -53.027584075927734 -50.47999572753906 -0.5
vertex -53.027584075927734 -51.0580940246582 -0.5
vertex -52.527584075927734 -51.408199310302734 -0.5
endloop
endfacet
facet normal 0 0 1
outer loop
vertex -59.51247024536133 -47.74510955810547 -0.5
vertex -60.660614013671875 -47.74510955810547 -0.5
vertex -60.63187026977539 -47.81450653076172 -0.5
endloop
endfacet
facet normal 0 0 1
outer loop
vertex -22.926469802856445 -23.49039077758789 -0.5
vertex -23.74756622314453 -26.55476188659668 -0.5
vertex -21.69997215270996 -24.064559936523438 -0.5
endloop
endfacet
facet normal 0 0 1
outer loop
vertex -48.92758560180664 -49.77999496459961 -0.5
vertex -57.428131103515625 -50.47999572753906 -0.5
vertex -53.027584075927734 -50.47999572753906 -0.5
endloop
endfacet
facet normal 0 0 1
outer loop
vertex 73.84346008300781 41.694950103759766 -0.5
vertex 76.45002746582031 41.903472900390625 -0.5
vertex 76.1145248413086 42.77256393432617 -0.5
endloop
endfacet
facet normal 0 0 1
outer loop
vertex -57.428131103515625 -50.47999572753906 -0.5
vertex -48.92758560180664 -49.77999496459961 -0.5
vertex -54.21892547607422 -49.74193572998047 -0.5
endloop
endfacet
facet normal 0 0 1
outer loop
vertex -48.92758560180664 -49.77999496459961 -0.5
vertex -53.027584075927734 -50.47999572753906 -0.5
vertex -52.527584075927734 -51.408199310302734 -0.5
endloop
endfacet
facet normal 0 0 1
outer loop
vertex 73.00520324707031 45.56306076049805 -0.5
vertex -76.96763610839844 43.170005798339844 -0.5
vertex 72.21769714355469 43.170005798339844 -0.5
endloop
endfacet
facet normal 0 0 1
outer loop
vertex -54.527584075927734 -48.27999496459961 -0.5
vertex -58.34698486328125 -50.09939193725586 -0.5
vertex -57.428131103515625 -50.47999572753906 -0.5
endloop
endfacet
facet normal 0 0 1
outer loop
vertex -54.489524841308594 -48.088653564453125 -0.5
vertex -54.38113784790039 -47.92644119262695 -0.5
vertex -59.51247024536133 -47.74510955810547 -0.5
endloop
endfacet
facet normal 0 0 1
outer loop
vertex -77.43211364746094 45.67033767700195 -0.5
vertex -76.96763610839844 43.170005798339844 -0.5
vertex 73.00520324707031 45.56306076049805 -0.5
endloop
endfacet
facet normal 0 0 1
outer loop
vertex -54.38113784790039 -47.92644119262695 -0.5
vertex -54.21892547607422 -47.81805419921875 -0.5
vertex -59.51247024536133 -47.74510955810547 -0.5
endloop
endfacet
facet normal 0 0 1
outer loop
vertex -54.21892547607422 -47.81805419921875 -0.5
vertex -48.74997329711914 -45.329994201660156 -0.5
vertex -59.51247024536133 -47.74510955810547 -0.5
endloop
endfacet
facet normal 0 0 1
outer loop
vertex 73.84346008300781 41.694950103759766 -0.5
vertex 73.95002746582031 41.43767166137695 -0.5
vertex 76.45002746582031 41.903472900390625 -0.5
endloop
endfacet
facet normal 0 0 1
outer loop
vertex 72.4749755859375 43.063438415527344 -0.5
vertex 76.1145248413086 42.77256393432617 -0.5
vertex 73.97138977050781 45.13467025756836 -0.5
endloop
endfacet
facet normal 0 0 1
outer loop
vertex -48.74997329711914 -45.329994201660156 -0.5
vertex -48.74997329711914 -36.65122604370117 -0.5
vertex -59.51247024536133 -47.74510955810547 -0.5
endloop
endfacet
facet normal 0 0 1
outer loop
vertex -48.74997329711914 -36.65122604370117 -0.5
vertex -49.94997024536133 -36.09165573120117 -0.5
vertex -59.51247024536133 -47.74510955810547 -0.5
endloop
endfacet
facet normal 0 0 1
outer loop
vertex -41.46149444580078 9.270005226135254 -0.5
vertex -40.69997024536133 1.5023396015167236 -0.5
vertex -40.69997024536133 8.508482933044434 -0.5
endloop
endfacet
facet normal 0 0 1
outer loop
vertex -41.46149444580078 9.270005226135254 -0.5
vertex -44.01036834716797 -2.406493663787842 -0.5
vertex -40.69997024536133 1.5023396015167236 -0.5
endloop
endfacet
facet normal 0 0 1
outer loop
vertex -41.46149444580078 9.270005226135254 -0.5
vertex -47.074737548828125 -3.2275888919830322 -0.5
vertex -44.01036834716797 -2.406493663787842 -0.5
endloop
endfacet
facet normal 0 0 1
outer loop
vertex -44.01036834716797 -2.406493663787842 -0.5
vertex -40.59340286254883 1.2450600862503052 -0.5
vertex -40.69997024536133 1.5023396015167236 -0.5
endloop
endfacet
facet normal 0 0 1
outer loop
vertex -44.01036834716797 -2.406493663787842 -0.5
vertex -39.224918365478516 -0.12342601269483566 -0.5
vertex -40.59340286254883 1.2450600862503052 -0.5
endloop
endfacet
facet normal 0 0 1
outer loop
vertex -44.01036834716797 -2.406493663787842 -0.5
vertex -40.849971771240234 -2.1299946308135986 -0.5
vertex -39.224918365478516 -0.12342601269483566 -0.5
endloop
endfacet
facet normal 0 0 1
outer loop
vertex 0.8961594700813293 -45.81425857543945 -0.5
vertex 1.002934455871582 -45.76014709472656 -0.5
vertex -2.8499717712402344 -43.52999496459961 -0.5
endloop
endfacet
facet normal 0 0 1
outer loop
vertex -41.46149444580078 9.270005226135254 -0.5
vertex -59.51247024536133 5.291718006134033 -0.5
vertex -49.94997024536133 -4.568332195281982 -0.5
endloop
endfacet
facet normal 0 0 1
outer loop
vertex -61.5531120300293 5.291718006134033 -0.5
vertex -59.51247024536133 5.291718006134033 -0.5
vertex -41.46149444580078 9.270005226135254 -0.5
endloop
endfacet
facet normal 0 0 1
outer loop
vertex -41.46149444580078 9.270005226135254 -0.5
vertex -63.00776672363281 6.729994297027588 -0.5
vertex -62.93637466430664 6.680003643035889 -0.5
endloop
endfacet
facet normal 0 0 1
outer loop
vertex -62.90455627441406 6.648186683654785 -0.5
vertex -41.46149444580078 9.270005226135254 -0.5
vertex -62.93637466430664 6.680003643035889 -0.5
endloop
endfacet
facet normal 0 0 1
outer loop
vertex -29.15123748779297 -6.387985706329346 -0.5
vertex -21.69997215270996 -0.9915170669555664 -0.5
vertex -22.46149444580078 -0.22999466955661774 -0.5
endloop
endfacet
facet normal 0 0 1
outer loop
vertex -34.625205993652344 -3.2275888919830322 -0.5
vertex -31.749971389770508 -4.568332195281982 -0.5
vertex -22.46149444580078 -0.22999466955661774 -0.5
endloop
endfacet
facet normal 0 0 1
outer loop
vertex -41.46149444580078 9.270005226135254 -0.5
vertex -63.08675765991211 6.766827583312988 -0.5
vertex -63.00776672363281 6.729994297027588 -0.5
endloop
endfacet
facet normal 0 0 1
outer loop
vertex -63.17094421386719 6.7893853187561035 -0.5
vertex -41.46149444580078 9.270005226135254 -0.5
vertex -63.254920959472656 6.796732425689697 -0.5
endloop
endfacet
facet normal 0 0 1
outer loop
vertex -63.17094421386719 6.7893853187561035 -0.5
vertex -63.08675765991211 6.766827583312988 -0.5
vertex -41.46149444580078 9.270005226135254 -0.5
endloop
endfacet
facet normal 0 0 1
outer loop
vertex -62.90455627441406 6.648186683654785 -0.5
vertex -61.5531120300293 5.291718006134033 -0.5
vertex -41.46149444580078 9.270005226135254 -0.5
endloop
endfacet
facet normal 0 0 1
outer loop
vertex -41.46149444580078 9.270005226135254 -0.5
vertex -77.76434326171875 6.879605293273926 -0.5
vertex -63.254920959472656 6.796732425689697 -0.5
endloop
endfacet
facet normal 0 0 1
outer loop
vertex 72.4749755859375 43.063438415527344 -0.5
vertex 73.84346008300781 41.694950103759766 -0.5
vertex 76.1145248413086 42.77256393432617 -0.5
endloop
endfacet
facet normal 0 0 1
outer loop
vertex 72.21769714355469 43.170005798339844 -0.5
vertex 72.4749755859375 43.063438415527344 -0.5
vertex 73.97138977050781 45.13467025756836 -0.5
endloop
endfacet
facet normal 0 0 1
outer loop
vertex -22.64997100830078 -20.329994201660156 -0.5
vertex -22.926469802856445 -23.49039077758789 -0.5
vertex -21.69997215270996 -24.064559936523438 -0.5
endloop
endfacet
facet normal 0 0 1
outer loop
vertex -59.51247024536133 5.291718006134033 -0.5
vertex -52.5487060546875 -6.387985706329346 -0.5
vertex -49.94997024536133 -4.568332195281982 -0.5
endloop
endfacet
facet normal 0 0 1
outer loop
vertex -37.6895751953125 -2.406493663787842 -0.5
vertex -34.625205993652344 -3.2275888919830322 -0.5
vertex -22.46149444580078 -0.22999466955661774 -0.5
endloop
endfacet
facet normal 0 0 1
outer loop
vertex -40.849971771240234 -2.1299946308135986 -0.5
vertex -22.46149444580078 -0.22999466955661774 -0.5
vertex -38.96763610839844 -0.22999466955661774 -0.5
endloop
endfacet
facet normal 0 0 1
outer loop
vertex -40.849971771240234 -2.1299946308135986 -0.5
vertex -37.6895751953125 -2.406493663787842 -0.5
vertex -22.46149444580078 -0.22999466955661774 -0.5
endloop
endfacet
facet normal 0 0 1
outer loop
vertex -40.849971771240234 -2.1299946308135986 -0.5
vertex -38.96763610839844 -0.22999466955661774 -0.5
vertex -39.224918365478516 -0.12342601269483566 -0.5
endloop
endfacet
facet normal 0 0 1
outer loop
vertex -0.6161906719207764 -46.826927185058594 -0.5
vertex 0.8961594700813293 -45.81425857543945 -0.5
vertex -2.8499717712402344 -43.52999496459961 -0.5
endloop
endfacet
facet normal 0 0 1
outer loop
vertex -0.6607905626296997 -46.858154296875 -0.5
vertex -0.6161906719207764 -46.826927185058594 -0.5
vertex -2.8499717712402344 -43.52999496459961 -0.5
endloop
endfacet
facet normal 0 0 1
outer loop
vertex -78.6999740600586 11.002339363098145 -0.5
vertex -79.65977478027344 22.58051300048828 -0.5
vertex -81.1597671508789 22.585721969604492 -0.5
endloop
endfacet
facet normal 0 0 1
outer loop
vertex -77.22491455078125 9.37657356262207 -0.5
vertex -78.5934066772461 10.745059967041016 -0.5
vertex -81.20158386230469 10.542975425720215 -0.5
endloop
endfacet
facet normal 0 0 1
outer loop
vertex -78.5934066772461 10.745059967041016 -0.5
vertex -78.6999740600586 11.002339363098145 -0.5
vertex -81.20158386230469 10.542975425720215 -0.5
endloop
endfacet
facet normal 0 0 1
outer loop
vertex -77.22491455078125 9.37657356262207 -0.5
vertex -81.20158386230469 10.542975425720215 -0.5
vertex -80.86597442626953 9.669111251831055 -0.5
endloop
endfacet
facet normal 0 0 1
outer loop
vertex -22.926469802856445 -17.169597625732422 -0.5
vertex -22.64997100830078 -20.329994201660156 -0.5
vertex -21.69997215270996 -24.064559936523438 -0.5
endloop
endfacet
facet normal 0 0 1
outer loop
vertex -22.926469802856445 -17.169597625732422 -0.5
vertex -21.69997215270996 -24.064559936523438 -0.5
vertex -21.69997215270996 -0.9915170669555664 -0.5
endloop
endfacet
facet normal 0 0 1
outer loop
vertex 79.82564544677734 -20.987457275390625 -0.5
vertex 79.76634216308594 -0.4875437617301941 -0.5
vertex 79.3000259399414 -10.240045547485352 -0.5
endloop
endfacet
facet normal 0 0 1
outer loop
vertex -0.7724094390869141 -46.99117660522461 -0.5
vertex -0.7224189639091492 -46.91978454589844 -0.5
vertex -2.8499717712402344 -43.52999496459961 -0.5
endloop
endfacet
facet normal 0 0 1
outer loop
vertex -0.7224189639091492 -46.91978454589844 -0.5
vertex -0.6607905626296997 -46.858154296875 -0.5
vertex -2.8499717712402344 -43.52999496459961 -0.5
endloop
endfacet
facet normal 0 0 1
outer loop
vertex 79.8364486694336 -24.722362518310547 -0.5
vertex 79.82564544677734 -20.987457275390625 -0.5
vertex 79.3000259399414 -10.240045547485352 -0.5
endloop
endfacet
facet normal 0 0 1
outer loop
vertex -23.74756622314453 -14.105228424072266 -0.5
vertex -22.926469802856445 -17.169597625732422 -0.5
vertex -21.69997215270996 -0.9915170669555664 -0.5
endloop
endfacet
facet normal 0 0 1
outer loop
vertex 73.95002746582031 41.43767166137695 -0.5
vertex 76.45002746582031 28.64326286315918 -0.5
vertex 76.45002746582031 41.903472900390625 -0.5
endloop
endfacet
facet normal 0 0 1
outer loop
vertex -0.8000171184539795 -47.05038070678711 -0.5
vertex -0.7724094390869141 -46.99117660522461 -0.5
vertex -2.8499717712402344 -43.52999496459961 -0.5
endloop
endfacet
facet normal 0 0 1
outer loop
vertex 81.32563781738281 -20.98311996459961 -0.5
vertex 79.82564544677734 -20.987457275390625 -0.5
vertex 81.33644104003906 -24.7180233001709 -0.5
endloop
endfacet
facet normal 0 0 1
outer loop
vertex 79.8364486694336 -24.722362518310547 -0.5
vertex 81.33644104003906 -24.7180233001709 -0.5
vertex 79.82564544677734 -20.987457275390625 -0.5
endloop
endfacet
facet normal 0 0 1
outer loop
vertex -1.1180740594863892 -47.81450653076172 -0.5
vertex -0.8000171184539795 -47.05038070678711 -0.5
vertex -2.8499717712402344 -43.52999496459961 -0.5
endloop
endfacet
facet normal 0 0 1
outer loop
vertex 79.3000259399414 -42.819942474365234 -0.5
vertex 79.8364486694336 -24.722362518310547 -0.5
vertex 79.3000259399414 -10.240045547485352 -0.5
endloop
endfacet
facet normal 0 0 1
outer loop
vertex -1.1180740594863892 -47.81450653076172 -0.5
vertex -2.8499717712402344 -43.52999496459961 -0.5
vertex -2.8499717712402344 -48.329994201660156 -0.5
endloop
endfacet
facet normal 0 0 1
outer loop
vertex -29.15123748779297 -6.387985706329346 -0.5
vertex -26.907962799072266 -8.63125991821289 -0.5
vertex -21.69997215270996 -0.9915170669555664 -0.5
endloop
endfacet
facet normal 0 0 1
outer loop
vertex -31.749971389770508 -4.568332195281982 -0.5
vertex -29.15123748779297 -6.387985706329346 -0.5
vertex -22.46149444580078 -0.22999466955661774 -0.5
endloop
endfacet
facet normal 0 0 1
outer loop
vertex -3.402958869934082 -50.09939193725586 -0.5
vertex -1.1180740594863892 -47.81450653076172 -0.5
vertex -2.8499717712402344 -48.329994201660156 -0.5
endloop
endfacet
facet normal 0 0 1
outer loop
vertex 79.3000259399414 -42.819942474365234 -0.5
vertex 79.89574432373047 -45.2222785949707 -0.5
vertex 79.8364486694336 -24.722362518310547 -0.5
endloop
endfacet
facet normal 0 0 1
outer loop
vertex -4.321814060211182 -50.47999572753906 -0.5
vertex -3.402958869934082 -50.09939193725586 -0.5
vertex -2.8499717712402344 -48.329994201660156 -0.5
endloop
endfacet
facet normal 0 0 1
outer loop
vertex -21.69997215270996 -0.9915170669555664 -0.5
vertex -25.08831024169922 -11.229994773864746 -0.5
vertex -23.74756622314453 -14.105228424072266 -0.5
endloop
endfacet
facet normal 0 0 1
outer loop
vertex 79.3000259399414 -42.819942474365234 -0.5
vertex 78.88997650146484 -43.22999572753906 -0.5
vertex 79.89574432373047 -45.2222785949707 -0.5
endloop
endfacet
facet normal 0 0 1
outer loop
vertex 79.89574432373047 -45.2222785949707 -0.5
vertex 79.92762756347656 -45.72999572753906 -0.5
vertex 80.43544006347656 -45.2207145690918 -0.5
endloop
endfacet
facet normal 0 0 1
outer loop
vertex -21.69997215270996 -0.9915170669555664 -0.5
vertex -26.907962799072266 -8.63125991821289 -0.5
vertex -25.08831024169922 -11.229994773864746 -0.5
endloop
endfacet
facet normal 0 0 1
outer loop
vertex -77.76434326171875 6.879605293273926 -0.5
vertex -77.22491455078125 9.37657356262207 -0.5
vertex -78.72351837158203 7.3077497482299805 -0.5
endloop
endfacet
facet normal 0 0 1
outer loop
vertex -44.027584075927734 -50.47999572753906 -0.5
vertex -4.321814060211182 -50.47999572753906 -0.5
vertex -2.8499717712402344 -48.329994201660156 -0.5
endloop
endfacet
facet normal 0 0 1
outer loop
vertex 78.88997650146484 -43.22999572753906 -0.5
vertex 78.60002899169922 -43.22999572753906 -0.5
vertex 78.60002899169922 -43.52999496459961 -0.5
endloop
endfacet
facet normal 0 0 1
outer loop
vertex 78.88997650146484 -43.22999572753906 -0.5
vertex 78.60002899169922 -43.52999496459961 -0.5
vertex 79.89574432373047 -45.2222785949707 -0.5
endloop
endfacet
facet normal 0 0 1
outer loop
vertex 78.60002899169922 -43.52999496459961 -0.5
vertex 77.09709930419922 -44.721336364746094 -0.5
vertex 79.89574432373047 -45.2222785949707 -0.5
endloop
endfacet
facet normal 0 0 1
outer loop
vertex 78.60002899169922 -43.52999496459961 -0.5
vertex 77.13516235351562 -43.52999496459961 -0.5
vertex 77.13516235351562 -44.52999496459961 -0.5
endloop
endfacet
facet normal 0 0 1
outer loop
vertex 78.60002899169922 -43.52999496459961 -0.5
vertex 77.13516235351562 -44.52999496459961 -0.5
vertex 77.09709930419922 -44.721336364746094 -0.5
endloop
endfacet
facet normal 0 0 1
outer loop
vertex 75.63516235351562 -45.72999572753906 -0.5
vertex 79.92762756347656 -45.72999572753906 -0.5
vertex 79.89574432373047 -45.2222785949707 -0.5
endloop
endfacet
facet normal 0 0 1
outer loop
vertex 77.09709930419922 -44.721336364746094 -0.5
vertex 76.98871612548828 -44.883548736572266 -0.5
vertex 79.89574432373047 -45.2222785949707 -0.5
endloop
endfacet
facet normal 0 0 1
outer loop
vertex 76.98871612548828 -44.883548736572266 -0.5
vertex 76.82649993896484 -44.99193572998047 -0.5
vertex 79.89574432373047 -45.2222785949707 -0.5
endloop
endfacet
facet normal 0 0 1
outer loop
vertex -51.26374816894531 -51.997535705566406 -0.5
vertex -49.916770935058594 -52.358455657958984 -0.5
vertex -48.92758560180664 -52.44499969482422 -0.5
endloop
endfacet
facet normal 0 0 1
outer loop
vertex -48.92758560180664 -49.77999496459961 -0.5
vertex -52.527584075927734 -51.408199310302734 -0.5
vertex -51.26374816894531 -51.997535705566406 -0.5
endloop
endfacet
facet normal 0 0 1
outer loop
vertex -48.92758560180664 -52.44499969482422 -0.5
vertex -48.92758560180664 -49.77999496459961 -0.5
vertex -51.26374816894531 -51.997535705566406 -0.5
endloop
endfacet
facet normal 0 0 1
outer loop
vertex 76.82649993896484 -44.99193572998047 -0.5
vertex 71.53516387939453 -45.02999496459961 -0.5
vertex 79.89574432373047 -45.2222785949707 -0.5
endloop
endfacet
facet normal 0 0 1
outer loop
vertex 75.63516235351562 -45.72999572753906 -0.5
vertex 79.89574432373047 -45.2222785949707 -0.5
vertex 71.53516387939453 -45.02999496459961 -0.5
endloop
endfacet
facet normal 0 0 1
outer loop
vertex 71.53516387939453 -45.02999496459961 -0.5
vertex 75.63516235351562 -46.3080940246582 -0.5
vertex 75.63516235351562 -45.72999572753906 -0.5
endloop
endfacet
facet normal 0 0 1
outer loop
vertex 75.63516235351562 -46.3080940246582 -0.5
vertex 71.53516387939453 -45.02999496459961 -0.5
vertex 75.13516235351562 -46.658199310302734 -0.5
endloop
endfacet
facet normal 0 0 1
outer loop
vertex -48.127586364746094 -49.77999496459961 -0.5
vertex -48.127586364746094 -52.44499969482422 -0.5
vertex -47.13840103149414 -52.358455657958984 -0.5
endloop
endfacet
facet normal 0 0 1
outer loop
vertex -48.127586364746094 -49.77999496459961 -0.5
vertex -47.13840103149414 -52.358455657958984 -0.5
vertex -45.79142379760742 -51.997535705566406 -0.5
endloop
endfacet
facet normal 0 0 1
outer loop
vertex -48.127586364746094 -49.77999496459961 -0.5
vertex -45.79142379760742 -51.997535705566406 -0.5
vertex -44.527584075927734 -51.408199310302734 -0.5
endloop
endfacet
facet normal 0 0 1
outer loop
vertex -40.849971771240234 -45.329994201660156 -0.5
vertex -54.21892547607422 -47.81805419921875 -0.5
vertex -42.83624267578125 -47.81805419921875 -0.5
endloop
endfacet
facet normal 0 0 1
outer loop
vertex 71.53516387939453 -45.02999496459961 -0.5
vertex 73.87132263183594 -47.247535705566406 -0.5
vertex 75.13516235351562 -46.658199310302734 -0.5
endloop
endfacet
facet normal 0 0 1
outer loop
vertex 71.53516387939453 -45.02999496459961 -0.5
vertex 71.53516387939453 -47.69499969482422 -0.5
vertex 73.87132263183594 -47.247535705566406 -0.5
endloop
endfacet
facet normal 0 0 1
outer loop
vertex 71.53516387939453 -47.69499969482422 -0.5
vertex 72.52434539794922 -47.608455657958984 -0.5
vertex 73.87132263183594 -47.247535705566406 -0.5
endloop
endfacet
facet normal 0 0 1
outer loop
vertex 66.63516235351562 -45.72999572753906 -0.5
vertex 70.73516082763672 -47.69499969482422 -0.5
vertex 70.73516082763672 -45.02999496459961 -0.5
endloop
endfacet
facet normal 0 0 1
outer loop
vertex 68.39900207519531 -47.247535705566406 -0.5
vertex 69.7459716796875 -47.608455657958984 -0.5
vertex 70.73516082763672 -47.69499969482422 -0.5
endloop
endfacet
facet normal 0 0 1
outer loop
vertex 70.73516082763672 -47.69499969482422 -0.5
vertex 66.63516235351562 -45.72999572753906 -0.5
vertex 66.63516235351562 -46.3080940246582 -0.5
endloop
endfacet
facet normal 0 0 1
outer loop
vertex 70.73516082763672 -47.69499969482422 -0.5
vertex 66.63516235351562 -46.3080940246582 -0.5
vertex 67.13516235351562 -46.658199310302734 -0.5
endloop
endfacet
facet normal 0 0 1
outer loop
vertex 68.39900207519531 -47.247535705566406 -0.5
vertex 70.73516082763672 -47.69499969482422 -0.5
vertex 67.13516235351562 -46.658199310302734 -0.5
endloop
endfacet
facet normal 0 0 1
outer loop
vertex -78.30218505859375 45.334808349609375 -0.5
vertex -79.5886001586914 43.08039093017578 -0.5
vertex -77.22491455078125 43.063438415527344 -0.5
endloop
endfacet
facet normal 0 0 1
outer loop
vertex -77.76434326171875 6.879605293273926 -0.5
vertex -41.46149444580078 9.270005226135254 -0.5
vertex -76.96763610839844 9.270005226135254 -0.5
endloop
endfacet
facet normal 0 0 1
outer loop
vertex -78.6999740600586 11.002339363098145 -0.5
vertex -81.1597671508789 22.585721969604492 -0.5
vertex -81.20158386230469 10.542975425720215 -0.5
endloop
endfacet
facet normal 0 0 1
outer loop
vertex 1.1739445924758911 -45.72999572753906 -0.5
vertex 66.63516235351562 -45.72999572753906 -0.5
vertex 70.73516082763672 -45.02999496459961 -0.5
endloop
endfacet
facet normal 0 0 1
outer loop
vertex 1.1739445924758911 -45.72999572753906 -0.5
vertex 65.13516235351562 -44.52999496459961 -0.5
vertex 65.13516235351562 -43.52999496459961 -0.5
endloop
endfacet
facet normal 0 0 1
outer loop
vertex 1.1739445924758911 -45.72999572753906 -0.5
vertex 70.73516082763672 -45.02999496459961 -0.5
vertex 65.44381713867188 -44.99193572998047 -0.5
endloop
endfacet
facet normal 0 0 1
outer loop
vertex 1.1739445924758911 -45.72999572753906 -0.5
vertex 65.1732177734375 -44.721336364746094 -0.5
vertex 65.13516235351562 -44.52999496459961 -0.5
endloop
endfacet
facet normal 0 0 1
outer loop
vertex 1.1739445924758911 -45.72999572753906 -0.5
vertex 65.28160858154297 -44.883548736572266 -0.5
vertex 65.1732177734375 -44.721336364746094 -0.5
endloop
endfacet
facet normal 0 0 1
outer loop
vertex 77.28437042236328 27.02914047241211 -0.5
vertex 73.95002746582031 24.931528091430664 -0.5
vertex 74.7115478515625 24.170005798339844 -0.5
endloop
endfacet
facet normal 0 0 1
outer loop
vertex 74.7115478515625 24.170005798339844 -0.5
vertex 77.46039581298828 26.84750747680664 -0.5
vertex 77.3984146118164 26.890907287597656 -0.5
endloop
endfacet
facet normal 0 0 1
outer loop
vertex 74.7115478515625 24.170005798339844 -0.5
vertex 77.33678436279297 26.95253562927246 -0.5
vertex 77.28437042236328 27.02914047241211 -0.5
endloop
endfacet
facet normal 0 0 1
outer loop
vertex 74.7115478515625 24.170005798339844 -0.5
vertex 77.3984146118164 26.890907287597656 -0.5
vertex 77.33678436279297 26.95253562927246 -0.5
endloop
endfacet
facet normal 0 0 1
outer loop
vertex 77.28437042236328 27.02914047241211 -0.5
vertex 76.51417541503906 28.39824676513672 -0.5
vertex 73.95002746582031 24.931528091430664 -0.5
endloop
endfacet
facet normal 0 0 1
outer loop
vertex 76.51417541503906 28.39824676513672 -0.5
vertex 76.48017883300781 28.472253799438477 -0.5
vertex 73.95002746582031 24.931528091430664 -0.5
endloop
endfacet
facet normal 0 0 1
outer loop
vertex 76.48017883300781 28.472253799438477 -0.5
vertex 76.45002746582031 28.64326286315918 -0.5
vertex 73.95002746582031 24.931528091430664 -0.5
endloop
endfacet
facet normal 0 0 1
outer loop
vertex 77.2249755859375 24.06343650817871 -0.5
vertex 78.59346008300781 22.694950103759766 -0.5
vertex 79.69624328613281 23.74727439880371 -0.5
endloop
endfacet
facet normal 0 0 1
outer loop
vertex 78.59346008300781 22.694950103759766 -0.5
vertex 78.70002746582031 22.437671661376953 -0.5
vertex 79.69624328613281 23.74727439880371 -0.5
endloop
endfacet
facet normal 0 0 1
outer loop
vertex 78.83338165283203 26.011232376098633 -0.5
vertex 74.7115478515625 24.170005798339844 -0.5
vertex 76.96769714355469 24.170005798339844 -0.5
endloop
endfacet
facet normal 0 0 1
outer loop
vertex 78.83338165283203 26.011232376098633 -0.5
vertex 76.96769714355469 24.170005798339844 -0.5
vertex 77.2249755859375 24.06343650817871 -0.5
endloop
endfacet
facet normal 0 0 1
outer loop
vertex 77.2249755859375 24.06343650817871 -0.5
vertex 79.69624328613281 23.74727439880371 -0.5
vertex 80.8722915649414 23.75067710876465 -0.5
endloop
endfacet
facet normal 0 0 1
outer loop
vertex 80.8722915649414 23.75067710876465 -0.5
vertex 78.83338165283203 26.011232376098633 -0.5
vertex 77.2249755859375 24.06343650817871 -0.5
endloop
endfacet
facet normal 0 0 1
outer loop
vertex -77.22491455078125 9.37657356262207 -0.5
vertex -80.86597442626953 9.669111251831055 -0.5
vertex -78.72351837158203 7.3077497482299805 -0.5
endloop
endfacet
facet normal 0 0 1
outer loop
vertex -77.76434326171875 6.879605293273926 -0.5
vertex -76.96763610839844 9.270005226135254 -0.5
vertex -77.22491455078125 9.37657356262207 -0.5
endloop
endfacet
facet normal 0 0 1
outer loop
vertex 1.1739445924758911 -45.72999572753906 -0.5
vertex 65.44381713867188 -44.99193572998047 -0.5
vertex 65.28160858154297 -44.883548736572266 -0.5
endloop
endfacet
facet normal 0 0 1
outer loop
vertex -21.69997215270996 -39.329994201660156 -0.5
vertex -21.69997215270996 -24.064559936523438 -0.5
vertex -23.74756622314453 -26.55476188659668 -0.5
endloop
endfacet
facet normal 0 0 1
outer loop
vertex -48.127586364746094 -49.77999496459961 -0.5
vertex -44.527584075927734 -51.408199310302734 -0.5
vertex -44.027584075927734 -50.47999572753906 -0.5
endloop
endfacet
facet normal 0 0 1
outer loop
vertex -25.08831024169922 -29.429994583129883 -0.5
vertex -21.69997215270996 -39.329994201660156 -0.5
vertex -23.74756622314453 -26.55476188659668 -0.5
endloop
endfacet
facet normal 0 0 1
outer loop
vertex -79.5886001586914 43.08039093017578 -0.5
vertex -78.6999740600586 11.002339363098145 -0.5
vertex -78.6999740600586 41.43767166137695 -0.5
endloop
endfacet
facet normal 0 0 1
outer loop
vertex -42.83624267578125 -49.74193572998047 -0.5
vertex -48.127586364746094 -49.77999496459961 -0.5
vertex -44.027584075927734 -50.47999572753906 -0.5
endloop
endfacet
facet normal 0 0 1
outer loop
vertex -40.849971771240234 -48.329994201660156 -0.5
vertex -42.527584075927734 -49.27999496459961 -0.5
vertex -42.56564712524414 -49.471336364746094 -0.5
endloop
endfacet
facet normal 0 0 1
outer loop
vertex -40.849971771240234 -48.329994201660156 -0.5
vertex -42.527584075927734 -48.27999496459961 -0.5
vertex -42.527584075927734 -49.27999496459961 -0.5
endloop
endfacet
facet normal 0 0 1
outer loop
vertex 74.7115478515625 24.170005798339844 -0.5
vertex 78.83338165283203 26.011232376098633 -0.5
vertex 77.46039581298828 26.84750747680664 -0.5
endloop
endfacet
facet normal 0 0 1
outer loop
vertex -40.849971771240234 -48.329994201660156 -0.5
vertex -42.56564712524414 -48.088653564453125 -0.5
vertex -42.527584075927734 -48.27999496459961 -0.5
endloop
endfacet
facet normal 0 0 1
outer loop
vertex -40.849971771240234 -48.329994201660156 -0.5
vertex -42.67403030395508 -47.92644119262695 -0.5
vertex -42.56564712524414 -48.088653564453125 -0.5
endloop
endfacet
facet normal 0 0 1
outer loop
vertex -40.849971771240234 -45.329994201660156 -0.5
vertex -42.83624267578125 -47.81805419921875 -0.5
vertex -42.67403030395508 -47.92644119262695 -0.5
endloop
endfacet
facet normal 0 0 1
outer loop
vertex -40.849971771240234 -48.329994201660156 -0.5
vertex -40.849971771240234 -45.329994201660156 -0.5
vertex -42.67403030395508 -47.92644119262695 -0.5
endloop
endfacet
facet normal 0 0 1
outer loop
vertex -54.21892547607422 -47.81805419921875 -0.5
vertex -40.849971771240234 -45.329994201660156 -0.5
vertex -48.74997329711914 -45.329994201660156 -0.5
endloop
endfacet
facet normal 0 0 1
outer loop
vertex -25.08831024169922 -29.429994583129883 -0.5
vertex -26.907962799072266 -32.02872848510742 -0.5
vertex -21.69997215270996 -39.329994201660156 -0.5
endloop
endfacet
facet normal 0 0 1
outer loop
vertex -26.907962799072266 -32.02872848510742 -0.5
vertex -29.15123748779297 -34.272003173828125 -0.5
vertex -21.69997215270996 -39.329994201660156 -0.5
endloop
endfacet
facet normal 0 0 1
outer loop
vertex -54.7919807434082 -32.02872848510742 -0.5
vertex -56.61163330078125 -29.429994583129883 -0.5
vertex -59.51247024536133 -47.74510955810547 -0.5
endloop
endfacet
facet normal 0 0 1
outer loop
vertex -56.61163330078125 -29.429994583129883 -0.5
vertex -59.51247024536133 -27.245107650756836 -0.5
vertex -59.51247024536133 -47.74510955810547 -0.5
endloop
endfacet
facet normal 0 0 1
outer loop
vertex -49.94997024536133 -36.09165573120117 -0.5
vertex -52.5487060546875 -34.272003173828125 -0.5
vertex -59.51247024536133 -47.74510955810547 -0.5
endloop
endfacet
facet normal 0 0 1
outer loop
vertex -52.5487060546875 -34.272003173828125 -0.5
vertex -54.7919807434082 -32.02872848510742 -0.5
vertex -59.51247024536133 -47.74510955810547 -0.5
endloop
endfacet
facet normal 0 0 1
outer loop
vertex -56.61163330078125 -29.429994583129883 -0.5
vertex -57.95237731933594 -26.55476188659668 -0.5
vertex -59.51247024536133 -27.245107650756836 -0.5
endloop
endfacet
facet normal 0 0 1
outer loop
vertex -29.15123748779297 -34.272003173828125 -0.5
vertex -31.749971389770508 -36.09165573120117 -0.5
vertex -21.69997215270996 -39.329994201660156 -0.5
endloop
endfacet
facet normal 0 0 1
outer loop
vertex -31.749971389770508 -36.09165573120117 -0.5
vertex -32.94997024536133 -36.65122604370117 -0.5
vertex -21.69997215270996 -39.329994201660156 -0.5
endloop
endfacet
facet normal 0 0 1
outer loop
vertex -78.6999740600586 11.002339363098145 -0.5
vertex -79.5886001586914 43.08039093017578 -0.5
vertex -79.65977478027344 22.58051300048828 -0.5
endloop
endfacet
facet normal 0 0 1
outer loop
vertex -32.94997024536133 -36.65122604370117 -0.5
vertex -32.94997024536133 -39.329994201660156 -0.5
vertex -21.69997215270996 -39.329994201660156 -0.5
endloop
endfacet
facet normal 0 0 1
outer loop
vertex -2.8499717712402344 -48.329994201660156 -0.5
vertex -40.849971771240234 -48.329994201660156 -0.5
vertex -42.56564712524414 -49.471336364746094 -0.5
endloop
endfacet
facet normal 0 0 1
outer loop
vertex -59.51247024536133 -27.245107650756836 -0.5
vertex -57.95237731933594 -26.55476188659668 -0.5
vertex -58.77347183227539 -23.49039077758789 -0.5
endloop
endfacet
facet normal 0 0 1
outer loop
vertex -42.67403030395508 -49.633548736572266 -0.5
vertex -42.83624267578125 -49.74193572998047 -0.5
vertex -2.8499717712402344 -48.329994201660156 -0.5
endloop
endfacet
facet normal 0 0 1
outer loop
vertex 76.45002746582031 28.64326286315918 -0.5
vertex 73.95002746582031 41.43767166137695 -0.5
vertex 73.95002746582031 24.931528091430664 -0.5
endloop
endfacet
facet normal 0 0 1
outer loop
vertex 1.1739445924758911 -45.72999572753906 -0.5
vertex 17.60002899169922 -43.52999496459961 -0.5
vertex -2.8499717712402344 -43.52999496459961 -0.5
endloop
endfacet
facet normal 0 0 1
outer loop
vertex -59.04997253417969 -20.329994201660156 -0.5
vertex -59.51247024536133 -27.245107650756836 -0.5
vertex -58.77347183227539 -23.49039077758789 -0.5
endloop
endfacet
facet normal 0 0 1
outer loop
vertex -59.51247024536133 -15.208282470703125 -0.5
vertex -59.51247024536133 -27.245107650756836 -0.5
vertex -59.04997253417969 -20.329994201660156 -0.5
endloop
endfacet
facet normal 0 0 1
outer loop
vertex -2.8499717712402344 -48.329994201660156 -0.5
vertex -42.56564712524414 -49.471336364746094 -0.5
vertex -42.67403030395508 -49.633548736572266 -0.5
endloop
endfacet
facet normal 0 0 1
outer loop
vertex -42.83624267578125 -49.74193572998047 -0.5
vertex -44.027584075927734 -50.47999572753906 -0.5
vertex -2.8499717712402344 -48.329994201660156 -0.5
endloop
endfacet
facet normal 0 0 1
outer loop
vertex -59.04997253417969 -20.329994201660156 -0.5
vertex -58.77347183227539 -17.169597625732422 -0.5
vertex -59.51247024536133 -15.208282470703125 -0.5
endloop
endfacet
facet normal 0 0 1
outer loop
vertex -58.77347183227539 -17.169597625732422 -0.5
vertex -57.95237731933594 -14.105228424072266 -0.5
vertex -59.51247024536133 -15.208282470703125 -0.5
endloop
endfacet
facet normal 0 0 1
outer loop
vertex -59.51247024536133 5.291718006134033 -0.5
vertex -54.7919807434082 -8.63125991821289 -0.5
vertex -52.5487060546875 -6.387985706329346 -0.5
endloop
endfacet
facet normal 0 0 1
outer loop
vertex -59.51247024536133 5.291718006134033 -0.5
vertex -56.61163330078125 -11.229994773864746 -0.5
vertex -54.7919807434082 -8.63125991821289 -0.5
endloop
endfacet
facet normal 0 0 1
outer loop
vertex 65.13516235351562 -43.52999496459961 -0.5
vertex 17.60002899169922 -43.52999496459961 -0.5
vertex 1.1739445924758911 -45.72999572753906 -0.5
endloop
endfacet
facet normal 0 0 1
outer loop
vertex -59.51247024536133 5.291718006134033 -0.5
vertex -59.51247024536133 -15.208282470703125 -0.5
vertex -57.95237731933594 -14.105228424072266 -0.5
endloop
endfacet
facet normal 0 0 1
outer loop
vertex -79.5886001586914 43.08039093017578 -0.5
vertex -78.30218505859375 45.334808349609375 -0.5
vertex -80.66329956054688 43.19257354736328 -0.5
endloop
endfacet
facet normal -0.0028950384624932724 0.9999958093623805 -0.0000031588000637269055
outer loop
vertex 81.14356994628906 -45.218666076660156 -1
vertex 79.89574432373047 -45.2222785949707 -1
vertex 80.43544006347656 -45.2207145690918 -0.5
endloop
endfacet
facet normal 0.002892814702616737 -0.9999958158019671 0.0000012862740511734443
outer loop
vertex 79.8364486694336 -24.722362518310547 -0.5
vertex 81.83644104003906 -24.716577529907227 -1
vertex 81.33644104003906 -24.7180233001709 -0.5
endloop
endfacet
facet normal 0.0028924931355702134 -0.9999958167329805 0
outer loop
vertex 79.8364486694336 -24.722362518310547 -1
vertex 81.83644104003906 -24.716577529907227 -1
vertex 79.8364486694336 -24.722362518310547 -0.5
endloop
endfacet
facet normal 0.999995816797925 0.0028924706827790736 0
outer loop
vertex 79.89574432373047 -45.2222785949707 -0.5
vertex 79.8364486694336 -24.722362518310547 -1
vertex 79.8364486694336 -24.722362518310547 -0.5
endloop
endfacet
facet normal 0 0 1
outer loop
vertex 81.83644104003906 -24.716577529907227 -1
vertex 79.8364486694336 -24.722362518310547 -1
vertex 81.89356994628906 -44.466495513916016 -1
endloop
endfacet
facet normal 0.999995816797925 0.0028924706827790736 0
outer loop
vertex 79.89574432373047 -45.2222785949707 -0.5
vertex 79.89574432373047 -45.2222785949707 -1
vertex 79.8364486694336 -24.722362518310547 -1
endloop
endfacet
facet normal 0 0 1
outer loop
vertex 79.89574432373047 -45.2222785949707 -1
vertex 81.89356994628906 -44.466495513916016 -1
vertex 79.8364486694336 -24.722362518310547 -1
endloop
endfacet
facet normal -0.0028979649017180633 0.9999958008908979 0
outer loop
vertex 79.89574432373047 -45.2222785949707 -1
vertex 79.89574432373047 -45.2222785949707 -0.5
vertex 80.43544006347656 -45.2207145690918 -0.5
endloop
endfacet
facet normal 0 0 1
outer loop
vertex 81.89356994628906 -44.466495513916016 -1
vertex 79.89574432373047 -45.2222785949707 -1
vertex 81.14356994628906 -45.218666076660156 -1
endloop
endfacet
facet normal 0 0 1
outer loop
vertex 81.69840240478516 23.003063201904297 -1
vertex 79.69624328613281 23.74727439880371 -1
vertex 81.75553131103516 3.253145933151245 -1
endloop
endfacet
facet normal 0.0028933299589493323 -0.9999958143097819 0.0000021598222800734818
outer loop
vertex 79.69624328613281 23.74727439880371 -0.5
vertex 81.40795135498047 23.752225875854492 -1
vertex 80.8722915649414 23.75067710876465 -0.5
endloop
endfacet
facet normal 0.0028926990674376456 -0.9999958161373003 0
outer loop
vertex 79.69624328613281 23.74727439880371 -1
vertex 81.40795135498047 23.752225875854492 -1
vertex 79.69624328613281 23.74727439880371 -0.5
endloop
endfacet
facet normal 0 0 1
outer loop
vertex 81.69840240478516 23.003063201904297 -1
vertex 81.40795135498047 23.752225875854492 -1
vertex 79.69624328613281 23.74727439880371 -1
endloop
endfacet
facet normal 0.9999958167968548 0.0028924710528168696 0
outer loop
vertex 79.75553894042969 3.247360944747925 -0.5
vertex 79.69624328613281 23.74727439880371 -1
vertex 79.69624328613281 23.74727439880371 -0.5
endloop
endfacet
facet normal 0.9999958167968548 0.0028924710528168696 0
outer loop
vertex 79.69624328613281 23.74727439880371 -1
vertex 79.75553894042969 3.247360944747925 -0.5
vertex 79.75553894042969 3.247360944747925 -1
endloop
endfacet
facet normal 0 0 1
outer loop
vertex 79.69624328613281 23.74727439880371 -1
vertex 79.75553894042969 3.247360944747925 -1
vertex 81.75553131103516 3.253145933151245 -1
endloop
endfacet
facet normal -0.0028924821016768736 0.9999958167648959 0
outer loop
vertex 79.75553894042969 3.247360944747925 -0.5
vertex 81.25553894042969 3.251699686050415 -0.5
vertex 79.75553894042969 3.247360944747925 -1
endloop
endfacet
facet normal -0.0028924931355702116 0.9999958167329799 3.31019569652963e-8
outer loop
vertex 81.75553131103516 3.253145933151245 -1
vertex 79.75553894042969 3.247360944747925 -1
vertex 81.25553894042969 3.251699686050415 -0.5
endloop
endfacet
facet normal 0 0 1
outer loop
vertex -79.5886001586914 43.08039093017578 -1
vertex -81.25792694091797 43.086185455322266 -1
vertex -81.6597671508789 22.58745765686035 -1
endloop
endfacet
facet normal -0.9999939728241655 0.0034719325082906483 0
outer loop
vertex -79.65977478027344 22.58051300048828 -1
vertex -79.65977478027344 22.58051300048828 -0.5
vertex -79.5886001586914 43.08039093017578 -0.5
endloop
endfacet
facet normal 0 0 1
outer loop
vertex -81.6597671508789 22.58745765686035 -1
vertex -81.25792694091797 43.086185455322266 -1
vertex -81.59119415283203 42.337337493896484 -1
endloop
endfacet
facet normal -0.9999939728241655 0.0034719325082906483 0
outer loop
vertex -79.5886001586914 43.08039093017578 -1
vertex -79.65977478027344 22.58051300048828 -1
vertex -79.5886001586914 43.08039093017578 -0.5
endloop
endfacet
facet normal -0.003471918196348283 -0.9999939728738557 0
outer loop
vertex -79.5886001586914 43.08039093017578 -1
vertex -79.5886001586914 43.08039093017578 -0.5
vertex -80.71149444580078 43.08428955078125 -0.5
endloop
endfacet
facet normal 0.0034723204988763526 0.999993971477005 0
outer loop
vertex -79.65977478027344 22.58051300048828 -1
vertex -81.6597671508789 22.58745765686035 -1
vertex -79.65977478027344 22.58051300048828 -0.5
endloop
endfacet
facet normal 0.0034726428014324327 0.9999939703569775 -0.0000012892208627862386
outer loop
vertex -79.65977478027344 22.58051300048828 -0.5
vertex -81.6597671508789 22.58745765686035 -1
vertex -81.1597671508789 22.585721969604492 -0.5
endloop
endfacet
facet normal 0 0 1
outer loop
vertex -79.65977478027344 22.58051300048828 -1
vertex -79.5886001586914 43.08039093017578 -1
vertex -81.6597671508789 22.58745765686035 -1
endloop
endfacet
facet normal -0.0034711539401451955 -0.9999939755255418 0.0000017163785245061083
outer loop
vertex -80.71149444580078 43.08428955078125 -0.5
vertex -81.25792694091797 43.086185455322266 -1
vertex -79.5886001586914 43.08039093017578 -1
endloop
endfacet
facet normal -1 0 0
outer loop
vertex -59.51247024536133 -47.74510955810547 -1
vertex -59.51247024536133 -47.74510955810547 -0.5
vertex -59.51247024536133 -27.245107650756836 -0.5
endloop
endfacet
facet normal 0 0 1
outer loop
vertex -61.201812744140625 -47.74510955810547 -1
vertex -61.51247024536133 -27.245107650756836 -1
vertex -61.51247024536133 -46.99510955810547 -1
endloop
endfacet
facet normal 0 0 1
outer loop
vertex -59.51247024536133 -47.74510955810547 -1
vertex -59.51247024536133 -27.245107650756836 -1
vertex -61.51247024536133 -27.245107650756836 -1
endloop
endfacet
facet normal -1 0 0
outer loop
vertex -59.51247024536133 -27.245107650756836 -1
vertex -59.51247024536133 -47.74510955810547 -1
vertex -59.51247024536133 -27.245107650756836 -0.5
endloop
endfacet
facet normal 0 1 0
outer loop
vertex -60.660614013671875 -47.74510955810547 -0.5
vertex -59.51247024536133 -47.74510955810547 -0.5
vertex -61.201812744140625 -47.74510955810547 -1
endloop
endfacet
facet normal 0 1 0
outer loop
vertex -59.51247024536133 -47.74510955810547 -1
vertex -61.201812744140625 -47.74510955810547 -1
vertex -59.51247024536133 -47.74510955810547 -0.5
endloop
endfacet
facet normal 0 0 1
outer loop
vertex -61.201812744140625 -47.74510955810547 -1
vertex -59.51247024536133 -47.74510955810547 -1
vertex -61.51247024536133 -27.245107650756836 -1
endloop
endfacet
facet normal 0.002892582541756364 -0.9999958164743685 0
outer loop
vertex 79.76634216308594 -0.4875437617301941 -1
vertex 81.7663345336914 -0.48175859451293945 -1
vertex 79.76634216308594 -0.4875437617301941 -0.5
endloop
endfacet
facet normal 0.999995815720336 0.0028928432068927906 0
outer loop
vertex 79.82564544677734 -20.987457275390625 -0.5
vertex 79.76634216308594 -0.4875437617301941 -1
vertex 79.76634216308594 -0.4875437617301941 -0.5
endloop
endfacet
facet normal 0 0 1
outer loop
vertex 81.7663345336914 -0.48175859451293945 -1
vertex 79.76634216308594 -0.4875437617301941 -1
vertex 81.82563781738281 -20.981672286987305 -1
endloop
endfacet
facet normal 0.999995815720336 0.0028928432068927906 0
outer loop
vertex 79.82564544677734 -20.987457275390625 -0.5
vertex 79.82564544677734 -20.987457275390625 -1
vertex 79.76634216308594 -0.4875437617301941 -1
endloop
endfacet
facet normal 0 0 1
outer loop
vertex 79.82564544677734 -20.987457275390625 -1
vertex 81.82563781738281 -20.981672286987305 -1
vertex 79.76634216308594 -0.4875437617301941 -1
endloop
endfacet
facet normal -0.0028915431463508163 0.9999958194803781 0
outer loop
vertex 79.82564544677734 -20.987457275390625 -1
vertex 79.82564544677734 -20.987457275390625 -0.5
vertex 81.32563781738281 -20.98311996459961 -0.5
endloop
endfacet
facet normal -0.0028924931355584667 0.9999958167289194 0.0000028499769951291313
outer loop
vertex 81.82563781738281 -20.981672286987305 -1
vertex 79.82564544677734 -20.987457275390625 -1
vertex 81.32563781738281 -20.98311996459961 -0.5
endloop
endfacet
facet normal 0.0028925814415047607 -0.9999958164775512 -4.4010264500092216e-9
outer loop
vertex 79.76634216308594 -0.4875437617301941 -0.5
vertex 81.7663345336914 -0.48175859451293945 -1
vertex 81.26634216308594 -0.4832048714160919 -0.5
endloop
endfacet
facet normal 0 -1 0
outer loop
vertex -62.25821304321289 5.291718006134033 -1
vertex -59.51247024536133 5.291718006134033 -1
vertex -61.5531120300293 5.291718006134033 -0.5
endloop
endfacet
facet normal 0 -1 0
outer loop
vertex -59.51247024536133 5.291718006134033 -0.5
vertex -61.5531120300293 5.291718006134033 -0.5
vertex -59.51247024536133 5.291718006134033 -1
endloop
endfacet
facet normal 0 0 1
outer loop
vertex -61.51247024536133 4.541718006134033 -1
vertex -59.51247024536133 5.291718006134033 -1
vertex -62.25821304321289 5.291718006134033 -1
endloop
endfacet
facet normal -1 0 0
outer loop
vertex -59.51247024536133 -15.208282470703125 -1
vertex -59.51247024536133 5.291718006134033 -0.5
vertex -59.51247024536133 5.291718006134033 -1
endloop
endfacet
facet normal 0 0 1
outer loop
vertex -59.51247024536133 5.291718006134033 -1
vertex -61.51247024536133 4.541718006134033 -1
vertex -61.51247024536133 -15.208282470703125 -1
endloop
endfacet
facet normal 0 0 1
outer loop
vertex -59.51247024536133 -15.208282470703125 -1
vertex -59.51247024536133 5.291718006134033 -1
vertex -61.51247024536133 -15.208282470703125 -1
endloop
endfacet
facet normal -1 0 0
outer loop
vertex -59.51247024536133 -15.208282470703125 -1
vertex -59.51247024536133 -15.208282470703125 -0.5
vertex -59.51247024536133 5.291718006134033 -0.5
endloop
endfacet
facet normal 0 0 1
outer loop
vertex -59.51247024536133 -27.245107650756836 -1
vertex -61.51247024536133 -15.208282470703125 -1
vertex -61.51247024536133 -27.245107650756836 -1
endloop
endfacet
facet normal -1 0 0
outer loop
vertex -59.51247024536133 -27.245107650756836 -1
vertex -59.51247024536133 -27.245107650756836 -0.5
vertex -59.51247024536133 -15.208282470703125 -0.5
endloop
endfacet
facet normal 0 0 1
outer loop
vertex -59.51247024536133 -27.245107650756836 -1
vertex -59.51247024536133 -15.208282470703125 -1
vertex -61.51247024536133 -15.208282470703125 -1
endloop
endfacet
facet normal -1 0 0
outer loop
vertex -59.51247024536133 -15.208282470703125 -1
vertex -59.51247024536133 -27.245107650756836 -1
vertex -59.51247024536133 -15.208282470703125 -0.5
endloop
endfacet
endsolid auto-kdk-case
