solid auto-kdk-case
facet normal 1 0 0
outer loop
vertex -16.550025939941406 -32.98502731323242 5
vertex -16.550025939941406 -27.373476028442383 0
vertex -16.550025939941406 -18.885025024414062 0
endloop
endfacet
facet normal 0 1 0
outer loop
vertex -59.45002746582031 5.014974594116211 5
vertex -69.0000228881836 5.014974594116211 3.549999952316284
vertex -73.5500259399414 5.014974594116211 5
endloop
endfacet
facet normal 0 -1 0
outer loop
vertex -73.5500259399414 19.114974975585938 5
vertex -69.0000228881836 19.114974975585938 3.549999952316284
vertex -64.0000228881836 19.114974975585938 3.549999952316284
endloop
endfacet
facet normal 0 -1 0
outer loop
vertex -54.550025939941406 0.11497443169355392 5
vertex -50.00002670288086 0.11497443169355392 3.549999952316284
vertex -45.00002670288086 0.11497443169355392 3.549999952316284
endloop
endfacet
facet normal 0 -1 0
outer loop
vertex -45.25002670288086 38.11497497558594 0
vertex -45.25002670288086 38.11497497558594 3.549999952316284
vertex -49.800025939941406 38.11497497558594 0
endloop
endfacet
facet normal 1 0 0
outer loop
vertex 2.4499738216400146 -18.885025024414062 0
vertex 2.4499738216400146 -32.98502731323242 5
vertex 2.4499738216400146 -32.98502731323242 0
endloop
endfacet
facet normal 0 -1 0
outer loop
vertex -54.70002746582031 38.11497497558594 0
vertex -59.25002670288086 38.11497497558594 3.549999952316284
vertex -59.25002670288086 38.11497497558594 0
endloop
endfacet
facet normal 1 0 0
outer loop
vertex 59.449974060058594 19.26497459411621 5
vertex 59.449974060058594 23.814973831176758 3.549999952316284
vertex 59.449974060058594 28.814973831176758 3.549999952316284
endloop
endfacet
facet normal 0 -1 0
outer loop
vertex 2.4499738216400146 19.114974975585938 0
vertex 6.999973773956299 19.114974975585938 0
vertex 6.999973773956299 19.114974975585938 3.549999952316284
endloop
endfacet
facet normal 0 -1 0
outer loop
vertex 59.449974060058594 33.36497497558594 5
vertex 73.54997253417969 33.36497497558594 0
vertex 73.54997253417969 33.36497497558594 5
endloop
endfacet
facet normal 0 1 0
outer loop
vertex 16.54997444152832 5.014974594116211 0
vertex 11.999974250793457 5.014974594116211 0
vertex 11.999974250793457 5.014974594116211 3.549999952316284
endloop
endfacet
facet normal 0 -1 0
outer loop
vertex 40.449974060058594 33.36497497558594 5
vertex 54.54997253417969 33.36497497558594 0
vertex 54.54997253417969 33.36497497558594 5
endloop
endfacet
facet normal 0 1 0
outer loop
vertex -45.25002670288086 24.01497459411621 0
vertex -49.800025939941406 24.01497459411621 0
vertex -45.25002670288086 24.01497459411621 3.549999952316284
endloop
endfacet
facet normal -1 0 0
outer loop
vertex 54.54997253417969 33.36497497558594 0
vertex 54.54997253417969 28.814973831176758 3.549999952316284
vertex 54.54997253417969 33.36497497558594 5
endloop
endfacet
facet normal 0 -1 0
outer loop
vertex 11.999974250793457 0.11497443169355392 0
vertex 16.54997444152832 0.11497443169355392 0
vertex 11.999974250793457 0.11497443169355392 3.549999952316284
endloop
endfacet
facet normal 0 1 0
outer loop
vertex -59.45002746582031 -32.98502731323242 0
vertex -64.0000228881836 -32.98502731323242 0
vertex -64.0000228881836 -32.98502731323242 3.549999952316284
endloop
endfacet
facet normal 0 1 0
outer loop
vertex -54.70002746582031 24.01497459411621 0
vertex -59.25002670288086 24.01497459411621 0
vertex -59.25002670288086 24.01497459411621 3.549999952316284
endloop
endfacet
facet normal -1 0 0
outer loop
vertex 73.54997253417969 23.814973831176758 3.549999952316284
vertex 73.54997253417969 19.26497459411621 0
vertex 73.54997253417969 19.26497459411621 5
endloop
endfacet
facet normal 0 -1 0
outer loop
vertex -68.8000259399414 38.11497497558594 0
vertex -64.2500228881836 38.11497497558594 0
vertex -64.2500228881836 38.11497497558594 3.549999952316284
endloop
endfacet
facet normal 1 0 0
outer loop
vertex 59.449974060058594 19.26497459411621 0
vertex 59.449974060058594 23.814973831176758 3.549999952316284
vertex 59.449974060058594 19.26497459411621 5
endloop
endfacet
facet normal 0 1 0
outer loop
vertex -12.000025749206543 -32.98502731323242 0
vertex -16.550025939941406 -32.98502731323242 0
vertex -12.000025749206543 -32.98502731323242 3.549999952316284
endloop
endfacet
facet normal 0 -1 0
outer loop
vertex -30.800025939941406 38.11497497558594 5
vertex -30.800025939941406 38.11497497558594 0
vertex -26.25002670288086 38.11497497558594 3.549999952316284
endloop
endfacet
facet normal -1 0 0
outer loop
vertex 54.54997253417969 23.814973831176758 3.549999952316284
vertex 54.54997253417969 19.26497459411621 0
vertex 54.54997253417969 19.26497459411621 5
endloop
endfacet
facet normal 0 -1 0
outer loop
vertex -54.550025939941406 0.11497443169355392 0
vertex -50.00002670288086 0.11497443169355392 0
vertex -50.00002670288086 0.11497443169355392 3.549999952316284
endloop
endfacet
facet normal 0 1 0
outer loop
vertex -59.45002746582031 -13.985025405883789 0
vertex -64.0000228881836 -13.985025405883789 3.549999952316284
vertex -59.45002746582031 -13.985025405883789 5
endloop
endfacet
facet normal 0 -1 0
outer loop
vertex -45.00002670288086 0.11497443169355392 3.549999952316284
vertex -40.45002746582031 0.11497443169355392 0
vertex -40.45002746582031 0.11497443169355392 5
endloop
endfacet
facet normal 1 0 0
outer loop
vertex -16.550025939941406 0.11497443169355392 0
vertex -16.550025939941406 -13.985025405883789 5
vertex -16.550025939941406 -13.985025405883789 0
endloop
endfacet
facet normal 0 -1 0
outer loop
vertex -35.550025939941406 19.114974975585938 0
vertex -31.00002670288086 19.114974975585938 3.549999952316284
vertex -35.550025939941406 19.114974975585938 5
endloop
endfacet
facet normal 0 1 0
outer loop
vertex 35.54997253417969 -13.985025405883789 0
vertex 30.99997329711914 -13.985025405883789 3.549999952316284
vertex 35.54997253417969 -13.985025405883789 5
endloop
endfacet
facet normal -1 0 0
outer loop
vertex 54.54997253417969 33.36497497558594 0
vertex 54.54997253417969 28.814973831176758 0
vertex 54.54997253417969 28.814973831176758 3.549999952316284
endloop
endfacet
facet normal 1 0 0
outer loop
vertex -16.550025939941406 -13.985025405883789 5
vertex -16.550025939941406 0.11497443169355392 0
vertex -16.550025939941406 0.11497443169355392 5
endloop
endfacet
facet normal 0 1 0
outer loop
vertex -64.0000228881836 -13.985025405883789 3.549999952316284
vertex -69.0000228881836 -13.985025405883789 3.549999952316284
vertex -59.45002746582031 -13.985025405883789 5
endloop
endfacet
facet normal 0 1 0
outer loop
vertex -2.450026273727417 5.014974594116211 5
vertex -7.000026226043701 5.014974594116211 3.549999952316284
vertex -12.000025749206543 5.014974594116211 3.549999952316284
endloop
endfacet
facet normal 0 1 0
outer loop
vertex -40.45002746582031 -32.98502731323242 0
vertex -45.00002670288086 -32.98502731323242 3.549999952316284
vertex -40.45002746582031 -32.98502731323242 5
endloop
endfacet
facet normal 1 0 0
outer loop
vertex -16.550025939941406 -32.98502731323242 5
vertex -16.550025939941406 -30.280912399291992 0
vertex -16.550025939941406 -27.373476028442383 0
endloop
endfacet
facet normal 0 -1 0
outer loop
vertex 30.99997329711914 19.114974975585938 0
vertex 35.54997253417969 19.114974975585938 0
vertex 30.99997329711914 19.114974975585938 3.549999952316284
endloop
endfacet
facet normal 0 -1 0
outer loop
vertex 30.99997329711914 0.11497443169355392 0
vertex 35.54997253417969 0.11497443169355392 0
vertex 30.99997329711914 0.11497443169355392 3.549999952316284
endloop
endfacet
facet normal -1 0 0
outer loop
vertex 73.54997253417969 33.36497497558594 5
vertex 73.54997253417969 28.814973831176758 3.549999952316284
vertex 73.54997253417969 23.814973831176758 3.549999952316284
endloop
endfacet
facet normal 0 -1 0
outer loop
vertex -54.550025939941406 0.11497443169355392 0
vertex -50.00002670288086 0.11497443169355392 3.549999952316284
vertex -54.550025939941406 0.11497443169355392 5
endloop
endfacet
facet normal 0 -1 0
outer loop
vertex 2.4499738216400146 -18.885025024414062 5
vertex 11.999974250793457 -18.885025024414062 3.549999952316284
vertex 16.54997444152832 -18.885025024414062 5
endloop
endfacet
facet normal 0 1 0
outer loop
vertex -12.000025749206543 5.014974594116211 3.549999952316284
vertex -16.550025939941406 5.014974594116211 0
vertex -16.550025939941406 5.014974594116211 5
endloop
endfacet
facet normal 0 -1 0
outer loop
vertex 11.999974250793457 -18.885025024414062 3.549999952316284
vertex 16.54997444152832 -18.885025024414062 0
vertex 16.54997444152832 -18.885025024414062 5
endloop
endfacet
facet normal 0 1 0
outer loop
vertex -69.0000228881836 -13.985025405883789 0
vertex -73.5500259399414 -13.985025405883789 0
vertex -69.0000228881836 -13.985025405883789 3.549999952316284
endloop
endfacet
facet normal 0 1 0
outer loop
vertex -2.450026273727417 -13.985025405883789 5
vertex -12.000025749206543 -13.985025405883789 3.549999952316284
vertex -16.550025939941406 -13.985025405883789 5
endloop
endfacet
facet normal 1 0 0
outer loop
vertex -54.550025939941406 0.11497443169355392 0
vertex -54.550025939941406 -13.985025405883789 5
vertex -54.550025939941406 -13.985025405883789 0
endloop
endfacet
facet normal -1 0 0
outer loop
vertex -40.45002746582031 0.11497443169355392 5
vertex -40.45002746582031 -13.985025405883789 0
vertex -40.45002746582031 -13.985025405883789 5
endloop
endfacet
facet normal 0 1 0
outer loop
vertex -21.45002555847168 -32.98502731323242 0
vertex -26.00002670288086 -32.98502731323242 3.549999952316284
vertex -21.45002555847168 -32.98502731323242 5
endloop
endfacet
facet normal 1 0 0
outer loop
vertex 40.449974060058594 33.36497497558594 0
vertex 40.449974060058594 28.814973831176758 3.549999952316284
vertex 40.449974060058594 28.814973831176758 0
endloop
endfacet
facet normal 1 0 0
outer loop
vertex -54.550025939941406 -32.98502731323242 5
vertex -54.550025939941406 -18.885025024414062 0
vertex -54.550025939941406 -18.885025024414062 5
endloop
endfacet
facet normal 0 1 0
outer loop
vertex -45.25002670288086 24.01497459411621 3.549999952316284
vertex -49.800025939941406 24.01497459411621 5
vertex -35.70002746582031 24.01497459411621 5
endloop
endfacet
facet normal 0 1 0
outer loop
vertex -59.45002746582031 -32.98502731323242 5
vertex -69.0000228881836 -32.98502731323242 3.549999952316284
vertex -73.5500259399414 -32.98502731323242 5
endloop
endfacet
facet normal 0 -1 0
outer loop
vertex 11.999974250793457 0.11497443169355392 3.549999952316284
vertex 16.54997444152832 0.11497443169355392 0
vertex 16.54997444152832 0.11497443169355392 5
endloop
endfacet
facet normal 0 -1 0
outer loop
vertex -31.00002670288086 19.114974975585938 0
vertex -31.00002670288086 19.114974975585938 3.549999952316284
vertex -35.550025939941406 19.114974975585938 0
endloop
endfacet
facet normal 0 -1 0
outer loop
vertex 16.54997444152832 19.114974975585938 0
vertex 11.999974250793457 19.114974975585938 3.549999952316284
vertex 11.999974250793457 19.114974975585938 0
endloop
endfacet
facet normal 0 1 0
outer loop
vertex -40.25002670288086 24.01497459411621 3.549999952316284
vertex -45.25002670288086 24.01497459411621 3.549999952316284
vertex -35.70002746582031 24.01497459411621 5
endloop
endfacet
facet normal 1 0 0
outer loop
vertex 21.449974060058594 19.114974975585938 5
vertex 21.449974060058594 5.014974594116211 5
vertex 21.449974060058594 19.114974975585938 0
endloop
endfacet
facet normal 0 -1 0
outer loop
vertex 21.449974060058594 19.114974975585938 0
vertex 25.99997329711914 19.114974975585938 0
vertex 25.99997329711914 19.114974975585938 3.549999952316284
endloop
endfacet
facet normal 0 1 0
outer loop
vertex -31.00002670288086 5.014974594116211 3.549999952316284
vertex -35.550025939941406 5.014974594116211 0
vertex -35.550025939941406 5.014974594116211 5
endloop
endfacet
facet normal 0 -1 0
outer loop
vertex -7.000026226043701 -18.885025024414062 0
vertex -2.450026273727417 -18.885025024414062 0
vertex -7.000026226043701 -18.885025024414062 3.549999952316284
endloop
endfacet
facet normal 1 0 0
outer loop
vertex -68.8000259399414 24.01497459411621 0
vertex -68.8000259399414 38.11497497558594 0
vertex -68.8000259399414 24.01497459411621 5
endloop
endfacet
facet normal 1 0 0
outer loop
vertex -16.550025939941406 -32.98502731323242 0
vertex -16.550025939941406 -31.124204635620117 0
vertex -16.550025939941406 -32.98502731323242 5
endloop
endfacet
facet normal 0 1 0
outer loop
vertex -64.0000228881836 5.014974594116211 3.549999952316284
vertex -69.0000228881836 5.014974594116211 3.549999952316284
vertex -59.45002746582031 5.014974594116211 5
endloop
endfacet
facet normal 1 0 0
outer loop
vertex -54.550025939941406 5.014974594116211 5
vertex -54.550025939941406 5.014974594116211 0
vertex -54.550025939941406 19.114974975585938 0
endloop
endfacet
facet normal -1 0 0
outer loop
vertex 73.54997253417969 33.36497497558594 0
vertex 73.54997253417969 28.814973831176758 0
vertex 73.54997253417969 28.814973831176758 3.549999952316284
endloop
endfacet
facet normal -1 0 0
outer loop
vertex 35.54997253417969 0.11497443169355392 5
vertex 35.54997253417969 -13.985025405883789 0
vertex 35.54997253417969 -13.985025405883789 5
endloop
endfacet
facet normal 0 -1 0
outer loop
vertex 30.99997329711914 0.11497443169355392 3.549999952316284
vertex 35.54997253417969 0.11497443169355392 0
vertex 35.54997253417969 0.11497443169355392 5
endloop
endfacet
facet normal 0 -1 0
outer loop
vertex -54.550025939941406 19.114974975585938 0
vertex -50.00002670288086 19.114974975585938 0
vertex -50.00002670288086 19.114974975585938 3.549999952316284
endloop
endfacet
facet normal 0 1 0
outer loop
vertex -2.450026273727417 5.014974594116211 0
vertex -7.000026226043701 5.014974594116211 3.549999952316284
vertex -2.450026273727417 5.014974594116211 5
endloop
endfacet
facet normal 0 1 0
outer loop
vertex 16.54997444152832 -32.98502731323242 5
vertex 11.999974250793457 -32.98502731323242 3.549999952316284
vertex 6.999973773956299 -32.98502731323242 3.549999952316284
endloop
endfacet
facet normal 0 -1 0
outer loop
vertex -54.550025939941406 19.114974975585938 0
vertex -50.00002670288086 19.114974975585938 3.549999952316284
vertex -54.550025939941406 19.114974975585938 5
endloop
endfacet
facet normal 0 1 0
outer loop
vertex -69.0000228881836 5.014974594116211 0
vertex -73.5500259399414 5.014974594116211 0
vertex -69.0000228881836 5.014974594116211 3.549999952316284
endloop
endfacet
facet normal -1 0 0
outer loop
vertex -40.45002746582031 19.114974975585938 0
vertex -40.45002746582031 5.014974594116211 0
vertex -40.45002746582031 19.114974975585938 5
endloop
endfacet
facet normal 0 -1 0
outer loop
vertex -35.550025939941406 -18.885025024414062 5
vertex -26.00002670288086 -18.885025024414062 3.549999952316284
vertex -21.45002555847168 -18.885025024414062 5
endloop
endfacet
facet normal 0 -1 0
outer loop
vertex -49.800025939941406 38.11497497558594 5
vertex -49.800025939941406 38.11497497558594 0
vertex -45.25002670288086 38.11497497558594 3.549999952316284
endloop
endfacet
facet normal 0 1 0
outer loop
vertex -12.000025749206543 -13.985025405883789 3.549999952316284
vertex -16.550025939941406 -13.985025405883789 0
vertex -16.550025939941406 -13.985025405883789 5
endloop
endfacet
facet normal 0 -1 0
outer loop
vertex -7.000026226043701 19.114974975585938 3.549999952316284
vertex -2.450026273727417 19.114974975585938 0
vertex -2.450026273727417 19.114974975585938 5
endloop
endfacet
facet normal 0 1 0
outer loop
vertex -31.00002670288086 -13.985025405883789 3.549999952316284
vertex -35.550025939941406 -13.985025405883789 0
vertex -35.550025939941406 -13.985025405883789 5
endloop
endfacet
facet normal 0 1 0
outer loop
vertex -12.000025749206543 -32.98502731323242 3.549999952316284
vertex -16.550025939941406 -32.98502731323242 0
vertex -16.550025939941406 -32.98502731323242 5
endloop
endfacet
facet normal -1 0 0
outer loop
vertex 54.54997253417969 23.814973831176758 0
vertex 54.54997253417969 19.26497459411621 0
vertex 54.54997253417969 23.814973831176758 3.549999952316284
endloop
endfacet
facet normal 0 1 0
outer loop
vertex -40.45002746582031 -13.985025405883789 5
vertex -45.00002670288086 -13.985025405883789 3.549999952316284
vertex -50.00002670288086 -13.985025405883789 3.549999952316284
endloop
endfacet
facet normal 0 -1 0
outer loop
vertex 11.999974250793457 19.114974975585938 3.549999952316284
vertex 16.54997444152832 19.114974975585938 0
vertex 16.54997444152832 19.114974975585938 5
endloop
endfacet
facet normal -1 0 0
outer loop
vertex 35.54997253417969 -13.985025405883789 0
vertex 35.54997253417969 0.11497443169355392 5
vertex 35.54997253417969 0.11497443169355392 0
endloop
endfacet
facet normal 0 -1 0
outer loop
vertex -35.550025939941406 19.114974975585938 5
vertex -31.00002670288086 19.114974975585938 3.549999952316284
vertex -26.00002670288086 19.114974975585938 3.549999952316284
endloop
endfacet
facet normal 0 -1 0
outer loop
vertex -45.00002670288086 -18.885025024414062 3.549999952316284
vertex -40.45002746582031 -18.885025024414062 0
vertex -40.45002746582031 -18.885025024414062 5
endloop
endfacet
facet normal 0 -1 0
outer loop
vertex 2.4499738216400146 0.11497443169355392 5
vertex 11.999974250793457 0.11497443169355392 3.549999952316284
vertex 16.54997444152832 0.11497443169355392 5
endloop
endfacet
facet normal 0 1 0
outer loop
vertex -69.0000228881836 -13.985025405883789 3.549999952316284
vertex -73.5500259399414 -13.985025405883789 0
vertex -73.5500259399414 -13.985025405883789 5
endloop
endfacet
facet normal 0 -1 0
outer loop
vertex -16.550025939941406 19.114974975585938 5
vertex -12.000025749206543 19.114974975585938 3.549999952316284
vertex -7.000026226043701 19.114974975585938 3.549999952316284
endloop
endfacet
facet normal 0 1 0
outer loop
vertex 25.99997329711914 -13.985025405883789 0
vertex 21.449974060058594 -13.985025405883789 0
vertex 25.99997329711914 -13.985025405883789 3.549999952316284
endloop
endfacet
facet normal 1 0 0
outer loop
vertex -73.5500259399414 -18.885025024414062 0
vertex -73.5500259399414 -32.98502731323242 5
vertex -73.5500259399414 -32.98502731323242 0
endloop
endfacet
facet normal 0 -1 0
outer loop
vertex -21.45002555847168 19.114974975585938 0
vertex -26.00002670288086 19.114974975585938 3.549999952316284
vertex -26.00002670288086 19.114974975585938 0
endloop
endfacet
facet normal 0 -1 0
outer loop
vertex 2.4499738216400146 0.11497443169355392 5
vertex 6.999973773956299 0.11497443169355392 3.549999952316284
vertex 11.999974250793457 0.11497443169355392 3.549999952316284
endloop
endfacet
facet normal 0 -1 0
outer loop
vertex -40.25002670288086 38.11497497558594 3.549999952316284
vertex -35.70002746582031 38.11497497558594 0
vertex -35.70002746582031 38.11497497558594 5
endloop
endfacet
facet normal 0 -1 0
outer loop
vertex 21.449974060058594 19.114974975585938 0
vertex 25.99997329711914 19.114974975585938 3.549999952316284
vertex 21.449974060058594 19.114974975585938 5
endloop
endfacet
facet normal -1 0 0
outer loop
vertex -16.70002555847168 38.11497497558594 5
vertex -16.70002555847168 24.01497459411621 0
vertex -16.70002555847168 24.01497459411621 5
endloop
endfacet
facet normal 1 0 0
outer loop
vertex 40.449974060058594 28.814973831176758 3.549999952316284
vertex 40.449974060058594 33.36497497558594 0
vertex 40.449974060058594 33.36497497558594 5
endloop
endfacet
facet normal -1 0 0
outer loop
vertex -35.70002746582031 38.11497497558594 0
vertex -35.70002746582031 24.01497459411621 0
vertex -35.70002746582031 38.11497497558594 5
endloop
endfacet
facet normal 0 1 0
outer loop
vertex -50.00002670288086 -32.98502731323242 0
vertex -54.550025939941406 -32.98502731323242 0
vertex -50.00002670288086 -32.98502731323242 3.549999952316284
endloop
endfacet
facet normal 0 1 0
outer loop
vertex -31.00002670288086 5.014974594116211 0
vertex -35.550025939941406 5.014974594116211 0
vertex -31.00002670288086 5.014974594116211 3.549999952316284
endloop
endfacet
facet normal 0 -1 0
outer loop
vertex -54.550025939941406 -18.885025024414062 0
vertex -50.00002670288086 -18.885025024414062 0
vertex -50.00002670288086 -18.885025024414062 3.549999952316284
endloop
endfacet
facet normal 0 -1 0
outer loop
vertex 2.4499738216400146 -18.885025024414062 0
vertex 6.999973773956299 -18.885025024414062 0
vertex 6.999973773956299 -18.885025024414062 3.549999952316284
endloop
endfacet
facet normal 0 -1 0
outer loop
vertex 30.99997329711914 19.114974975585938 3.549999952316284
vertex 35.54997253417969 19.114974975585938 0
vertex 35.54997253417969 19.114974975585938 5
endloop
endfacet
facet normal 1 0 0
outer loop
vertex -35.550025939941406 -13.985025405883789 0
vertex -35.550025939941406 0.11497443169355392 0
vertex -35.550025939941406 -13.985025405883789 5
endloop
endfacet
facet normal 1 0 0
outer loop
vertex -49.800025939941406 38.11497497558594 0
vertex -49.800025939941406 24.01497459411621 5
vertex -49.800025939941406 24.01497459411621 0
endloop
endfacet
facet normal 0 -1 0
outer loop
vertex -26.00002670288086 -18.885025024414062 0
vertex -21.45002555847168 -18.885025024414062 0
vertex -26.00002670288086 -18.885025024414062 3.549999952316284
endloop
endfacet
facet normal 0 1 0
outer loop
vertex -16.70002555847168 24.01497459411621 0
vertex -21.25002670288086 24.01497459411621 0
vertex -21.25002670288086 24.01497459411621 3.549999952316284
endloop
endfacet
facet normal 1 0 0
outer loop
vertex -16.550025939941406 -32.98502731323242 5
vertex -16.550025939941406 -31.124204635620117 0
vertex -16.550025939941406 -30.280912399291992 0
endloop
endfacet
facet normal 0 -1 0
outer loop
vertex -30.800025939941406 38.11497497558594 5
vertex -21.25002670288086 38.11497497558594 3.549999952316284
vertex -16.70002555847168 38.11497497558594 5
endloop
endfacet
facet normal 0 1 0
outer loop
vertex -40.45002746582031 -13.985025405883789 0
vertex -45.00002670288086 -13.985025405883789 0
vertex -45.00002670288086 -13.985025405883789 3.549999952316284
endloop
endfacet
facet normal 0 -1 0
outer loop
vertex -73.5500259399414 0.11497443169355392 5
vertex -64.0000228881836 0.11497443169355392 3.549999952316284
vertex -59.45002746582031 0.11497443169355392 5
endloop
endfacet
facet normal 0 1 0
outer loop
vertex -64.2500228881836 24.01497459411621 0
vertex -68.8000259399414 24.01497459411621 0
vertex -64.2500228881836 24.01497459411621 3.549999952316284
endloop
endfacet
facet normal 0 -1 0
outer loop
vertex -26.25002670288086 38.11497497558594 0
vertex -26.25002670288086 38.11497497558594 3.549999952316284
vertex -30.800025939941406 38.11497497558594 0
endloop
endfacet
facet normal 0 1 0
outer loop
vertex 35.54997253417969 -13.985025405883789 5
vertex 25.99997329711914 -13.985025405883789 3.549999952316284
vertex 21.449974060058594 -13.985025405883789 5
endloop
endfacet
facet normal 1 0 0
outer loop
vertex -73.5500259399414 5.014974594116211 5
vertex -73.5500259399414 19.114974975585938 0
vertex -73.5500259399414 19.114974975585938 5
endloop
endfacet
facet normal 0 1 0
outer loop
vertex 16.54997444152832 -13.985025405883789 5
vertex 11.999974250793457 -13.985025405883789 3.549999952316284
vertex 6.999973773956299 -13.985025405883789 3.549999952316284
endloop
endfacet
facet normal 1 0 0
outer loop
vertex -35.550025939941406 5.014974594116211 5
vertex -35.550025939941406 19.114974975585938 0
vertex -35.550025939941406 19.114974975585938 5
endloop
endfacet
facet normal 1 0 0
outer loop
vertex -73.5500259399414 5.014974594116211 5
vertex -73.5500259399414 5.014974594116211 0
vertex -73.5500259399414 19.114974975585938 0
endloop
endfacet
facet normal 1 0 0
outer loop
vertex -54.550025939941406 5.014974594116211 5
vertex -54.550025939941406 19.114974975585938 0
vertex -54.550025939941406 19.114974975585938 5
endloop
endfacet
facet normal -1 0 0
outer loop
vertex 16.54997444152832 0.11497443169355392 5
vertex 16.54997444152832 -13.985025405883789 0
vertex 16.54997444152832 -13.985025405883789 5
endloop
endfacet
facet normal 0 1 0
outer loop
vertex -26.25002670288086 24.01497459411621 0
vertex -30.800025939941406 24.01497459411621 0
vertex -26.25002670288086 24.01497459411621 3.549999952316284
endloop
endfacet
facet normal 1 0 0
outer loop
vertex 2.4499738216400146 -32.98502731323242 5
vertex 2.4499738216400146 -18.885025024414062 0
vertex 2.4499738216400146 -18.885025024414062 5
endloop
endfacet
facet normal 0 -1 0
outer loop
vertex -69.0000228881836 -18.885025024414062 0
vertex -69.0000228881836 -18.885025024414062 3.549999952316284
vertex -73.5500259399414 -18.885025024414062 0
endloop
endfacet
facet normal 0 -1 0
outer loop
vertex 2.4499738216400146 -18.885025024414062 5
vertex 2.4499738216400146 -18.885025024414062 0
vertex 6.999973773956299 -18.885025024414062 3.549999952316284
endloop
endfacet
facet normal 1 0 0
outer loop
vertex -73.5500259399414 -13.985025405883789 0
vertex -73.5500259399414 0.11497443169355392 0
vertex -73.5500259399414 -13.985025405883789 5
endloop
endfacet
facet normal 0 -1 0
outer loop
vertex -40.45002746582031 0.11497443169355392 0
vertex -45.00002670288086 0.11497443169355392 3.549999952316284
vertex -45.00002670288086 0.11497443169355392 0
endloop
endfacet
facet normal 0 -1 0
outer loop
vertex -54.550025939941406 0.11497443169355392 5
vertex -45.00002670288086 0.11497443169355392 3.549999952316284
vertex -40.45002746582031 0.11497443169355392 5
endloop
endfacet
facet normal 0 -1 0
outer loop
vertex -73.5500259399414 19.114974975585938 0
vertex -69.0000228881836 19.114974975585938 0
vertex -69.0000228881836 19.114974975585938 3.549999952316284
endloop
endfacet
facet normal 1 0 0
outer loop
vertex -16.550025939941406 5.014974594116211 5
vertex -16.550025939941406 5.014974594116211 0
vertex -16.550025939941406 19.114974975585938 0
endloop
endfacet
facet normal 0 -1 0
outer loop
vertex -69.0000228881836 0.11497443169355392 0
vertex -69.0000228881836 0.11497443169355392 3.549999952316284
vertex -73.5500259399414 0.11497443169355392 0
endloop
endfacet
facet normal 0 -1 0
outer loop
vertex -59.25002670288086 38.11497497558594 3.549999952316284
vertex -54.70002746582031 38.11497497558594 0
vertex -54.70002746582031 38.11497497558594 5
endloop
endfacet
facet normal 0 -1 0
outer loop
vertex -16.550025939941406 -18.885025024414062 5
vertex -12.000025749206543 -18.885025024414062 3.549999952316284
vertex -7.000026226043701 -18.885025024414062 3.549999952316284
endloop
endfacet
facet normal 0 -1 0
outer loop
vertex -2.450026273727417 19.114974975585938 0
vertex -7.000026226043701 19.114974975585938 3.549999952316284
vertex -7.000026226043701 19.114974975585938 0
endloop
endfacet
facet normal 0 -1 0
outer loop
vertex -35.550025939941406 -18.885025024414062 5
vertex -31.00002670288086 -18.885025024414062 3.549999952316284
vertex -26.00002670288086 -18.885025024414062 3.549999952316284
endloop
endfacet
facet normal -1 0 0
outer loop
vertex -59.45002746582031 19.114974975585938 5
vertex -59.45002746582031 5.014974594116211 0
vertex -59.45002746582031 5.014974594116211 5
endloop
endfacet
facet normal 0 1 0
outer loop
vertex -2.450026273727417 -13.985025405883789 0
vertex -7.000026226043701 -13.985025405883789 3.549999952316284
vertex -2.450026273727417 -13.985025405883789 5
endloop
endfacet
facet normal -1 0 0
outer loop
vertex -2.450026273727417 19.114974975585938 5
vertex -2.450026273727417 5.014974594116211 0
vertex -2.450026273727417 5.014974594116211 5
endloop
endfacet
facet normal -1 0 0
outer loop
vertex -21.45002555847168 0.11497443169355392 5
vertex -21.45002555847168 -13.985025405883789 0
vertex -21.45002555847168 -13.985025405883789 5
endloop
endfacet
facet normal 0 -1 0
outer loop
vertex -73.5500259399414 0.11497443169355392 0
vertex -69.0000228881836 0.11497443169355392 3.549999952316284
vertex -73.5500259399414 0.11497443169355392 5
endloop
endfacet
facet normal 0 1 0
outer loop
vertex -21.45002555847168 -13.985025405883789 0
vertex -26.00002670288086 -13.985025405883789 3.549999952316284
vertex -21.45002555847168 -13.985025405883789 5
endloop
endfacet
facet normal 0 -1 0
outer loop
vertex -35.550025939941406 0.11497443169355392 5
vertex -31.00002670288086 0.11497443169355392 3.549999952316284
vertex -26.00002670288086 0.11497443169355392 3.549999952316284
endloop
endfacet
facet normal 0 1 0
outer loop
vertex -2.450026273727417 -32.98502731323242 5
vertex -12.000025749206543 -32.98502731323242 3.549999952316284
vertex -16.550025939941406 -32.98502731323242 5
endloop
endfacet
facet normal -1 0 0
outer loop
vertex -2.450026273727417 -18.885025024414062 5
vertex -2.450026273727417 -32.98502731323242 0
vertex -2.450026273727417 -32.98502731323242 5
endloop
endfacet
facet normal -1 0 0
outer loop
vertex 73.54997253417969 23.814973831176758 0
vertex 73.54997253417969 19.26497459411621 0
vertex 73.54997253417969 23.814973831176758 3.549999952316284
endloop
endfacet
facet normal -1 0 0
outer loop
vertex -21.45002555847168 -18.885025024414062 5
vertex -21.45002555847168 -32.98502731323242 0
vertex -21.45002555847168 -32.98502731323242 5
endloop
endfacet
facet normal 0 -1 0
outer loop
vertex -68.8000259399414 38.11497497558594 5
vertex -64.2500228881836 38.11497497558594 3.549999952316284
vertex -59.25002670288086 38.11497497558594 3.549999952316284
endloop
endfacet
facet normal 0 1 0
outer loop
vertex -40.45002746582031 -13.985025405883789 5
vertex -50.00002670288086 -13.985025405883789 3.549999952316284
vertex -54.550025939941406 -13.985025405883789 5
endloop
endfacet
facet normal 0 1 0
outer loop
vertex -12.000025749206543 5.014974594116211 0
vertex -16.550025939941406 5.014974594116211 0
vertex -12.000025749206543 5.014974594116211 3.549999952316284
endloop
endfacet
facet normal 0 -1 0
outer loop
vertex -73.5500259399414 -18.885025024414062 5
vertex -64.0000228881836 -18.885025024414062 3.549999952316284
vertex -59.45002746582031 -18.885025024414062 5
endloop
endfacet
facet normal 0 -1 0
outer loop
vertex 2.4499738216400146 19.114974975585938 5
vertex 11.999974250793457 19.114974975585938 3.549999952316284
vertex 16.54997444152832 19.114974975585938 5
endloop
endfacet
facet normal 0 1 0
outer loop
vertex 16.54997444152832 -32.98502731323242 0
vertex 11.999974250793457 -32.98502731323242 3.549999952316284
vertex 16.54997444152832 -32.98502731323242 5
endloop
endfacet
facet normal 0 -1 0
outer loop
vertex -35.550025939941406 0.11497443169355392 5
vertex -26.00002670288086 0.11497443169355392 3.549999952316284
vertex -21.45002555847168 0.11497443169355392 5
endloop
endfacet
facet normal 1 0 0
outer loop
vertex -54.550025939941406 -13.985025405883789 5
vertex -54.550025939941406 0.11497443169355392 0
vertex -54.550025939941406 0.11497443169355392 5
endloop
endfacet
facet normal -1 0 0
outer loop
vertex 16.54997444152832 19.114974975585938 5
vertex 16.54997444152832 5.014974594116211 0
vertex 16.54997444152832 5.014974594116211 5
endloop
endfacet
facet normal 1 0 0
outer loop
vertex 2.4499738216400146 0.11497443169355392 0
vertex 2.4499738216400146 -13.985025405883789 5
vertex 2.4499738216400146 -13.985025405883789 0
endloop
endfacet
facet normal 0 -1 0
outer loop
vertex -16.550025939941406 0.11497443169355392 5
vertex -12.000025749206543 0.11497443169355392 3.549999952316284
vertex -7.000026226043701 0.11497443169355392 3.549999952316284
endloop
endfacet
facet normal -1 0 0
outer loop
vertex 16.54997444152832 -18.885025024414062 0
vertex 16.54997444152832 -32.98502731323242 0
vertex 16.54997444152832 -18.885025024414062 5
endloop
endfacet
facet normal 0 1 0
outer loop
vertex -64.2500228881836 24.01497459411621 3.549999952316284
vertex -68.8000259399414 24.01497459411621 0
vertex -68.8000259399414 24.01497459411621 5
endloop
endfacet
facet normal 1 0 0
outer loop
vertex -73.5500259399414 -13.985025405883789 5
vertex -73.5500259399414 0.11497443169355392 0
vertex -73.5500259399414 0.11497443169355392 5
endloop
endfacet
facet normal 0 -1 0
outer loop
vertex -16.550025939941406 0.11497443169355392 5
vertex -7.000026226043701 0.11497443169355392 3.549999952316284
vertex -2.450026273727417 0.11497443169355392 5
endloop
endfacet
facet normal 0 1 0
outer loop
vertex -40.45002746582031 -32.98502731323242 5
vertex -50.00002670288086 -32.98502731323242 3.549999952316284
vertex -54.550025939941406 -32.98502731323242 5
endloop
endfacet
facet normal 0 -1 0
outer loop
vertex -68.8000259399414 38.11497497558594 5
vertex -59.25002670288086 38.11497497558594 3.549999952316284
vertex -54.70002746582031 38.11497497558594 5
endloop
endfacet
facet normal 0 1 0
outer loop
vertex -64.0000228881836 -32.98502731323242 3.549999952316284
vertex -69.0000228881836 -32.98502731323242 3.549999952316284
vertex -59.45002746582031 -32.98502731323242 5
endloop
endfacet
facet normal 0 1 0
outer loop
vertex -21.45002555847168 -32.98502731323242 0
vertex -26.00002670288086 -32.98502731323242 0
vertex -26.00002670288086 -32.98502731323242 3.549999952316284
endloop
endfacet
facet normal -1 0 0
outer loop
vertex -59.45002746582031 -18.885025024414062 5
vertex -59.45002746582031 -32.98502731323242 0
vertex -59.45002746582031 -32.98502731323242 5
endloop
endfacet
facet normal -1 0 0
outer loop
vertex -2.450026273727417 0.11497443169355392 0
vertex -2.450026273727417 -13.985025405883789 0
vertex -2.450026273727417 0.11497443169355392 5
endloop
endfacet
facet normal -1 0 0
outer loop
vertex -35.70002746582031 38.11497497558594 5
vertex -35.70002746582031 24.01497459411621 0
vertex -35.70002746582031 24.01497459411621 5
endloop
endfacet
facet normal 0 1 0
outer loop
vertex -40.45002746582031 -32.98502731323242 0
vertex -45.00002670288086 -32.98502731323242 0
vertex -45.00002670288086 -32.98502731323242 3.549999952316284
endloop
endfacet
facet normal 1 0 0
outer loop
vertex 21.449974060058594 5.014974594116211 5
vertex 21.449974060058594 5.014974594116211 0
vertex 21.449974060058594 19.114974975585938 0
endloop
endfacet
facet normal 0 1 0
outer loop
vertex -50.00002670288086 -13.985025405883789 0
vertex -54.550025939941406 -13.985025405883789 0
vertex -50.00002670288086 -13.985025405883789 3.549999952316284
endloop
endfacet
facet normal 1 0 0
outer loop
vertex -30.800025939941406 24.01497459411621 5
vertex -30.800025939941406 38.11497497558594 0
vertex -30.800025939941406 38.11497497558594 5
endloop
endfacet
facet normal 0 1 0
outer loop
vertex 35.54997253417969 5.014974594116211 0
vertex 30.99997329711914 5.014974594116211 0
vertex 30.99997329711914 5.014974594116211 3.549999952316284
endloop
endfacet
facet normal -1 0 0
outer loop
vertex 16.54997444152832 19.114974975585938 0
vertex 16.54997444152832 5.014974594116211 0
vertex 16.54997444152832 19.114974975585938 5
endloop
endfacet
facet normal 0 1 0
outer loop
vertex -2.450026273727417 -13.985025405883789 0
vertex -7.000026226043701 -13.985025405883789 0
vertex -7.000026226043701 -13.985025405883789 3.549999952316284
endloop
endfacet
facet normal 0 1 0
outer loop
vertex -16.70002555847168 24.01497459411621 0
vertex -21.25002670288086 24.01497459411621 3.549999952316284
vertex -16.70002555847168 24.01497459411621 5
endloop
endfacet
facet normal -1 0 0
outer loop
vertex 54.54997253417969 33.36497497558594 5
vertex 54.54997253417969 23.814973831176758 3.549999952316284
vertex 54.54997253417969 19.26497459411621 5
endloop
endfacet
facet normal 0 -1 0
outer loop
vertex -21.25002670288086 38.11497497558594 3.549999952316284
vertex -16.70002555847168 38.11497497558594 0
vertex -16.70002555847168 38.11497497558594 5
endloop
endfacet
facet normal 0 1 0
outer loop
vertex -21.45002555847168 -13.985025405883789 0
vertex -26.00002670288086 -13.985025405883789 0
vertex -26.00002670288086 -13.985025405883789 3.549999952316284
endloop
endfacet
facet normal 0 1 0
outer loop
vertex -21.45002555847168 5.014974594116211 0
vertex -26.00002670288086 5.014974594116211 0
vertex -26.00002670288086 5.014974594116211 3.549999952316284
endloop
endfacet
facet normal 0 -1 0
outer loop
vertex 21.449974060058594 0.11497443169355392 5
vertex 30.99997329711914 0.11497443169355392 3.549999952316284
vertex 35.54997253417969 0.11497443169355392 5
endloop
endfacet
facet normal 1 0 0
outer loop
vertex 40.449974060058594 19.26497459411621 0
vertex 40.449974060058594 23.814973831176758 0
vertex 40.449974060058594 23.814973831176758 3.549999952316284
endloop
endfacet
facet normal -1 0 0
outer loop
vertex -21.45002555847168 19.114974975585938 5
vertex -21.45002555847168 5.014974594116211 0
vertex -21.45002555847168 5.014974594116211 5
endloop
endfacet
facet normal 0 -1 0
outer loop
vertex -21.45002555847168 0.11497443169355392 0
vertex -26.00002670288086 0.11497443169355392 3.549999952316284
vertex -26.00002670288086 0.11497443169355392 0
endloop
endfacet
facet normal 0 1 0
outer loop
vertex -59.45002746582031 5.014974594116211 0
vertex -64.0000228881836 5.014974594116211 3.549999952316284
vertex -59.45002746582031 5.014974594116211 5
endloop
endfacet
facet normal 0 -1 0
outer loop
vertex -31.00002670288086 0.11497443169355392 0
vertex -31.00002670288086 0.11497443169355392 3.549999952316284
vertex -35.550025939941406 0.11497443169355392 0
endloop
endfacet
facet normal 0 1 0
outer loop
vertex -69.0000228881836 -32.98502731323242 0
vertex -73.5500259399414 -32.98502731323242 0
vertex -69.0000228881836 -32.98502731323242 3.549999952316284
endloop
endfacet
facet normal 0 1 0
outer loop
vertex 6.999973773956299 -13.985025405883789 0
vertex 2.4499738216400146 -13.985025405883789 0
vertex 6.999973773956299 -13.985025405883789 3.549999952316284
endloop
endfacet
facet normal 0 1 0
outer loop
vertex -21.25002670288086 24.01497459411621 3.549999952316284
vertex -26.25002670288086 24.01497459411621 3.549999952316284
vertex -16.70002555847168 24.01497459411621 5
endloop
endfacet
facet normal 0 1 0
outer loop
vertex -69.0000228881836 -32.98502731323242 3.549999952316284
vertex -73.5500259399414 -32.98502731323242 0
vertex -73.5500259399414 -32.98502731323242 5
endloop
endfacet
facet normal 0 1 0
outer loop
vertex -45.25002670288086 24.01497459411621 3.549999952316284
vertex -49.800025939941406 24.01497459411621 0
vertex -49.800025939941406 24.01497459411621 5
endloop
endfacet
facet normal -1 0 0
outer loop
vertex -21.45002555847168 0.11497443169355392 0
vertex -21.45002555847168 -13.985025405883789 0
vertex -21.45002555847168 0.11497443169355392 5
endloop
endfacet
facet normal 0 -1 0
outer loop
vertex -30.800025939941406 38.11497497558594 5
vertex -26.25002670288086 38.11497497558594 3.549999952316284
vertex -21.25002670288086 38.11497497558594 3.549999952316284
endloop
endfacet
facet normal -1 0 0
outer loop
vertex -40.45002746582031 -18.885025024414062 0
vertex -40.45002746582031 -32.98502731323242 0
vertex -40.45002746582031 -18.885025024414062 5
endloop
endfacet
facet normal 0 1 0
outer loop
vertex -21.45002555847168 5.014974594116211 0
vertex -26.00002670288086 5.014974594116211 3.549999952316284
vertex -21.45002555847168 5.014974594116211 5
endloop
endfacet
facet normal 0 -1 0
outer loop
vertex -12.000025749206543 -18.885025024414062 0
vertex -12.000025749206543 -18.885025024414062 3.549999952316284
vertex -16.550025939941406 -18.885025024414062 0
endloop
endfacet
facet normal 0 -1 0
outer loop
vertex 25.99997329711914 0.11497443169355392 0
vertex 25.99997329711914 0.11497443169355392 3.549999952316284
vertex 21.449974060058594 0.11497443169355392 0
endloop
endfacet
facet normal 0 -1 0
outer loop
vertex -35.550025939941406 -18.885025024414062 0
vertex -31.00002670288086 -18.885025024414062 0
vertex -31.00002670288086 -18.885025024414062 3.549999952316284
endloop
endfacet
facet normal 0 -1 0
outer loop
vertex -26.00002670288086 0.11497443169355392 3.549999952316284
vertex -21.45002555847168 0.11497443169355392 0
vertex -21.45002555847168 0.11497443169355392 5
endloop
endfacet
facet normal 0 -1 0
outer loop
vertex -73.5500259399414 19.114974975585938 5
vertex -64.0000228881836 19.114974975585938 3.549999952316284
vertex -59.45002746582031 19.114974975585938 5
endloop
endfacet
facet normal -1 0 0
outer loop
vertex 54.54997253417969 33.36497497558594 5
vertex 54.54997253417969 28.814973831176758 3.549999952316284
vertex 54.54997253417969 23.814973831176758 3.549999952316284
endloop
endfacet
facet normal -1 0 0
outer loop
vertex -21.45002555847168 -26.57895851135254 0
vertex -21.45002555847168 -32.98502731323242 0
vertex -21.45002555847168 -18.885025024414062 5
endloop
endfacet
facet normal -1 0 0
outer loop
vertex -21.45002555847168 -18.885025024414062 0
vertex -21.45002555847168 -26.57895851135254 0
vertex -21.45002555847168 -18.885025024414062 5
endloop
endfacet
facet normal -1 0 0
outer loop
vertex 73.54997253417969 33.36497497558594 0
vertex 73.54997253417969 28.814973831176758 3.549999952316284
vertex 73.54997253417969 33.36497497558594 5
endloop
endfacet
facet normal 0 -1 0
outer loop
vertex -45.00002670288086 -18.885025024414062 0
vertex -40.45002746582031 -18.885025024414062 0
vertex -45.00002670288086 -18.885025024414062 3.549999952316284
endloop
endfacet
facet normal 0 1 0
outer loop
vertex 54.54997253417969 19.26497459411621 5
vertex 40.449974060058594 19.26497459411621 0
vertex 40.449974060058594 19.26497459411621 5
endloop
endfacet
facet normal 0 -1 0
outer loop
vertex 21.449974060058594 19.114974975585938 5
vertex 30.99997329711914 19.114974975585938 3.549999952316284
vertex 35.54997253417969 19.114974975585938 5
endloop
endfacet
facet normal 0 1 0
outer loop
vertex 6.999973773956299 5.014974594116211 0
vertex 2.4499738216400146 5.014974594116211 0
vertex 6.999973773956299 5.014974594116211 3.549999952316284
endloop
endfacet
facet normal 0 -1 0
outer loop
vertex -26.00002670288086 19.114974975585938 3.549999952316284
vertex -21.45002555847168 19.114974975585938 0
vertex -21.45002555847168 19.114974975585938 5
endloop
endfacet
facet normal -1 0 0
outer loop
vertex -59.45002746582031 19.114974975585938 0
vertex -59.45002746582031 5.014974594116211 0
vertex -59.45002746582031 19.114974975585938 5
endloop
endfacet
facet normal 0 -1 0
outer loop
vertex -64.0000228881836 0.11497443169355392 3.549999952316284
vertex -59.45002746582031 0.11497443169355392 0
vertex -59.45002746582031 0.11497443169355392 5
endloop
endfacet
facet normal 0 -1 0
outer loop
vertex 2.4499738216400146 0.11497443169355392 0
vertex 6.999973773956299 0.11497443169355392 0
vertex 6.999973773956299 0.11497443169355392 3.549999952316284
endloop
endfacet
facet normal 0 -1 0
outer loop
vertex 54.54997253417969 33.36497497558594 0
vertex 40.449974060058594 33.36497497558594 5
vertex 40.449974060058594 33.36497497558594 0
endloop
endfacet
facet normal 0 1 0
outer loop
vertex 35.54997253417969 -13.985025405883789 5
vertex 30.99997329711914 -13.985025405883789 3.549999952316284
vertex 25.99997329711914 -13.985025405883789 3.549999952316284
endloop
endfacet
facet normal 0 -1 0
outer loop
vertex -73.5500259399414 0.11497443169355392 5
vertex -69.0000228881836 0.11497443169355392 3.549999952316284
vertex -64.0000228881836 0.11497443169355392 3.549999952316284
endloop
endfacet
facet normal 0 1 0
outer loop
vertex 16.54997444152832 -13.985025405883789 5
vertex 6.999973773956299 -13.985025405883789 3.549999952316284
vertex 2.4499738216400146 -13.985025405883789 5
endloop
endfacet
facet normal 0 -1 0
outer loop
vertex -35.70002746582031 38.11497497558594 0
vertex -40.25002670288086 38.11497497558594 3.549999952316284
vertex -40.25002670288086 38.11497497558594 0
endloop
endfacet
facet normal 0 -1 0
outer loop
vertex 2.4499738216400146 -18.885025024414062 5
vertex 6.999973773956299 -18.885025024414062 3.549999952316284
vertex 11.999974250793457 -18.885025024414062 3.549999952316284
endloop
endfacet
facet normal 0 1 0
outer loop
vertex 35.54997253417969 5.014974594116211 0
vertex 30.99997329711914 5.014974594116211 3.549999952316284
vertex 35.54997253417969 5.014974594116211 5
endloop
endfacet
facet normal 1 0 0
outer loop
vertex 21.449974060058594 -13.985025405883789 5
vertex 21.449974060058594 0.11497443169355392 0
vertex 21.449974060058594 0.11497443169355392 5
endloop
endfacet
facet normal 0 -1 0
outer loop
vertex -16.550025939941406 0.11497443169355392 0
vertex -12.000025749206543 0.11497443169355392 3.549999952316284
vertex -16.550025939941406 0.11497443169355392 5
endloop
endfacet
facet normal 0 -1 0
outer loop
vertex -40.45002746582031 19.114974975585938 0
vertex -45.00002670288086 19.114974975585938 3.549999952316284
vertex -45.00002670288086 19.114974975585938 0
endloop
endfacet
facet normal 0 1 0
outer loop
vertex -40.45002746582031 5.014974594116211 5
vertex -45.00002670288086 5.014974594116211 3.549999952316284
vertex -50.00002670288086 5.014974594116211 3.549999952316284
endloop
endfacet
facet normal 0 1 0
outer loop
vertex 25.99997329711914 -13.985025405883789 3.549999952316284
vertex 21.449974060058594 -13.985025405883789 0
vertex 21.449974060058594 -13.985025405883789 5
endloop
endfacet
facet normal 0 -1 0
outer loop
vertex -7.000026226043701 0.11497443169355392 3.549999952316284
vertex -2.450026273727417 0.11497443169355392 0
vertex -2.450026273727417 0.11497443169355392 5
endloop
endfacet
facet normal 1 0 0
outer loop
vertex 2.4499738216400146 -13.985025405883789 5
vertex 2.4499738216400146 0.11497443169355392 0
vertex 2.4499738216400146 0.11497443169355392 5
endloop
endfacet
facet normal 0 1 0
outer loop
vertex 25.99997329711914 5.014974594116211 3.549999952316284
vertex 21.449974060058594 5.014974594116211 0
vertex 21.449974060058594 5.014974594116211 5
endloop
endfacet
facet normal 0 1 0
outer loop
vertex -40.45002746582031 5.014974594116211 0
vertex -45.00002670288086 5.014974594116211 0
vertex -45.00002670288086 5.014974594116211 3.549999952316284
endloop
endfacet
facet normal 0 1 0
outer loop
vertex -35.70002746582031 24.01497459411621 0
vertex -40.25002670288086 24.01497459411621 0
vertex -40.25002670288086 24.01497459411621 3.549999952316284
endloop
endfacet
facet normal 0 1 0
outer loop
vertex 16.54997444152832 -13.985025405883789 0
vertex 11.999974250793457 -13.985025405883789 3.549999952316284
vertex 16.54997444152832 -13.985025405883789 5
endloop
endfacet
facet normal 0 -1 0
outer loop
vertex -45.00002670288086 19.114974975585938 3.549999952316284
vertex -40.45002746582031 19.114974975585938 0
vertex -40.45002746582031 19.114974975585938 5
endloop
endfacet
facet normal 0 1 0
outer loop
vertex 6.999973773956299 -13.985025405883789 3.549999952316284
vertex 2.4499738216400146 -13.985025405883789 0
vertex 2.4499738216400146 -13.985025405883789 5
endloop
endfacet
facet normal -1 0 0
outer loop
vertex -2.450026273727417 19.114974975585938 0
vertex -2.450026273727417 5.014974594116211 0
vertex -2.450026273727417 19.114974975585938 5
endloop
endfacet
facet normal 0 1 0
outer loop
vertex 16.54997444152832 -32.98502731323242 5
vertex 6.999973773956299 -32.98502731323242 3.549999952316284
vertex 2.4499738216400146 -32.98502731323242 5
endloop
endfacet
facet normal 0 -1 0
outer loop
vertex -73.5500259399414 19.114974975585938 0
vertex -69.0000228881836 19.114974975585938 3.549999952316284
vertex -73.5500259399414 19.114974975585938 5
endloop
endfacet
facet normal -1 0 0
outer loop
vertex 16.54997444152832 -18.885025024414062 5
vertex 16.54997444152832 -32.98502731323242 0
vertex 16.54997444152832 -32.98502731323242 5
endloop
endfacet
facet normal 1 0 0
outer loop
vertex 59.449974060058594 33.36497497558594 0
vertex 59.449974060058594 28.814973831176758 3.549999952316284
vertex 59.449974060058594 28.814973831176758 0
endloop
endfacet
facet normal 0 1 0
outer loop
vertex -50.00002670288086 5.014974594116211 0
vertex -54.550025939941406 5.014974594116211 0
vertex -50.00002670288086 5.014974594116211 3.549999952316284
endloop
endfacet
facet normal 0 -1 0
outer loop
vertex 21.449974060058594 19.114974975585938 5
vertex 25.99997329711914 19.114974975585938 3.549999952316284
vertex 30.99997329711914 19.114974975585938 3.549999952316284
endloop
endfacet
facet normal 0 -1 0
outer loop
vertex -64.0000228881836 19.114974975585938 0
vertex -59.45002746582031 19.114974975585938 0
vertex -64.0000228881836 19.114974975585938 3.549999952316284
endloop
endfacet
facet normal -1 0 0
outer loop
vertex -59.45002746582031 -18.885025024414062 0
vertex -59.45002746582031 -32.98502731323242 0
vertex -59.45002746582031 -18.885025024414062 5
endloop
endfacet
facet normal 0 1 0
outer loop
vertex -59.45002746582031 5.014974594116211 0
vertex -64.0000228881836 5.014974594116211 0
vertex -64.0000228881836 5.014974594116211 3.549999952316284
endloop
endfacet
facet normal 1 0 0
outer loop
vertex -49.800025939941406 24.01497459411621 5
vertex -49.800025939941406 38.11497497558594 0
vertex -49.800025939941406 38.11497497558594 5
endloop
endfacet
facet normal 0 -1 0
outer loop
vertex -64.0000228881836 0.11497443169355392 0
vertex -59.45002746582031 0.11497443169355392 0
vertex -64.0000228881836 0.11497443169355392 3.549999952316284
endloop
endfacet
facet normal -1 0 0
outer loop
vertex -21.45002555847168 19.114974975585938 0
vertex -21.45002555847168 5.014974594116211 0
vertex -21.45002555847168 19.114974975585938 5
endloop
endfacet
facet normal 0 -1 0
outer loop
vertex -16.550025939941406 -18.885025024414062 5
vertex -7.000026226043701 -18.885025024414062 3.549999952316284
vertex -2.450026273727417 -18.885025024414062 5
endloop
endfacet
facet normal 0 -1 0
outer loop
vertex -64.0000228881836 19.114974975585938 3.549999952316284
vertex -59.45002746582031 19.114974975585938 0
vertex -59.45002746582031 19.114974975585938 5
endloop
endfacet
facet normal 0 1 0
outer loop
vertex -2.450026273727417 -13.985025405883789 5
vertex -7.000026226043701 -13.985025405883789 3.549999952316284
vertex -12.000025749206543 -13.985025405883789 3.549999952316284
endloop
endfacet
facet normal 1 0 0
outer loop
vertex -35.550025939941406 5.014974594116211 5
vertex -35.550025939941406 5.014974594116211 0
vertex -35.550025939941406 19.114974975585938 0
endloop
endfacet
facet normal 0 1 0
outer loop
vertex -21.45002555847168 -13.985025405883789 5
vertex -31.00002670288086 -13.985025405883789 3.549999952316284
vertex -35.550025939941406 -13.985025405883789 5
endloop
endfacet
facet normal 0 1 0
outer loop
vertex -69.0000228881836 5.014974594116211 3.549999952316284
vertex -73.5500259399414 5.014974594116211 0
vertex -73.5500259399414 5.014974594116211 5
endloop
endfacet
facet normal 0 1 0
outer loop
vertex -21.45002555847168 -13.985025405883789 5
vertex -26.00002670288086 -13.985025405883789 3.549999952316284
vertex -31.00002670288086 -13.985025405883789 3.549999952316284
endloop
endfacet
facet normal 0 -1 0
outer loop
vertex -12.000025749206543 19.114974975585938 0
vertex -12.000025749206543 19.114974975585938 3.549999952316284
vertex -16.550025939941406 19.114974975585938 0
endloop
endfacet
facet normal -1 0 0
outer loop
vertex -2.450026273727417 0.11497443169355392 5
vertex -2.450026273727417 -13.985025405883789 0
vertex -2.450026273727417 -13.985025405883789 5
endloop
endfacet
facet normal 0 1 0
outer loop
vertex -40.45002746582031 5.014974594116211 5
vertex -50.00002670288086 5.014974594116211 3.549999952316284
vertex -54.550025939941406 5.014974594116211 5
endloop
endfacet
facet normal 1 0 0
outer loop
vertex -16.550025939941406 -32.98502731323242 5
vertex -16.550025939941406 -18.885025024414062 0
vertex -16.550025939941406 -18.885025024414062 5
endloop
endfacet
facet normal -1 0 0
outer loop
vertex -59.45002746582031 0.11497443169355392 0
vertex -59.45002746582031 -13.985025405883789 0
vertex -59.45002746582031 0.11497443169355392 5
endloop
endfacet
facet normal 0 -1 0
outer loop
vertex -7.000026226043701 -18.885025024414062 3.549999952316284
vertex -2.450026273727417 -18.885025024414062 0
vertex -2.450026273727417 -18.885025024414062 5
endloop
endfacet
facet normal 0 -1 0
outer loop
vertex -64.0000228881836 -18.885025024414062 0
vertex -59.45002746582031 -18.885025024414062 0
vertex -64.0000228881836 -18.885025024414062 3.549999952316284
endloop
endfacet
facet normal 0 -1 0
outer loop
vertex -16.550025939941406 -18.885025024414062 5
vertex -16.550025939941406 -18.885025024414062 0
vertex -12.000025749206543 -18.885025024414062 3.549999952316284
endloop
endfacet
facet normal 0 -1 0
outer loop
vertex -16.550025939941406 19.114974975585938 0
vertex -12.000025749206543 19.114974975585938 3.549999952316284
vertex -16.550025939941406 19.114974975585938 5
endloop
endfacet
facet normal 1 0 0
outer loop
vertex -35.550025939941406 -13.985025405883789 5
vertex -35.550025939941406 0.11497443169355392 0
vertex -35.550025939941406 0.11497443169355392 5
endloop
endfacet
facet normal 0 1 0
outer loop
vertex -40.45002746582031 5.014974594116211 0
vertex -45.00002670288086 5.014974594116211 3.549999952316284
vertex -40.45002746582031 5.014974594116211 5
endloop
endfacet
facet normal 1 0 0
outer loop
vertex -35.550025939941406 -32.98502731323242 5
vertex -35.550025939941406 -18.885025024414062 0
vertex -35.550025939941406 -18.885025024414062 5
endloop
endfacet
facet normal 1 0 0
outer loop
vertex -16.550025939941406 5.014974594116211 5
vertex -16.550025939941406 19.114974975585938 0
vertex -16.550025939941406 19.114974975585938 5
endloop
endfacet
facet normal 0 -1 0
outer loop
vertex -26.00002670288086 -18.885025024414062 3.549999952316284
vertex -21.45002555847168 -18.885025024414062 0
vertex -21.45002555847168 -18.885025024414062 5
endloop
endfacet
facet normal 0 1 0
outer loop
vertex -59.45002746582031 -13.985025405883789 0
vertex -64.0000228881836 -13.985025405883789 0
vertex -64.0000228881836 -13.985025405883789 3.549999952316284
endloop
endfacet
facet normal 0 -1 0
outer loop
vertex -35.550025939941406 -18.885025024414062 5
vertex -35.550025939941406 -18.885025024414062 0
vertex -31.00002670288086 -18.885025024414062 3.549999952316284
endloop
endfacet
facet normal 0 1 0
outer loop
vertex -2.450026273727417 5.014974594116211 0
vertex -7.000026226043701 5.014974594116211 0
vertex -7.000026226043701 5.014974594116211 3.549999952316284
endloop
endfacet
facet normal 0 1 0
outer loop
vertex -2.450026273727417 -32.98502731323242 5
vertex -7.000026226043701 -32.98502731323242 3.549999952316284
vertex -12.000025749206543 -32.98502731323242 3.549999952316284
endloop
endfacet
facet normal 0 1 0
outer loop
vertex -21.45002555847168 -32.98502731323242 5
vertex -26.00002670288086 -32.98502731323242 3.549999952316284
vertex -31.00002670288086 -32.98502731323242 3.549999952316284
endloop
endfacet
facet normal 0 1 0
outer loop
vertex 54.54997253417969 19.26497459411621 0
vertex 40.449974060058594 19.26497459411621 0
vertex 54.54997253417969 19.26497459411621 5
endloop
endfacet
facet normal 0 1 0
outer loop
vertex -2.450026273727417 -32.98502731323242 0
vertex -7.000026226043701 -32.98502731323242 3.549999952316284
vertex -2.450026273727417 -32.98502731323242 5
endloop
endfacet
facet normal 0 1 0
outer loop
vertex -68.8000259399414 24.01497459411621 5
vertex -54.70002746582031 24.01497459411621 5
vertex -64.2500228881836 24.01497459411621 3.549999952316284
endloop
endfacet
facet normal 0 1 0
outer loop
vertex 6.999973773956299 -32.98502731323242 0
vertex 2.4499738216400146 -32.98502731323242 0
vertex 6.999973773956299 -32.98502731323242 3.549999952316284
endloop
endfacet
facet normal 1 0 0
outer loop
vertex 59.449974060058594 19.26497459411621 0
vertex 59.449974060058594 23.814973831176758 0
vertex 59.449974060058594 23.814973831176758 3.549999952316284
endloop
endfacet
facet normal -1 0 0
outer loop
vertex -40.45002746582031 -18.885025024414062 5
vertex -40.45002746582031 -32.98502731323242 0
vertex -40.45002746582031 -32.98502731323242 5
endloop
endfacet
facet normal 0 -1 0
outer loop
vertex 21.449974060058594 0.11497443169355392 5
vertex 25.99997329711914 0.11497443169355392 3.549999952316284
vertex 30.99997329711914 0.11497443169355392 3.549999952316284
endloop
endfacet
facet normal 0 1 0
outer loop
vertex -31.00002670288086 -32.98502731323242 3.549999952316284
vertex -35.550025939941406 -32.98502731323242 0
vertex -35.550025939941406 -32.98502731323242 5
endloop
endfacet
facet normal 0 -1 0
outer loop
vertex -7.000026226043701 0.11497443169355392 0
vertex -2.450026273727417 0.11497443169355392 0
vertex -7.000026226043701 0.11497443169355392 3.549999952316284
endloop
endfacet
facet normal 0 -1 0
outer loop
vertex -54.550025939941406 -18.885025024414062 5
vertex -45.00002670288086 -18.885025024414062 3.549999952316284
vertex -40.45002746582031 -18.885025024414062 5
endloop
endfacet
facet normal 1 0 0
outer loop
vertex 2.4499738216400146 19.114974975585938 5
vertex 2.4499738216400146 5.014974594116211 5
vertex 2.4499738216400146 19.114974975585938 0
endloop
endfacet
facet normal 0 -1 0
outer loop
vertex -54.550025939941406 -18.885025024414062 5
vertex -50.00002670288086 -18.885025024414062 3.549999952316284
vertex -45.00002670288086 -18.885025024414062 3.549999952316284
endloop
endfacet
facet normal 0 -1 0
outer loop
vertex -12.000025749206543 0.11497443169355392 0
vertex -12.000025749206543 0.11497443169355392 3.549999952316284
vertex -16.550025939941406 0.11497443169355392 0
endloop
endfacet
facet normal 0 1 0
outer loop
vertex -59.45002746582031 -13.985025405883789 5
vertex -69.0000228881836 -13.985025405883789 3.549999952316284
vertex -73.5500259399414 -13.985025405883789 5
endloop
endfacet
facet normal 0 -1 0
outer loop
vertex -54.550025939941406 19.114974975585938 5
vertex -45.00002670288086 19.114974975585938 3.549999952316284
vertex -40.45002746582031 19.114974975585938 5
endloop
endfacet
facet normal 0 -1 0
outer loop
vertex -73.5500259399414 -18.885025024414062 5
vertex -69.0000228881836 -18.885025024414062 3.549999952316284
vertex -64.0000228881836 -18.885025024414062 3.549999952316284
endloop
endfacet
facet normal 0 1 0
outer loop
vertex -21.45002555847168 5.014974594116211 5
vertex -26.00002670288086 5.014974594116211 3.549999952316284
vertex -31.00002670288086 5.014974594116211 3.549999952316284
endloop
endfacet
facet normal 0 1 0
outer loop
vertex 6.999973773956299 -32.98502731323242 3.549999952316284
vertex 2.4499738216400146 -32.98502731323242 0
vertex 2.4499738216400146 -32.98502731323242 5
endloop
endfacet
facet normal 0 -1 0
outer loop
vertex 2.4499738216400146 19.114974975585938 0
vertex 6.999973773956299 19.114974975585938 3.549999952316284
vertex 2.4499738216400146 19.114974975585938 5
endloop
endfacet
facet normal 1 0 0
outer loop
vertex 21.449974060058594 0.11497443169355392 0
vertex 21.449974060058594 -13.985025405883789 5
vertex 21.449974060058594 -13.985025405883789 0
endloop
endfacet
facet normal 0 1 0
outer loop
vertex -21.45002555847168 5.014974594116211 5
vertex -31.00002670288086 5.014974594116211 3.549999952316284
vertex -35.550025939941406 5.014974594116211 5
endloop
endfacet
facet normal -1 0 0
outer loop
vertex -59.45002746582031 0.11497443169355392 5
vertex -59.45002746582031 -13.985025405883789 0
vertex -59.45002746582031 -13.985025405883789 5
endloop
endfacet
facet normal 0 -1 0
outer loop
vertex 2.4499738216400146 19.114974975585938 5
vertex 6.999973773956299 19.114974975585938 3.549999952316284
vertex 11.999974250793457 19.114974975585938 3.549999952316284
endloop
endfacet
facet normal -1 0 0
outer loop
vertex 16.54997444152832 0.11497443169355392 0
vertex 16.54997444152832 -13.985025405883789 0
vertex 16.54997444152832 0.11497443169355392 5
endloop
endfacet
facet normal 0 -1 0
outer loop
vertex -35.550025939941406 19.114974975585938 5
vertex -26.00002670288086 19.114974975585938 3.549999952316284
vertex -21.45002555847168 19.114974975585938 5
endloop
endfacet
facet normal 0 1 0
outer loop
vertex -40.45002746582031 -13.985025405883789 0
vertex -45.00002670288086 -13.985025405883789 3.549999952316284
vertex -40.45002746582031 -13.985025405883789 5
endloop
endfacet
facet normal 0 1 0
outer loop
vertex -54.70002746582031 24.01497459411621 5
vertex -59.25002670288086 24.01497459411621 3.549999952316284
vertex -64.2500228881836 24.01497459411621 3.549999952316284
endloop
endfacet
facet normal 0 1 0
outer loop
vertex -50.00002670288086 -13.985025405883789 3.549999952316284
vertex -54.550025939941406 -13.985025405883789 0
vertex -54.550025939941406 -13.985025405883789 5
endloop
endfacet
facet normal -1 0 0
outer loop
vertex 35.54997253417969 19.114974975585938 0
vertex 35.54997253417969 5.014974594116211 0
vertex 35.54997253417969 19.114974975585938 5
endloop
endfacet
facet normal 0 -1 0
outer loop
vertex -54.550025939941406 -18.885025024414062 5
vertex -54.550025939941406 -18.885025024414062 0
vertex -50.00002670288086 -18.885025024414062 3.549999952316284
endloop
endfacet
facet normal 0 -1 0
outer loop
vertex -21.25002670288086 38.11497497558594 0
vertex -16.70002555847168 38.11497497558594 0
vertex -21.25002670288086 38.11497497558594 3.549999952316284
endloop
endfacet
facet normal 0 -1 0
outer loop
vertex -64.0000228881836 -18.885025024414062 3.549999952316284
vertex -59.45002746582031 -18.885025024414062 0
vertex -59.45002746582031 -18.885025024414062 5
endloop
endfacet
facet normal 0 1 0
outer loop
vertex -2.450026273727417 5.014974594116211 5
vertex -12.000025749206543 5.014974594116211 3.549999952316284
vertex -16.550025939941406 5.014974594116211 5
endloop
endfacet
facet normal 1 0 0
outer loop
vertex -73.5500259399414 -32.98502731323242 5
vertex -73.5500259399414 -18.885025024414062 0
vertex -73.5500259399414 -18.885025024414062 5
endloop
endfacet
facet normal 0 -1 0
outer loop
vertex -49.800025939941406 38.11497497558594 5
vertex -45.25002670288086 38.11497497558594 3.549999952316284
vertex -40.25002670288086 38.11497497558594 3.549999952316284
endloop
endfacet
facet normal 0 -1 0
outer loop
vertex -73.5500259399414 -18.885025024414062 5
vertex -73.5500259399414 -18.885025024414062 0
vertex -69.0000228881836 -18.885025024414062 3.549999952316284
endloop
endfacet
facet normal 0 1 0
outer loop
vertex -31.00002670288086 -32.98502731323242 0
vertex -35.550025939941406 -32.98502731323242 0
vertex -31.00002670288086 -32.98502731323242 3.549999952316284
endloop
endfacet
facet normal 0 1 0
outer loop
vertex -40.45002746582031 -32.98502731323242 5
vertex -45.00002670288086 -32.98502731323242 3.549999952316284
vertex -50.00002670288086 -32.98502731323242 3.549999952316284
endloop
endfacet
facet normal 0 1 0
outer loop
vertex 16.54997444152832 5.014974594116211 5
vertex 6.999973773956299 5.014974594116211 3.549999952316284
vertex 2.4499738216400146 5.014974594116211 5
endloop
endfacet
facet normal 0 1 0
outer loop
vertex 16.54997444152832 -32.98502731323242 0
vertex 11.999974250793457 -32.98502731323242 0
vertex 11.999974250793457 -32.98502731323242 3.549999952316284
endloop
endfacet
facet normal 0 -1 0
outer loop
vertex -16.550025939941406 19.114974975585938 5
vertex -7.000026226043701 19.114974975585938 3.549999952316284
vertex -2.450026273727417 19.114974975585938 5
endloop
endfacet
facet normal 0 1 0
outer loop
vertex 35.54997253417969 -13.985025405883789 0
vertex 30.99997329711914 -13.985025405883789 0
vertex 30.99997329711914 -13.985025405883789 3.549999952316284
endloop
endfacet
facet normal 0 1 0
outer loop
vertex 16.54997444152832 5.014974594116211 0
vertex 11.999974250793457 5.014974594116211 3.549999952316284
vertex 16.54997444152832 5.014974594116211 5
endloop
endfacet
facet normal 0 1 0
outer loop
vertex 16.54997444152832 -13.985025405883789 0
vertex 11.999974250793457 -13.985025405883789 0
vertex 11.999974250793457 -13.985025405883789 3.549999952316284
endloop
endfacet
facet normal 0 1 0
outer loop
vertex -35.70002746582031 24.01497459411621 0
vertex -40.25002670288086 24.01497459411621 3.549999952316284
vertex -35.70002746582031 24.01497459411621 5
endloop
endfacet
facet normal 0 -1 0
outer loop
vertex 11.999974250793457 -18.885025024414062 0
vertex 16.54997444152832 -18.885025024414062 0
vertex 11.999974250793457 -18.885025024414062 3.549999952316284
endloop
endfacet
facet normal 0 1 0
outer loop
vertex 73.54997253417969 19.26497459411621 5
vertex 59.449974060058594 19.26497459411621 0
vertex 59.449974060058594 19.26497459411621 5
endloop
endfacet
facet normal 0 1 0
outer loop
vertex -26.25002670288086 24.01497459411621 3.549999952316284
vertex -30.800025939941406 24.01497459411621 0
vertex -30.800025939941406 24.01497459411621 5
endloop
endfacet
facet normal 1 0 0
outer loop
vertex -68.8000259399414 24.01497459411621 5
vertex -68.8000259399414 38.11497497558594 0
vertex -68.8000259399414 38.11497497558594 5
endloop
endfacet
facet normal 0 1 0
outer loop
vertex 16.54997444152832 5.014974594116211 5
vertex 11.999974250793457 5.014974594116211 3.549999952316284
vertex 6.999973773956299 5.014974594116211 3.549999952316284
endloop
endfacet
facet normal -1 0 0
outer loop
vertex -40.45002746582031 0.11497443169355392 0
vertex -40.45002746582031 -13.985025405883789 0
vertex -40.45002746582031 0.11497443169355392 5
endloop
endfacet
facet normal 0 1 0
outer loop
vertex 6.999973773956299 5.014974594116211 3.549999952316284
vertex 2.4499738216400146 5.014974594116211 0
vertex 2.4499738216400146 5.014974594116211 5
endloop
endfacet
facet normal -1 0 0
outer loop
vertex -2.450026273727417 -18.885025024414062 0
vertex -2.450026273727417 -32.98502731323242 0
vertex -2.450026273727417 -18.885025024414062 5
endloop
endfacet
facet normal 0 1 0
outer loop
vertex 25.99997329711914 5.014974594116211 0
vertex 21.449974060058594 5.014974594116211 0
vertex 25.99997329711914 5.014974594116211 3.549999952316284
endloop
endfacet
facet normal -1 0 0
outer loop
vertex -54.70002746582031 38.11497497558594 5
vertex -54.70002746582031 24.01497459411621 0
vertex -54.70002746582031 24.01497459411621 5
endloop
endfacet
facet normal 0 -1 0
outer loop
vertex 2.4499738216400146 0.11497443169355392 0
vertex 6.999973773956299 0.11497443169355392 3.549999952316284
vertex 2.4499738216400146 0.11497443169355392 5
endloop
endfacet
facet normal 0 1 0
outer loop
vertex -59.45002746582031 -32.98502731323242 0
vertex -64.0000228881836 -32.98502731323242 3.549999952316284
vertex -59.45002746582031 -32.98502731323242 5
endloop
endfacet
facet normal 0 1 0
outer loop
vertex -16.70002555847168 24.01497459411621 5
vertex -26.25002670288086 24.01497459411621 3.549999952316284
vertex -30.800025939941406 24.01497459411621 5
endloop
endfacet
facet normal 1 0 0
outer loop
vertex 59.449974060058594 28.814973831176758 3.549999952316284
vertex 59.449974060058594 33.36497497558594 0
vertex 59.449974060058594 33.36497497558594 5
endloop
endfacet
facet normal -1 0 0
outer loop
vertex -16.70002555847168 38.11497497558594 0
vertex -16.70002555847168 24.01497459411621 0
vertex -16.70002555847168 38.11497497558594 5
endloop
endfacet
facet normal 0 1 0
outer loop
vertex -50.00002670288086 -32.98502731323242 3.549999952316284
vertex -54.550025939941406 -32.98502731323242 0
vertex -54.550025939941406 -32.98502731323242 5
endloop
endfacet
facet normal 1 0 0
outer loop
vertex 40.449974060058594 19.26497459411621 0
vertex 40.449974060058594 23.814973831176758 3.549999952316284
vertex 40.449974060058594 19.26497459411621 5
endloop
endfacet
facet normal 0 1 0
outer loop
vertex -54.70002746582031 24.01497459411621 0
vertex -59.25002670288086 24.01497459411621 3.549999952316284
vertex -54.70002746582031 24.01497459411621 5
endloop
endfacet
facet normal 0 -1 0
outer loop
vertex -49.800025939941406 38.11497497558594 5
vertex -40.25002670288086 38.11497497558594 3.549999952316284
vertex -35.70002746582031 38.11497497558594 5
endloop
endfacet
facet normal 1 0 0
outer loop
vertex -35.550025939941406 -32.98502731323242 0
vertex -35.550025939941406 -18.885025024414062 0
vertex -35.550025939941406 -32.98502731323242 5
endloop
endfacet
facet normal 1 0 0
outer loop
vertex 40.449974060058594 19.26497459411621 5
vertex 40.449974060058594 23.814973831176758 3.549999952316284
vertex 40.449974060058594 28.814973831176758 3.549999952316284
endloop
endfacet
facet normal 1 0 0
outer loop
vertex 59.449974060058594 19.26497459411621 5
vertex 59.449974060058594 28.814973831176758 3.549999952316284
vertex 59.449974060058594 33.36497497558594 5
endloop
endfacet
facet normal 0 -1 0
outer loop
vertex -35.550025939941406 0.11497443169355392 0
vertex -31.00002670288086 0.11497443169355392 3.549999952316284
vertex -35.550025939941406 0.11497443169355392 5
endloop
endfacet
facet normal -1 0 0
outer loop
vertex 35.54997253417969 19.114974975585938 5
vertex 35.54997253417969 5.014974594116211 0
vertex 35.54997253417969 5.014974594116211 5
endloop
endfacet
facet normal -1 0 0
outer loop
vertex 73.54997253417969 33.36497497558594 5
vertex 73.54997253417969 23.814973831176758 3.549999952316284
vertex 73.54997253417969 19.26497459411621 5
endloop
endfacet
facet normal 0 1 0
outer loop
vertex -12.000025749206543 -13.985025405883789 0
vertex -16.550025939941406 -13.985025405883789 0
vertex -12.000025749206543 -13.985025405883789 3.549999952316284
endloop
endfacet
facet normal 0 -1 0
outer loop
vertex 59.449974060058594 33.36497497558594 0
vertex 73.54997253417969 33.36497497558594 0
vertex 59.449974060058594 33.36497497558594 5
endloop
endfacet
facet normal -1 0 0
outer loop
vertex -40.45002746582031 19.114974975585938 5
vertex -40.45002746582031 5.014974594116211 0
vertex -40.45002746582031 5.014974594116211 5
endloop
endfacet
facet normal 0 1 0
outer loop
vertex -31.00002670288086 -13.985025405883789 0
vertex -35.550025939941406 -13.985025405883789 0
vertex -31.00002670288086 -13.985025405883789 3.549999952316284
endloop
endfacet
facet normal -1 0 0
outer loop
vertex -54.70002746582031 38.11497497558594 0
vertex -54.70002746582031 24.01497459411621 0
vertex -54.70002746582031 38.11497497558594 5
endloop
endfacet
facet normal 1 0 0
outer loop
vertex 2.4499738216400146 5.014974594116211 5
vertex 2.4499738216400146 5.014974594116211 0
vertex 2.4499738216400146 19.114974975585938 0
endloop
endfacet
facet normal 0 -1 0
outer loop
vertex -68.8000259399414 38.11497497558594 5
vertex -68.8000259399414 38.11497497558594 0
vertex -64.2500228881836 38.11497497558594 3.549999952316284
endloop
endfacet
facet normal 0 1 0
outer loop
vertex -50.00002670288086 5.014974594116211 3.549999952316284
vertex -54.550025939941406 5.014974594116211 0
vertex -54.550025939941406 5.014974594116211 5
endloop
endfacet
facet normal 0 1 0
outer loop
vertex -2.450026273727417 -32.98502731323242 0
vertex -7.000026226043701 -32.98502731323242 0
vertex -7.000026226043701 -32.98502731323242 3.549999952316284
endloop
endfacet
facet normal 1 0 0
outer loop
vertex -30.800025939941406 38.11497497558594 0
vertex -30.800025939941406 24.01497459411621 5
vertex -30.800025939941406 24.01497459411621 0
endloop
endfacet
facet normal 1 0 0
outer loop
vertex 40.449974060058594 19.26497459411621 5
vertex 40.449974060058594 28.814973831176758 3.549999952316284
vertex 40.449974060058594 33.36497497558594 5
endloop
endfacet
facet normal 1 0 0
outer loop
vertex -54.550025939941406 -18.885025024414062 0
vertex -54.550025939941406 -32.98502731323242 5
vertex -54.550025939941406 -32.98502731323242 0
endloop
endfacet
facet normal 0 1 0
outer loop
vertex 35.54997253417969 5.014974594116211 5
vertex 25.99997329711914 5.014974594116211 3.549999952316284
vertex 21.449974060058594 5.014974594116211 5
endloop
endfacet
facet normal 0 -1 0
outer loop
vertex -54.550025939941406 19.114974975585938 5
vertex -50.00002670288086 19.114974975585938 3.549999952316284
vertex -45.00002670288086 19.114974975585938 3.549999952316284
endloop
endfacet
facet normal 0 1 0
outer loop
vertex 35.54997253417969 5.014974594116211 5
vertex 30.99997329711914 5.014974594116211 3.549999952316284
vertex 25.99997329711914 5.014974594116211 3.549999952316284
endloop
endfacet
facet normal 0 -1 0
outer loop
vertex 21.449974060058594 0.11497443169355392 0
vertex 25.99997329711914 0.11497443169355392 3.549999952316284
vertex 21.449974060058594 0.11497443169355392 5
endloop
endfacet
facet normal 0 1 0
outer loop
vertex 73.54997253417969 19.26497459411621 0
vertex 59.449974060058594 19.26497459411621 0
vertex 73.54997253417969 19.26497459411621 5
endloop
endfacet
facet normal 0 1 0
outer loop
vertex -21.45002555847168 -32.98502731323242 5
vertex -31.00002670288086 -32.98502731323242 3.549999952316284
vertex -35.550025939941406 -32.98502731323242 5
endloop
endfacet
facet normal 1 0 0
outer loop
vertex 30.949974060058594 -38.11502456665039 0
vertex 30.949974060058594 -24.015026092529297 0
vertex 30.949974060058594 -38.11502456665039 5
endloop
endfacet
facet normal 0 -1 0
outer loop
vertex 30.949974060058594 -24.015026092529297 0
vertex 35.49997329711914 -24.015026092529297 0
vertex 35.49997329711914 -24.015026092529297 3.549999952316284
endloop
endfacet
facet normal 0 1 0
outer loop
vertex 35.49997329711914 -38.11502456665039 0
vertex 30.949974060058594 -38.11502456665039 0
vertex 35.49997329711914 -38.11502456665039 3.549999952316284
endloop
endfacet
facet normal 0 1 0
outer loop
vertex 45.04997253417969 -38.11502456665039 0
vertex 40.49997329711914 -38.11502456665039 0
vertex 40.49997329711914 -38.11502456665039 3.549999952316284
endloop
endfacet
facet normal -1 0 0
outer loop
vertex 45.04997253417969 -24.015026092529297 0
vertex 45.04997253417969 -38.11502456665039 0
vertex 45.04997253417969 -24.015026092529297 5
endloop
endfacet
facet normal 0 -1 0
outer loop
vertex 40.49997329711914 -24.015026092529297 3.549999952316284
vertex 40.49997329711914 -24.015026092529297 0
vertex 45.04997253417969 -24.015026092529297 0
endloop
endfacet
facet normal 0 1 0
outer loop
vertex 35.49997329711914 -38.11502456665039 3.549999952316284
vertex 30.949974060058594 -38.11502456665039 0
vertex 30.949974060058594 -38.11502456665039 5
endloop
endfacet
facet normal 1 0 0
outer loop
vertex 30.949974060058594 -38.11502456665039 5
vertex 30.949974060058594 -24.015026092529297 0
vertex 30.949974060058594 -24.015026092529297 5
endloop
endfacet
facet normal 0 1 0
outer loop
vertex 40.49997329711914 -38.11502456665039 3.549999952316284
vertex 35.49997329711914 -38.11502456665039 3.549999952316284
vertex 45.04997253417969 -38.11502456665039 5
endloop
endfacet
facet normal 0 1 0
outer loop
vertex 45.04997253417969 -38.11502456665039 5
vertex 35.49997329711914 -38.11502456665039 3.549999952316284
vertex 30.949974060058594 -38.11502456665039 5
endloop
endfacet
facet normal 0 -1 0
outer loop
vertex 30.949974060058594 -24.015026092529297 0
vertex 35.49997329711914 -24.015026092529297 3.549999952316284
vertex 30.949974060058594 -24.015026092529297 5
endloop
endfacet
facet normal 0 -1 0
outer loop
vertex 30.949974060058594 -24.015026092529297 5
vertex 35.49997329711914 -24.015026092529297 3.549999952316284
vertex 40.49997329711914 -24.015026092529297 3.549999952316284
endloop
endfacet
facet normal 0 -1 0
outer loop
vertex 30.949974060058594 -24.015026092529297 5
vertex 40.49997329711914 -24.015026092529297 3.549999952316284
vertex 45.04997253417969 -24.015026092529297 5
endloop
endfacet
facet normal 0 1 0
outer loop
vertex 45.04997253417969 -38.11502456665039 0
vertex 40.49997329711914 -38.11502456665039 3.549999952316284
vertex 45.04997253417969 -38.11502456665039 5
endloop
endfacet
facet normal -1 0 0
outer loop
vertex 45.04997253417969 -24.015026092529297 5
vertex 45.04997253417969 -38.11502456665039 0
vertex 45.04997253417969 -38.11502456665039 5
endloop
endfacet
facet normal 0 -1 0
outer loop
vertex 40.49997329711914 -24.015026092529297 3.549999952316284
vertex 45.04997253417969 -24.015026092529297 0
vertex 45.04997253417969 -24.015026092529297 5
endloop
endfacet
facet normal 1 0 0
outer loop
vertex 35.49997329711914 -38.815025329589844 3.549999952316284
vertex 35.49997329711914 -38.11502456665039 0
vertex 35.49997329711914 -38.11502456665039 3.549999952316284
endloop
endfacet
facet normal 0 1 0
outer loop
vertex 40.49997329711914 -38.815025329589844 0
vertex 35.49997329711914 -38.815025329589844 3.549999952316284
vertex 40.49997329711914 -38.815025329589844 3.549999952316284
endloop
endfacet
facet normal -1 0 0
outer loop
vertex 40.49997329711914 -38.11502456665039 3.549999952316284
vertex 40.49997329711914 -38.815025329589844 0
vertex 40.49997329711914 -38.815025329589844 3.549999952316284
endloop
endfacet
facet normal -1 0 0
outer loop
vertex 40.49997329711914 -38.815025329589844 0
vertex 40.49997329711914 -38.11502456665039 3.549999952316284
vertex 40.49997329711914 -38.11502456665039 0
endloop
endfacet
facet normal 0 1 0
outer loop
vertex 40.49997329711914 -38.815025329589844 0
vertex 35.49997329711914 -38.815025329589844 0
vertex 35.49997329711914 -38.815025329589844 3.549999952316284
endloop
endfacet
facet normal 1 0 0
outer loop
vertex 35.49997329711914 -24.015026092529297 3.549999952316284
vertex 35.49997329711914 -24.015026092529297 0
vertex 35.49997329711914 -23.315025329589844 0
endloop
endfacet
facet normal 0 -1 0
outer loop
vertex 40.49997329711914 -23.315025329589844 0
vertex 40.49997329711914 -23.315025329589844 3.549999952316284
vertex 35.49997329711914 -23.315025329589844 0
endloop
endfacet
facet normal -1 0 0
outer loop
vertex 40.49997329711914 -23.315025329589844 3.549999952316284
vertex 40.49997329711914 -23.315025329589844 0
vertex 40.49997329711914 -24.015026092529297 0
endloop
endfacet
facet normal 1 0 0
outer loop
vertex 35.49997329711914 -38.815025329589844 0
vertex 35.49997329711914 -38.11502456665039 0
vertex 35.49997329711914 -38.815025329589844 3.549999952316284
endloop
endfacet
facet normal 1 0 0
outer loop
vertex 35.49997329711914 -24.015026092529297 3.549999952316284
vertex 35.49997329711914 -23.315025329589844 0
vertex 35.49997329711914 -23.315025329589844 3.549999952316284
endloop
endfacet
facet normal 0 -1 0
outer loop
vertex 35.49997329711914 -23.315025329589844 3.549999952316284
vertex 35.49997329711914 -23.315025329589844 0
vertex 40.49997329711914 -23.315025329589844 3.549999952316284
endloop
endfacet
facet normal -1 0 0
outer loop
vertex 40.49997329711914 -23.315025329589844 3.549999952316284
vertex 40.49997329711914 -24.015026092529297 0
vertex 40.49997329711914 -24.015026092529297 3.549999952316284
endloop
endfacet
facet normal 0 0 -1
outer loop
vertex 40.49997329711914 -38.815025329589844 3.549999952316284
vertex 35.49997329711914 -38.815025329589844 3.549999952316284
vertex 35.49997329711914 -38.11502456665039 3.549999952316284
endloop
endfacet
facet normal 0 0 -1
outer loop
vertex 40.49997329711914 -38.11502456665039 3.549999952316284
vertex 40.49997329711914 -38.815025329589844 3.549999952316284
vertex 35.49997329711914 -38.11502456665039 3.549999952316284
endloop
endfacet
facet normal 0 0 -1
outer loop
vertex 35.49997329711914 -24.015026092529297 3.549999952316284
vertex 35.49997329711914 -23.315025329589844 3.549999952316284
vertex 40.49997329711914 -24.015026092529297 3.549999952316284
endloop
endfacet
facet normal 0 0 -1
outer loop
vertex 40.49997329711914 -23.315025329589844 3.549999952316284
vertex 40.49997329711914 -24.015026092529297 3.549999952316284
vertex 35.49997329711914 -23.315025329589844 3.549999952316284
endloop
endfacet
facet normal 1 0 0
outer loop
vertex 6.999973773956299 -33.68502426147461 3.549999952316284
vertex 6.999973773956299 -32.98502731323242 0
vertex 6.999973773956299 -32.98502731323242 3.549999952316284
endloop
endfacet
facet normal 0 1 0
outer loop
vertex 11.999974250793457 -33.68502426147461 0
vertex 6.999973773956299 -33.68502426147461 3.549999952316284
vertex 11.999974250793457 -33.68502426147461 3.549999952316284
endloop
endfacet
facet normal -1 0 0
outer loop
vertex 11.999974250793457 -32.98502731323242 3.549999952316284
vertex 11.999974250793457 -33.68502426147461 0
vertex 11.999974250793457 -33.68502426147461 3.549999952316284
endloop
endfacet
facet normal 1 0 0
outer loop
vertex 6.999973773956299 -18.885025024414062 3.549999952316284
vertex 6.999973773956299 -18.885025024414062 0
vertex 6.999973773956299 -18.185026168823242 0
endloop
endfacet
facet normal 0 -1 0
outer loop
vertex 6.999973773956299 -18.185026168823242 0
vertex 11.999974250793457 -18.185026168823242 0
vertex 11.999974250793457 -18.185026168823242 3.549999952316284
endloop
endfacet
facet normal -1 0 0
outer loop
vertex 11.999974250793457 -18.185026168823242 0
vertex 11.999974250793457 -18.885025024414062 0
vertex 11.999974250793457 -18.185026168823242 3.549999952316284
endloop
endfacet
facet normal -1 0 0
outer loop
vertex 11.999974250793457 -32.98502731323242 0
vertex 11.999974250793457 -33.68502426147461 0
vertex 11.999974250793457 -32.98502731323242 3.549999952316284
endloop
endfacet
facet normal 1 0 0
outer loop
vertex 6.999973773956299 -18.885025024414062 3.549999952316284
vertex 6.999973773956299 -18.185026168823242 0
vertex 6.999973773956299 -18.185026168823242 3.549999952316284
endloop
endfacet
facet normal 0 -1 0
outer loop
vertex 6.999973773956299 -18.185026168823242 3.549999952316284
vertex 6.999973773956299 -18.185026168823242 0
vertex 11.999974250793457 -18.185026168823242 3.549999952316284
endloop
endfacet
facet normal -1 0 0
outer loop
vertex 11.999974250793457 -18.185026168823242 3.549999952316284
vertex 11.999974250793457 -18.885025024414062 0
vertex 11.999974250793457 -18.885025024414062 3.549999952316284
endloop
endfacet
facet normal 0 0 -1
outer loop
vertex 11.999974250793457 -33.68502426147461 3.549999952316284
vertex 6.999973773956299 -33.68502426147461 3.549999952316284
vertex 6.999973773956299 -32.98502731323242 3.549999952316284
endloop
endfacet
facet normal 0 1 0
outer loop
vertex 11.999974250793457 -33.68502426147461 0
vertex 6.999973773956299 -33.68502426147461 0
vertex 6.999973773956299 -33.68502426147461 3.549999952316284
endloop
endfacet
facet normal 1 0 0
outer loop
vertex 6.999973773956299 -32.98502731323242 0
vertex 6.999973773956299 -33.68502426147461 3.549999952316284
vertex 6.999973773956299 -33.68502426147461 0
endloop
endfacet
facet normal 0 0 -1
outer loop
vertex 11.999974250793457 -32.98502731323242 3.549999952316284
vertex 11.999974250793457 -33.68502426147461 3.549999952316284
vertex 6.999973773956299 -32.98502731323242 3.549999952316284
endloop
endfacet
facet normal 0 0 -1
outer loop
vertex 6.999973773956299 -18.185026168823242 3.549999952316284
vertex 11.999974250793457 -18.885025024414062 3.549999952316284
vertex 6.999973773956299 -18.885025024414062 3.549999952316284
endloop
endfacet
facet normal 0 0 -1
outer loop
vertex 11.999974250793457 -18.185026168823242 3.549999952316284
vertex 11.999974250793457 -18.885025024414062 3.549999952316284
vertex 6.999973773956299 -18.185026168823242 3.549999952316284
endloop
endfacet
facet normal 0 1 0
outer loop
vertex -7.000026226043701 -33.68502426147461 0
vertex -12.000025749206543 -33.68502426147461 3.549999952316284
vertex -7.000026226043701 -33.68502426147461 3.549999952316284
endloop
endfacet
facet normal 1 0 0
outer loop
vertex -12.000025749206543 -33.68502426147461 3.549999952316284
vertex -12.000025749206543 -32.98502731323242 0
vertex -12.000025749206543 -32.98502731323242 3.549999952316284
endloop
endfacet
facet normal 0 0 -1
outer loop
vertex -7.000026226043701 -33.68502426147461 3.549999952316284
vertex -12.000025749206543 -33.68502426147461 3.549999952316284
vertex -12.000025749206543 -32.98502731323242 3.549999952316284
endloop
endfacet
facet normal 0 0 -1
outer loop
vertex -7.000026226043701 -32.98502731323242 3.549999952316284
vertex -7.000026226043701 -33.68502426147461 3.549999952316284
vertex -12.000025749206543 -32.98502731323242 3.549999952316284
endloop
endfacet
facet normal 0 0 -1
outer loop
vertex -12.000025749206543 -18.885025024414062 3.549999952316284
vertex -12.000025749206543 -18.185026168823242 3.549999952316284
vertex -7.000026226043701 -18.885025024414062 3.549999952316284
endloop
endfacet
facet normal -1 0 0
outer loop
vertex -7.000026226043701 -18.185026168823242 3.549999952316284
vertex -7.000026226043701 -18.885025024414062 0
vertex -7.000026226043701 -18.885025024414062 3.549999952316284
endloop
endfacet
facet normal 0 -1 0
outer loop
vertex -12.000025749206543 -18.185026168823242 3.549999952316284
vertex -12.000025749206543 -18.185026168823242 0
vertex -7.000026226043701 -18.185026168823242 3.549999952316284
endloop
endfacet
facet normal 1 0 0
outer loop
vertex -12.000025749206543 -18.885025024414062 3.549999952316284
vertex -12.000025749206543 -18.185026168823242 0
vertex -12.000025749206543 -18.185026168823242 3.549999952316284
endloop
endfacet
facet normal -1 0 0
outer loop
vertex -7.000026226043701 -32.98502731323242 3.549999952316284
vertex -7.000026226043701 -33.68502426147461 0
vertex -7.000026226043701 -33.68502426147461 3.549999952316284
endloop
endfacet
facet normal 1 0 0
outer loop
vertex -12.000025749206543 -32.98502731323242 0
vertex -12.000025749206543 -33.68502426147461 3.549999952316284
vertex -12.000025749206543 -33.68502426147461 0
endloop
endfacet
facet normal 0 1 0
outer loop
vertex -7.000026226043701 -33.68502426147461 0
vertex -12.000025749206543 -33.68502426147461 0
vertex -12.000025749206543 -33.68502426147461 3.549999952316284
endloop
endfacet
facet normal -1 0 0
outer loop
vertex -7.000026226043701 -32.98502731323242 0
vertex -7.000026226043701 -33.68502426147461 0
vertex -7.000026226043701 -32.98502731323242 3.549999952316284
endloop
endfacet
facet normal 0 0 -1
outer loop
vertex -7.000026226043701 -18.185026168823242 3.549999952316284
vertex -7.000026226043701 -18.885025024414062 3.549999952316284
vertex -12.000025749206543 -18.185026168823242 3.549999952316284
endloop
endfacet
facet normal 1 0 0
outer loop
vertex -12.000025749206543 -18.885025024414062 3.549999952316284
vertex -12.000025749206543 -18.885025024414062 0
vertex -12.000025749206543 -18.185026168823242 0
endloop
endfacet
facet normal 0 -1 0
outer loop
vertex -7.000026226043701 -18.185026168823242 0
vertex -7.000026226043701 -18.185026168823242 3.549999952316284
vertex -12.000025749206543 -18.185026168823242 0
endloop
endfacet
facet normal -1 0 0
outer loop
vertex -7.000026226043701 -18.185026168823242 0
vertex -7.000026226043701 -18.885025024414062 0
vertex -7.000026226043701 -18.185026168823242 3.549999952316284
endloop
endfacet
facet normal 1 0 0
outer loop
vertex -31.00002670288086 -18.885025024414062 3.549999952316284
vertex -31.00002670288086 -18.185026168823242 0
vertex -31.00002670288086 -18.185026168823242 3.549999952316284
endloop
endfacet
facet normal 0 -1 0
outer loop
vertex -31.00002670288086 -18.185026168823242 3.549999952316284
vertex -31.00002670288086 -18.185026168823242 0
vertex -26.00002670288086 -18.185026168823242 3.549999952316284
endloop
endfacet
facet normal -1 0 0
outer loop
vertex -26.00002670288086 -18.185026168823242 3.549999952316284
vertex -26.00002670288086 -18.885025024414062 0
vertex -26.00002670288086 -18.885025024414062 3.549999952316284
endloop
endfacet
facet normal 1 0 0
outer loop
vertex -31.00002670288086 -18.885025024414062 3.549999952316284
vertex -31.00002670288086 -18.885025024414062 0
vertex -31.00002670288086 -18.185026168823242 0
endloop
endfacet
facet normal -1 0 0
outer loop
vertex -26.00002670288086 -32.98502731323242 0
vertex -26.00002670288086 -33.68502426147461 0
vertex -26.00002670288086 -32.98502731323242 3.549999952316284
endloop
endfacet
facet normal 0 1 0
outer loop
vertex -26.00002670288086 -33.68502426147461 0
vertex -31.00002670288086 -33.68502426147461 0
vertex -31.00002670288086 -33.68502426147461 3.549999952316284
endloop
endfacet
facet normal 1 0 0
outer loop
vertex -31.00002670288086 -33.68502426147461 3.549999952316284
vertex -31.00002670288086 -32.98502731323242 0
vertex -31.00002670288086 -32.98502731323242 3.549999952316284
endloop
endfacet
facet normal 0 1 0
outer loop
vertex -26.00002670288086 -33.68502426147461 0
vertex -31.00002670288086 -33.68502426147461 3.549999952316284
vertex -26.00002670288086 -33.68502426147461 3.549999952316284
endloop
endfacet
facet normal -1 0 0
outer loop
vertex -26.00002670288086 -32.98502731323242 3.549999952316284
vertex -26.00002670288086 -33.68502426147461 0
vertex -26.00002670288086 -33.68502426147461 3.549999952316284
endloop
endfacet
facet normal 1 0 0
outer loop
vertex -31.00002670288086 -32.98502731323242 0
vertex -31.00002670288086 -33.68502426147461 3.549999952316284
vertex -31.00002670288086 -33.68502426147461 0
endloop
endfacet
facet normal 0 0 -1
outer loop
vertex -26.00002670288086 -18.185026168823242 3.549999952316284
vertex -26.00002670288086 -18.885025024414062 3.549999952316284
vertex -31.00002670288086 -18.185026168823242 3.549999952316284
endloop
endfacet
facet normal 0 0 -1
outer loop
vertex -31.00002670288086 -18.185026168823242 3.549999952316284
vertex -26.00002670288086 -18.885025024414062 3.549999952316284
vertex -31.00002670288086 -18.885025024414062 3.549999952316284
endloop
endfacet
facet normal 0 -1 0
outer loop
vertex -31.00002670288086 -18.185026168823242 0
vertex -26.00002670288086 -18.185026168823242 0
vertex -26.00002670288086 -18.185026168823242 3.549999952316284
endloop
endfacet
facet normal -1 0 0
outer loop
vertex -26.00002670288086 -18.185026168823242 0
vertex -26.00002670288086 -18.885025024414062 0
vertex -26.00002670288086 -18.185026168823242 3.549999952316284
endloop
endfacet
facet normal 0 0 -1
outer loop
vertex -26.00002670288086 -32.98502731323242 3.549999952316284
vertex -26.00002670288086 -33.68502426147461 3.549999952316284
vertex -31.00002670288086 -32.98502731323242 3.549999952316284
endloop
endfacet
facet normal 0 0 -1
outer loop
vertex -26.00002670288086 -33.68502426147461 3.549999952316284
vertex -31.00002670288086 -33.68502426147461 3.549999952316284
vertex -31.00002670288086 -32.98502731323242 3.549999952316284
endloop
endfacet
facet normal -1 0 0
outer loop
vertex -45.00002670288086 -18.185026168823242 0
vertex -45.00002670288086 -18.885025024414062 0
vertex -45.00002670288086 -18.185026168823242 3.549999952316284
endloop
endfacet
facet normal 0 0 -1
outer loop
vertex -45.00002670288086 -18.185026168823242 3.549999952316284
vertex -45.00002670288086 -18.885025024414062 3.549999952316284
vertex -50.00002670288086 -18.185026168823242 3.549999952316284
endloop
endfacet
facet normal 0 0 -1
outer loop
vertex -50.00002670288086 -18.185026168823242 3.549999952316284
vertex -45.00002670288086 -18.885025024414062 3.549999952316284
vertex -50.00002670288086 -18.885025024414062 3.549999952316284
endloop
endfacet
facet normal 0 -1 0
outer loop
vertex -45.00002670288086 -18.185026168823242 0
vertex -45.00002670288086 -18.185026168823242 3.549999952316284
vertex -50.00002670288086 -18.185026168823242 0
endloop
endfacet
facet normal -1 0 0
outer loop
vertex -45.00002670288086 -32.98502731323242 3.549999952316284
vertex -45.00002670288086 -33.68502426147461 0
vertex -45.00002670288086 -33.68502426147461 3.549999952316284
endloop
endfacet
facet normal 0 1 0
outer loop
vertex -45.00002670288086 -33.68502426147461 0
vertex -50.00002670288086 -33.68502426147461 3.549999952316284
vertex -45.00002670288086 -33.68502426147461 3.549999952316284
endloop
endfacet
facet normal 1 0 0
outer loop
vertex -50.00002670288086 -18.885025024414062 3.549999952316284
vertex -50.00002670288086 -18.885025024414062 0
vertex -50.00002670288086 -18.185026168823242 0
endloop
endfacet
facet normal 1 0 0
outer loop
vertex -50.00002670288086 -18.885025024414062 3.549999952316284
vertex -50.00002670288086 -18.185026168823242 0
vertex -50.00002670288086 -18.185026168823242 3.549999952316284
endloop
endfacet
facet normal 0 0 -1
outer loop
vertex -45.00002670288086 -32.98502731323242 3.549999952316284
vertex -45.00002670288086 -33.68502426147461 3.549999952316284
vertex -50.00002670288086 -32.98502731323242 3.549999952316284
endloop
endfacet
facet normal 0 0 -1
outer loop
vertex -45.00002670288086 -33.68502426147461 3.549999952316284
vertex -50.00002670288086 -33.68502426147461 3.549999952316284
vertex -50.00002670288086 -32.98502731323242 3.549999952316284
endloop
endfacet
facet normal 0 -1 0
outer loop
vertex -50.00002670288086 -18.185026168823242 3.549999952316284
vertex -50.00002670288086 -18.185026168823242 0
vertex -45.00002670288086 -18.185026168823242 3.549999952316284
endloop
endfacet
facet normal 1 0 0
outer loop
vertex -50.00002670288086 -33.68502426147461 3.549999952316284
vertex -50.00002670288086 -32.98502731323242 0
vertex -50.00002670288086 -32.98502731323242 3.549999952316284
endloop
endfacet
facet normal -1 0 0
outer loop
vertex -45.00002670288086 -18.185026168823242 3.549999952316284
vertex -45.00002670288086 -18.885025024414062 0
vertex -45.00002670288086 -18.885025024414062 3.549999952316284
endloop
endfacet
facet normal 1 0 0
outer loop
vertex -50.00002670288086 -32.98502731323242 0
vertex -50.00002670288086 -33.68502426147461 3.549999952316284
vertex -50.00002670288086 -33.68502426147461 0
endloop
endfacet
facet normal 0 1 0
outer loop
vertex -50.00002670288086 -33.68502426147461 0
vertex -50.00002670288086 -33.68502426147461 3.549999952316284
vertex -45.00002670288086 -33.68502426147461 0
endloop
endfacet
facet normal -1 0 0
outer loop
vertex -45.00002670288086 -32.98502731323242 0
vertex -45.00002670288086 -33.68502426147461 0
vertex -45.00002670288086 -32.98502731323242 3.549999952316284
endloop
endfacet
facet normal 0 1 0
outer loop
vertex -64.0000228881836 -33.68502426147461 0
vertex -69.0000228881836 -33.68502426147461 3.549999952316284
vertex -64.0000228881836 -33.68502426147461 3.549999952316284
endloop
endfacet
facet normal 1 0 0
outer loop
vertex -69.0000228881836 -33.68502426147461 3.549999952316284
vertex -69.0000228881836 -32.98502731323242 0
vertex -69.0000228881836 -32.98502731323242 3.549999952316284
endloop
endfacet
facet normal -1 0 0
outer loop
vertex -64.0000228881836 -32.98502731323242 0
vertex -64.0000228881836 -33.68502426147461 0
vertex -64.0000228881836 -32.98502731323242 3.549999952316284
endloop
endfacet
facet normal 0 1 0
outer loop
vertex -64.0000228881836 -33.68502426147461 0
vertex -69.0000228881836 -33.68502426147461 0
vertex -69.0000228881836 -33.68502426147461 3.549999952316284
endloop
endfacet
facet normal 1 0 0
outer loop
vertex -69.0000228881836 -32.98502731323242 0
vertex -69.0000228881836 -33.68502426147461 3.549999952316284
vertex -69.0000228881836 -33.68502426147461 0
endloop
endfacet
facet normal -1 0 0
outer loop
vertex -64.0000228881836 -32.98502731323242 3.549999952316284
vertex -64.0000228881836 -33.68502426147461 0
vertex -64.0000228881836 -33.68502426147461 3.549999952316284
endloop
endfacet
facet normal -1 0 0
outer loop
vertex -64.0000228881836 -18.185026168823242 0
vertex -64.0000228881836 -18.885025024414062 0
vertex -64.0000228881836 -18.185026168823242 3.549999952316284
endloop
endfacet
facet normal 0 -1 0
outer loop
vertex -64.0000228881836 -18.185026168823242 0
vertex -64.0000228881836 -18.185026168823242 3.549999952316284
vertex -69.0000228881836 -18.185026168823242 0
endloop
endfacet
facet normal 0 0 -1
outer loop
vertex -64.0000228881836 -33.68502426147461 3.549999952316284
vertex -69.0000228881836 -33.68502426147461 3.549999952316284
vertex -69.0000228881836 -32.98502731323242 3.549999952316284
endloop
endfacet
facet normal 0 0 -1
outer loop
vertex -64.0000228881836 -32.98502731323242 3.549999952316284
vertex -64.0000228881836 -33.68502426147461 3.549999952316284
vertex -69.0000228881836 -32.98502731323242 3.549999952316284
endloop
endfacet
facet normal 0 0 -1
outer loop
vertex -69.0000228881836 -18.185026168823242 3.549999952316284
vertex -64.0000228881836 -18.885025024414062 3.549999952316284
vertex -69.0000228881836 -18.885025024414062 3.549999952316284
endloop
endfacet
facet normal -1 0 0
outer loop
vertex -64.0000228881836 -18.185026168823242 3.549999952316284
vertex -64.0000228881836 -18.885025024414062 0
vertex -64.0000228881836 -18.885025024414062 3.549999952316284
endloop
endfacet
facet normal 1 0 0
outer loop
vertex -69.0000228881836 -18.885025024414062 3.549999952316284
vertex -69.0000228881836 -18.885025024414062 0
vertex -69.0000228881836 -18.185026168823242 0
endloop
endfacet
facet normal 0 0 -1
outer loop
vertex -64.0000228881836 -18.185026168823242 3.549999952316284
vertex -64.0000228881836 -18.885025024414062 3.549999952316284
vertex -69.0000228881836 -18.185026168823242 3.549999952316284
endloop
endfacet
facet normal 0 -1 0
outer loop
vertex -69.0000228881836 -18.185026168823242 3.549999952316284
vertex -69.0000228881836 -18.185026168823242 0
vertex -64.0000228881836 -18.185026168823242 3.549999952316284
endloop
endfacet
facet normal 1 0 0
outer loop
vertex -69.0000228881836 -18.885025024414062 3.549999952316284
vertex -69.0000228881836 -18.185026168823242 0
vertex -69.0000228881836 -18.185026168823242 3.549999952316284
endloop
endfacet
facet normal 0 1 0
outer loop
vertex 30.99997329711914 -14.685025215148926 0
vertex 25.99997329711914 -14.685025215148926 3.549999952316284
vertex 30.99997329711914 -14.685025215148926 3.549999952316284
endloop
endfacet
facet normal 1 0 0
outer loop
vertex 25.99997329711914 -13.985025405883789 0
vertex 25.99997329711914 -14.685025215148926 3.549999952316284
vertex 25.99997329711914 -14.685025215148926 0
endloop
endfacet
facet normal 1 0 0
outer loop
vertex 25.99997329711914 0.11497443169355392 3.549999952316284
vertex 25.99997329711914 0.11497443169355392 0
vertex 25.99997329711914 0.8149744272232056 0
endloop
endfacet
facet normal 0 -1 0
outer loop
vertex 25.99997329711914 0.8149744272232056 3.549999952316284
vertex 25.99997329711914 0.8149744272232056 0
vertex 30.99997329711914 0.8149744272232056 3.549999952316284
endloop
endfacet
facet normal -1 0 0
outer loop
vertex 30.99997329711914 0.8149744272232056 0
vertex 30.99997329711914 0.11497443169355392 0
vertex 30.99997329711914 0.8149744272232056 3.549999952316284
endloop
endfacet
facet normal 0 -1 0
outer loop
vertex 30.99997329711914 0.8149744272232056 0
vertex 30.99997329711914 0.8149744272232056 3.549999952316284
vertex 25.99997329711914 0.8149744272232056 0
endloop
endfacet
facet normal 1 0 0
outer loop
vertex 25.99997329711914 0.11497443169355392 3.549999952316284
vertex 25.99997329711914 0.8149744272232056 0
vertex 25.99997329711914 0.8149744272232056 3.549999952316284
endloop
endfacet
facet normal -1 0 0
outer loop
vertex 30.99997329711914 0.8149744272232056 3.549999952316284
vertex 30.99997329711914 0.11497443169355392 0
vertex 30.99997329711914 0.11497443169355392 3.549999952316284
endloop
endfacet
facet normal 0 0 -1
outer loop
vertex 30.99997329711914 -13.985025405883789 3.549999952316284
vertex 30.99997329711914 -14.685025215148926 3.549999952316284
vertex 25.99997329711914 -13.985025405883789 3.549999952316284
endloop
endfacet
facet normal 0 0 -1
outer loop
vertex 30.99997329711914 -14.685025215148926 3.549999952316284
vertex 25.99997329711914 -14.685025215148926 3.549999952316284
vertex 25.99997329711914 -13.985025405883789 3.549999952316284
endloop
endfacet
facet normal 0 0 -1
outer loop
vertex 25.99997329711914 0.8149744272232056 3.549999952316284
vertex 30.99997329711914 0.11497443169355392 3.549999952316284
vertex 25.99997329711914 0.11497443169355392 3.549999952316284
endloop
endfacet
facet normal 0 0 -1
outer loop
vertex 30.99997329711914 0.8149744272232056 3.549999952316284
vertex 30.99997329711914 0.11497443169355392 3.549999952316284
vertex 25.99997329711914 0.8149744272232056 3.549999952316284
endloop
endfacet
facet normal -1 0 0
outer loop
vertex 30.99997329711914 -13.985025405883789 3.549999952316284
vertex 30.99997329711914 -14.685025215148926 0
vertex 30.99997329711914 -14.685025215148926 3.549999952316284
endloop
endfacet
facet normal 1 0 0
outer loop
vertex 25.99997329711914 -14.685025215148926 3.549999952316284
vertex 25.99997329711914 -13.985025405883789 0
vertex 25.99997329711914 -13.985025405883789 3.549999952316284
endloop
endfacet
facet normal -1 0 0
outer loop
vertex 30.99997329711914 -13.985025405883789 0
vertex 30.99997329711914 -14.685025215148926 0
vertex 30.99997329711914 -13.985025405883789 3.549999952316284
endloop
endfacet
facet normal 0 1 0
outer loop
vertex 30.99997329711914 -14.685025215148926 0
vertex 25.99997329711914 -14.685025215148926 0
vertex 25.99997329711914 -14.685025215148926 3.549999952316284
endloop
endfacet
facet normal 1 0 0
outer loop
vertex 6.999973773956299 0.11497443169355392 3.549999952316284
vertex 6.999973773956299 0.8149744272232056 0
vertex 6.999973773956299 0.8149744272232056 3.549999952316284
endloop
endfacet
facet normal 1 0 0
outer loop
vertex 6.999973773956299 -14.685025215148926 3.549999952316284
vertex 6.999973773956299 -13.985025405883789 0
vertex 6.999973773956299 -13.985025405883789 3.549999952316284
endloop
endfacet
facet normal -1 0 0
outer loop
vertex 11.999974250793457 0.8149744272232056 3.549999952316284
vertex 11.999974250793457 0.11497443169355392 0
vertex 11.999974250793457 0.11497443169355392 3.549999952316284
endloop
endfacet
facet normal -1 0 0
outer loop
vertex 11.999974250793457 0.8149744272232056 0
vertex 11.999974250793457 0.11497443169355392 0
vertex 11.999974250793457 0.8149744272232056 3.549999952316284
endloop
endfacet
facet normal 0 -1 0
outer loop
vertex 6.999973773956299 0.8149744272232056 0
vertex 11.999974250793457 0.8149744272232056 0
vertex 11.999974250793457 0.8149744272232056 3.549999952316284
endloop
endfacet
facet normal 0 0 -1
outer loop
vertex 11.999974250793457 0.8149744272232056 3.549999952316284
vertex 11.999974250793457 0.11497443169355392 3.549999952316284
vertex 6.999973773956299 0.8149744272232056 3.549999952316284
endloop
endfacet
facet normal 0 0 -1
outer loop
vertex 6.999973773956299 0.8149744272232056 3.549999952316284
vertex 11.999974250793457 0.11497443169355392 3.549999952316284
vertex 6.999973773956299 0.11497443169355392 3.549999952316284
endloop
endfacet
facet normal 1 0 0
outer loop
vertex 6.999973773956299 -13.985025405883789 0
vertex 6.999973773956299 -14.685025215148926 3.549999952316284
vertex 6.999973773956299 -14.685025215148926 0
endloop
endfacet
facet normal 0 1 0
outer loop
vertex 11.999974250793457 -14.685025215148926 0
vertex 6.999973773956299 -14.685025215148926 0
vertex 6.999973773956299 -14.685025215148926 3.549999952316284
endloop
endfacet
facet normal 1 0 0
outer loop
vertex 6.999973773956299 0.11497443169355392 3.549999952316284
vertex 6.999973773956299 0.11497443169355392 0
vertex 6.999973773956299 0.8149744272232056 0
endloop
endfacet
facet normal -1 0 0
outer loop
vertex 11.999974250793457 -13.985025405883789 0
vertex 11.999974250793457 -14.685025215148926 0
vertex 11.999974250793457 -13.985025405883789 3.549999952316284
endloop
endfacet
facet normal 0 0 -1
outer loop
vertex 11.999974250793457 -13.985025405883789 3.549999952316284
vertex 11.999974250793457 -14.685025215148926 3.549999952316284
vertex 6.999973773956299 -13.985025405883789 3.549999952316284
endloop
endfacet
facet normal 0 0 -1
outer loop
vertex 11.999974250793457 -14.685025215148926 3.549999952316284
vertex 6.999973773956299 -14.685025215148926 3.549999952316284
vertex 6.999973773956299 -13.985025405883789 3.549999952316284
endloop
endfacet
facet normal 0 -1 0
outer loop
vertex 6.999973773956299 0.8149744272232056 3.549999952316284
vertex 6.999973773956299 0.8149744272232056 0
vertex 11.999974250793457 0.8149744272232056 3.549999952316284
endloop
endfacet
facet normal -1 0 0
outer loop
vertex 11.999974250793457 -13.985025405883789 3.549999952316284
vertex 11.999974250793457 -14.685025215148926 0
vertex 11.999974250793457 -14.685025215148926 3.549999952316284
endloop
endfacet
facet normal 0 1 0
outer loop
vertex 11.999974250793457 -14.685025215148926 0
vertex 6.999973773956299 -14.685025215148926 3.549999952316284
vertex 11.999974250793457 -14.685025215148926 3.549999952316284
endloop
endfacet
facet normal 1 0 0
outer loop
vertex -12.000025749206543 -14.685025215148926 3.549999952316284
vertex -12.000025749206543 -13.985025405883789 0
vertex -12.000025749206543 -13.985025405883789 3.549999952316284
endloop
endfacet
facet normal 1 0 0
outer loop
vertex -12.000025749206543 0.11497443169355392 3.549999952316284
vertex -12.000025749206543 0.11497443169355392 0
vertex -12.000025749206543 0.8149744272232056 0
endloop
endfacet
facet normal -1 0 0
outer loop
vertex -7.000026226043701 -13.985025405883789 3.549999952316284
vertex -7.000026226043701 -14.685025215148926 0
vertex -7.000026226043701 -14.685025215148926 3.549999952316284
endloop
endfacet
facet normal 0 -1 0
outer loop
vertex -12.000025749206543 0.8149744272232056 0
vertex -7.000026226043701 0.8149744272232056 0
vertex -7.000026226043701 0.8149744272232056 3.549999952316284
endloop
endfacet
facet normal 0 0 -1
outer loop
vertex -12.000025749206543 0.11497443169355392 3.549999952316284
vertex -12.000025749206543 0.8149744272232056 3.549999952316284
vertex -7.000026226043701 0.11497443169355392 3.549999952316284
endloop
endfacet
facet normal -1 0 0
outer loop
vertex -7.000026226043701 0.8149744272232056 0
vertex -7.000026226043701 0.11497443169355392 0
vertex -7.000026226043701 0.8149744272232056 3.549999952316284
endloop
endfacet
facet normal 0 0 -1
outer loop
vertex -7.000026226043701 -13.985025405883789 3.549999952316284
vertex -7.000026226043701 -14.685025215148926 3.549999952316284
vertex -12.000025749206543 -13.985025405883789 3.549999952316284
endloop
endfacet
facet normal 1 0 0
outer loop
vertex -12.000025749206543 0.11497443169355392 3.549999952316284
vertex -12.000025749206543 0.8149744272232056 0
vertex -12.000025749206543 0.8149744272232056 3.549999952316284
endloop
endfacet
facet normal 0 0 -1
outer loop
vertex -7.000026226043701 0.8149744272232056 3.549999952316284
vertex -7.000026226043701 0.11497443169355392 3.549999952316284
vertex -12.000025749206543 0.8149744272232056 3.549999952316284
endloop
endfacet
facet normal 0 0 -1
outer loop
vertex -7.000026226043701 -14.685025215148926 3.549999952316284
vertex -12.000025749206543 -14.685025215148926 3.549999952316284
vertex -12.000025749206543 -13.985025405883789 3.549999952316284
endloop
endfacet
facet normal 0 -1 0
outer loop
vertex -12.000025749206543 0.8149744272232056 3.549999952316284
vertex -12.000025749206543 0.8149744272232056 0
vertex -7.000026226043701 0.8149744272232056 3.549999952316284
endloop
endfacet
facet normal -1 0 0
outer loop
vertex -7.000026226043701 -13.985025405883789 0
vertex -7.000026226043701 -14.685025215148926 0
vertex -7.000026226043701 -13.985025405883789 3.549999952316284
endloop
endfacet
facet normal 1 0 0
outer loop
vertex -12.000025749206543 -13.985025405883789 0
vertex -12.000025749206543 -14.685025215148926 3.549999952316284
vertex -12.000025749206543 -14.685025215148926 0
endloop
endfacet
facet normal -1 0 0
outer loop
vertex -7.000026226043701 0.8149744272232056 3.549999952316284
vertex -7.000026226043701 0.11497443169355392 0
vertex -7.000026226043701 0.11497443169355392 3.549999952316284
endloop
endfacet
facet normal 0 1 0
outer loop
vertex -7.000026226043701 -14.685025215148926 0
vertex -12.000025749206543 -14.685025215148926 0
vertex -12.000025749206543 -14.685025215148926 3.549999952316284
endloop
endfacet
facet normal 0 1 0
outer loop
vertex -7.000026226043701 -14.685025215148926 0
vertex -12.000025749206543 -14.685025215148926 3.549999952316284
vertex -7.000026226043701 -14.685025215148926 3.549999952316284
endloop
endfacet
facet normal 0 1 0
outer loop
vertex -26.00002670288086 -14.685025215148926 0
vertex -31.00002670288086 -14.685025215148926 3.549999952316284
vertex -26.00002670288086 -14.685025215148926 3.549999952316284
endloop
endfacet
facet normal -1 0 0
outer loop
vertex -26.00002670288086 -13.985025405883789 3.549999952316284
vertex -26.00002670288086 -14.685025215148926 0
vertex -26.00002670288086 -14.685025215148926 3.549999952316284
endloop
endfacet
facet normal 1 0 0
outer loop
vertex -31.00002670288086 0.11497443169355392 3.549999952316284
vertex -31.00002670288086 0.8149744272232056 0
vertex -31.00002670288086 0.8149744272232056 3.549999952316284
endloop
endfacet
facet normal 1 0 0
outer loop
vertex -31.00002670288086 0.11497443169355392 3.549999952316284
vertex -31.00002670288086 0.11497443169355392 0
vertex -31.00002670288086 0.8149744272232056 0
endloop
endfacet
facet normal 1 0 0
outer loop
vertex -31.00002670288086 -14.685025215148926 0
vertex -31.00002670288086 -13.985025405883789 0
vertex -31.00002670288086 -14.685025215148926 3.549999952316284
endloop
endfacet
facet normal 0 0 -1
outer loop
vertex -26.00002670288086 -14.685025215148926 3.549999952316284
vertex -31.00002670288086 -14.685025215148926 3.549999952316284
vertex -31.00002670288086 -13.985025405883789 3.549999952316284
endloop
endfacet
facet normal 0 0 -1
outer loop
vertex -26.00002670288086 -13.985025405883789 3.549999952316284
vertex -26.00002670288086 -14.685025215148926 3.549999952316284
vertex -31.00002670288086 -13.985025405883789 3.549999952316284
endloop
endfacet
facet normal 0 -1 0
outer loop
vertex -31.00002670288086 0.8149744272232056 3.549999952316284
vertex -31.00002670288086 0.8149744272232056 0
vertex -26.00002670288086 0.8149744272232056 3.549999952316284
endloop
endfacet
facet normal -1 0 0
outer loop
vertex -26.00002670288086 0.8149744272232056 3.549999952316284
vertex -26.00002670288086 0.11497443169355392 0
vertex -26.00002670288086 0.11497443169355392 3.549999952316284
endloop
endfacet
facet normal 0 0 -1
outer loop
vertex -26.00002670288086 0.8149744272232056 3.549999952316284
vertex -26.00002670288086 0.11497443169355392 3.549999952316284
vertex -31.00002670288086 0.8149744272232056 3.549999952316284
endloop
endfacet
facet normal 0 0 -1
outer loop
vertex -31.00002670288086 0.8149744272232056 3.549999952316284
vertex -26.00002670288086 0.11497443169355392 3.549999952316284
vertex -31.00002670288086 0.11497443169355392 3.549999952316284
endloop
endfacet
facet normal 0 1 0
outer loop
vertex -26.00002670288086 -14.685025215148926 0
vertex -31.00002670288086 -14.685025215148926 0
vertex -31.00002670288086 -14.685025215148926 3.549999952316284
endloop
endfacet
facet normal -1 0 0
outer loop
vertex -26.00002670288086 -13.985025405883789 0
vertex -26.00002670288086 -14.685025215148926 0
vertex -26.00002670288086 -13.985025405883789 3.549999952316284
endloop
endfacet
facet normal 0 -1 0
outer loop
vertex -26.00002670288086 0.8149744272232056 0
vertex -26.00002670288086 0.8149744272232056 3.549999952316284
vertex -31.00002670288086 0.8149744272232056 0
endloop
endfacet
facet normal -1 0 0
outer loop
vertex -26.00002670288086 0.8149744272232056 0
vertex -26.00002670288086 0.11497443169355392 0
vertex -26.00002670288086 0.8149744272232056 3.549999952316284
endloop
endfacet
facet normal 1 0 0
outer loop
vertex -31.00002670288086 -14.685025215148926 3.549999952316284
vertex -31.00002670288086 -13.985025405883789 0
vertex -31.00002670288086 -13.985025405883789 3.549999952316284
endloop
endfacet
facet normal -1 0 0
outer loop
vertex -45.00002670288086 -13.985025405883789 0
vertex -45.00002670288086 -14.685025215148926 0
vertex -45.00002670288086 -13.985025405883789 3.549999952316284
endloop
endfacet
facet normal 1 0 0
outer loop
vertex -50.00002670288086 0.11497443169355392 3.549999952316284
vertex -50.00002670288086 0.11497443169355392 0
vertex -50.00002670288086 0.8149744272232056 0
endloop
endfacet
facet normal 0 1 0
outer loop
vertex -45.00002670288086 -14.685025215148926 0
vertex -50.00002670288086 -14.685025215148926 0
vertex -50.00002670288086 -14.685025215148926 3.549999952316284
endloop
endfacet
facet normal 0 -1 0
outer loop
vertex -50.00002670288086 0.8149744272232056 0
vertex -45.00002670288086 0.8149744272232056 0
vertex -45.00002670288086 0.8149744272232056 3.549999952316284
endloop
endfacet
facet normal -1 0 0
outer loop
vertex -45.00002670288086 0.8149744272232056 0
vertex -45.00002670288086 0.11497443169355392 0
vertex -45.00002670288086 0.8149744272232056 3.549999952316284
endloop
endfacet
facet normal -1 0 0
outer loop
vertex -45.00002670288086 -13.985025405883789 3.549999952316284
vertex -45.00002670288086 -14.685025215148926 0
vertex -45.00002670288086 -14.685025215148926 3.549999952316284
endloop
endfacet
facet normal 0 0 -1
outer loop
vertex -45.00002670288086 0.8149744272232056 3.549999952316284
vertex -45.00002670288086 0.11497443169355392 3.549999952316284
vertex -50.00002670288086 0.8149744272232056 3.549999952316284
endloop
endfacet
facet normal 0 0 -1
outer loop
vertex -45.00002670288086 -13.985025405883789 3.549999952316284
vertex -45.00002670288086 -14.685025215148926 3.549999952316284
vertex -50.00002670288086 -13.985025405883789 3.549999952316284
endloop
endfacet
facet normal 0 1 0
outer loop
vertex -45.00002670288086 -14.685025215148926 0
vertex -50.00002670288086 -14.685025215148926 3.549999952316284
vertex -45.00002670288086 -14.685025215148926 3.549999952316284
endloop
endfacet
facet normal 1 0 0
outer loop
vertex -50.00002670288086 -14.685025215148926 0
vertex -50.00002670288086 -13.985025405883789 0
vertex -50.00002670288086 -14.685025215148926 3.549999952316284
endloop
endfacet
facet normal -1 0 0
outer loop
vertex -45.00002670288086 0.8149744272232056 3.549999952316284
vertex -45.00002670288086 0.11497443169355392 0
vertex -45.00002670288086 0.11497443169355392 3.549999952316284
endloop
endfacet
facet normal 1 0 0
outer loop
vertex -50.00002670288086 -14.685025215148926 3.549999952316284
vertex -50.00002670288086 -13.985025405883789 0
vertex -50.00002670288086 -13.985025405883789 3.549999952316284
endloop
endfacet
facet normal 0 -1 0
outer loop
vertex -50.00002670288086 0.8149744272232056 3.549999952316284
vertex -50.00002670288086 0.8149744272232056 0
vertex -45.00002670288086 0.8149744272232056 3.549999952316284
endloop
endfacet
facet normal 0 0 -1
outer loop
vertex -45.00002670288086 -14.685025215148926 3.549999952316284
vertex -50.00002670288086 -14.685025215148926 3.549999952316284
vertex -50.00002670288086 -13.985025405883789 3.549999952316284
endloop
endfacet
facet normal 0 0 -1
outer loop
vertex -50.00002670288086 0.8149744272232056 3.549999952316284
vertex -45.00002670288086 0.11497443169355392 3.549999952316284
vertex -50.00002670288086 0.11497443169355392 3.549999952316284
endloop
endfacet
facet normal 1 0 0
outer loop
vertex -50.00002670288086 0.11497443169355392 3.549999952316284
vertex -50.00002670288086 0.8149744272232056 0
vertex -50.00002670288086 0.8149744272232056 3.549999952316284
endloop
endfacet
facet normal -1 0 0
outer loop
vertex -64.0000228881836 0.8149744272232056 0
vertex -64.0000228881836 0.11497443169355392 0
vertex -64.0000228881836 0.8149744272232056 3.549999952316284
endloop
endfacet
facet normal -1 0 0
outer loop
vertex -64.0000228881836 -13.985025405883789 3.549999952316284
vertex -64.0000228881836 -14.685025215148926 0
vertex -64.0000228881836 -14.685025215148926 3.549999952316284
endloop
endfacet
facet normal -1 0 0
outer loop
vertex -64.0000228881836 0.8149744272232056 3.549999952316284
vertex -64.0000228881836 0.11497443169355392 0
vertex -64.0000228881836 0.11497443169355392 3.549999952316284
endloop
endfacet
facet normal 0 -1 0
outer loop
vertex -69.0000228881836 0.8149744272232056 3.549999952316284
vertex -69.0000228881836 0.8149744272232056 0
vertex -64.0000228881836 0.8149744272232056 3.549999952316284
endloop
endfacet
facet normal 1 0 0
outer loop
vertex -69.0000228881836 0.11497443169355392 3.549999952316284
vertex -69.0000228881836 0.8149744272232056 0
vertex -69.0000228881836 0.8149744272232056 3.549999952316284
endloop
endfacet
facet normal 0 -1 0
outer loop
vertex -64.0000228881836 0.8149744272232056 0
vertex -64.0000228881836 0.8149744272232056 3.549999952316284
vertex -69.0000228881836 0.8149744272232056 0
endloop
endfacet
facet normal 1 0 0
outer loop
vertex -69.0000228881836 0.11497443169355392 3.549999952316284
vertex -69.0000228881836 0.11497443169355392 0
vertex -69.0000228881836 0.8149744272232056 0
endloop
endfacet
facet normal -1 0 0
outer loop
vertex -64.0000228881836 -13.985025405883789 0
vertex -64.0000228881836 -14.685025215148926 0
vertex -64.0000228881836 -13.985025405883789 3.549999952316284
endloop
endfacet
facet normal 0 0 -1
outer loop
vertex -69.0000228881836 0.8149744272232056 3.549999952316284
vertex -64.0000228881836 0.11497443169355392 3.549999952316284
vertex -69.0000228881836 0.11497443169355392 3.549999952316284
endloop
endfacet
facet normal 1 0 0
outer loop
vertex -69.0000228881836 -14.685025215148926 3.549999952316284
vertex -69.0000228881836 -13.985025405883789 0
vertex -69.0000228881836 -13.985025405883789 3.549999952316284
endloop
endfacet
facet normal 0 1 0
outer loop
vertex -64.0000228881836 -14.685025215148926 0
vertex -69.0000228881836 -14.685025215148926 0
vertex -69.0000228881836 -14.685025215148926 3.549999952316284
endloop
endfacet
facet normal 1 0 0
outer loop
vertex -69.0000228881836 -13.985025405883789 0
vertex -69.0000228881836 -14.685025215148926 3.549999952316284
vertex -69.0000228881836 -14.685025215148926 0
endloop
endfacet
facet normal 0 0 -1
outer loop
vertex -64.0000228881836 -13.985025405883789 3.549999952316284
vertex -64.0000228881836 -14.685025215148926 3.549999952316284
vertex -69.0000228881836 -13.985025405883789 3.549999952316284
endloop
endfacet
facet normal 0 1 0
outer loop
vertex -64.0000228881836 -14.685025215148926 0
vertex -69.0000228881836 -14.685025215148926 3.549999952316284
vertex -64.0000228881836 -14.685025215148926 3.549999952316284
endloop
endfacet
facet normal 0 0 -1
outer loop
vertex -64.0000228881836 -14.685025215148926 3.549999952316284
vertex -69.0000228881836 -14.685025215148926 3.549999952316284
vertex -69.0000228881836 -13.985025405883789 3.549999952316284
endloop
endfacet
facet normal 0 0 -1
outer loop
vertex -64.0000228881836 0.8149744272232056 3.549999952316284
vertex -64.0000228881836 0.11497443169355392 3.549999952316284
vertex -69.0000228881836 0.8149744272232056 3.549999952316284
endloop
endfacet
facet normal 1 0 0
outer loop
vertex 25.99997329711914 4.314974308013916 3.549999952316284
vertex 25.99997329711914 5.014974594116211 0
vertex 25.99997329711914 5.014974594116211 3.549999952316284
endloop
endfacet
facet normal -1 0 0
outer loop
vertex 30.99997329711914 5.014974594116211 3.549999952316284
vertex 30.99997329711914 4.314974308013916 0
vertex 30.99997329711914 4.314974308013916 3.549999952316284
endloop
endfacet
facet normal 0 1 0
outer loop
vertex 30.99997329711914 4.314974308013916 0
vertex 25.99997329711914 4.314974308013916 3.549999952316284
vertex 30.99997329711914 4.314974308013916 3.549999952316284
endloop
endfacet
facet normal 0 0 -1
outer loop
vertex 30.99997329711914 19.814973831176758 3.549999952316284
vertex 30.99997329711914 19.114974975585938 3.549999952316284
vertex 25.99997329711914 19.814973831176758 3.549999952316284
endloop
endfacet
facet normal 0 0 -1
outer loop
vertex 25.99997329711914 19.814973831176758 3.549999952316284
vertex 30.99997329711914 19.114974975585938 3.549999952316284
vertex 25.99997329711914 19.114974975585938 3.549999952316284
endloop
endfacet
facet normal 0 0 -1
outer loop
vertex 30.99997329711914 5.014974594116211 3.549999952316284
vertex 30.99997329711914 4.314974308013916 3.549999952316284
vertex 25.99997329711914 5.014974594116211 3.549999952316284
endloop
endfacet
facet normal 0 -1 0
outer loop
vertex 25.99997329711914 19.814973831176758 0
vertex 30.99997329711914 19.814973831176758 0
vertex 30.99997329711914 19.814973831176758 3.549999952316284
endloop
endfacet
facet normal 0 0 -1
outer loop
vertex 30.99997329711914 4.314974308013916 3.549999952316284
vertex 25.99997329711914 4.314974308013916 3.549999952316284
vertex 25.99997329711914 5.014974594116211 3.549999952316284
endloop
endfacet
facet normal -1 0 0
outer loop
vertex 30.99997329711914 19.814973831176758 0
vertex 30.99997329711914 19.114974975585938 0
vertex 30.99997329711914 19.814973831176758 3.549999952316284
endloop
endfacet
facet normal 1 0 0
outer loop
vertex 25.99997329711914 19.114974975585938 3.549999952316284
vertex 25.99997329711914 19.114974975585938 0
vertex 25.99997329711914 19.814973831176758 0
endloop
endfacet
facet normal -1 0 0
outer loop
vertex 30.99997329711914 5.014974594116211 0
vertex 30.99997329711914 4.314974308013916 0
vertex 30.99997329711914 5.014974594116211 3.549999952316284
endloop
endfacet
facet normal -1 0 0
outer loop
vertex 30.99997329711914 19.814973831176758 3.549999952316284
vertex 30.99997329711914 19.114974975585938 0
vertex 30.99997329711914 19.114974975585938 3.549999952316284
endloop
endfacet
facet normal 0 1 0
outer loop
vertex 30.99997329711914 4.314974308013916 0
vertex 25.99997329711914 4.314974308013916 0
vertex 25.99997329711914 4.314974308013916 3.549999952316284
endloop
endfacet
facet normal 1 0 0
outer loop
vertex 25.99997329711914 5.014974594116211 0
vertex 25.99997329711914 4.314974308013916 3.549999952316284
vertex 25.99997329711914 4.314974308013916 0
endloop
endfacet
facet normal 0 -1 0
outer loop
vertex 25.99997329711914 19.814973831176758 3.549999952316284
vertex 25.99997329711914 19.814973831176758 0
vertex 30.99997329711914 19.814973831176758 3.549999952316284
endloop
endfacet
facet normal 1 0 0
outer loop
vertex 25.99997329711914 19.114974975585938 3.549999952316284
vertex 25.99997329711914 19.814973831176758 0
vertex 25.99997329711914 19.814973831176758 3.549999952316284
endloop
endfacet
facet normal 0 0 -1
outer loop
vertex 11.999974250793457 19.814973831176758 3.549999952316284
vertex 11.999974250793457 19.114974975585938 3.549999952316284
vertex 6.999973773956299 19.814973831176758 3.549999952316284
endloop
endfacet
facet normal 0 0 -1
outer loop
vertex 11.999974250793457 5.014974594116211 3.549999952316284
vertex 11.999974250793457 4.314974308013916 3.549999952316284
vertex 6.999973773956299 5.014974594116211 3.549999952316284
endloop
endfacet
facet normal 1 0 0
outer loop
vertex 6.999973773956299 19.114974975585938 3.549999952316284
vertex 6.999973773956299 19.114974975585938 0
vertex 6.999973773956299 19.814973831176758 0
endloop
endfacet
facet normal -1 0 0
outer loop
vertex 11.999974250793457 5.014974594116211 0
vertex 11.999974250793457 4.314974308013916 0
vertex 11.999974250793457 5.014974594116211 3.549999952316284
endloop
endfacet
facet normal 1 0 0
outer loop
vertex 6.999973773956299 4.314974308013916 3.549999952316284
vertex 6.999973773956299 5.014974594116211 0
vertex 6.999973773956299 5.014974594116211 3.549999952316284
endloop
endfacet
facet normal 0 1 0
outer loop
vertex 11.999974250793457 4.314974308013916 0
vertex 6.999973773956299 4.314974308013916 3.549999952316284
vertex 11.999974250793457 4.314974308013916 3.549999952316284
endloop
endfacet
facet normal 0 1 0
outer loop
vertex 11.999974250793457 4.314974308013916 0
vertex 6.999973773956299 4.314974308013916 0
vertex 6.999973773956299 4.314974308013916 3.549999952316284
endloop
endfacet
facet normal 0 -1 0
outer loop
vertex 6.999973773956299 19.814973831176758 0
vertex 11.999974250793457 19.814973831176758 0
vertex 11.999974250793457 19.814973831176758 3.549999952316284
endloop
endfacet
facet normal -1 0 0
outer loop
vertex 11.999974250793457 5.014974594116211 3.549999952316284
vertex 11.999974250793457 4.314974308013916 0
vertex 11.999974250793457 4.314974308013916 3.549999952316284
endloop
endfacet
facet normal 1 0 0
outer loop
vertex 6.999973773956299 19.114974975585938 3.549999952316284
vertex 6.999973773956299 19.814973831176758 0
vertex 6.999973773956299 19.814973831176758 3.549999952316284
endloop
endfacet
facet normal 1 0 0
outer loop
vertex 6.999973773956299 5.014974594116211 0
vertex 6.999973773956299 4.314974308013916 3.549999952316284
vertex 6.999973773956299 4.314974308013916 0
endloop
endfacet
facet normal 0 -1 0
outer loop
vertex 6.999973773956299 19.814973831176758 3.549999952316284
vertex 6.999973773956299 19.814973831176758 0
vertex 11.999974250793457 19.814973831176758 3.549999952316284
endloop
endfacet
facet normal 0 0 -1
outer loop
vertex 6.999973773956299 19.814973831176758 3.549999952316284
vertex 11.999974250793457 19.114974975585938 3.549999952316284
vertex 6.999973773956299 19.114974975585938 3.549999952316284
endloop
endfacet
facet normal -1 0 0
outer loop
vertex 11.999974250793457 19.814973831176758 3.549999952316284
vertex 11.999974250793457 19.114974975585938 0
vertex 11.999974250793457 19.114974975585938 3.549999952316284
endloop
endfacet
facet normal 0 0 -1
outer loop
vertex 11.999974250793457 4.314974308013916 3.549999952316284
vertex 6.999973773956299 4.314974308013916 3.549999952316284
vertex 6.999973773956299 5.014974594116211 3.549999952316284
endloop
endfacet
facet normal -1 0 0
outer loop
vertex 11.999974250793457 19.814973831176758 3.549999952316284
vertex 11.999974250793457 19.814973831176758 0
vertex 11.999974250793457 19.114974975585938 0
endloop
endfacet
facet normal 0 0 -1
outer loop
vertex -7.000026226043701 19.814973831176758 3.549999952316284
vertex -7.000026226043701 19.114974975585938 3.549999952316284
vertex -12.000025749206543 19.814973831176758 3.549999952316284
endloop
endfacet
facet normal 0 0 -1
outer loop
vertex -7.000026226043701 4.314974308013916 3.549999952316284
vertex -12.000025749206543 4.314974308013916 3.549999952316284
vertex -12.000025749206543 5.014974594116211 3.549999952316284
endloop
endfacet
facet normal -1 0 0
outer loop
vertex -7.000026226043701 19.814973831176758 3.549999952316284
vertex -7.000026226043701 19.114974975585938 0
vertex -7.000026226043701 19.114974975585938 3.549999952316284
endloop
endfacet
facet normal 0 -1 0
outer loop
vertex -12.000025749206543 19.814973831176758 3.549999952316284
vertex -12.000025749206543 19.814973831176758 0
vertex -7.000026226043701 19.814973831176758 3.549999952316284
endloop
endfacet
facet normal 1 0 0
outer loop
vertex -12.000025749206543 19.114974975585938 3.549999952316284
vertex -12.000025749206543 19.814973831176758 0
vertex -12.000025749206543 19.814973831176758 3.549999952316284
endloop
endfacet
facet normal -1 0 0
outer loop
vertex -7.000026226043701 5.014974594116211 3.549999952316284
vertex -7.000026226043701 4.314974308013916 0
vertex -7.000026226043701 4.314974308013916 3.549999952316284
endloop
endfacet
facet normal 0 1 0
outer loop
vertex -7.000026226043701 4.314974308013916 0
vertex -12.000025749206543 4.314974308013916 3.549999952316284
vertex -7.000026226043701 4.314974308013916 3.549999952316284
endloop
endfacet
facet normal 1 0 0
outer loop
vertex -12.000025749206543 4.314974308013916 3.549999952316284
vertex -12.000025749206543 5.014974594116211 0
vertex -12.000025749206543 5.014974594116211 3.549999952316284
endloop
endfacet
facet normal -1 0 0
outer loop
vertex -7.000026226043701 5.014974594116211 0
vertex -7.000026226043701 4.314974308013916 0
vertex -7.000026226043701 5.014974594116211 3.549999952316284
endloop
endfacet
facet normal 0 0 -1
outer loop
vertex -12.000025749206543 19.114974975585938 3.549999952316284
vertex -12.000025749206543 19.814973831176758 3.549999952316284
vertex -7.000026226043701 19.114974975585938 3.549999952316284
endloop
endfacet
facet normal 0 0 -1
outer loop
vertex -7.000026226043701 5.014974594116211 3.549999952316284
vertex -7.000026226043701 4.314974308013916 3.549999952316284
vertex -12.000025749206543 5.014974594116211 3.549999952316284
endloop
endfacet
facet normal 0 1 0
outer loop
vertex -7.000026226043701 4.314974308013916 0
vertex -12.000025749206543 4.314974308013916 0
vertex -12.000025749206543 4.314974308013916 3.549999952316284
endloop
endfacet
facet normal 1 0 0
outer loop
vertex -12.000025749206543 19.114974975585938 3.549999952316284
vertex -12.000025749206543 19.114974975585938 0
vertex -12.000025749206543 19.814973831176758 0
endloop
endfacet
facet normal 0 -1 0
outer loop
vertex -12.000025749206543 19.814973831176758 0
vertex -7.000026226043701 19.814973831176758 0
vertex -7.000026226043701 19.814973831176758 3.549999952316284
endloop
endfacet
facet normal -1 0 0
outer loop
vertex -7.000026226043701 19.814973831176758 0
vertex -7.000026226043701 19.114974975585938 0
vertex -7.000026226043701 19.814973831176758 3.549999952316284
endloop
endfacet
facet normal 1 0 0
outer loop
vertex -12.000025749206543 5.014974594116211 0
vertex -12.000025749206543 4.314974308013916 3.549999952316284
vertex -12.000025749206543 4.314974308013916 0
endloop
endfacet
facet normal 0 -1 0
outer loop
vertex -31.00002670288086 19.814973831176758 3.549999952316284
vertex -31.00002670288086 19.814973831176758 0
vertex -26.00002670288086 19.814973831176758 3.549999952316284
endloop
endfacet
facet normal 0 1 0
outer loop
vertex -26.00002670288086 4.314974308013916 0
vertex -31.00002670288086 4.314974308013916 0
vertex -31.00002670288086 4.314974308013916 3.549999952316284
endloop
endfacet
facet normal -1 0 0
outer loop
vertex -26.00002670288086 5.014974594116211 3.549999952316284
vertex -26.00002670288086 4.314974308013916 0
vertex -26.00002670288086 4.314974308013916 3.549999952316284
endloop
endfacet
facet normal 0 1 0
outer loop
vertex -26.00002670288086 4.314974308013916 0
vertex -31.00002670288086 4.314974308013916 3.549999952316284
vertex -26.00002670288086 4.314974308013916 3.549999952316284
endloop
endfacet
facet normal 1 0 0
outer loop
vertex -31.00002670288086 4.314974308013916 3.549999952316284
vertex -31.00002670288086 5.014974594116211 0
vertex -31.00002670288086 5.014974594116211 3.549999952316284
endloop
endfacet
facet normal 0 -1 0
outer loop
vertex -26.00002670288086 19.814973831176758 0
vertex -26.00002670288086 19.814973831176758 3.549999952316284
vertex -31.00002670288086 19.814973831176758 0
endloop
endfacet
facet normal -1 0 0
outer loop
vertex -26.00002670288086 19.814973831176758 0
vertex -26.00002670288086 19.114974975585938 0
vertex -26.00002670288086 19.814973831176758 3.549999952316284
endloop
endfacet
facet normal -1 0 0
outer loop
vertex -26.00002670288086 19.814973831176758 3.549999952316284
vertex -26.00002670288086 19.114974975585938 0
vertex -26.00002670288086 19.114974975585938 3.549999952316284
endloop
endfacet
facet normal 1 0 0
outer loop
vertex -31.00002670288086 19.114974975585938 3.549999952316284
vertex -31.00002670288086 19.114974975585938 0
vertex -31.00002670288086 19.814973831176758 0
endloop
endfacet
facet normal 1 0 0
outer loop
vertex -31.00002670288086 5.014974594116211 0
vertex -31.00002670288086 4.314974308013916 3.549999952316284
vertex -31.00002670288086 4.314974308013916 0
endloop
endfacet
facet normal 0 0 -1
outer loop
vertex -26.00002670288086 19.814973831176758 3.549999952316284
vertex -26.00002670288086 19.114974975585938 3.549999952316284
vertex -31.00002670288086 19.814973831176758 3.549999952316284
endloop
endfacet
facet normal 0 0 -1
outer loop
vertex -31.00002670288086 19.814973831176758 3.549999952316284
vertex -26.00002670288086 19.114974975585938 3.549999952316284
vertex -31.00002670288086 19.114974975585938 3.549999952316284
endloop
endfacet
facet normal 0 0 -1
outer loop
vertex -26.00002670288086 5.014974594116211 3.549999952316284
vertex -26.00002670288086 4.314974308013916 3.549999952316284
vertex -31.00002670288086 5.014974594116211 3.549999952316284
endloop
endfacet
facet normal 0 0 -1
outer loop
vertex -26.00002670288086 4.314974308013916 3.549999952316284
vertex -31.00002670288086 4.314974308013916 3.549999952316284
vertex -31.00002670288086 5.014974594116211 3.549999952316284
endloop
endfacet
facet normal -1 0 0
outer loop
vertex -26.00002670288086 5.014974594116211 0
vertex -26.00002670288086 4.314974308013916 0
vertex -26.00002670288086 5.014974594116211 3.549999952316284
endloop
endfacet
facet normal 1 0 0
outer loop
vertex -31.00002670288086 19.114974975585938 3.549999952316284
vertex -31.00002670288086 19.814973831176758 0
vertex -31.00002670288086 19.814973831176758 3.549999952316284
endloop
endfacet
facet normal 1 0 0
outer loop
vertex -50.00002670288086 4.314974308013916 3.549999952316284
vertex -50.00002670288086 5.014974594116211 0
vertex -50.00002670288086 5.014974594116211 3.549999952316284
endloop
endfacet
facet normal 1 0 0
outer loop
vertex -50.00002670288086 5.014974594116211 0
vertex -50.00002670288086 4.314974308013916 3.549999952316284
vertex -50.00002670288086 4.314974308013916 0
endloop
endfacet
facet normal 0 -1 0
outer loop
vertex -50.00002670288086 19.814973831176758 3.549999952316284
vertex -50.00002670288086 19.814973831176758 0
vertex -45.00002670288086 19.814973831176758 3.549999952316284
endloop
endfacet
facet normal 0 0 -1
outer loop
vertex -45.00002670288086 19.814973831176758 3.549999952316284
vertex -45.00002670288086 19.114974975585938 3.549999952316284
vertex -50.00002670288086 19.814973831176758 3.549999952316284
endloop
endfacet
facet normal 0 0 -1
outer loop
vertex -50.00002670288086 19.814973831176758 3.549999952316284
vertex -45.00002670288086 19.114974975585938 3.549999952316284
vertex -50.00002670288086 19.114974975585938 3.549999952316284
endloop
endfacet
facet normal 0 0 -1
outer loop
vertex -45.00002670288086 5.014974594116211 3.549999952316284
vertex -45.00002670288086 4.314974308013916 3.549999952316284
vertex -50.00002670288086 5.014974594116211 3.549999952316284
endloop
endfacet
facet normal 0 1 0
outer loop
vertex -45.00002670288086 4.314974308013916 0
vertex -50.00002670288086 4.314974308013916 3.549999952316284
vertex -45.00002670288086 4.314974308013916 3.549999952316284
endloop
endfacet
facet normal -1 0 0
outer loop
vertex -45.00002670288086 5.014974594116211 3.549999952316284
vertex -45.00002670288086 4.314974308013916 0
vertex -45.00002670288086 4.314974308013916 3.549999952316284
endloop
endfacet
facet normal -1 0 0
outer loop
vertex -45.00002670288086 19.814973831176758 3.549999952316284
vertex -45.00002670288086 19.114974975585938 0
vertex -45.00002670288086 19.114974975585938 3.549999952316284
endloop
endfacet
facet normal 0 0 -1
outer loop
vertex -45.00002670288086 4.314974308013916 3.549999952316284
vertex -50.00002670288086 4.314974308013916 3.549999952316284
vertex -50.00002670288086 5.014974594116211 3.549999952316284
endloop
endfacet
facet normal 1 0 0
outer loop
vertex -50.00002670288086 19.114974975585938 3.549999952316284
vertex -50.00002670288086 19.814973831176758 0
vertex -50.00002670288086 19.814973831176758 3.549999952316284
endloop
endfacet
facet normal -1 0 0
outer loop
vertex -45.00002670288086 19.814973831176758 0
vertex -45.00002670288086 19.114974975585938 0
vertex -45.00002670288086 19.814973831176758 3.549999952316284
endloop
endfacet
facet normal 0 -1 0
outer loop
vertex -45.00002670288086 19.814973831176758 0
vertex -45.00002670288086 19.814973831176758 3.549999952316284
vertex -50.00002670288086 19.814973831176758 0
endloop
endfacet
facet normal 1 0 0
outer loop
vertex -50.00002670288086 19.114974975585938 3.549999952316284
vertex -50.00002670288086 19.114974975585938 0
vertex -50.00002670288086 19.814973831176758 0
endloop
endfacet
facet normal -1 0 0
outer loop
vertex -45.00002670288086 5.014974594116211 0
vertex -45.00002670288086 4.314974308013916 0
vertex -45.00002670288086 5.014974594116211 3.549999952316284
endloop
endfacet
facet normal 0 1 0
outer loop
vertex -45.00002670288086 4.314974308013916 0
vertex -50.00002670288086 4.314974308013916 0
vertex -50.00002670288086 4.314974308013916 3.549999952316284
endloop
endfacet
facet normal 0 0 -1
outer loop
vertex -64.0000228881836 5.014974594116211 3.549999952316284
vertex -64.0000228881836 4.314974308013916 3.549999952316284
vertex -69.0000228881836 5.014974594116211 3.549999952316284
endloop
endfacet
facet normal 0 1 0
outer loop
vertex -64.0000228881836 4.314974308013916 0
vertex -69.0000228881836 4.314974308013916 0
vertex -69.0000228881836 4.314974308013916 3.549999952316284
endloop
endfacet
facet normal 0 -1 0
outer loop
vertex -69.0000228881836 19.814973831176758 0
vertex -64.0000228881836 19.814973831176758 0
vertex -64.0000228881836 19.814973831176758 3.549999952316284
endloop
endfacet
facet normal -1 0 0
outer loop
vertex -64.0000228881836 19.814973831176758 0
vertex -64.0000228881836 19.114974975585938 0
vertex -64.0000228881836 19.814973831176758 3.549999952316284
endloop
endfacet
facet normal -1 0 0
outer loop
vertex -64.0000228881836 19.814973831176758 3.549999952316284
vertex -64.0000228881836 19.114974975585938 0
vertex -64.0000228881836 19.114974975585938 3.549999952316284
endloop
endfacet
facet normal -1 0 0
outer loop
vertex -64.0000228881836 5.014974594116211 0
vertex -64.0000228881836 4.314974308013916 0
vertex -64.0000228881836 5.014974594116211 3.549999952316284
endloop
endfacet
facet normal 0 -1 0
outer loop
vertex -69.0000228881836 19.814973831176758 3.549999952316284
vertex -69.0000228881836 19.814973831176758 0
vertex -64.0000228881836 19.814973831176758 3.549999952316284
endloop
endfacet
facet normal 0 0 -1
outer loop
vertex -64.0000228881836 19.814973831176758 3.549999952316284
vertex -64.0000228881836 19.114974975585938 3.549999952316284
vertex -69.0000228881836 19.814973831176758 3.549999952316284
endloop
endfacet
facet normal 1 0 0
outer loop
vertex -69.0000228881836 19.114974975585938 3.549999952316284
vertex -69.0000228881836 19.814973831176758 0
vertex -69.0000228881836 19.814973831176758 3.549999952316284
endloop
endfacet
facet normal 0 0 -1
outer loop
vertex -69.0000228881836 19.814973831176758 3.549999952316284
vertex -64.0000228881836 19.114974975585938 3.549999952316284
vertex -69.0000228881836 19.114974975585938 3.549999952316284
endloop
endfacet
facet normal -1 0 0
outer loop
vertex -64.0000228881836 5.014974594116211 3.549999952316284
vertex -64.0000228881836 4.314974308013916 0
vertex -64.0000228881836 4.314974308013916 3.549999952316284
endloop
endfacet
facet normal 0 1 0
outer loop
vertex -64.0000228881836 4.314974308013916 0
vertex -69.0000228881836 4.314974308013916 3.549999952316284
vertex -64.0000228881836 4.314974308013916 3.549999952316284
endloop
endfacet
facet normal 1 0 0
outer loop
vertex -69.0000228881836 19.114974975585938 3.549999952316284
vertex -69.0000228881836 19.114974975585938 0
vertex -69.0000228881836 19.814973831176758 0
endloop
endfacet
facet normal 0 0 -1
outer loop
vertex -64.0000228881836 4.314974308013916 3.549999952316284
vertex -69.0000228881836 4.314974308013916 3.549999952316284
vertex -69.0000228881836 5.014974594116211 3.549999952316284
endloop
endfacet
facet normal 1 0 0
outer loop
vertex -69.0000228881836 4.314974308013916 3.549999952316284
vertex -69.0000228881836 5.014974594116211 0
vertex -69.0000228881836 5.014974594116211 3.549999952316284
endloop
endfacet
facet normal 1 0 0
outer loop
vertex -69.0000228881836 5.014974594116211 0
vertex -69.0000228881836 4.314974308013916 3.549999952316284
vertex -69.0000228881836 4.314974308013916 0
endloop
endfacet
facet normal 0 -1 0
outer loop
vertex 73.54997253417969 28.814973831176758 3.549999952316284
vertex 74.2499771118164 28.814973831176758 0
vertex 74.2499771118164 28.814973831176758 3.549999952316284
endloop
endfacet
facet normal 0 1 0
outer loop
vertex 59.449974060058594 23.814973831176758 0
vertex 58.74997329711914 23.814973831176758 0
vertex 59.449974060058594 23.814973831176758 3.549999952316284
endloop
endfacet
facet normal -1 0 0
outer loop
vertex 74.2499771118164 28.814973831176758 3.549999952316284
vertex 74.2499771118164 28.814973831176758 0
vertex 74.2499771118164 23.814973831176758 3.549999952316284
endloop
endfacet
facet normal 1 0 0
outer loop
vertex 58.74997329711914 28.814973831176758 0
vertex 58.74997329711914 28.814973831176758 3.549999952316284
vertex 58.74997329711914 23.814973831176758 0
endloop
endfacet
facet normal 1 0 0
outer loop
vertex 58.74997329711914 23.814973831176758 3.549999952316284
vertex 58.74997329711914 23.814973831176758 0
vertex 58.74997329711914 28.814973831176758 3.549999952316284
endloop
endfacet
facet normal 0 -1 0
outer loop
vertex 58.74997329711914 28.814973831176758 3.549999952316284
vertex 58.74997329711914 28.814973831176758 0
vertex 59.449974060058594 28.814973831176758 0
endloop
endfacet
facet normal 0 1 0
outer loop
vertex 74.2499771118164 23.814973831176758 3.549999952316284
vertex 73.54997253417969 23.814973831176758 0
vertex 73.54997253417969 23.814973831176758 3.549999952316284
endloop
endfacet
facet normal 0 0 -1
outer loop
vertex 74.2499771118164 28.814973831176758 3.549999952316284
vertex 73.54997253417969 23.814973831176758 3.549999952316284
vertex 73.54997253417969 28.814973831176758 3.549999952316284
endloop
endfacet
facet normal 0 -1 0
outer loop
vertex 74.2499771118164 28.814973831176758 0
vertex 73.54997253417969 28.814973831176758 3.549999952316284
vertex 73.54997253417969 28.814973831176758 0
endloop
endfacet
facet normal 0 0 -1
outer loop
vertex 74.2499771118164 23.814973831176758 3.549999952316284
vertex 73.54997253417969 23.814973831176758 3.549999952316284
vertex 74.2499771118164 28.814973831176758 3.549999952316284
endloop
endfacet
facet normal 0 0 -1
outer loop
vertex 59.449974060058594 28.814973831176758 3.549999952316284
vertex 58.74997329711914 23.814973831176758 3.549999952316284
vertex 58.74997329711914 28.814973831176758 3.549999952316284
endloop
endfacet
facet normal 0 1 0
outer loop
vertex 59.449974060058594 23.814973831176758 3.549999952316284
vertex 58.74997329711914 23.814973831176758 0
vertex 58.74997329711914 23.814973831176758 3.549999952316284
endloop
endfacet
facet normal -1 0 0
outer loop
vertex 74.2499771118164 28.814973831176758 0
vertex 74.2499771118164 23.814973831176758 0
vertex 74.2499771118164 23.814973831176758 3.549999952316284
endloop
endfacet
facet normal 0 0 -1
outer loop
vertex 59.449974060058594 23.814973831176758 3.549999952316284
vertex 58.74997329711914 23.814973831176758 3.549999952316284
vertex 59.449974060058594 28.814973831176758 3.549999952316284
endloop
endfacet
facet normal 0 1 0
outer loop
vertex 74.2499771118164 23.814973831176758 0
vertex 73.54997253417969 23.814973831176758 0
vertex 74.2499771118164 23.814973831176758 3.549999952316284
endloop
endfacet
facet normal 0 -1 0
outer loop
vertex 58.74997329711914 28.814973831176758 3.549999952316284
vertex 59.449974060058594 28.814973831176758 0
vertex 59.449974060058594 28.814973831176758 3.549999952316284
endloop
endfacet
facet normal 0 1 0
outer loop
vertex 55.24997329711914 23.814973831176758 0
vertex 54.54997253417969 23.814973831176758 0
vertex 55.24997329711914 23.814973831176758 3.549999952316284
endloop
endfacet
facet normal 0 0 -1
outer loop
vertex 55.24997329711914 28.814973831176758 3.549999952316284
vertex 54.54997253417969 23.814973831176758 3.549999952316284
vertex 54.54997253417969 28.814973831176758 3.549999952316284
endloop
endfacet
facet normal 0 -1 0
outer loop
vertex 39.74997329711914 28.814973831176758 3.549999952316284
vertex 39.74997329711914 28.814973831176758 0
vertex 40.449974060058594 28.814973831176758 0
endloop
endfacet
facet normal -1 0 0
outer loop
vertex 55.24997329711914 28.814973831176758 0
vertex 55.24997329711914 23.814973831176758 0
vertex 55.24997329711914 23.814973831176758 3.549999952316284
endloop
endfacet
facet normal 0 0 -1
outer loop
vertex 55.24997329711914 23.814973831176758 3.549999952316284
vertex 54.54997253417969 23.814973831176758 3.549999952316284
vertex 55.24997329711914 28.814973831176758 3.549999952316284
endloop
endfacet
facet normal 0 0 -1
outer loop
vertex 40.449974060058594 28.814973831176758 3.549999952316284
vertex 39.74997329711914 23.814973831176758 3.549999952316284
vertex 39.74997329711914 28.814973831176758 3.549999952316284
endloop
endfacet
facet normal 1 0 0
outer loop
vertex 39.74997329711914 28.814973831176758 0
vertex 39.74997329711914 28.814973831176758 3.549999952316284
vertex 39.74997329711914 23.814973831176758 0
endloop
endfacet
facet normal 0 1 0
outer loop
vertex 40.449974060058594 23.814973831176758 0
vertex 39.74997329711914 23.814973831176758 0
vertex 40.449974060058594 23.814973831176758 3.549999952316284
endloop
endfacet
facet normal 0 1 0
outer loop
vertex 55.24997329711914 23.814973831176758 3.549999952316284
vertex 54.54997253417969 23.814973831176758 0
vertex 54.54997253417969 23.814973831176758 3.549999952316284
endloop
endfacet
facet normal 0 0 -1
outer loop
vertex 40.449974060058594 23.814973831176758 3.549999952316284
vertex 39.74997329711914 23.814973831176758 3.549999952316284
vertex 40.449974060058594 28.814973831176758 3.549999952316284
endloop
endfacet
facet normal -1 0 0
outer loop
vertex 55.24997329711914 28.814973831176758 0
vertex 55.24997329711914 23.814973831176758 3.549999952316284
vertex 55.24997329711914 28.814973831176758 3.549999952316284
endloop
endfacet
facet normal 0 -1 0
outer loop
vertex 54.54997253417969 28.814973831176758 3.549999952316284
vertex 55.24997329711914 28.814973831176758 0
vertex 55.24997329711914 28.814973831176758 3.549999952316284
endloop
endfacet
facet normal 1 0 0
outer loop
vertex 39.74997329711914 23.814973831176758 3.549999952316284
vertex 39.74997329711914 23.814973831176758 0
vertex 39.74997329711914 28.814973831176758 3.549999952316284
endloop
endfacet
facet normal 0 1 0
outer loop
vertex 40.449974060058594 23.814973831176758 3.549999952316284
vertex 39.74997329711914 23.814973831176758 0
vertex 39.74997329711914 23.814973831176758 3.549999952316284
endloop
endfacet
facet normal 0 -1 0
outer loop
vertex 55.24997329711914 28.814973831176758 0
vertex 54.54997253417969 28.814973831176758 3.549999952316284
vertex 54.54997253417969 28.814973831176758 0
endloop
endfacet
facet normal 0 -1 0
outer loop
vertex 39.74997329711914 28.814973831176758 3.549999952316284
vertex 40.449974060058594 28.814973831176758 0
vertex 40.449974060058594 28.814973831176758 3.549999952316284
endloop
endfacet
facet normal 1 0 0
outer loop
vertex -26.25002670288086 38.11497497558594 3.549999952316284
vertex -26.25002670288086 38.81497573852539 0
vertex -26.25002670288086 38.81497573852539 3.549999952316284
endloop
endfacet
facet normal 0 -1 0
outer loop
vertex -21.25002670288086 38.81497573852539 0
vertex -21.25002670288086 38.81497573852539 3.549999952316284
vertex -26.25002670288086 38.81497573852539 0
endloop
endfacet
facet normal 0 0 -1
outer loop
vertex -21.25002670288086 38.81497573852539 3.549999952316284
vertex -21.25002670288086 38.11497497558594 3.549999952316284
vertex -26.25002670288086 38.81497573852539 3.549999952316284
endloop
endfacet
facet normal 0 0 -1
outer loop
vertex -26.25002670288086 38.81497573852539 3.549999952316284
vertex -21.25002670288086 38.11497497558594 3.549999952316284
vertex -26.25002670288086 38.11497497558594 3.549999952316284
endloop
endfacet
facet normal 0 0 -1
outer loop
vertex -21.25002670288086 24.01497459411621 3.549999952316284
vertex -21.25002670288086 23.314973831176758 3.549999952316284
vertex -26.25002670288086 24.01497459411621 3.549999952316284
endloop
endfacet
facet normal 0 0 -1
outer loop
vertex -21.25002670288086 23.314973831176758 3.549999952316284
vertex -26.25002670288086 23.314973831176758 3.549999952316284
vertex -26.25002670288086 24.01497459411621 3.549999952316284
endloop
endfacet
facet normal 1 0 0
outer loop
vertex -26.25002670288086 24.01497459411621 0
vertex -26.25002670288086 23.314973831176758 3.549999952316284
vertex -26.25002670288086 23.314973831176758 0
endloop
endfacet
facet normal 0 1 0
outer loop
vertex -21.25002670288086 23.314973831176758 0
vertex -26.25002670288086 23.314973831176758 0
vertex -26.25002670288086 23.314973831176758 3.549999952316284
endloop
endfacet
facet normal -1 0 0
outer loop
vertex -21.25002670288086 23.314973831176758 0
vertex -21.25002670288086 24.01497459411621 3.549999952316284
vertex -21.25002670288086 24.01497459411621 0
endloop
endfacet
facet normal 1 0 0
outer loop
vertex -26.25002670288086 38.11497497558594 3.549999952316284
vertex -26.25002670288086 38.11497497558594 0
vertex -26.25002670288086 38.81497573852539 0
endloop
endfacet
facet normal 0 -1 0
outer loop
vertex -26.25002670288086 38.81497573852539 3.549999952316284
vertex -26.25002670288086 38.81497573852539 0
vertex -21.25002670288086 38.81497573852539 3.549999952316284
endloop
endfacet
facet normal -1 0 0
outer loop
vertex -21.25002670288086 38.81497573852539 3.549999952316284
vertex -21.25002670288086 38.11497497558594 0
vertex -21.25002670288086 38.11497497558594 3.549999952316284
endloop
endfacet
facet normal -1 0 0
outer loop
vertex -21.25002670288086 38.81497573852539 3.549999952316284
vertex -21.25002670288086 38.81497573852539 0
vertex -21.25002670288086 38.11497497558594 0
endloop
endfacet
facet normal -1 0 0
outer loop
vertex -21.25002670288086 24.01497459411621 3.549999952316284
vertex -21.25002670288086 23.314973831176758 0
vertex -21.25002670288086 23.314973831176758 3.549999952316284
endloop
endfacet
facet normal 0 1 0
outer loop
vertex -21.25002670288086 23.314973831176758 0
vertex -26.25002670288086 23.314973831176758 3.549999952316284
vertex -21.25002670288086 23.314973831176758 3.549999952316284
endloop
endfacet
facet normal 1 0 0
outer loop
vertex -26.25002670288086 23.314973831176758 3.549999952316284
vertex -26.25002670288086 24.01497459411621 0
vertex -26.25002670288086 24.01497459411621 3.549999952316284
endloop
endfacet
facet normal 0 1 0
outer loop
vertex -40.25002670288086 23.314973831176758 0
vertex -45.25002670288086 23.314973831176758 3.549999952316284
vertex -40.25002670288086 23.314973831176758 3.549999952316284
endloop
endfacet
facet normal -1 0 0
outer loop
vertex -40.25002670288086 24.01497459411621 3.549999952316284
vertex -40.25002670288086 23.314973831176758 0
vertex -40.25002670288086 23.314973831176758 3.549999952316284
endloop
endfacet
facet normal -1 0 0
outer loop
vertex -40.25002670288086 38.81497573852539 3.549999952316284
vertex -40.25002670288086 38.11497497558594 0
vertex -40.25002670288086 38.11497497558594 3.549999952316284
endloop
endfacet
facet normal 0 0 -1
outer loop
vertex -40.25002670288086 38.81497573852539 3.549999952316284
vertex -40.25002670288086 38.11497497558594 3.549999952316284
vertex -45.25002670288086 38.81497573852539 3.549999952316284
endloop
endfacet
facet normal -1 0 0
outer loop
vertex -40.25002670288086 38.81497573852539 3.549999952316284
vertex -40.25002670288086 38.81497573852539 0
vertex -40.25002670288086 38.11497497558594 0
endloop
endfacet
facet normal 0 0 -1
outer loop
vertex -45.25002670288086 38.81497573852539 3.549999952316284
vertex -40.25002670288086 38.11497497558594 3.549999952316284
vertex -45.25002670288086 38.11497497558594 3.549999952316284
endloop
endfacet
facet normal 1 0 0
outer loop
vertex -45.25002670288086 38.11497497558594 3.549999952316284
vertex -45.25002670288086 38.81497573852539 0
vertex -45.25002670288086 38.81497573852539 3.549999952316284
endloop
endfacet
facet normal 0 0 -1
outer loop
vertex -40.25002670288086 24.01497459411621 3.549999952316284
vertex -40.25002670288086 23.314973831176758 3.549999952316284
vertex -45.25002670288086 24.01497459411621 3.549999952316284
endloop
endfacet
facet normal -1 0 0
outer loop
vertex -40.25002670288086 24.01497459411621 0
vertex -40.25002670288086 23.314973831176758 0
vertex -40.25002670288086 24.01497459411621 3.549999952316284
endloop
endfacet
facet normal 0 -1 0
outer loop
vertex -45.25002670288086 38.81497573852539 3.549999952316284
vertex -45.25002670288086 38.81497573852539 0
vertex -40.25002670288086 38.81497573852539 3.549999952316284
endloop
endfacet
facet normal 0 0 -1
outer loop
vertex -40.25002670288086 23.314973831176758 3.549999952316284
vertex -45.25002670288086 23.314973831176758 3.549999952316284
vertex -45.25002670288086 24.01497459411621 3.549999952316284
endloop
endfacet
facet normal 1 0 0
outer loop
vertex -45.25002670288086 23.314973831176758 3.549999952316284
vertex -45.25002670288086 24.01497459411621 0
vertex -45.25002670288086 24.01497459411621 3.549999952316284
endloop
endfacet
facet normal 0 -1 0
outer loop
vertex -45.25002670288086 38.81497573852539 0
vertex -40.25002670288086 38.81497573852539 0
vertex -40.25002670288086 38.81497573852539 3.549999952316284
endloop
endfacet
facet normal 1 0 0
outer loop
vertex -45.25002670288086 24.01497459411621 0
vertex -45.25002670288086 23.314973831176758 3.549999952316284
vertex -45.25002670288086 23.314973831176758 0
endloop
endfacet
facet normal 0 1 0
outer loop
vertex -40.25002670288086 23.314973831176758 0
vertex -45.25002670288086 23.314973831176758 0
vertex -45.25002670288086 23.314973831176758 3.549999952316284
endloop
endfacet
facet normal 1 0 0
outer loop
vertex -45.25002670288086 38.11497497558594 3.549999952316284
vertex -45.25002670288086 38.11497497558594 0
vertex -45.25002670288086 38.81497573852539 0
endloop
endfacet
facet normal 0 -1 0
outer loop
vertex -59.25002670288086 38.81497573852539 0
vertex -59.25002670288086 38.81497573852539 3.549999952316284
vertex -64.2500228881836 38.81497573852539 0
endloop
endfacet
facet normal -1 0 0
outer loop
vertex -59.25002670288086 38.81497573852539 0
vertex -59.25002670288086 38.11497497558594 0
vertex -59.25002670288086 38.81497573852539 3.549999952316284
endloop
endfacet
facet normal -1 0 0
outer loop
vertex -59.25002670288086 24.01497459411621 0
vertex -59.25002670288086 23.314973831176758 0
vertex -59.25002670288086 24.01497459411621 3.549999952316284
endloop
endfacet
facet normal 1 0 0
outer loop
vertex -64.2500228881836 23.314973831176758 3.549999952316284
vertex -64.2500228881836 24.01497459411621 0
vertex -64.2500228881836 24.01497459411621 3.549999952316284
endloop
endfacet
facet normal 1 0 0
outer loop
vertex -64.2500228881836 38.11497497558594 3.549999952316284
vertex -64.2500228881836 38.81497573852539 0
vertex -64.2500228881836 38.81497573852539 3.549999952316284
endloop
endfacet
facet normal 0 -1 0
outer loop
vertex -64.2500228881836 38.81497573852539 3.549999952316284
vertex -64.2500228881836 38.81497573852539 0
vertex -59.25002670288086 38.81497573852539 3.549999952316284
endloop
endfacet
facet normal 0 1 0
outer loop
vertex -59.25002670288086 23.314973831176758 0
vertex -64.2500228881836 23.314973831176758 3.549999952316284
vertex -59.25002670288086 23.314973831176758 3.549999952316284
endloop
endfacet
facet normal -1 0 0
outer loop
vertex -59.25002670288086 24.01497459411621 3.549999952316284
vertex -59.25002670288086 23.314973831176758 0
vertex -59.25002670288086 23.314973831176758 3.549999952316284
endloop
endfacet
facet normal 1 0 0
outer loop
vertex -64.2500228881836 38.11497497558594 3.549999952316284
vertex -64.2500228881836 38.11497497558594 0
vertex -64.2500228881836 38.81497573852539 0
endloop
endfacet
facet normal 0 1 0
outer loop
vertex -59.25002670288086 23.314973831176758 0
vertex -64.2500228881836 23.314973831176758 0
vertex -64.2500228881836 23.314973831176758 3.549999952316284
endloop
endfacet
facet normal 0 0 -1
outer loop
vertex -59.25002670288086 24.01497459411621 3.549999952316284
vertex -59.25002670288086 23.314973831176758 3.549999952316284
vertex -64.2500228881836 24.01497459411621 3.549999952316284
endloop
endfacet
facet normal 0 0 -1
outer loop
vertex -64.2500228881836 38.11497497558594 3.549999952316284
vertex -64.2500228881836 38.81497573852539 3.549999952316284
vertex -59.25002670288086 38.11497497558594 3.549999952316284
endloop
endfacet
facet normal 0 0 -1
outer loop
vertex -59.25002670288086 23.314973831176758 3.549999952316284
vertex -64.2500228881836 23.314973831176758 3.549999952316284
vertex -64.2500228881836 24.01497459411621 3.549999952316284
endloop
endfacet
facet normal 1 0 0
outer loop
vertex -64.2500228881836 24.01497459411621 0
vertex -64.2500228881836 23.314973831176758 3.549999952316284
vertex -64.2500228881836 23.314973831176758 0
endloop
endfacet
facet normal 0 0 -1
outer loop
vertex -59.25002670288086 38.81497573852539 3.549999952316284
vertex -59.25002670288086 38.11497497558594 3.549999952316284
vertex -64.2500228881836 38.81497573852539 3.549999952316284
endloop
endfacet
facet normal -1 0 0
outer loop
vertex -59.25002670288086 38.81497573852539 3.549999952316284
vertex -59.25002670288086 38.11497497558594 0
vertex -59.25002670288086 38.11497497558594 3.549999952316284
endloop
endfacet
facet normal 0 0 -1
outer loop
vertex -17.95002555847168 -35.43502426147461 1.7000000476837158
vertex -17.98427963256836 -35.607234954833984 1.7000000476837158
vertex -17.98427963256836 -35.2628173828125 1.7000000476837158
endloop
endfacet
facet normal 0 0 -1
outer loop
vertex -18.081829071044922 -35.11682891845703 1.7000000476837158
vertex -18.227819442749023 -35.850772857666016 1.7000000476837158
vertex -18.227819442749023 -35.01927947998047 1.7000000476837158
endloop
endfacet
facet normal -0.8314615478636338 -0.5555823021157262 0
outer loop
vertex -18.081829071044922 -35.11682891845703 1.7000000476837158
vertex -18.081829071044922 -35.11682891845703 0
vertex -17.98427963256836 -35.2628173828125 1.7000000476837158
endloop
endfacet
facet normal -0.1950798514286955 -0.9807873630744628 0
outer loop
vertex -18.400026321411133 -34.98502731323242 1.7000000476837158
vertex -18.400026321411133 -34.98502731323242 0
vertex -18.227819442749023 -35.01927947998047 1.7000000476837158
endloop
endfacet
facet normal -0.9807852845629332 -0.19509030110388895 0
outer loop
vertex -17.98427963256836 -35.2628173828125 1.7000000476837158
vertex -17.98427963256836 -35.2628173828125 0
vertex -17.95002555847168 -35.43502426147461 1.7000000476837158
endloop
endfacet
facet normal -0.9807861114401027 0.19508614406513386 0
outer loop
vertex -17.95002555847168 -35.43502426147461 1.7000000476837158
vertex -17.95002555847168 -35.43502426147461 0
vertex -17.98427963256836 -35.607234954833984 1.7000000476837158
endloop
endfacet
facet normal 0.1950798514286955 -0.9807873630744628 0
outer loop
vertex -18.572233200073242 -35.01927947998047 1.7000000476837158
vertex -18.572233200073242 -35.01927947998047 0
vertex -18.400026321411133 -34.98502731323242 1.7000000476837158
endloop
endfacet
facet normal 0.5555772839934787 -0.8314649009491799 0
outer loop
vertex -18.718223571777344 -35.11682891845703 1.7000000476837158
vertex -18.718223571777344 -35.11682891845703 0
vertex -18.572233200073242 -35.01927947998047 1.7000000476837158
endloop
endfacet
facet normal 0.8314665660174577 -0.5555747920803612 0
outer loop
vertex -18.815771102905273 -35.2628173828125 1.7000000476837158
vertex -18.815771102905273 -35.2628173828125 0
vertex -18.718223571777344 -35.11682891845703 1.7000000476837158
endloop
endfacet
facet normal 0.9807840329128791 0.19509659346884756 0
outer loop
vertex -18.815771102905273 -35.607234954833984 1.7000000476837158
vertex -18.815771102905273 -35.607234954833984 0
vertex -18.850027084350586 -35.43502426147461 1.7000000476837158
endloop
endfacet
facet normal 0.9807832059488795 -0.1951007507126451 0
outer loop
vertex -18.850027084350586 -35.43502426147461 1.7000000476837158
vertex -18.850027084350586 -35.43502426147461 0
vertex -18.815771102905273 -35.2628173828125 1.7000000476837158
endloop
endfacet
facet normal -0.8314615478636338 0.5555823021157262 0
outer loop
vertex -17.98427963256836 -35.607234954833984 1.7000000476837158
vertex -17.98427963256836 -35.607234954833984 0
vertex -18.081829071044922 -35.75322341918945 1.7000000476837158
endloop
endfacet
facet normal -0.5555772839934787 0.8314649009491799 0
outer loop
vertex -18.081829071044922 -35.75322341918945 1.7000000476837158
vertex -18.081829071044922 -35.75322341918945 0
vertex -18.227819442749023 -35.850772857666016 1.7000000476837158
endloop
endfacet
facet normal -0.1950798514286955 0.9807873630744628 0
outer loop
vertex -18.227819442749023 -35.850772857666016 1.7000000476837158
vertex -18.227819442749023 -35.850772857666016 0
vertex -18.400026321411133 -35.88502502441406 1.7000000476837158
endloop
endfacet
facet normal 0.1950798514286955 0.9807873630744628 0
outer loop
vertex -18.400026321411133 -35.88502502441406 1.7000000476837158
vertex -18.400026321411133 -35.88502502441406 0
vertex -18.572233200073242 -35.850772857666016 1.7000000476837158
endloop
endfacet
facet normal 0.5555772839934787 0.8314649009491799 0
outer loop
vertex -18.572233200073242 -35.850772857666016 1.7000000476837158
vertex -18.572233200073242 -35.850772857666016 0
vertex -18.718223571777344 -35.75322341918945 1.7000000476837158
endloop
endfacet
facet normal 0.8314665660174577 0.5555747920803612 0
outer loop
vertex -18.718223571777344 -35.75322341918945 1.7000000476837158
vertex -18.718223571777344 -35.75322341918945 0
vertex -18.815771102905273 -35.607234954833984 1.7000000476837158
endloop
endfacet
facet normal 0.1950798514286955 0.9807873630744628 0
outer loop
vertex -18.400026321411133 -35.88502502441406 0
vertex -18.572233200073242 -35.850772857666016 0
vertex -18.572233200073242 -35.850772857666016 1.7000000476837158
endloop
endfacet
facet normal 0.8314665660174577 0.5555747920803612 0
outer loop
vertex -18.815771102905273 -35.607234954833984 0
vertex -18.815771102905273 -35.607234954833984 1.7000000476837158
vertex -18.718223571777344 -35.75322341918945 0
endloop
endfacet
facet normal 0.5555772839934787 0.8314649009491799 0
outer loop
vertex -18.572233200073242 -35.850772857666016 0
vertex -18.718223571777344 -35.75322341918945 0
vertex -18.718223571777344 -35.75322341918945 1.7000000476837158
endloop
endfacet
facet normal -0.1950798514286955 0.9807873630744628 0
outer loop
vertex -18.227819442749023 -35.850772857666016 0
vertex -18.400026321411133 -35.88502502441406 0
vertex -18.400026321411133 -35.88502502441406 1.7000000476837158
endloop
endfacet
facet normal -0.5555772839934787 0.8314649009491799 0
outer loop
vertex -18.081829071044922 -35.75322341918945 0
vertex -18.227819442749023 -35.850772857666016 0
vertex -18.227819442749023 -35.850772857666016 1.7000000476837158
endloop
endfacet
facet normal -0.8314615478636338 0.5555823021157262 0
outer loop
vertex -17.98427963256836 -35.607234954833984 0
vertex -18.081829071044922 -35.75322341918945 0
vertex -18.081829071044922 -35.75322341918945 1.7000000476837158
endloop
endfacet
facet normal 0.9807840329128791 0.19509659346884756 0
outer loop
vertex -18.815771102905273 -35.607234954833984 0
vertex -18.850027084350586 -35.43502426147461 0
vertex -18.850027084350586 -35.43502426147461 1.7000000476837158
endloop
endfacet
facet normal 0.9807832059488795 -0.1951007507126451 0
outer loop
vertex -18.815771102905273 -35.2628173828125 0
vertex -18.815771102905273 -35.2628173828125 1.7000000476837158
vertex -18.850027084350586 -35.43502426147461 0
endloop
endfacet
facet normal 0.8314665660174577 -0.5555747920803612 0
outer loop
vertex -18.718223571777344 -35.11682891845703 0
vertex -18.718223571777344 -35.11682891845703 1.7000000476837158
vertex -18.815771102905273 -35.2628173828125 0
endloop
endfacet
facet normal 0.5555772839934787 -0.8314649009491799 0
outer loop
vertex -18.572233200073242 -35.01927947998047 0
vertex -18.572233200073242 -35.01927947998047 1.7000000476837158
vertex -18.718223571777344 -35.11682891845703 0
endloop
endfacet
facet normal -0.9807861114401027 0.19508614406513386 0
outer loop
vertex -17.95002555847168 -35.43502426147461 0
vertex -17.98427963256836 -35.607234954833984 0
vertex -17.98427963256836 -35.607234954833984 1.7000000476837158
endloop
endfacet
facet normal -0.9807852845629332 -0.19509030110388895 0
outer loop
vertex -17.98427963256836 -35.2628173828125 0
vertex -17.95002555847168 -35.43502426147461 0
vertex -17.95002555847168 -35.43502426147461 1.7000000476837158
endloop
endfacet
facet normal 0.1950798514286955 -0.9807873630744628 0
outer loop
vertex -18.400026321411133 -34.98502731323242 0
vertex -18.400026321411133 -34.98502731323242 1.7000000476837158
vertex -18.572233200073242 -35.01927947998047 0
endloop
endfacet
facet normal -0.1950798514286955 -0.9807873630744628 0
outer loop
vertex -18.227819442749023 -35.01927947998047 0
vertex -18.227819442749023 -35.01927947998047 1.7000000476837158
vertex -18.400026321411133 -34.98502731323242 0
endloop
endfacet
facet normal -0.5555772839934787 -0.8314649009491799 0
outer loop
vertex -18.081829071044922 -35.11682891845703 0
vertex -18.081829071044922 -35.11682891845703 1.7000000476837158
vertex -18.227819442749023 -35.01927947998047 0
endloop
endfacet
facet normal -0.8314615478636338 -0.5555823021157262 0
outer loop
vertex -18.081829071044922 -35.11682891845703 0
vertex -17.98427963256836 -35.2628173828125 0
vertex -17.98427963256836 -35.2628173828125 1.7000000476837158
endloop
endfacet
facet normal 0 0 -1
outer loop
vertex -18.718223571777344 -35.75322341918945 1.7000000476837158
vertex -18.815771102905273 -35.607234954833984 1.7000000476837158
vertex -18.718223571777344 -35.11682891845703 1.7000000476837158
endloop
endfacet
facet normal 0 0 -1
outer loop
vertex -18.572233200073242 -35.850772857666016 1.7000000476837158
vertex -18.718223571777344 -35.75322341918945 1.7000000476837158
vertex -18.572233200073242 -35.01927947998047 1.7000000476837158
endloop
endfacet
facet normal 0 0 -1
outer loop
vertex -18.815771102905273 -35.607234954833984 1.7000000476837158
vertex -18.850027084350586 -35.43502426147461 1.7000000476837158
vertex -18.815771102905273 -35.2628173828125 1.7000000476837158
endloop
endfacet
facet normal 0 0 -1
outer loop
vertex -18.718223571777344 -35.11682891845703 1.7000000476837158
vertex -18.815771102905273 -35.607234954833984 1.7000000476837158
vertex -18.815771102905273 -35.2628173828125 1.7000000476837158
endloop
endfacet
facet normal 0 0 -1
outer loop
vertex -18.572233200073242 -35.01927947998047 1.7000000476837158
vertex -18.718223571777344 -35.75322341918945 1.7000000476837158
vertex -18.718223571777344 -35.11682891845703 1.7000000476837158
endloop
endfacet
facet normal 0 0 -1
outer loop
vertex -18.572233200073242 -35.01927947998047 1.7000000476837158
vertex -18.400026321411133 -34.98502731323242 1.7000000476837158
vertex -18.572233200073242 -35.850772857666016 1.7000000476837158
endloop
endfacet
facet normal 0 0 -1
outer loop
vertex -18.400026321411133 -35.88502502441406 1.7000000476837158
vertex -18.572233200073242 -35.850772857666016 1.7000000476837158
vertex -18.400026321411133 -34.98502731323242 1.7000000476837158
endloop
endfacet
facet normal 0 0 -1
outer loop
vertex -18.227819442749023 -35.850772857666016 1.7000000476837158
vertex -18.400026321411133 -35.88502502441406 1.7000000476837158
vertex -18.227819442749023 -35.01927947998047 1.7000000476837158
endloop
endfacet
facet normal 0 0 -1
outer loop
vertex -18.227819442749023 -35.01927947998047 1.7000000476837158
vertex -18.400026321411133 -35.88502502441406 1.7000000476837158
vertex -18.400026321411133 -34.98502731323242 1.7000000476837158
endloop
endfacet
facet normal 0 0 -1
outer loop
vertex -18.081829071044922 -35.75322341918945 1.7000000476837158
vertex -18.227819442749023 -35.850772857666016 1.7000000476837158
vertex -18.081829071044922 -35.11682891845703 1.7000000476837158
endloop
endfacet
facet normal 0 0 -1
outer loop
vertex -17.98427963256836 -35.607234954833984 1.7000000476837158
vertex -18.081829071044922 -35.75322341918945 1.7000000476837158
vertex -17.98427963256836 -35.2628173828125 1.7000000476837158
endloop
endfacet
facet normal 0 0 -1
outer loop
vertex -18.081829071044922 -35.11682891845703 1.7000000476837158
vertex -17.98427963256836 -35.2628173828125 1.7000000476837158
vertex -18.081829071044922 -35.75322341918945 1.7000000476837158
endloop
endfacet
facet normal -0.5555772839934787 -0.8314649009491799 0
outer loop
vertex -18.227819442749023 -35.01927947998047 1.7000000476837158
vertex -18.227819442749023 -35.01927947998047 0
vertex -18.081829071044922 -35.11682891845703 1.7000000476837158
endloop
endfacet
facet normal 0.8314665660174577 -0.5555747920803612 0
outer loop
vertex -18.718223571777344 -33.84682846069336 0
vertex -18.718223571777344 -33.84682846069336 1.7000000476837158
vertex -18.815771102905273 -33.99281692504883 0
endloop
endfacet
facet normal -0.5555772839934787 0.8314649009491799 0
outer loop
vertex -18.081829071044922 -34.48322296142578 0
vertex -18.227819442749023 -34.580772399902344 0
vertex -18.227819442749023 -34.580772399902344 1.7000000476837158
endloop
endfacet
facet normal 0.9807832059488795 -0.1951007507126451 0
outer loop
vertex -18.850027084350586 -34.16502380371094 1.7000000476837158
vertex -18.850027084350586 -34.16502380371094 0
vertex -18.815771102905273 -33.99281692504883 1.7000000476837158
endloop
endfacet
facet normal -0.9807861114401027 0.19508614406513386 0
outer loop
vertex -17.95002555847168 -34.16502380371094 1.7000000476837158
vertex -17.95002555847168 -34.16502380371094 0
vertex -17.98427963256836 -34.33723449707031 1.7000000476837158
endloop
endfacet
facet normal -0.8314615478636338 0.5555823021157262 0
outer loop
vertex -17.98427963256836 -34.33723449707031 1.7000000476837158
vertex -17.98427963256836 -34.33723449707031 0
vertex -18.081829071044922 -34.48322296142578 1.7000000476837158
endloop
endfacet
facet normal -0.5555772839934787 0.8314649009491799 0
outer loop
vertex -18.081829071044922 -34.48322296142578 1.7000000476837158
vertex -18.081829071044922 -34.48322296142578 0
vertex -18.227819442749023 -34.580772399902344 1.7000000476837158
endloop
endfacet
facet normal -0.1950798514286955 0.9807873630744628 0
outer loop
vertex -18.227819442749023 -34.580772399902344 1.7000000476837158
vertex -18.227819442749023 -34.580772399902344 0
vertex -18.400026321411133 -34.61502456665039 1.7000000476837158
endloop
endfacet
facet normal 0.1950798514286955 0.9807873630744628 0
outer loop
vertex -18.400026321411133 -34.61502456665039 1.7000000476837158
vertex -18.400026321411133 -34.61502456665039 0
vertex -18.572233200073242 -34.580772399902344 1.7000000476837158
endloop
endfacet
facet normal 0.9807840329128791 0.19509659346884756 0
outer loop
vertex -18.815771102905273 -34.33723449707031 1.7000000476837158
vertex -18.815771102905273 -34.33723449707031 0
vertex -18.850027084350586 -34.16502380371094 1.7000000476837158
endloop
endfacet
facet normal 0.8314665660174577 0.5555747920803612 0
outer loop
vertex -18.718223571777344 -34.48322296142578 1.7000000476837158
vertex -18.718223571777344 -34.48322296142578 0
vertex -18.815771102905273 -34.33723449707031 1.7000000476837158
endloop
endfacet
facet normal 0.5555772839934787 0.8314649009491799 0
outer loop
vertex -18.572233200073242 -34.580772399902344 1.7000000476837158
vertex -18.572233200073242 -34.580772399902344 0
vertex -18.718223571777344 -34.48322296142578 1.7000000476837158
endloop
endfacet
facet normal 0 0 -1
outer loop
vertex -18.400026321411133 -33.71502685546875 1.7000000476837158
vertex -18.227819442749023 -33.7492790222168 1.7000000476837158
vertex -18.400026321411133 -34.61502456665039 1.7000000476837158
endloop
endfacet
facet normal 0.1950798514286955 -0.9807873630744628 0
outer loop
vertex -18.572233200073242 -33.7492790222168 1.7000000476837158
vertex -18.572233200073242 -33.7492790222168 0
vertex -18.400026321411133 -33.71502685546875 1.7000000476837158
endloop
endfacet
facet normal -0.9807852845629332 -0.19509030110388895 0
outer loop
vertex -17.98427963256836 -33.99281692504883 1.7000000476837158
vertex -17.98427963256836 -33.99281692504883 0
vertex -17.95002555847168 -34.16502380371094 1.7000000476837158
endloop
endfacet
facet normal 0 0 -1
outer loop
vertex -18.081829071044922 -33.84682846069336 1.7000000476837158
vertex -17.98427963256836 -33.99281692504883 1.7000000476837158
vertex -18.081829071044922 -34.48322296142578 1.7000000476837158
endloop
endfacet
facet normal 0 0 -1
outer loop
vertex -18.572233200073242 -33.7492790222168 1.7000000476837158
vertex -18.718223571777344 -34.48322296142578 1.7000000476837158
vertex -18.718223571777344 -33.84682846069336 1.7000000476837158
endloop
endfacet
facet normal 0 0 -1
outer loop
vertex -18.718223571777344 -33.84682846069336 1.7000000476837158
vertex -18.815771102905273 -34.33723449707031 1.7000000476837158
vertex -18.815771102905273 -33.99281692504883 1.7000000476837158
endloop
endfacet
facet normal -0.8314615478636338 -0.5555823021157262 0
outer loop
vertex -18.081829071044922 -33.84682846069336 1.7000000476837158
vertex -18.081829071044922 -33.84682846069336 0
vertex -17.98427963256836 -33.99281692504883 1.7000000476837158
endloop
endfacet
facet normal 0 0 -1
outer loop
vertex -17.95002555847168 -34.16502380371094 1.7000000476837158
vertex -17.98427963256836 -34.33723449707031 1.7000000476837158
vertex -17.98427963256836 -33.99281692504883 1.7000000476837158
endloop
endfacet
facet normal 0 0 -1
outer loop
vertex -17.98427963256836 -34.33723449707031 1.7000000476837158
vertex -18.081829071044922 -34.48322296142578 1.7000000476837158
vertex -17.98427963256836 -33.99281692504883 1.7000000476837158
endloop
endfacet
facet normal 0 0 -1
outer loop
vertex -18.081829071044922 -34.48322296142578 1.7000000476837158
vertex -18.227819442749023 -34.580772399902344 1.7000000476837158
vertex -18.081829071044922 -33.84682846069336 1.7000000476837158
endloop
endfacet
facet normal 0 0 -1
outer loop
vertex -18.400026321411133 -34.61502456665039 1.7000000476837158
vertex -18.572233200073242 -34.580772399902344 1.7000000476837158
vertex -18.400026321411133 -33.71502685546875 1.7000000476837158
endloop
endfacet
facet normal 0 0 -1
outer loop
vertex -18.227819442749023 -34.580772399902344 1.7000000476837158
vertex -18.400026321411133 -34.61502456665039 1.7000000476837158
vertex -18.227819442749023 -33.7492790222168 1.7000000476837158
endloop
endfacet
facet normal -0.5555772839934787 -0.8314649009491799 0
outer loop
vertex -18.227819442749023 -33.7492790222168 1.7000000476837158
vertex -18.227819442749023 -33.7492790222168 0
vertex -18.081829071044922 -33.84682846069336 1.7000000476837158
endloop
endfacet
facet normal -0.1950798514286955 -0.9807873630744628 0
outer loop
vertex -18.400026321411133 -33.71502685546875 1.7000000476837158
vertex -18.400026321411133 -33.71502685546875 0
vertex -18.227819442749023 -33.7492790222168 1.7000000476837158
endloop
endfacet
facet normal 0.5555772839934787 -0.8314649009491799 0
outer loop
vertex -18.718223571777344 -33.84682846069336 1.7000000476837158
vertex -18.718223571777344 -33.84682846069336 0
vertex -18.572233200073242 -33.7492790222168 1.7000000476837158
endloop
endfacet
facet normal 0.8314665660174577 -0.5555747920803612 0
outer loop
vertex -18.815771102905273 -33.99281692504883 1.7000000476837158
vertex -18.815771102905273 -33.99281692504883 0
vertex -18.718223571777344 -33.84682846069336 1.7000000476837158
endloop
endfacet
facet normal 0 0 -1
outer loop
vertex -18.718223571777344 -34.48322296142578 1.7000000476837158
vertex -18.815771102905273 -34.33723449707031 1.7000000476837158
vertex -18.718223571777344 -33.84682846069336 1.7000000476837158
endloop
endfacet
facet normal 0 0 -1
outer loop
vertex -18.081829071044922 -33.84682846069336 1.7000000476837158
vertex -18.227819442749023 -34.580772399902344 1.7000000476837158
vertex -18.227819442749023 -33.7492790222168 1.7000000476837158
endloop
endfacet
facet normal 0 0 -1
outer loop
vertex -18.815771102905273 -34.33723449707031 1.7000000476837158
vertex -18.850027084350586 -34.16502380371094 1.7000000476837158
vertex -18.815771102905273 -33.99281692504883 1.7000000476837158
endloop
endfacet
facet normal 0 0 -1
outer loop
vertex -18.572233200073242 -34.580772399902344 1.7000000476837158
vertex -18.718223571777344 -34.48322296142578 1.7000000476837158
vertex -18.572233200073242 -33.7492790222168 1.7000000476837158
endloop
endfacet
facet normal 0.1950798514286955 -0.9807873630744628 0
outer loop
vertex -18.400026321411133 -33.71502685546875 0
vertex -18.400026321411133 -33.71502685546875 1.7000000476837158
vertex -18.572233200073242 -33.7492790222168 0
endloop
endfacet
facet normal -0.5555772839934787 -0.8314649009491799 0
outer loop
vertex -18.081829071044922 -33.84682846069336 0
vertex -18.081829071044922 -33.84682846069336 1.7000000476837158
vertex -18.227819442749023 -33.7492790222168 0
endloop
endfacet
facet normal -0.8314615478636338 -0.5555823021157262 0
outer loop
vertex -18.081829071044922 -33.84682846069336 0
vertex -17.98427963256836 -33.99281692504883 0
vertex -17.98427963256836 -33.99281692504883 1.7000000476837158
endloop
endfacet
facet normal -0.9807852845629332 -0.19509030110388895 0
outer loop
vertex -17.98427963256836 -33.99281692504883 0
vertex -17.95002555847168 -34.16502380371094 0
vertex -17.95002555847168 -34.16502380371094 1.7000000476837158
endloop
endfacet
facet normal -0.1950798514286955 -0.9807873630744628 0
outer loop
vertex -18.400026321411133 -33.71502685546875 0
vertex -18.227819442749023 -33.7492790222168 0
vertex -18.227819442749023 -33.7492790222168 1.7000000476837158
endloop
endfacet
facet normal 0.5555772839934787 -0.8314649009491799 0
outer loop
vertex -18.572233200073242 -33.7492790222168 0
vertex -18.572233200073242 -33.7492790222168 1.7000000476837158
vertex -18.718223571777344 -33.84682846069336 0
endloop
endfacet
facet normal 0 0 -1
outer loop
vertex -18.572233200073242 -33.7492790222168 1.7000000476837158
vertex -18.400026321411133 -33.71502685546875 1.7000000476837158
vertex -18.572233200073242 -34.580772399902344 1.7000000476837158
endloop
endfacet
facet normal 0.1950798514286955 0.9807873630744628 0
outer loop
vertex -18.400026321411133 -34.61502456665039 0
vertex -18.572233200073242 -34.580772399902344 0
vertex -18.572233200073242 -34.580772399902344 1.7000000476837158
endloop
endfacet
facet normal 0.5555772839934787 0.8314649009491799 0
outer loop
vertex -18.572233200073242 -34.580772399902344 0
vertex -18.718223571777344 -34.48322296142578 0
vertex -18.718223571777344 -34.48322296142578 1.7000000476837158
endloop
endfacet
facet normal 0.9807840329128791 0.19509659346884756 0
outer loop
vertex -18.815771102905273 -34.33723449707031 0
vertex -18.850027084350586 -34.16502380371094 0
vertex -18.850027084350586 -34.16502380371094 1.7000000476837158
endloop
endfacet
facet normal 0.9807832059488795 -0.1951007507126451 0
outer loop
vertex -18.815771102905273 -33.99281692504883 0
vertex -18.815771102905273 -33.99281692504883 1.7000000476837158
vertex -18.850027084350586 -34.16502380371094 0
endloop
endfacet
facet normal -0.9807861114401027 0.19508614406513386 0
outer loop
vertex -17.95002555847168 -34.16502380371094 0
vertex -17.98427963256836 -34.33723449707031 0
vertex -17.98427963256836 -34.33723449707031 1.7000000476837158
endloop
endfacet
facet normal 0.8314665660174577 0.5555747920803612 0
outer loop
vertex -18.815771102905273 -34.33723449707031 0
vertex -18.815771102905273 -34.33723449707031 1.7000000476837158
vertex -18.718223571777344 -34.48322296142578 0
endloop
endfacet
facet normal -0.1950798514286955 0.9807873630744628 0
outer loop
vertex -18.227819442749023 -34.580772399902344 0
vertex -18.400026321411133 -34.61502456665039 0
vertex -18.400026321411133 -34.61502456665039 1.7000000476837158
endloop
endfacet
facet normal -0.8314615478636338 0.5555823021157262 0
outer loop
vertex -17.98427963256836 -34.33723449707031 0
vertex -18.081829071044922 -34.48322296142578 0
vertex -18.081829071044922 -34.48322296142578 1.7000000476837158
endloop
endfacet
facet normal 0.9807832059488795 0.1951007507126451 0
outer loop
vertex -18.850027084350586 -32.89502716064453 0
vertex -18.850027084350586 -32.89502716064453 1.7000000476837158
vertex -18.815771102905273 -33.06723403930664 0
endloop
endfacet
facet normal 0 0 -1
outer loop
vertex -18.572233200073242 -33.31077194213867 1.7000000476837158
vertex -18.718223571777344 -33.21322250366211 1.7000000476837158
vertex -18.572233200073242 -32.479278564453125 1.7000000476837158
endloop
endfacet
facet normal -0.8314615478636338 0.5555823021157262 0
outer loop
vertex -17.98427963256836 -33.06723403930664 0
vertex -18.081829071044922 -33.21322250366211 0
vertex -18.081829071044922 -33.21322250366211 1.7000000476837158
endloop
endfacet
facet normal 0 0 -1
outer loop
vertex -18.572233200073242 -32.479278564453125 1.7000000476837158
vertex -18.718223571777344 -33.21322250366211 1.7000000476837158
vertex -18.718223571777344 -32.57682800292969 1.7000000476837158
endloop
endfacet
facet normal -0.5555772839934787 0.8314649009491799 0
outer loop
vertex -18.081829071044922 -33.21322250366211 0
vertex -18.227819442749023 -33.31077194213867 0
vertex -18.227819442749023 -33.31077194213867 1.7000000476837158
endloop
endfacet
facet normal 0 0 -1
outer loop
vertex -18.718223571777344 -32.57682800292969 1.7000000476837158
vertex -18.815771102905273 -33.06723403930664 1.7000000476837158
vertex -18.815771102905273 -32.722816467285156 1.7000000476837158
endloop
endfacet
facet normal -0.1950798514286955 0.9807873630744628 0
outer loop
vertex -18.227819442749023 -33.31077194213867 0
vertex -18.400026321411133 -33.34502410888672 0
vertex -18.400026321411133 -33.34502410888672 1.7000000476837158
endloop
endfacet
facet normal 0.8314665660174577 -0.5555747920803612 0
outer loop
vertex -18.718223571777344 -32.57682800292969 0
vertex -18.718223571777344 -32.57682800292969 1.7000000476837158
vertex -18.815771102905273 -32.722816467285156 0
endloop
endfacet
facet normal 0.9807840329128791 -0.19509659346884756 0
outer loop
vertex -18.815771102905273 -32.722816467285156 0
vertex -18.815771102905273 -32.722816467285156 1.7000000476837158
vertex -18.850027084350586 -32.89502716064453 0
endloop
endfacet
facet normal -0.5555772839934787 -0.8314649009491799 0
outer loop
vertex -18.081829071044922 -32.57682800292969 0
vertex -18.081829071044922 -32.57682800292969 1.7000000476837158
vertex -18.227819442749023 -32.479278564453125 0
endloop
endfacet
facet normal 0 0 -1
outer loop
vertex -18.572233200073242 -32.479278564453125 1.7000000476837158
vertex -18.400026321411133 -32.44502639770508 1.7000000476837158
vertex -18.572233200073242 -33.31077194213867 1.7000000476837158
endloop
endfacet
facet normal 0 0 -1
outer loop
vertex -18.400026321411133 -33.34502410888672 1.7000000476837158
vertex -18.572233200073242 -33.31077194213867 1.7000000476837158
vertex -18.400026321411133 -32.44502639770508 1.7000000476837158
endloop
endfacet
facet normal 0 0 -1
outer loop
vertex -18.227819442749023 -33.31077194213867 1.7000000476837158
vertex -18.400026321411133 -33.34502410888672 1.7000000476837158
vertex -18.227819442749023 -32.479278564453125 1.7000000476837158
endloop
endfacet
facet normal 0 0 -1
outer loop
vertex -18.081829071044922 -33.21322250366211 1.7000000476837158
vertex -18.227819442749023 -33.31077194213867 1.7000000476837158
vertex -18.081829071044922 -32.57682800292969 1.7000000476837158
endloop
endfacet
facet normal -0.1950798514286955 -0.9807873630744628 0
outer loop
vertex -18.227819442749023 -32.479278564453125 0
vertex -18.227819442749023 -32.479278564453125 1.7000000476837158
vertex -18.400026321411133 -32.44502639770508 0
endloop
endfacet
facet normal 0 0 -1
outer loop
vertex -17.98427963256836 -33.06723403930664 1.7000000476837158
vertex -18.081829071044922 -33.21322250366211 1.7000000476837158
vertex -17.98427963256836 -32.722816467285156 1.7000000476837158
endloop
endfacet
facet normal 0 0 -1
outer loop
vertex -18.227819442749023 -32.479278564453125 1.7000000476837158
vertex -18.400026321411133 -33.34502410888672 1.7000000476837158
vertex -18.400026321411133 -32.44502639770508 1.7000000476837158
endloop
endfacet
facet normal 0 0 -1
outer loop
vertex -18.081829071044922 -32.57682800292969 1.7000000476837158
vertex -18.227819442749023 -33.31077194213867 1.7000000476837158
vertex -18.227819442749023 -32.479278564453125 1.7000000476837158
endloop
endfacet
facet normal 0.8314665660174577 0.5555747920803612 0
outer loop
vertex -18.815771102905273 -33.06723403930664 0
vertex -18.815771102905273 -33.06723403930664 1.7000000476837158
vertex -18.718223571777344 -33.21322250366211 0
endloop
endfacet
facet normal -0.5555772839934787 -0.8314649009491799 0
outer loop
vertex -18.227819442749023 -32.479278564453125 1.7000000476837158
vertex -18.227819442749023 -32.479278564453125 0
vertex -18.081829071044922 -32.57682800292969 1.7000000476837158
endloop
endfacet
facet normal -0.1950798514286955 -0.9807873630744628 0
outer loop
vertex -18.400026321411133 -32.44502639770508 1.7000000476837158
vertex -18.400026321411133 -32.44502639770508 0
vertex -18.227819442749023 -32.479278564453125 1.7000000476837158
endloop
endfacet
facet normal 0 0 -1
outer loop
vertex -18.718223571777344 -33.21322250366211 1.7000000476837158
vertex -18.815771102905273 -33.06723403930664 1.7000000476837158
vertex -18.718223571777344 -32.57682800292969 1.7000000476837158
endloop
endfacet
facet normal 0.1950798514286955 -0.9807873630744628 0
outer loop
vertex -18.572233200073242 -32.479278564453125 1.7000000476837158
vertex -18.572233200073242 -32.479278564453125 0
vertex -18.400026321411133 -32.44502639770508 1.7000000476837158
endloop
endfacet
facet normal 0.5555772839934787 -0.8314649009491799 0
outer loop
vertex -18.718223571777344 -32.57682800292969 1.7000000476837158
vertex -18.718223571777344 -32.57682800292969 0
vertex -18.572233200073242 -32.479278564453125 1.7000000476837158
endloop
endfacet
facet normal -0.8314615478636338 -0.5555823021157262 0
outer loop
vertex -18.081829071044922 -32.57682800292969 1.7000000476837158
vertex -18.081829071044922 -32.57682800292969 0
vertex -17.98427963256836 -32.722816467285156 1.7000000476837158
endloop
endfacet
facet normal -0.9807861114401027 -0.19508614406513386 0
outer loop
vertex -17.98427963256836 -32.722816467285156 1.7000000476837158
vertex -17.98427963256836 -32.722816467285156 0
vertex -17.95002555847168 -32.89502716064453 1.7000000476837158
endloop
endfacet
facet normal 0 0 -1
outer loop
vertex -18.815771102905273 -33.06723403930664 1.7000000476837158
vertex -18.850027084350586 -32.89502716064453 1.7000000476837158
vertex -18.815771102905273 -32.722816467285156 1.7000000476837158
endloop
endfacet
facet normal -0.9807852845629332 0.19509030110388895 0
outer loop
vertex -17.95002555847168 -32.89502716064453 1.7000000476837158
vertex -17.95002555847168 -32.89502716064453 0
vertex -17.98427963256836 -33.06723403930664 1.7000000476837158
endloop
endfacet
facet normal -0.8314615478636338 0.5555823021157262 0
outer loop
vertex -17.98427963256836 -33.06723403930664 1.7000000476837158
vertex -17.98427963256836 -33.06723403930664 0
vertex -18.081829071044922 -33.21322250366211 1.7000000476837158
endloop
endfacet
facet normal -0.5555772839934787 0.8314649009491799 0
outer loop
vertex -18.081829071044922 -33.21322250366211 1.7000000476837158
vertex -18.081829071044922 -33.21322250366211 0
vertex -18.227819442749023 -33.31077194213867 1.7000000476837158
endloop
endfacet
facet normal 0.1950798514286955 -0.9807873630744628 0
outer loop
vertex -18.400026321411133 -32.44502639770508 0
vertex -18.400026321411133 -32.44502639770508 1.7000000476837158
vertex -18.572233200073242 -32.479278564453125 0
endloop
endfacet
facet normal -0.1950798514286955 0.9807873630744628 0
outer loop
vertex -18.227819442749023 -33.31077194213867 1.7000000476837158
vertex -18.227819442749023 -33.31077194213867 0
vertex -18.400026321411133 -33.34502410888672 1.7000000476837158
endloop
endfacet
facet normal 0.1950798514286955 0.9807873630744628 0
outer loop
vertex -18.400026321411133 -33.34502410888672 1.7000000476837158
vertex -18.400026321411133 -33.34502410888672 0
vertex -18.572233200073242 -33.31077194213867 1.7000000476837158
endloop
endfacet
facet normal -0.9807861114401027 -0.19508614406513386 0
outer loop
vertex -17.98427963256836 -32.722816467285156 0
vertex -17.95002555847168 -32.89502716064453 0
vertex -17.95002555847168 -32.89502716064453 1.7000000476837158
endloop
endfacet
facet normal 0.8314665660174577 -0.5555747920803612 0
outer loop
vertex -18.815771102905273 -32.722816467285156 1.7000000476837158
vertex -18.815771102905273 -32.722816467285156 0
vertex -18.718223571777344 -32.57682800292969 1.7000000476837158
endloop
endfacet
facet normal 0.8314665660174577 0.5555747920803612 0
outer loop
vertex -18.718223571777344 -33.21322250366211 1.7000000476837158
vertex -18.718223571777344 -33.21322250366211 0
vertex -18.815771102905273 -33.06723403930664 1.7000000476837158
endloop
endfacet
facet normal 0 0 -1
outer loop
vertex -17.95002555847168 -32.89502716064453 1.7000000476837158
vertex -17.98427963256836 -33.06723403930664 1.7000000476837158
vertex -17.98427963256836 -32.722816467285156 1.7000000476837158
endloop
endfacet
facet normal 0.5555772839934787 0.8314649009491799 0
outer loop
vertex -18.572233200073242 -33.31077194213867 1.7000000476837158
vertex -18.572233200073242 -33.31077194213867 0
vertex -18.718223571777344 -33.21322250366211 1.7000000476837158
endloop
endfacet
facet normal 0.9807832059488795 0.1951007507126451 0
outer loop
vertex -18.815771102905273 -33.06723403930664 1.7000000476837158
vertex -18.815771102905273 -33.06723403930664 0
vertex -18.850027084350586 -32.89502716064453 1.7000000476837158
endloop
endfacet
facet normal 0.9807840329128791 -0.19509659346884756 0
outer loop
vertex -18.850027084350586 -32.89502716064453 1.7000000476837158
vertex -18.850027084350586 -32.89502716064453 0
vertex -18.815771102905273 -32.722816467285156 1.7000000476837158
endloop
endfacet
facet normal 0.1950798514286955 0.9807873630744628 0
outer loop
vertex -18.400026321411133 -33.34502410888672 0
vertex -18.572233200073242 -33.31077194213867 0
vertex -18.572233200073242 -33.31077194213867 1.7000000476837158
endloop
endfacet
facet normal 0.5555772839934787 0.8314649009491799 0
outer loop
vertex -18.718223571777344 -33.21322250366211 0
vertex -18.718223571777344 -33.21322250366211 1.7000000476837158
vertex -18.572233200073242 -33.31077194213867 0
endloop
endfacet
facet normal 0 0 -1
outer loop
vertex -18.081829071044922 -32.57682800292969 1.7000000476837158
vertex -17.98427963256836 -32.722816467285156 1.7000000476837158
vertex -18.081829071044922 -33.21322250366211 1.7000000476837158
endloop
endfacet
facet normal 0.5555772839934787 -0.8314649009491799 0
outer loop
vertex -18.572233200073242 -32.479278564453125 0
vertex -18.572233200073242 -32.479278564453125 1.7000000476837158
vertex -18.718223571777344 -32.57682800292969 0
endloop
endfacet
facet normal -0.8314615478636338 -0.5555823021157262 0
outer loop
vertex -18.081829071044922 -32.57682800292969 0
vertex -17.98427963256836 -32.722816467285156 0
vertex -17.98427963256836 -32.722816467285156 1.7000000476837158
endloop
endfacet
facet normal -0.9807852845629332 0.19509030110388895 0
outer loop
vertex -17.95002555847168 -32.89502716064453 0
vertex -17.98427963256836 -33.06723403930664 0
vertex -17.98427963256836 -33.06723403930664 1.7000000476837158
endloop
endfacet
facet normal 0.1951007507126451 0.9807832059488795 0
outer loop
vertex -18.400026321411133 -32.07502746582031 0
vertex -18.572233200073242 -32.040771484375 0
vertex -18.572233200073242 -32.040771484375 1.7000000476837158
endloop
endfacet
facet normal 0.8314699190325903 0.555569773965375 0
outer loop
vertex -18.815771102905273 -31.79723358154297 0
vertex -18.815771102905273 -31.79723358154297 1.7000000476837158
vertex -18.718223571777344 -31.94322395324707 0
endloop
endfacet
facet normal 0 0 -1
outer loop
vertex -18.718223571777344 -31.94322395324707 1.7000000476837158
vertex -18.815771102905273 -31.79723358154297 1.7000000476837158
vertex -18.718223571777344 -31.306827545166016 1.7000000476837158
endloop
endfacet
facet normal 0.555569773965375 0.8314699190325903 0
outer loop
vertex -18.718223571777344 -31.94322395324707 0
vertex -18.718223571777344 -31.94322395324707 1.7000000476837158
vertex -18.572233200073242 -32.040771484375 0
endloop
endfacet
facet normal 0.9807832059488795 -0.1951007507126451 0
outer loop
vertex -18.815771102905273 -31.452817916870117 0
vertex -18.815771102905273 -31.452817916870117 1.7000000476837158
vertex -18.850027084350586 -31.625024795532227 0
endloop
endfacet
facet normal 0 0 -1
outer loop
vertex -18.572233200073242 -32.040771484375 1.7000000476837158
vertex -18.718223571777344 -31.94322395324707 1.7000000476837158
vertex -18.572233200073242 -31.209280014038086 1.7000000476837158
endloop
endfacet
facet normal 0 0 -1
outer loop
vertex -18.815771102905273 -31.79723358154297 1.7000000476837158
vertex -18.850027084350586 -31.625024795532227 1.7000000476837158
vertex -18.815771102905273 -31.452817916870117 1.7000000476837158
endloop
endfacet
facet normal 0 0 -1
outer loop
vertex -18.718223571777344 -31.306827545166016 1.7000000476837158
vertex -18.815771102905273 -31.79723358154297 1.7000000476837158
vertex -18.815771102905273 -31.452817916870117 1.7000000476837158
endloop
endfacet
facet normal 0 0 -1
outer loop
vertex -18.572233200073242 -31.209280014038086 1.7000000476837158
vertex -18.718223571777344 -31.94322395324707 1.7000000476837158
vertex -18.718223571777344 -31.306827545166016 1.7000000476837158
endloop
endfacet
facet normal 0.9807836194374872 0.1950986720690384 0
outer loop
vertex -18.850027084350586 -31.625024795532227 0
vertex -18.850027084350586 -31.625024795532227 1.7000000476837158
vertex -18.815771102905273 -31.79723358154297 0
endloop
endfacet
facet normal 0 0 -1
outer loop
vertex -18.400026321411133 -31.175025939941406 1.7000000476837158
vertex -18.572233200073242 -32.040771484375 1.7000000476837158
vertex -18.572233200073242 -31.209280014038086 1.7000000476837158
endloop
endfacet
facet normal 0 0 -1
outer loop
vertex -18.400026321411133 -32.07502746582031 1.7000000476837158
vertex -18.572233200073242 -32.040771484375 1.7000000476837158
vertex -18.400026321411133 -31.175025939941406 1.7000000476837158
endloop
endfacet
facet normal 0.8314699190325903 -0.555569773965375 0
outer loop
vertex -18.718223571777344 -31.306827545166016 0
vertex -18.718223571777344 -31.306827545166016 1.7000000476837158
vertex -18.815771102905273 -31.452817916870117 0
endloop
endfacet
facet normal 0.555569773965375 0.8314699190325903 0
outer loop
vertex -18.572233200073242 -32.040771484375 1.7000000476837158
vertex -18.572233200073242 -32.040771484375 0
vertex -18.718223571777344 -31.94322395324707 1.7000000476837158
endloop
endfacet
facet normal 0.8314699190325903 0.555569773965375 0
outer loop
vertex -18.718223571777344 -31.94322395324707 1.7000000476837158
vertex -18.718223571777344 -31.94322395324707 0
vertex -18.815771102905273 -31.79723358154297 1.7000000476837158
endloop
endfacet
facet normal 0 0 -1
outer loop
vertex -18.227819442749023 -32.040771484375 1.7000000476837158
vertex -18.400026321411133 -32.07502746582031 1.7000000476837158
vertex -18.227819442749023 -31.209280014038086 1.7000000476837158
endloop
endfacet
facet normal -0.8314649009491799 0.5555772839934787 0
outer loop
vertex -17.98427963256836 -31.79723358154297 0
vertex -18.081829071044922 -31.94322395324707 0
vertex -18.081829071044922 -31.94322395324707 1.7000000476837158
endloop
endfacet
facet normal 0.1951007507126451 0.9807832059488795 0
outer loop
vertex -18.400026321411133 -32.07502746582031 1.7000000476837158
vertex -18.400026321411133 -32.07502746582031 0
vertex -18.572233200073242 -32.040771484375 1.7000000476837158
endloop
endfacet
facet normal -0.1951007507126451 0.9807832059488795 0
outer loop
vertex -18.227819442749023 -32.040771484375 1.7000000476837158
vertex -18.227819442749023 -32.040771484375 0
vertex -18.400026321411133 -32.07502746582031 1.7000000476837158
endloop
endfacet
facet normal -0.555569773965375 0.8314699190325903 0
outer loop
vertex -18.081829071044922 -31.94322395324707 1.7000000476837158
vertex -18.081829071044922 -31.94322395324707 0
vertex -18.227819442749023 -32.040771484375 1.7000000476837158
endloop
endfacet
facet normal -0.555569773965375 0.8314699190325903 0
outer loop
vertex -18.081829071044922 -31.94322395324707 0
vertex -18.227819442749023 -32.040771484375 0
vertex -18.227819442749023 -32.040771484375 1.7000000476837158
endloop
endfacet
facet normal -0.8314649009491799 0.5555772839934787 0
outer loop
vertex -17.98427963256836 -31.79723358154297 1.7000000476837158
vertex -17.98427963256836 -31.79723358154297 0
vertex -18.081829071044922 -31.94322395324707 1.7000000476837158
endloop
endfacet
facet normal 0.9807832059488795 -0.1951007507126451 0
outer loop
vertex -18.850027084350586 -31.625024795532227 1.7000000476837158
vertex -18.850027084350586 -31.625024795532227 0
vertex -18.815771102905273 -31.452817916870117 1.7000000476837158
endloop
endfacet
facet normal 0.9807836194374872 0.1950986720690384 0
outer loop
vertex -18.815771102905273 -31.79723358154297 1.7000000476837158
vertex -18.815771102905273 -31.79723358154297 0
vertex -18.850027084350586 -31.625024795532227 1.7000000476837158
endloop
endfacet
facet normal 0 0 -1
outer loop
vertex -18.081829071044922 -31.94322395324707 1.7000000476837158
vertex -18.227819442749023 -32.040771484375 1.7000000476837158
vertex -18.081829071044922 -31.306827545166016 1.7000000476837158
endloop
endfacet
facet normal 0 0 -1
outer loop
vertex -18.227819442749023 -31.209280014038086 1.7000000476837158
vertex -18.400026321411133 -32.07502746582031 1.7000000476837158
vertex -18.400026321411133 -31.175025939941406 1.7000000476837158
endloop
endfacet
facet normal 0 0 -1
outer loop
vertex -18.081829071044922 -31.94322395324707 1.7000000476837158
vertex -18.081829071044922 -31.306827545166016 1.7000000476837158
vertex -17.98427963256836 -31.452817916870117 1.7000000476837158
endloop
endfacet
facet normal 0 0 -1
outer loop
vertex -17.98427963256836 -31.79723358154297 1.7000000476837158
vertex -18.081829071044922 -31.94322395324707 1.7000000476837158
vertex -17.98427963256836 -31.452817916870117 1.7000000476837158
endloop
endfacet
facet normal 0 0 -1
outer loop
vertex -18.227819442749023 -31.209280014038086 1.7000000476837158
vertex -18.081829071044922 -31.306827545166016 1.7000000476837158
vertex -18.227819442749023 -32.040771484375 1.7000000476837158
endloop
endfacet
facet normal 0.8314699190325903 -0.555569773965375 0
outer loop
vertex -18.815771102905273 -31.452817916870117 1.7000000476837158
vertex -18.815771102905273 -31.452817916870117 0
vertex -18.718223571777344 -31.306827545166016 1.7000000476837158
endloop
endfacet
facet normal 0 0 -1
outer loop
vertex -17.95002555847168 -31.625024795532227 1.7000000476837158
vertex -17.98427963256836 -31.79723358154297 1.7000000476837158
vertex -17.98427963256836 -31.452817916870117 1.7000000476837158
endloop
endfacet
facet normal 0.555569773965375 -0.8314699190325903 0
outer loop
vertex -18.718223571777344 -31.306827545166016 1.7000000476837158
vertex -18.718223571777344 -31.306827545166016 0
vertex -18.572233200073242 -31.209280014038086 1.7000000476837158
endloop
endfacet
facet normal -0.8314649009491799 -0.5555772839934787 0
outer loop
vertex -17.98427963256836 -31.452817916870117 0
vertex -17.98427963256836 -31.452817916870117 1.7000000476837158
vertex -18.081829071044922 -31.306827545166016 0
endloop
endfacet
facet normal -0.1951007507126451 0.9807832059488795 0
outer loop
vertex -18.227819442749023 -32.040771484375 0
vertex -18.400026321411133 -32.07502746582031 0
vertex -18.400026321411133 -32.07502746582031 1.7000000476837158
endloop
endfacet
facet normal 0.19509030110388895 -0.9807852845629332 0
outer loop
vertex -18.572233200073242 -31.209280014038086 1.7000000476837158
vertex -18.572233200073242 -31.209280014038086 0
vertex -18.400026321411133 -31.175025939941406 1.7000000476837158
endloop
endfacet
facet normal -0.555569773965375 -0.8314699190325903 0
outer loop
vertex -18.227819442749023 -31.209280014038086 0
vertex -18.081829071044922 -31.306827545166016 0
vertex -18.081829071044922 -31.306827545166016 1.7000000476837158
endloop
endfacet
facet normal -0.9807856980081253 0.19508822256280442 0
outer loop
vertex -17.95002555847168 -31.625024795532227 1.7000000476837158
vertex -17.95002555847168 -31.625024795532227 0
vertex -17.98427963256836 -31.79723358154297 1.7000000476837158
endloop
endfacet
facet normal -0.555569773965375 -0.8314699190325903 0
outer loop
vertex -18.227819442749023 -31.209280014038086 1.7000000476837158
vertex -18.227819442749023 -31.209280014038086 0
vertex -18.081829071044922 -31.306827545166016 1.7000000476837158
endloop
endfacet
facet normal -0.19509030110388895 -0.9807852845629332 0
outer loop
vertex -18.227819442749023 -31.209280014038086 0
vertex -18.227819442749023 -31.209280014038086 1.7000000476837158
vertex -18.400026321411133 -31.175025939941406 0
endloop
endfacet
facet normal 0.19509030110388895 -0.9807852845629332 0
outer loop
vertex -18.400026321411133 -31.175025939941406 0
vertex -18.400026321411133 -31.175025939941406 1.7000000476837158
vertex -18.572233200073242 -31.209280014038086 0
endloop
endfacet
facet normal -0.8314649009491799 -0.5555772839934787 0
outer loop
vertex -18.081829071044922 -31.306827545166016 1.7000000476837158
vertex -18.081829071044922 -31.306827545166016 0
vertex -17.98427963256836 -31.452817916870117 1.7000000476837158
endloop
endfacet
facet normal -0.9807852845629332 -0.19509030110388895 0
outer loop
vertex -17.98427963256836 -31.452817916870117 0
vertex -17.95002555847168 -31.625024795532227 0
vertex -17.95002555847168 -31.625024795532227 1.7000000476837158
endloop
endfacet
facet normal -0.9807852845629332 -0.19509030110388895 0
outer loop
vertex -17.98427963256836 -31.452817916870117 1.7000000476837158
vertex -17.98427963256836 -31.452817916870117 0
vertex -17.95002555847168 -31.625024795532227 1.7000000476837158
endloop
endfacet
facet normal -0.9807856980081253 0.19508822256280442 0
outer loop
vertex -17.95002555847168 -31.625024795532227 0
vertex -17.98427963256836 -31.79723358154297 0
vertex -17.98427963256836 -31.79723358154297 1.7000000476837158
endloop
endfacet
facet normal 0.555569773965375 -0.8314699190325903 0
outer loop
vertex -18.572233200073242 -31.209280014038086 0
vertex -18.572233200073242 -31.209280014038086 1.7000000476837158
vertex -18.718223571777344 -31.306827545166016 0
endloop
endfacet
facet normal -0.19509030110388895 -0.9807852845629332 0
outer loop
vertex -18.400026321411133 -31.175025939941406 1.7000000476837158
vertex -18.400026321411133 -31.175025939941406 0
vertex -18.227819442749023 -31.209280014038086 1.7000000476837158
endloop
endfacet
facet normal 0.19509030110388895 -0.9807852845629332 0
outer loop
vertex -18.572233200073242 -29.939279556274414 1.7000000476837158
vertex -18.572233200073242 -29.939279556274414 0
vertex -18.400026321411133 -29.905025482177734 1.7000000476837158
endloop
endfacet
facet normal -0.9807852845629332 0.19509030110388895 0
outer loop
vertex -17.95002555847168 -30.355026245117188 0
vertex -17.98427963256836 -30.527233123779297 0
vertex -17.98427963256836 -30.527233123779297 1.7000000476837158
endloop
endfacet
facet normal -0.19509030110388895 -0.9807852845629332 0
outer loop
vertex -18.400026321411133 -29.905025482177734 1.7000000476837158
vertex -18.400026321411133 -29.905025482177734 0
vertex -18.227819442749023 -29.939279556274414 1.7000000476837158
endloop
endfacet
facet normal 0 0 -1
outer loop
vertex -18.572233200073242 -29.939279556274414 1.7000000476837158
vertex -18.718223571777344 -30.6732234954834 1.7000000476837158
vertex -18.718223571777344 -30.036827087402344 1.7000000476837158
endloop
endfacet
facet normal 0 0 -1
outer loop
vertex -17.95002555847168 -30.355026245117188 1.7000000476837158
vertex -17.98427963256836 -30.527233123779297 1.7000000476837158
vertex -17.98427963256836 -30.182817459106445 1.7000000476837158
endloop
endfacet
facet normal 0 0 -1
outer loop
vertex -17.98427963256836 -30.527233123779297 1.7000000476837158
vertex -18.081829071044922 -30.6732234954834 1.7000000476837158
vertex -17.98427963256836 -30.182817459106445 1.7000000476837158
endloop
endfacet
facet normal 0.555569773965375 0.8314699190325903 0
outer loop
vertex -18.572233200073242 -30.770771026611328 1.7000000476837158
vertex -18.572233200073242 -30.770771026611328 0
vertex -18.718223571777344 -30.6732234954834 1.7000000476837158
endloop
endfacet
facet normal 0.9807836194374872 -0.1950986720690384 0
outer loop
vertex -18.850027084350586 -30.355026245117188 1.7000000476837158
vertex -18.850027084350586 -30.355026245117188 0
vertex -18.815771102905273 -30.182817459106445 1.7000000476837158
endloop
endfacet
facet normal 0.8314699190325903 0.555569773965375 0
outer loop
vertex -18.718223571777344 -30.6732234954834 1.7000000476837158
vertex -18.718223571777344 -30.6732234954834 0
vertex -18.815771102905273 -30.527233123779297 1.7000000476837158
endloop
endfacet
facet normal 0.9807832059488795 0.1951007507126451 0
outer loop
vertex -18.815771102905273 -30.527233123779297 1.7000000476837158
vertex -18.815771102905273 -30.527233123779297 0
vertex -18.850027084350586 -30.355026245117188 1.7000000476837158
endloop
endfacet
facet normal 0.19509030110388895 0.9807852845629332 0
outer loop
vertex -18.400026321411133 -30.805025100708008 1.7000000476837158
vertex -18.400026321411133 -30.805025100708008 0
vertex -18.572233200073242 -30.770771026611328 1.7000000476837158
endloop
endfacet
facet normal -0.19509030110388895 0.9807852845629332 0
outer loop
vertex -18.227819442749023 -30.770771026611328 1.7000000476837158
vertex -18.227819442749023 -30.770771026611328 0
vertex -18.400026321411133 -30.805025100708008 1.7000000476837158
endloop
endfacet
facet normal -0.555569773965375 0.8314699190325903 0
outer loop
vertex -18.081829071044922 -30.6732234954834 1.7000000476837158
vertex -18.081829071044922 -30.6732234954834 0
vertex -18.227819442749023 -30.770771026611328 1.7000000476837158
endloop
endfacet
facet normal -0.8314649009491799 0.5555772839934787 0
outer loop
vertex -17.98427963256836 -30.527233123779297 1.7000000476837158
vertex -17.98427963256836 -30.527233123779297 0
vertex -18.081829071044922 -30.6732234954834 1.7000000476837158
endloop
endfacet
facet normal -0.9807852845629332 0.19509030110388895 0
outer loop
vertex -17.95002555847168 -30.355026245117188 1.7000000476837158
vertex -17.95002555847168 -30.355026245117188 0
vertex -17.98427963256836 -30.527233123779297 1.7000000476837158
endloop
endfacet
facet normal 0.8314699190325903 -0.555569773965375 0
outer loop
vertex -18.815771102905273 -30.182817459106445 1.7000000476837158
vertex -18.815771102905273 -30.182817459106445 0
vertex -18.718223571777344 -30.036827087402344 1.7000000476837158
endloop
endfacet
facet normal 0.555569773965375 -0.8314699190325903 0
outer loop
vertex -18.718223571777344 -30.036827087402344 1.7000000476837158
vertex -18.718223571777344 -30.036827087402344 0
vertex -18.572233200073242 -29.939279556274414 1.7000000476837158
endloop
endfacet
facet normal 0.8314699190325903 0.555569773965375 0
outer loop
vertex -18.815771102905273 -30.527233123779297 0
vertex -18.815771102905273 -30.527233123779297 1.7000000476837158
vertex -18.718223571777344 -30.6732234954834 0
endloop
endfacet
facet normal -0.19509030110388895 0.9807852845629332 0
outer loop
vertex -18.227819442749023 -30.770771026611328 0
vertex -18.400026321411133 -30.805025100708008 0
vertex -18.400026321411133 -30.805025100708008 1.7000000476837158
endloop
endfacet
facet normal -0.9807856980081253 -0.19508822256280442 0
outer loop
vertex -17.98427963256836 -30.182817459106445 1.7000000476837158
vertex -17.98427963256836 -30.182817459106445 0
vertex -17.95002555847168 -30.355026245117188 1.7000000476837158
endloop
endfacet
facet normal -0.8314649009491799 -0.5555772839934787 0
outer loop
vertex -18.081829071044922 -30.036827087402344 1.7000000476837158
vertex -18.081829071044922 -30.036827087402344 0
vertex -17.98427963256836 -30.182817459106445 1.7000000476837158
endloop
endfacet
facet normal -0.555569773965375 -0.8314699190325903 0
outer loop
vertex -18.227819442749023 -29.939279556274414 1.7000000476837158
vertex -18.227819442749023 -29.939279556274414 0
vertex -18.081829071044922 -30.036827087402344 1.7000000476837158
endloop
endfacet
facet normal 0 0 -1
outer loop
vertex -18.572233200073242 -30.770771026611328 1.7000000476837158
vertex -18.572233200073242 -29.939279556274414 1.7000000476837158
vertex -18.400026321411133 -29.905025482177734 1.7000000476837158
endloop
endfacet
facet normal 0 0 -1
outer loop
vertex -18.227819442749023 -29.939279556274414 1.7000000476837158
vertex -18.400026321411133 -30.805025100708008 1.7000000476837158
vertex -18.400026321411133 -29.905025482177734 1.7000000476837158
endloop
endfacet
facet normal 0 0 -1
outer loop
vertex -18.227819442749023 -29.939279556274414 1.7000000476837158
vertex -18.081829071044922 -30.036827087402344 1.7000000476837158
vertex -18.227819442749023 -30.770771026611328 1.7000000476837158
endloop
endfacet
facet normal 0 0 -1
outer loop
vertex -18.718223571777344 -30.036827087402344 1.7000000476837158
vertex -18.815771102905273 -30.527233123779297 1.7000000476837158
vertex -18.815771102905273 -30.182817459106445 1.7000000476837158
endloop
endfacet
facet normal 0.19509030110388895 -0.9807852845629332 0
outer loop
vertex -18.400026321411133 -29.905025482177734 0
vertex -18.400026321411133 -29.905025482177734 1.7000000476837158
vertex -18.572233200073242 -29.939279556274414 0
endloop
endfacet
facet normal -0.8314649009491799 -0.5555772839934787 0
outer loop
vertex -17.98427963256836 -30.182817459106445 0
vertex -17.98427963256836 -30.182817459106445 1.7000000476837158
vertex -18.081829071044922 -30.036827087402344 0
endloop
endfacet
facet normal -0.555569773965375 -0.8314699190325903 0
outer loop
vertex -18.227819442749023 -29.939279556274414 0
vertex -18.081829071044922 -30.036827087402344 0
vertex -18.081829071044922 -30.036827087402344 1.7000000476837158
endloop
endfacet
facet normal 0.19509030110388895 0.9807852845629332 0
outer loop
vertex -18.400026321411133 -30.805025100708008 0
vertex -18.572233200073242 -30.770771026611328 0
vertex -18.572233200073242 -30.770771026611328 1.7000000476837158
endloop
endfacet
facet normal 0 0 -1
outer loop
vertex -17.98427963256836 -30.182817459106445 1.7000000476837158
vertex -18.081829071044922 -30.6732234954834 1.7000000476837158
vertex -18.081829071044922 -30.036827087402344 1.7000000476837158
endloop
endfacet
facet normal 0 0 -1
outer loop
vertex -18.081829071044922 -30.6732234954834 1.7000000476837158
vertex -18.227819442749023 -30.770771026611328 1.7000000476837158
vertex -18.081829071044922 -30.036827087402344 1.7000000476837158
endloop
endfacet
facet normal 0 0 -1
outer loop
vertex -18.227819442749023 -30.770771026611328 1.7000000476837158
vertex -18.400026321411133 -30.805025100708008 1.7000000476837158
vertex -18.227819442749023 -29.939279556274414 1.7000000476837158
endloop
endfacet
facet normal 0 0 -1
outer loop
vertex -18.400026321411133 -30.805025100708008 1.7000000476837158
vertex -18.572233200073242 -30.770771026611328 1.7000000476837158
vertex -18.400026321411133 -29.905025482177734 1.7000000476837158
endloop
endfacet
facet normal 0 0 -1
outer loop
vertex -18.572233200073242 -30.770771026611328 1.7000000476837158
vertex -18.718223571777344 -30.6732234954834 1.7000000476837158
vertex -18.572233200073242 -29.939279556274414 1.7000000476837158
endloop
endfacet
facet normal 0 0 -1
outer loop
vertex -18.815771102905273 -30.527233123779297 1.7000000476837158
vertex -18.850027084350586 -30.355026245117188 1.7000000476837158
vertex -18.815771102905273 -30.182817459106445 1.7000000476837158
endloop
endfacet
facet normal 0 0 -1
outer loop
vertex -18.718223571777344 -30.6732234954834 1.7000000476837158
vertex -18.815771102905273 -30.527233123779297 1.7000000476837158
vertex -18.718223571777344 -30.036827087402344 1.7000000476837158
endloop
endfacet
facet normal 0.555569773965375 -0.8314699190325903 0
outer loop
vertex -18.572233200073242 -29.939279556274414 0
vertex -18.572233200073242 -29.939279556274414 1.7000000476837158
vertex -18.718223571777344 -30.036827087402344 0
endloop
endfacet
facet normal -0.555569773965375 0.8314699190325903 0
outer loop
vertex -18.081829071044922 -30.6732234954834 0
vertex -18.227819442749023 -30.770771026611328 0
vertex -18.227819442749023 -30.770771026611328 1.7000000476837158
endloop
endfacet
facet normal 0.8314699190325903 -0.555569773965375 0
outer loop
vertex -18.718223571777344 -30.036827087402344 0
vertex -18.718223571777344 -30.036827087402344 1.7000000476837158
vertex -18.815771102905273 -30.182817459106445 0
endloop
endfacet
facet normal -0.8314649009491799 0.5555772839934787 0
outer loop
vertex -17.98427963256836 -30.527233123779297 0
vertex -18.081829071044922 -30.6732234954834 0
vertex -18.081829071044922 -30.6732234954834 1.7000000476837158
endloop
endfacet
facet normal 0.9807836194374872 -0.1950986720690384 0
outer loop
vertex -18.850027084350586 -30.355026245117188 0
vertex -18.815771102905273 -30.182817459106445 0
vertex -18.815771102905273 -30.182817459106445 1.7000000476837158
endloop
endfacet
facet normal 0.555569773965375 0.8314699190325903 0
outer loop
vertex -18.572233200073242 -30.770771026611328 0
vertex -18.718223571777344 -30.6732234954834 0
vertex -18.718223571777344 -30.6732234954834 1.7000000476837158
endloop
endfacet
facet normal 0.9807832059488795 0.1951007507126451 0
outer loop
vertex -18.850027084350586 -30.355026245117188 0
vertex -18.850027084350586 -30.355026245117188 1.7000000476837158
vertex -18.815771102905273 -30.527233123779297 0
endloop
endfacet
facet normal -0.9807856980081253 -0.19508822256280442 0
outer loop
vertex -17.98427963256836 -30.182817459106445 0
vertex -17.95002555847168 -30.355026245117188 0
vertex -17.95002555847168 -30.355026245117188 1.7000000476837158
endloop
endfacet
facet normal -0.19509030110388895 -0.9807852845629332 0
outer loop
vertex -18.227819442749023 -29.939279556274414 0
vertex -18.227819442749023 -29.939279556274414 1.7000000476837158
vertex -18.400026321411133 -29.905025482177734 0
endloop
endfacet
facet normal -0.19509030110388895 0.9807852845629332 0
outer loop
vertex -18.227819442749023 -29.500770568847656 1.7000000476837158
vertex -18.227819442749023 -29.500770568847656 0
vertex -18.400026321411133 -29.535024642944336 1.7000000476837158
endloop
endfacet
facet normal 0.555569773965375 -0.8314699190325903 0
outer loop
vertex -18.718223571777344 -28.766826629638672 1.7000000476837158
vertex -18.718223571777344 -28.766826629638672 0
vertex -18.572233200073242 -28.669279098510742 1.7000000476837158
endloop
endfacet
facet normal 0 0 -1
outer loop
vertex -17.95002555847168 -29.085025787353516 1.7000000476837158
vertex -17.98427963256836 -29.257232666015625 1.7000000476837158
vertex -17.98427963256836 -28.912818908691406 1.7000000476837158
endloop
endfacet
facet normal -0.555569773965375 0.8314699190325903 0
outer loop
vertex -18.081829071044922 -29.403223037719727 1.7000000476837158
vertex -18.081829071044922 -29.403223037719727 0
vertex -18.227819442749023 -29.500770568847656 1.7000000476837158
endloop
endfacet
facet normal 0.8314732719568675 -0.5555647559208026 0
outer loop
vertex -18.815771102905273 -28.912818908691406 1.7000000476837158
vertex -18.815771102905273 -28.912818908691406 0
vertex -18.718223571777344 -28.766826629638672 1.7000000476837158
endloop
endfacet
facet normal -0.555569773965375 -0.8314699190325903 0
outer loop
vertex -18.227819442749023 -28.669279098510742 1.7000000476837158
vertex -18.227819442749023 -28.669279098510742 0
vertex -18.081829071044922 -28.766826629638672 1.7000000476837158
endloop
endfacet
facet normal 0 0 -1
outer loop
vertex -18.227819442749023 -28.669279098510742 1.7000000476837158
vertex -18.081829071044922 -28.766826629638672 1.7000000476837158
vertex -18.227819442749023 -29.500770568847656 1.7000000476837158
endloop
endfacet
facet normal 0 0 -1
outer loop
vertex -18.081829071044922 -28.766826629638672 1.7000000476837158
vertex -17.98427963256836 -28.912818908691406 1.7000000476837158
vertex -18.081829071044922 -29.403223037719727 1.7000000476837158
endloop
endfacet
facet normal 0 0 -1
outer loop
vertex -18.227819442749023 -28.669279098510742 1.7000000476837158
vertex -18.400026321411133 -29.535024642944336 1.7000000476837158
vertex -18.400026321411133 -28.635025024414062 1.7000000476837158
endloop
endfacet
facet normal 0.9807832059488795 -0.1951007507126451 0
outer loop
vertex -18.850027084350586 -29.085025787353516 1.7000000476837158
vertex -18.850027084350586 -29.085025787353516 0
vertex -18.815771102905273 -28.912818908691406 1.7000000476837158
endloop
endfacet
facet normal 0 0 -1
outer loop
vertex -17.98427963256836 -29.257232666015625 1.7000000476837158
vertex -18.081829071044922 -29.403223037719727 1.7000000476837158
vertex -17.98427963256836 -28.912818908691406 1.7000000476837158
endloop
endfacet
facet normal 0.9807832059488795 0.1951007507126451 0
outer loop
vertex -18.815771102905273 -29.257232666015625 1.7000000476837158
vertex -18.815771102905273 -29.257232666015625 0
vertex -18.850027084350586 -29.085025787353516 1.7000000476837158
endloop
endfacet
facet normal -0.555569773965375 -0.8314699190325903 0
outer loop
vertex -18.227819442749023 -28.669279098510742 0
vertex -18.081829071044922 -28.766826629638672 0
vertex -18.081829071044922 -28.766826629638672 1.7000000476837158
endloop
endfacet
facet normal -0.19509030110388895 -0.9807852845629332 0
outer loop
vertex -18.227819442749023 -28.669279098510742 0
vertex -18.227819442749023 -28.669279098510742 1.7000000476837158
vertex -18.400026321411133 -28.635025024414062 0
endloop
endfacet
facet normal 0.19509030110388895 -0.9807852845629332 0
outer loop
vertex -18.400026321411133 -28.635025024414062 0
vertex -18.400026321411133 -28.635025024414062 1.7000000476837158
vertex -18.572233200073242 -28.669279098510742 0
endloop
endfacet
facet normal -0.8314649009491799 0.5555772839934787 0
outer loop
vertex -17.98427963256836 -29.257232666015625 1.7000000476837158
vertex -17.98427963256836 -29.257232666015625 0
vertex -18.081829071044922 -29.403223037719727 1.7000000476837158
endloop
endfacet
facet normal -0.9807852845629332 0.19509030110388895 0
outer loop
vertex -17.95002555847168 -29.085025787353516 1.7000000476837158
vertex -17.95002555847168 -29.085025787353516 0
vertex -17.98427963256836 -29.257232666015625 1.7000000476837158
endloop
endfacet
facet normal -0.9807852845629332 -0.19509030110388895 0
outer loop
vertex -17.98427963256836 -28.912818908691406 1.7000000476837158
vertex -17.98427963256836 -28.912818908691406 0
vertex -17.95002555847168 -29.085025787353516 1.7000000476837158
endloop
endfacet
facet normal 0.555569773965375 -0.8314699190325903 0
outer loop
vertex -18.572233200073242 -28.669279098510742 0
vertex -18.572233200073242 -28.669279098510742 1.7000000476837158
vertex -18.718223571777344 -28.766826629638672 0
endloop
endfacet
facet normal -0.8314682539438699 -0.5555722659416437 0
outer loop
vertex -18.081829071044922 -28.766826629638672 0
vertex -17.98427963256836 -28.912818908691406 0
vertex -17.98427963256836 -28.912818908691406 1.7000000476837158
endloop
endfacet
facet normal -0.9807852845629332 -0.19509030110388895 0
outer loop
vertex -17.98427963256836 -28.912818908691406 0
vertex -17.95002555847168 -29.085025787353516 0
vertex -17.95002555847168 -29.085025787353516 1.7000000476837158
endloop
endfacet
facet normal -0.9807852845629332 0.19509030110388895 0
outer loop
vertex -17.95002555847168 -29.085025787353516 0
vertex -17.98427963256836 -29.257232666015625 0
vertex -17.98427963256836 -29.257232666015625 1.7000000476837158
endloop
endfacet
facet normal -0.8314649009491799 0.5555772839934787 0
outer loop
vertex -17.98427963256836 -29.257232666015625 0
vertex -18.081829071044922 -29.403223037719727 0
vertex -18.081829071044922 -29.403223037719727 1.7000000476837158
endloop
endfacet
facet normal -0.555569773965375 0.8314699190325903 0
outer loop
vertex -18.081829071044922 -29.403223037719727 0
vertex -18.227819442749023 -29.500770568847656 0
vertex -18.227819442749023 -29.500770568847656 1.7000000476837158
endloop
endfacet
facet normal 0.8314732719568675 -0.5555647559208026 0
outer loop
vertex -18.718223571777344 -28.766826629638672 0
vertex -18.718223571777344 -28.766826629638672 1.7000000476837158
vertex -18.815771102905273 -28.912818908691406 0
endloop
endfacet
facet normal 0.9807832059488795 -0.1951007507126451 0
outer loop
vertex -18.815771102905273 -28.912818908691406 0
vertex -18.815771102905273 -28.912818908691406 1.7000000476837158
vertex -18.850027084350586 -29.085025787353516 0
endloop
endfacet
facet normal 0.8314699190325903 0.555569773965375 0
outer loop
vertex -18.815771102905273 -29.257232666015625 0
vertex -18.815771102905273 -29.257232666015625 1.7000000476837158
vertex -18.718223571777344 -29.403223037719727 0
endloop
endfacet
facet normal 0 0 -1
outer loop
vertex -18.081829071044922 -29.403223037719727 1.7000000476837158
vertex -18.227819442749023 -29.500770568847656 1.7000000476837158
vertex -18.081829071044922 -28.766826629638672 1.7000000476837158
endloop
endfacet
facet normal 0 0 -1
outer loop
vertex -18.227819442749023 -29.500770568847656 1.7000000476837158
vertex -18.400026321411133 -29.535024642944336 1.7000000476837158
vertex -18.227819442749023 -28.669279098510742 1.7000000476837158
endloop
endfacet
facet normal 0.555569773965375 0.8314699190325903 0
outer loop
vertex -18.572233200073242 -29.500770568847656 1.7000000476837158
vertex -18.572233200073242 -29.500770568847656 0
vertex -18.718223571777344 -29.403223037719727 1.7000000476837158
endloop
endfacet
facet normal 0 0 -1
outer loop
vertex -18.400026321411133 -29.535024642944336 1.7000000476837158
vertex -18.572233200073242 -29.500770568847656 1.7000000476837158
vertex -18.400026321411133 -28.635025024414062 1.7000000476837158
endloop
endfacet
facet normal 0 0 -1
outer loop
vertex -18.400026321411133 -28.635025024414062 1.7000000476837158
vertex -18.572233200073242 -29.500770568847656 1.7000000476837158
vertex -18.572233200073242 -28.669279098510742 1.7000000476837158
endloop
endfacet
facet normal 0 0 -1
outer loop
vertex -18.572233200073242 -28.669279098510742 1.7000000476837158
vertex -18.718223571777344 -29.403223037719727 1.7000000476837158
vertex -18.718223571777344 -28.766826629638672 1.7000000476837158
endloop
endfacet
facet normal 0.8314699190325903 0.555569773965375 0
outer loop
vertex -18.718223571777344 -29.403223037719727 1.7000000476837158
vertex -18.718223571777344 -29.403223037719727 0
vertex -18.815771102905273 -29.257232666015625 1.7000000476837158
endloop
endfacet
facet normal 0.19509030110388895 0.9807852845629332 0
outer loop
vertex -18.400026321411133 -29.535024642944336 1.7000000476837158
vertex -18.400026321411133 -29.535024642944336 0
vertex -18.572233200073242 -29.500770568847656 1.7000000476837158
endloop
endfacet
facet normal 0.555569773965375 0.8314699190325903 0
outer loop
vertex -18.572233200073242 -29.500770568847656 0
vertex -18.718223571777344 -29.403223037719727 0
vertex -18.718223571777344 -29.403223037719727 1.7000000476837158
endloop
endfacet
facet normal 0.19509030110388895 0.9807852845629332 0
outer loop
vertex -18.400026321411133 -29.535024642944336 0
vertex -18.572233200073242 -29.500770568847656 0
vertex -18.572233200073242 -29.500770568847656 1.7000000476837158
endloop
endfacet
facet normal 0.9807832059488795 0.1951007507126451 0
outer loop
vertex -18.850027084350586 -29.085025787353516 0
vertex -18.850027084350586 -29.085025787353516 1.7000000476837158
vertex -18.815771102905273 -29.257232666015625 0
endloop
endfacet
facet normal -0.19509030110388895 0.9807852845629332 0
outer loop
vertex -18.227819442749023 -29.500770568847656 0
vertex -18.400026321411133 -29.535024642944336 0
vertex -18.400026321411133 -29.535024642944336 1.7000000476837158
endloop
endfacet
facet normal 0 0 -1
outer loop
vertex -18.718223571777344 -28.766826629638672 1.7000000476837158
vertex -18.815771102905273 -29.257232666015625 1.7000000476837158
vertex -18.815771102905273 -28.912818908691406 1.7000000476837158
endloop
endfacet
facet normal 0 0 -1
outer loop
vertex -18.815771102905273 -29.257232666015625 1.7000000476837158
vertex -18.850027084350586 -29.085025787353516 1.7000000476837158
vertex -18.815771102905273 -28.912818908691406 1.7000000476837158
endloop
endfacet
facet normal -0.8314682539438699 -0.5555722659416437 0
outer loop
vertex -18.081829071044922 -28.766826629638672 1.7000000476837158
vertex -18.081829071044922 -28.766826629638672 0
vertex -17.98427963256836 -28.912818908691406 1.7000000476837158
endloop
endfacet
facet normal 0 0 -1
outer loop
vertex -18.572233200073242 -29.500770568847656 1.7000000476837158
vertex -18.718223571777344 -29.403223037719727 1.7000000476837158
vertex -18.572233200073242 -28.669279098510742 1.7000000476837158
endloop
endfacet
facet normal 0 0 -1
outer loop
vertex -18.718223571777344 -29.403223037719727 1.7000000476837158
vertex -18.815771102905273 -29.257232666015625 1.7000000476837158
vertex -18.718223571777344 -28.766826629638672 1.7000000476837158
endloop
endfacet
facet normal 0.19509030110388895 -0.9807852845629332 0
outer loop
vertex -18.572233200073242 -28.669279098510742 1.7000000476837158
vertex -18.572233200073242 -28.669279098510742 0
vertex -18.400026321411133 -28.635025024414062 1.7000000476837158
endloop
endfacet
facet normal -0.19509030110388895 -0.9807852845629332 0
outer loop
vertex -18.400026321411133 -28.635025024414062 1.7000000476837158
vertex -18.400026321411133 -28.635025024414062 0
vertex -18.227819442749023 -28.669279098510742 1.7000000476837158
endloop
endfacet
facet normal 0 0 -1
outer loop
vertex -18.227819442749023 -27.399280548095703 1.7000000476837158
vertex -18.400026321411133 -28.265026092529297 1.7000000476837158
vertex -18.400026321411133 -27.365026473999023 1.7000000476837158
endloop
endfacet
facet normal 0.555569773965375 -0.8314699190325903 0
outer loop
vertex -18.572233200073242 -27.399280548095703 0
vertex -18.572233200073242 -27.399280548095703 1.7000000476837158
vertex -18.718223571777344 -27.496828079223633 0
endloop
endfacet
facet normal 0 0 -1
outer loop
vertex -18.815771102905273 -27.987232208251953 1.7000000476837158
vertex -18.850027084350586 -27.815025329589844 1.7000000476837158
vertex -18.815771102905273 -27.642818450927734 1.7000000476837158
endloop
endfacet
facet normal 0.555569773965375 0.8314699190325903 0
outer loop
vertex -18.572233200073242 -28.230772018432617 0
vertex -18.718223571777344 -28.133224487304688 0
vertex -18.718223571777344 -28.133224487304688 1.7000000476837158
endloop
endfacet
facet normal 0.8314732719568675 0.5555647559208026 0
outer loop
vertex -18.815771102905273 -27.987232208251953 0
vertex -18.815771102905273 -27.987232208251953 1.7000000476837158
vertex -18.718223571777344 -28.133224487304688 0
endloop
endfacet
facet normal 0 0 -1
outer loop
vertex -18.081829071044922 -28.133224487304688 1.7000000476837158
vertex -18.227819442749023 -28.230772018432617 1.7000000476837158
vertex -18.081829071044922 -27.496828079223633 1.7000000476837158
endloop
endfacet
facet normal 0 0 -1
outer loop
vertex -18.400026321411133 -28.265026092529297 1.7000000476837158
vertex -18.572233200073242 -28.230772018432617 1.7000000476837158
vertex -18.400026321411133 -27.365026473999023 1.7000000476837158
endloop
endfacet
facet normal 0.19509030110388895 0.9807852845629332 0
outer loop
vertex -18.572233200073242 -28.230772018432617 0
vertex -18.572233200073242 -28.230772018432617 1.7000000476837158
vertex -18.400026321411133 -28.265026092529297 0
endloop
endfacet
facet normal 0.555569773965375 0.8314699190325903 0
outer loop
vertex -18.572233200073242 -28.230772018432617 1.7000000476837158
vertex -18.572233200073242 -28.230772018432617 0
vertex -18.718223571777344 -28.133224487304688 1.7000000476837158
endloop
endfacet
facet normal -0.19509030110388895 0.9807852845629332 0
outer loop
vertex -18.227819442749023 -28.230772018432617 0
vertex -18.400026321411133 -28.265026092529297 0
vertex -18.400026321411133 -28.265026092529297 1.7000000476837158
endloop
endfacet
facet normal 0 0 -1
outer loop
vertex -18.572233200073242 -28.230772018432617 1.7000000476837158
vertex -18.572233200073242 -27.399280548095703 1.7000000476837158
vertex -18.400026321411133 -27.365026473999023 1.7000000476837158
endloop
endfacet
facet normal -0.555569773965375 0.8314699190325903 0
outer loop
vertex -18.081829071044922 -28.133224487304688 0
vertex -18.227819442749023 -28.230772018432617 0
vertex -18.227819442749023 -28.230772018432617 1.7000000476837158
endloop
endfacet
facet normal -0.8314682539438699 0.5555722659416437 0
outer loop
vertex -17.98427963256836 -27.987232208251953 0
vertex -18.081829071044922 -28.133224487304688 0
vertex -18.081829071044922 -28.133224487304688 1.7000000476837158
endloop
endfacet
facet normal 0.8314732719568675 0.5555647559208026 0
outer loop
vertex -18.718223571777344 -28.133224487304688 1.7000000476837158
vertex -18.718223571777344 -28.133224487304688 0
vertex -18.815771102905273 -27.987232208251953 1.7000000476837158
endloop
endfacet
facet normal 0.19509030110388895 0.9807852845629332 0
outer loop
vertex -18.400026321411133 -28.265026092529297 1.7000000476837158
vertex -18.400026321411133 -28.265026092529297 0
vertex -18.572233200073242 -28.230772018432617 1.7000000476837158
endloop
endfacet
facet normal 0 0 -1
outer loop
vertex -18.572233200073242 -27.399280548095703 1.7000000476837158
vertex -18.718223571777344 -28.133224487304688 1.7000000476837158
vertex -18.718223571777344 -27.496828079223633 1.7000000476837158
endloop
endfacet
facet normal -0.19509030110388895 0.9807852845629332 0
outer loop
vertex -18.227819442749023 -28.230772018432617 1.7000000476837158
vertex -18.227819442749023 -28.230772018432617 0
vertex -18.400026321411133 -28.265026092529297 1.7000000476837158
endloop
endfacet
facet normal -0.555569773965375 0.8314699190325903 0
outer loop
vertex -18.081829071044922 -28.133224487304688 1.7000000476837158
vertex -18.081829071044922 -28.133224487304688 0
vertex -18.227819442749023 -28.230772018432617 1.7000000476837158
endloop
endfacet
facet normal 0 0 -1
outer loop
vertex -18.081829071044922 -27.496828079223633 1.7000000476837158
vertex -17.98427963256836 -27.642818450927734 1.7000000476837158
vertex -18.081829071044922 -28.133224487304688 1.7000000476837158
endloop
endfacet
facet normal 0 0 -1
outer loop
vertex -18.081829071044922 -27.496828079223633 1.7000000476837158
vertex -18.227819442749023 -28.230772018432617 1.7000000476837158
vertex -18.227819442749023 -27.399280548095703 1.7000000476837158
endloop
endfacet
facet normal 0 0 -1
outer loop
vertex -18.718223571777344 -27.496828079223633 1.7000000476837158
vertex -18.815771102905273 -27.987232208251953 1.7000000476837158
vertex -18.815771102905273 -27.642818450927734 1.7000000476837158
endloop
endfacet
facet normal -0.8314682539438699 0.5555722659416437 0
outer loop
vertex -17.98427963256836 -27.987232208251953 1.7000000476837158
vertex -17.98427963256836 -27.987232208251953 0
vertex -18.081829071044922 -28.133224487304688 1.7000000476837158
endloop
endfacet
facet normal 0 0 -1
outer loop
vertex -18.572233200073242 -28.230772018432617 1.7000000476837158
vertex -18.718223571777344 -28.133224487304688 1.7000000476837158
vertex -18.572233200073242 -27.399280548095703 1.7000000476837158
endloop
endfacet
facet normal 0 0 -1
outer loop
vertex -17.95002555847168 -27.815025329589844 1.7000000476837158
vertex -17.98427963256836 -27.987232208251953 1.7000000476837158
vertex -17.98427963256836 -27.642818450927734 1.7000000476837158
endloop
endfacet
facet normal 0.9807832059488795 -0.1951007507126451 0
outer loop
vertex -18.850027084350586 -27.815025329589844 1.7000000476837158
vertex -18.850027084350586 -27.815025329589844 0
vertex -18.815771102905273 -27.642818450927734 1.7000000476837158
endloop
endfacet
facet normal 0.9807832059488795 0.1951007507126451 0
outer loop
vertex -18.815771102905273 -27.987232208251953 1.7000000476837158
vertex -18.815771102905273 -27.987232208251953 0
vertex -18.850027084350586 -27.815025329589844 1.7000000476837158
endloop
endfacet
facet normal 0 0 -1
outer loop
vertex -17.98427963256836 -27.987232208251953 1.7000000476837158
vertex -18.081829071044922 -28.133224487304688 1.7000000476837158
vertex -17.98427963256836 -27.642818450927734 1.7000000476837158
endloop
endfacet
facet normal 0.8314699190325903 -0.555569773965375 0
outer loop
vertex -18.815771102905273 -27.642818450927734 1.7000000476837158
vertex -18.815771102905273 -27.642818450927734 0
vertex -18.718223571777344 -27.496828079223633 1.7000000476837158
endloop
endfacet
facet normal 0.555569773965375 -0.8314699190325903 0
outer loop
vertex -18.718223571777344 -27.496828079223633 1.7000000476837158
vertex -18.718223571777344 -27.496828079223633 0
vertex -18.572233200073242 -27.399280548095703 1.7000000476837158
endloop
endfacet
facet normal 0.19509030110388895 -0.9807852845629332 0
outer loop
vertex -18.572233200073242 -27.399280548095703 1.7000000476837158
vertex -18.572233200073242 -27.399280548095703 0
vertex -18.400026321411133 -27.365026473999023 1.7000000476837158
endloop
endfacet
facet normal -0.9807852845629332 0.19509030110388895 0
outer loop
vertex -17.95002555847168 -27.815025329589844 1.7000000476837158
vertex -17.95002555847168 -27.815025329589844 0
vertex -17.98427963256836 -27.987232208251953 1.7000000476837158
endloop
endfacet
facet normal 0 0 -1
outer loop
vertex -18.718223571777344 -28.133224487304688 1.7000000476837158
vertex -18.815771102905273 -27.987232208251953 1.7000000476837158
vertex -18.718223571777344 -27.496828079223633 1.7000000476837158
endloop
endfacet
facet normal -0.9807852845629332 -0.19509030110388895 0
outer loop
vertex -17.98427963256836 -27.642818450927734 1.7000000476837158
vertex -17.98427963256836 -27.642818450927734 0
vertex -17.95002555847168 -27.815025329589844 1.7000000476837158
endloop
endfacet
facet normal -0.19509030110388895 -0.9807852845629332 0
outer loop
vertex -18.400026321411133 -27.365026473999023 1.7000000476837158
vertex -18.400026321411133 -27.365026473999023 0
vertex -18.227819442749023 -27.399280548095703 1.7000000476837158
endloop
endfacet
facet normal -0.8314649009491799 -0.5555772839934787 0
outer loop
vertex -18.081829071044922 -27.496828079223633 1.7000000476837158
vertex -18.081829071044922 -27.496828079223633 0
vertex -17.98427963256836 -27.642818450927734 1.7000000476837158
endloop
endfacet
facet normal -0.555569773965375 -0.8314699190325903 0
outer loop
vertex -18.227819442749023 -27.399280548095703 1.7000000476837158
vertex -18.227819442749023 -27.399280548095703 0
vertex -18.081829071044922 -27.496828079223633 1.7000000476837158
endloop
endfacet
facet normal 0.9807832059488795 0.1951007507126451 0
outer loop
vertex -18.815771102905273 -27.987232208251953 0
vertex -18.850027084350586 -27.815025329589844 0
vertex -18.850027084350586 -27.815025329589844 1.7000000476837158
endloop
endfacet
facet normal -0.8314649009491799 -0.5555772839934787 0
outer loop
vertex -18.081829071044922 -27.496828079223633 0
vertex -17.98427963256836 -27.642818450927734 0
vertex -17.98427963256836 -27.642818450927734 1.7000000476837158
endloop
endfacet
facet normal -0.555569773965375 -0.8314699190325903 0
outer loop
vertex -18.081829071044922 -27.496828079223633 0
vertex -18.081829071044922 -27.496828079223633 1.7000000476837158
vertex -18.227819442749023 -27.399280548095703 0
endloop
endfacet
facet normal -0.19509030110388895 -0.9807852845629332 0
outer loop
vertex -18.227819442749023 -27.399280548095703 0
vertex -18.227819442749023 -27.399280548095703 1.7000000476837158
vertex -18.400026321411133 -27.365026473999023 0
endloop
endfacet
facet normal 0.9807832059488795 -0.1951007507126451 0
outer loop
vertex -18.815771102905273 -27.642818450927734 0
vertex -18.815771102905273 -27.642818450927734 1.7000000476837158
vertex -18.850027084350586 -27.815025329589844 0
endloop
endfacet
facet normal 0.19509030110388895 -0.9807852845629332 0
outer loop
vertex -18.400026321411133 -27.365026473999023 0
vertex -18.400026321411133 -27.365026473999023 1.7000000476837158
vertex -18.572233200073242 -27.399280548095703 0
endloop
endfacet
facet normal -0.9807852845629332 -0.19509030110388895 0
outer loop
vertex -17.98427963256836 -27.642818450927734 0
vertex -17.95002555847168 -27.815025329589844 0
vertex -17.95002555847168 -27.815025329589844 1.7000000476837158
endloop
endfacet
facet normal 0.8314699190325903 -0.555569773965375 0
outer loop
vertex -18.718223571777344 -27.496828079223633 0
vertex -18.718223571777344 -27.496828079223633 1.7000000476837158
vertex -18.815771102905273 -27.642818450927734 0
endloop
endfacet
facet normal -0.9807852845629332 0.19509030110388895 0
outer loop
vertex -17.95002555847168 -27.815025329589844 0
vertex -17.98427963256836 -27.987232208251953 0
vertex -17.98427963256836 -27.987232208251953 1.7000000476837158
endloop
endfacet
facet normal 0 0 -1
outer loop
vertex -18.227819442749023 -28.230772018432617 1.7000000476837158
vertex -18.400026321411133 -28.265026092529297 1.7000000476837158
vertex -18.227819442749023 -27.399280548095703 1.7000000476837158
endloop
endfacet
facet normal 0.8314699190325903 0.555569773965375 0
outer loop
vertex -18.718223571777344 -26.863224029541016 1.7000000476837158
vertex -18.718223571777344 -26.863224029541016 0
vertex -18.815771102905273 -26.717233657836914 1.7000000476837158
endloop
endfacet
facet normal 0.9807836194374872 0.1950986720690384 0
outer loop
vertex -18.815771102905273 -26.717233657836914 1.7000000476837158
vertex -18.815771102905273 -26.717233657836914 0
vertex -18.850027084350586 -26.545024871826172 1.7000000476837158
endloop
endfacet
facet normal 0.19509030110388895 0.9807852845629332 0
outer loop
vertex -18.400026321411133 -26.995025634765625 0
vertex -18.572233200073242 -26.960771560668945 0
vertex -18.572233200073242 -26.960771560668945 1.7000000476837158
endloop
endfacet
facet normal 0.9807832059488795 -0.1951007507126451 0
outer loop
vertex -18.850027084350586 -26.545024871826172 1.7000000476837158
vertex -18.850027084350586 -26.545024871826172 0
vertex -18.815771102905273 -26.372817993164062 1.7000000476837158
endloop
endfacet
facet normal 0.555569773965375 0.8314699190325903 0
outer loop
vertex -18.572233200073242 -26.960771560668945 1.7000000476837158
vertex -18.572233200073242 -26.960771560668945 0
vertex -18.718223571777344 -26.863224029541016 1.7000000476837158
endloop
endfacet
facet normal 0 0 -1
outer loop
vertex -18.400026321411133 -26.995025634765625 1.7000000476837158
vertex -18.572233200073242 -26.960771560668945 1.7000000476837158
vertex -18.400026321411133 -26.09502601623535 1.7000000476837158
endloop
endfacet
facet normal 0 0 -1
outer loop
vertex -18.227819442749023 -26.960771560668945 1.7000000476837158
vertex -18.400026321411133 -26.995025634765625 1.7000000476837158
vertex -18.227819442749023 -26.12928009033203 1.7000000476837158
endloop
endfacet
facet normal 0 0 -1
outer loop
vertex -18.081829071044922 -26.863224029541016 1.7000000476837158
vertex -18.227819442749023 -26.960771560668945 1.7000000476837158
vertex -18.081829071044922 -26.22682762145996 1.7000000476837158
endloop
endfacet
facet normal 0 0 -1
outer loop
vertex -17.98427963256836 -26.717233657836914 1.7000000476837158
vertex -18.081829071044922 -26.863224029541016 1.7000000476837158
vertex -17.98427963256836 -26.372817993164062 1.7000000476837158
endloop
endfacet
facet normal 0 0 -1
outer loop
vertex -18.081829071044922 -26.22682762145996 1.7000000476837158
vertex -17.98427963256836 -26.372817993164062 1.7000000476837158
vertex -18.081829071044922 -26.863224029541016 1.7000000476837158
endloop
endfacet
facet normal 0.555569773965375 0.8314699190325903 0
outer loop
vertex -18.718223571777344 -26.863224029541016 0
vertex -18.718223571777344 -26.863224029541016 1.7000000476837158
vertex -18.572233200073242 -26.960771560668945 0
endloop
endfacet
facet normal 0.9807836194374872 0.1950986720690384 0
outer loop
vertex -18.815771102905273 -26.717233657836914 0
vertex -18.850027084350586 -26.545024871826172 0
vertex -18.850027084350586 -26.545024871826172 1.7000000476837158
endloop
endfacet
facet normal 0.19509030110388895 0.9807852845629332 0
outer loop
vertex -18.400026321411133 -26.995025634765625 1.7000000476837158
vertex -18.400026321411133 -26.995025634765625 0
vertex -18.572233200073242 -26.960771560668945 1.7000000476837158
endloop
endfacet
facet normal -0.19509030110388895 0.9807852845629332 0
outer loop
vertex -18.227819442749023 -26.960771560668945 1.7000000476837158
vertex -18.227819442749023 -26.960771560668945 0
vertex -18.400026321411133 -26.995025634765625 1.7000000476837158
endloop
endfacet
facet normal -0.555569773965375 0.8314699190325903 0
outer loop
vertex -18.081829071044922 -26.863224029541016 1.7000000476837158
vertex -18.081829071044922 -26.863224029541016 0
vertex -18.227819442749023 -26.960771560668945 1.7000000476837158
endloop
endfacet
facet normal -0.8314649009491799 0.5555772839934787 0
outer loop
vertex -17.98427963256836 -26.717233657836914 1.7000000476837158
vertex -17.98427963256836 -26.717233657836914 0
vertex -18.081829071044922 -26.863224029541016 1.7000000476837158
endloop
endfacet
facet normal 0.8314699190325903 0.555569773965375 0
outer loop
vertex -18.815771102905273 -26.717233657836914 0
vertex -18.815771102905273 -26.717233657836914 1.7000000476837158
vertex -18.718223571777344 -26.863224029541016 0
endloop
endfacet
facet normal -0.19509030110388895 0.9807852845629332 0
outer loop
vertex -18.227819442749023 -26.960771560668945 0
vertex -18.400026321411133 -26.995025634765625 0
vertex -18.400026321411133 -26.995025634765625 1.7000000476837158
endloop
endfacet
facet normal -0.9807856980081253 0.19508822256280442 0
outer loop
vertex -17.95002555847168 -26.545024871826172 1.7000000476837158
vertex -17.95002555847168 -26.545024871826172 0
vertex -17.98427963256836 -26.717233657836914 1.7000000476837158
endloop
endfacet
facet normal -0.555569773965375 0.8314699190325903 0
outer loop
vertex -18.081829071044922 -26.863224029541016 0
vertex -18.227819442749023 -26.960771560668945 0
vertex -18.227819442749023 -26.960771560668945 1.7000000476837158
endloop
endfacet
facet normal -0.8314649009491799 0.5555772839934787 0
outer loop
vertex -17.98427963256836 -26.717233657836914 0
vertex -18.081829071044922 -26.863224029541016 0
vertex -18.081829071044922 -26.863224029541016 1.7000000476837158
endloop
endfacet
facet normal 0.8314699190325903 -0.555569773965375 0
outer loop
vertex -18.815771102905273 -26.372817993164062 1.7000000476837158
vertex -18.815771102905273 -26.372817993164062 0
vertex -18.718223571777344 -26.22682762145996 1.7000000476837158
endloop
endfacet
facet normal -0.9807856980081253 0.19508822256280442 0
outer loop
vertex -17.95002555847168 -26.545024871826172 0
vertex -17.98427963256836 -26.717233657836914 0
vertex -17.98427963256836 -26.717233657836914 1.7000000476837158
endloop
endfacet
facet normal -0.9807852845629332 -0.19509030110388895 0
outer loop
vertex -17.98427963256836 -26.372817993164062 0
vertex -17.95002555847168 -26.545024871826172 0
vertex -17.95002555847168 -26.545024871826172 1.7000000476837158
endloop
endfacet
facet normal 0.9807832059488795 -0.1951007507126451 0
outer loop
vertex -18.815771102905273 -26.372817993164062 0
vertex -18.815771102905273 -26.372817993164062 1.7000000476837158
vertex -18.850027084350586 -26.545024871826172 0
endloop
endfacet
facet normal 0.8314699190325903 -0.555569773965375 0
outer loop
vertex -18.718223571777344 -26.22682762145996 0
vertex -18.718223571777344 -26.22682762145996 1.7000000476837158
vertex -18.815771102905273 -26.372817993164062 0
endloop
endfacet
facet normal 0.555569773965375 -0.8314699190325903 0
outer loop
vertex -18.572233200073242 -26.12928009033203 0
vertex -18.572233200073242 -26.12928009033203 1.7000000476837158
vertex -18.718223571777344 -26.22682762145996 0
endloop
endfacet
facet normal 0.19509030110388895 -0.9807852845629332 0
outer loop
vertex -18.400026321411133 -26.09502601623535 0
vertex -18.400026321411133 -26.09502601623535 1.7000000476837158
vertex -18.572233200073242 -26.12928009033203 0
endloop
endfacet
facet normal 0 0 -1
outer loop
vertex -17.95002555847168 -26.545024871826172 1.7000000476837158
vertex -17.98427963256836 -26.717233657836914 1.7000000476837158
vertex -17.98427963256836 -26.372817993164062 1.7000000476837158
endloop
endfacet
facet normal 0 0 -1
outer loop
vertex -18.718223571777344 -26.22682762145996 1.7000000476837158
vertex -18.815771102905273 -26.717233657836914 1.7000000476837158
vertex -18.815771102905273 -26.372817993164062 1.7000000476837158
endloop
endfacet
facet normal 0 0 -1
outer loop
vertex -18.572233200073242 -26.12928009033203 1.7000000476837158
vertex -18.718223571777344 -26.863224029541016 1.7000000476837158
vertex -18.718223571777344 -26.22682762145996 1.7000000476837158
endloop
endfacet
facet normal 0 0 -1
outer loop
vertex -18.400026321411133 -26.09502601623535 1.7000000476837158
vertex -18.572233200073242 -26.960771560668945 1.7000000476837158
vertex -18.572233200073242 -26.12928009033203 1.7000000476837158
endloop
endfacet
facet normal 0 0 -1
outer loop
vertex -18.227819442749023 -26.12928009033203 1.7000000476837158
vertex -18.400026321411133 -26.995025634765625 1.7000000476837158
vertex -18.400026321411133 -26.09502601623535 1.7000000476837158
endloop
endfacet
facet normal 0 0 -1
outer loop
vertex -18.572233200073242 -26.960771560668945 1.7000000476837158
vertex -18.718223571777344 -26.863224029541016 1.7000000476837158
vertex -18.572233200073242 -26.12928009033203 1.7000000476837158
endloop
endfacet
facet normal 0 0 -1
outer loop
vertex -18.718223571777344 -26.863224029541016 1.7000000476837158
vertex -18.815771102905273 -26.717233657836914 1.7000000476837158
vertex -18.718223571777344 -26.22682762145996 1.7000000476837158
endloop
endfacet
facet normal 0.555569773965375 -0.8314699190325903 0
outer loop
vertex -18.718223571777344 -26.22682762145996 1.7000000476837158
vertex -18.718223571777344 -26.22682762145996 0
vertex -18.572233200073242 -26.12928009033203 1.7000000476837158
endloop
endfacet
facet normal 0.19509030110388895 -0.9807852845629332 0
outer loop
vertex -18.572233200073242 -26.12928009033203 1.7000000476837158
vertex -18.572233200073242 -26.12928009033203 0
vertex -18.400026321411133 -26.09502601623535 1.7000000476837158
endloop
endfacet
facet normal -0.19509030110388895 -0.9807852845629332 0
outer loop
vertex -18.400026321411133 -26.09502601623535 1.7000000476837158
vertex -18.400026321411133 -26.09502601623535 0
vertex -18.227819442749023 -26.12928009033203 1.7000000476837158
endloop
endfacet
facet normal -0.19509030110388895 -0.9807852845629332 0
outer loop
vertex -18.227819442749023 -26.12928009033203 0
vertex -18.227819442749023 -26.12928009033203 1.7000000476837158
vertex -18.400026321411133 -26.09502601623535 0
endloop
endfacet
facet normal -0.8314649009491799 -0.5555772839934787 0
outer loop
vertex -18.081829071044922 -26.22682762145996 0
vertex -17.98427963256836 -26.372817993164062 0
vertex -17.98427963256836 -26.372817993164062 1.7000000476837158
endloop
endfacet
facet normal 0 0 -1
outer loop
vertex -18.815771102905273 -26.717233657836914 1.7000000476837158
vertex -18.850027084350586 -26.545024871826172 1.7000000476837158
vertex -18.815771102905273 -26.372817993164062 1.7000000476837158
endloop
endfacet
facet normal -0.555569773965375 -0.8314699190325903 0
outer loop
vertex -18.081829071044922 -26.22682762145996 0
vertex -18.081829071044922 -26.22682762145996 1.7000000476837158
vertex -18.227819442749023 -26.12928009033203 0
endloop
endfacet
facet normal -0.555569773965375 -0.8314699190325903 0
outer loop
vertex -18.227819442749023 -26.12928009033203 1.7000000476837158
vertex -18.227819442749023 -26.12928009033203 0
vertex -18.081829071044922 -26.22682762145996 1.7000000476837158
endloop
endfacet
facet normal -0.9807852845629332 -0.19509030110388895 0
outer loop
vertex -17.98427963256836 -26.372817993164062 1.7000000476837158
vertex -17.98427963256836 -26.372817993164062 0
vertex -17.95002555847168 -26.545024871826172 1.7000000476837158
endloop
endfacet
facet normal 0 0 -1
outer loop
vertex -18.081829071044922 -26.22682762145996 1.7000000476837158
vertex -18.227819442749023 -26.960771560668945 1.7000000476837158
vertex -18.227819442749023 -26.12928009033203 1.7000000476837158
endloop
endfacet
facet normal -0.8314649009491799 -0.5555772839934787 0
outer loop
vertex -18.081829071044922 -26.22682762145996 1.7000000476837158
vertex -18.081829071044922 -26.22682762145996 0
vertex -17.98427963256836 -26.372817993164062 1.7000000476837158
endloop
endfacet
facet normal -0.19509030110388895 0.9807852845629332 0
outer loop
vertex -18.227819442749023 -25.690771102905273 0
vertex -18.400026321411133 -25.725025177001953 0
vertex -18.400026321411133 -25.725025177001953 1.7000000476837158
endloop
endfacet
facet normal 0 0 -1
outer loop
vertex -18.718223571777344 -25.593223571777344 1.7000000476837158
vertex -18.815771102905273 -25.447233200073242 1.7000000476837158
vertex -18.718223571777344 -24.95682716369629 1.7000000476837158
endloop
endfacet
facet normal 0.19509030110388895 -0.9807852845629332 0
outer loop
vertex -18.572233200073242 -24.85927963256836 1.7000000476837158
vertex -18.572233200073242 -24.85927963256836 0
vertex -18.400026321411133 -24.82502555847168 1.7000000476837158
endloop
endfacet
facet normal 0.555569773965375 -0.8314699190325903 0
outer loop
vertex -18.718223571777344 -24.95682716369629 1.7000000476837158
vertex -18.718223571777344 -24.95682716369629 0
vertex -18.572233200073242 -24.85927963256836 1.7000000476837158
endloop
endfacet
facet normal -0.8314649009491799 -0.5555772839934787 0
outer loop
vertex -18.081829071044922 -24.95682716369629 1.7000000476837158
vertex -18.081829071044922 -24.95682716369629 0
vertex -17.98427963256836 -25.10281753540039 1.7000000476837158
endloop
endfacet
facet normal -0.9807856980081253 -0.19508822256280442 0
outer loop
vertex -17.98427963256836 -25.10281753540039 1.7000000476837158
vertex -17.98427963256836 -25.10281753540039 0
vertex -17.95002555847168 -25.275026321411133 1.7000000476837158
endloop
endfacet
facet normal -0.9807852845629332 0.19509030110388895 0
outer loop
vertex -17.95002555847168 -25.275026321411133 1.7000000476837158
vertex -17.95002555847168 -25.275026321411133 0
vertex -17.98427963256836 -25.447233200073242 1.7000000476837158
endloop
endfacet
facet normal -0.8314649009491799 0.5555772839934787 0
outer loop
vertex -17.98427963256836 -25.447233200073242 1.7000000476837158
vertex -17.98427963256836 -25.447233200073242 0
vertex -18.081829071044922 -25.593223571777344 1.7000000476837158
endloop
endfacet
facet normal -0.555569773965375 -0.8314699190325903 0
outer loop
vertex -18.227819442749023 -24.85927963256836 1.7000000476837158
vertex -18.227819442749023 -24.85927963256836 0
vertex -18.081829071044922 -24.95682716369629 1.7000000476837158
endloop
endfacet
facet normal -0.555569773965375 0.8314699190325903 0
outer loop
vertex -18.081829071044922 -25.593223571777344 1.7000000476837158
vertex -18.081829071044922 -25.593223571777344 0
vertex -18.227819442749023 -25.690771102905273 1.7000000476837158
endloop
endfacet
facet normal 0.19509030110388895 0.9807852845629332 0
outer loop
vertex -18.400026321411133 -25.725025177001953 1.7000000476837158
vertex -18.400026321411133 -25.725025177001953 0
vertex -18.572233200073242 -25.690771102905273 1.7000000476837158
endloop
endfacet
facet normal -0.19509030110388895 0.9807852845629332 0
outer loop
vertex -18.227819442749023 -25.690771102905273 1.7000000476837158
vertex -18.227819442749023 -25.690771102905273 0
vertex -18.400026321411133 -25.725025177001953 1.7000000476837158
endloop
endfacet
facet normal 0.8314699190325903 -0.555569773965375 0
outer loop
vertex -18.815771102905273 -25.10281753540039 1.7000000476837158
vertex -18.815771102905273 -25.10281753540039 0
vertex -18.718223571777344 -24.95682716369629 1.7000000476837158
endloop
endfacet
facet normal 0.9807836194374872 -0.1950986720690384 0
outer loop
vertex -18.850027084350586 -25.275026321411133 1.7000000476837158
vertex -18.850027084350586 -25.275026321411133 0
vertex -18.815771102905273 -25.10281753540039 1.7000000476837158
endloop
endfacet
facet normal 0.9807832059488795 0.1951007507126451 0
outer loop
vertex -18.815771102905273 -25.447233200073242 1.7000000476837158
vertex -18.815771102905273 -25.447233200073242 0
vertex -18.850027084350586 -25.275026321411133 1.7000000476837158
endloop
endfacet
facet normal 0.555569773965375 0.8314699190325903 0
outer loop
vertex -18.572233200073242 -25.690771102905273 1.7000000476837158
vertex -18.572233200073242 -25.690771102905273 0
vertex -18.718223571777344 -25.593223571777344 1.7000000476837158
endloop
endfacet
facet normal 0.8314699190325903 0.555569773965375 0
outer loop
vertex -18.718223571777344 -25.593223571777344 1.7000000476837158
vertex -18.718223571777344 -25.593223571777344 0
vertex -18.815771102905273 -25.447233200073242 1.7000000476837158
endloop
endfacet
facet normal 0.19509030110388895 0.9807852845629332 0
outer loop
vertex -18.400026321411133 -25.725025177001953 0
vertex -18.572233200073242 -25.690771102905273 0
vertex -18.572233200073242 -25.690771102905273 1.7000000476837158
endloop
endfacet
facet normal 0 0 -1
outer loop
vertex -17.95002555847168 -25.275026321411133 1.7000000476837158
vertex -17.98427963256836 -25.447233200073242 1.7000000476837158
vertex -17.98427963256836 -25.10281753540039 1.7000000476837158
endloop
endfacet
facet normal 0 0 -1
outer loop
vertex -18.081829071044922 -24.95682716369629 1.7000000476837158
vertex -18.227819442749023 -25.690771102905273 1.7000000476837158
vertex -18.227819442749023 -24.85927963256836 1.7000000476837158
endloop
endfacet
facet normal -0.555569773965375 -0.8314699190325903 0
outer loop
vertex -18.081829071044922 -24.95682716369629 0
vertex -18.081829071044922 -24.95682716369629 1.7000000476837158
vertex -18.227819442749023 -24.85927963256836 0
endloop
endfacet
facet normal -0.19509030110388895 -0.9807852845629332 0
outer loop
vertex -18.227819442749023 -24.85927963256836 0
vertex -18.227819442749023 -24.85927963256836 1.7000000476837158
vertex -18.400026321411133 -24.82502555847168 0
endloop
endfacet
facet normal 0.19509030110388895 -0.9807852845629332 0
outer loop
vertex -18.400026321411133 -24.82502555847168 0
vertex -18.400026321411133 -24.82502555847168 1.7000000476837158
vertex -18.572233200073242 -24.85927963256836 0
endloop
endfacet
facet normal 0.555569773965375 -0.8314699190325903 0
outer loop
vertex -18.572233200073242 -24.85927963256836 0
vertex -18.572233200073242 -24.85927963256836 1.7000000476837158
vertex -18.718223571777344 -24.95682716369629 0
endloop
endfacet
facet normal -0.8314649009491799 -0.5555772839934787 0
outer loop
vertex -17.98427963256836 -25.10281753540039 0
vertex -17.98427963256836 -25.10281753540039 1.7000000476837158
vertex -18.081829071044922 -24.95682716369629 0
endloop
endfacet
facet normal -0.9807856980081253 -0.19508822256280442 0
outer loop
vertex -17.98427963256836 -25.10281753540039 0
vertex -17.95002555847168 -25.275026321411133 0
vertex -17.95002555847168 -25.275026321411133 1.7000000476837158
endloop
endfacet
facet normal -0.9807852845629332 0.19509030110388895 0
outer loop
vertex -17.95002555847168 -25.275026321411133 0
vertex -17.98427963256836 -25.447233200073242 0
vertex -17.98427963256836 -25.447233200073242 1.7000000476837158
endloop
endfacet
facet normal -0.8314649009491799 0.5555772839934787 0
outer loop
vertex -17.98427963256836 -25.447233200073242 0
vertex -18.081829071044922 -25.593223571777344 0
vertex -18.081829071044922 -25.593223571777344 1.7000000476837158
endloop
endfacet
facet normal -0.555569773965375 0.8314699190325903 0
outer loop
vertex -18.081829071044922 -25.593223571777344 0
vertex -18.227819442749023 -25.690771102905273 0
vertex -18.227819442749023 -25.690771102905273 1.7000000476837158
endloop
endfacet
facet normal 0.8314699190325903 -0.555569773965375 0
outer loop
vertex -18.718223571777344 -24.95682716369629 0
vertex -18.718223571777344 -24.95682716369629 1.7000000476837158
vertex -18.815771102905273 -25.10281753540039 0
endloop
endfacet
facet normal 0.9807836194374872 -0.1950986720690384 0
outer loop
vertex -18.815771102905273 -25.10281753540039 0
vertex -18.815771102905273 -25.10281753540039 1.7000000476837158
vertex -18.850027084350586 -25.275026321411133 0
endloop
endfacet
facet normal 0 0 -1
outer loop
vertex -17.98427963256836 -25.10281753540039 1.7000000476837158
vertex -18.081829071044922 -25.593223571777344 1.7000000476837158
vertex -18.081829071044922 -24.95682716369629 1.7000000476837158
endloop
endfacet
facet normal 0 0 -1
outer loop
vertex -18.227819442749023 -24.85927963256836 1.7000000476837158
vertex -18.400026321411133 -25.725025177001953 1.7000000476837158
vertex -18.400026321411133 -24.82502555847168 1.7000000476837158
endloop
endfacet
facet normal 0.8314699190325903 0.555569773965375 0
outer loop
vertex -18.815771102905273 -25.447233200073242 0
vertex -18.815771102905273 -25.447233200073242 1.7000000476837158
vertex -18.718223571777344 -25.593223571777344 0
endloop
endfacet
facet normal 0.555569773965375 0.8314699190325903 0
outer loop
vertex -18.718223571777344 -25.593223571777344 0
vertex -18.718223571777344 -25.593223571777344 1.7000000476837158
vertex -18.572233200073242 -25.690771102905273 0
endloop
endfacet
facet normal 0.9807832059488795 0.1951007507126451 0
outer loop
vertex -18.815771102905273 -25.447233200073242 0
vertex -18.850027084350586 -25.275026321411133 0
vertex -18.850027084350586 -25.275026321411133 1.7000000476837158
endloop
endfacet
facet normal 0 0 -1
outer loop
vertex -17.98427963256836 -25.447233200073242 1.7000000476837158
vertex -18.081829071044922 -25.593223571777344 1.7000000476837158
vertex -17.98427963256836 -25.10281753540039 1.7000000476837158
endloop
endfacet
facet normal 0 0 -1
outer loop
vertex -18.081829071044922 -25.593223571777344 1.7000000476837158
vertex -18.227819442749023 -25.690771102905273 1.7000000476837158
vertex -18.081829071044922 -24.95682716369629 1.7000000476837158
endloop
endfacet
facet normal 0 0 -1
outer loop
vertex -18.227819442749023 -25.690771102905273 1.7000000476837158
vertex -18.400026321411133 -25.725025177001953 1.7000000476837158
vertex -18.227819442749023 -24.85927963256836 1.7000000476837158
endloop
endfacet
facet normal 0 0 -1
outer loop
vertex -18.400026321411133 -25.725025177001953 1.7000000476837158
vertex -18.572233200073242 -25.690771102905273 1.7000000476837158
vertex -18.400026321411133 -24.82502555847168 1.7000000476837158
endloop
endfacet
facet normal 0 0 -1
outer loop
vertex -18.572233200073242 -24.85927963256836 1.7000000476837158
vertex -18.400026321411133 -24.82502555847168 1.7000000476837158
vertex -18.572233200073242 -25.690771102905273 1.7000000476837158
endloop
endfacet
facet normal 0 0 -1
outer loop
vertex -18.572233200073242 -24.85927963256836 1.7000000476837158
vertex -18.718223571777344 -25.593223571777344 1.7000000476837158
vertex -18.718223571777344 -24.95682716369629 1.7000000476837158
endloop
endfacet
facet normal 0 0 -1
outer loop
vertex -18.718223571777344 -24.95682716369629 1.7000000476837158
vertex -18.815771102905273 -25.447233200073242 1.7000000476837158
vertex -18.815771102905273 -25.10281753540039 1.7000000476837158
endloop
endfacet
facet normal 0 0 -1
outer loop
vertex -18.815771102905273 -25.447233200073242 1.7000000476837158
vertex -18.850027084350586 -25.275026321411133 1.7000000476837158
vertex -18.815771102905273 -25.10281753540039 1.7000000476837158
endloop
endfacet
facet normal 0 0 -1
outer loop
vertex -18.572233200073242 -25.690771102905273 1.7000000476837158
vertex -18.718223571777344 -25.593223571777344 1.7000000476837158
vertex -18.572233200073242 -24.85927963256836 1.7000000476837158
endloop
endfacet
facet normal -0.19509030110388895 -0.9807852845629332 0
outer loop
vertex -18.400026321411133 -24.82502555847168 1.7000000476837158
vertex -18.400026321411133 -24.82502555847168 0
vertex -18.227819442749023 -24.85927963256836 1.7000000476837158
endloop
endfacet
facet normal -0.8314692917725611 -0.555570712726324 0
outer loop
vertex 0.9178798198699951 -24.95682716369629 1.7000000476837158
vertex 0.9178798198699951 -24.95682716369629 0
vertex 1.015427589416504 -25.10281753540039 1.7000000476837158
endloop
endfacet
facet normal -0.9807851546525584 0.19509095420638264 0
outer loop
vertex 1.0496817827224731 -25.275026321411133 1.7000000476837158
vertex 1.0496817827224731 -25.275026321411133 0
vertex 1.015427589416504 -25.447233200073242 1.7000000476837158
endloop
endfacet
facet normal -0.8314692917725611 0.555570712726324 0
outer loop
vertex 1.015427589416504 -25.447233200073242 1.7000000476837158
vertex 1.015427589416504 -25.447233200073242 0
vertex 0.9178798198699951 -25.593223571777344 1.7000000476837158
endloop
endfacet
facet normal -0.8314692917725611 0.555570712726324 0
outer loop
vertex 1.015427589416504 -25.447233200073242 0
vertex 0.9178798198699951 -25.593223571777344 0
vertex 0.9178798198699951 -25.593223571777344 1.7000000476837158
endloop
endfacet
facet normal -0.5555694603355263 0.8314701285930194 0
outer loop
vertex 0.9178798198699951 -25.593223571777344 1.7000000476837158
vertex 0.9178798198699951 -25.593223571777344 0
vertex 0.771889328956604 -25.690771102905273 1.7000000476837158
endloop
endfacet
facet normal -0.19508958660049425 0.9807854266862085 0
outer loop
vertex 0.771889328956604 -25.690771102905273 0
vertex 0.5996817946434021 -25.725025177001953 0
vertex 0.5996817946434021 -25.725025177001953 1.7000000476837158
endloop
endfacet
facet normal -0.19508958660049425 -0.9807854266862085 0
outer loop
vertex 0.5996817946434021 -24.82502555847168 0
vertex 0.771889328956604 -24.85927963256836 0
vertex 0.771889328956604 -24.85927963256836 1.7000000476837158
endloop
endfacet
facet normal -0.5555694603355263 -0.8314701285930194 0
outer loop
vertex 0.9178798198699951 -24.95682716369629 0
vertex 0.9178798198699951 -24.95682716369629 1.7000000476837158
vertex 0.771889328956604 -24.85927963256836 0
endloop
endfacet
facet normal 0.831469370180071 -0.5555705953813216 0
outer loop
vertex 0.1839359998703003 -25.10281753540039 1.7000000476837158
vertex 0.1839359998703003 -25.10281753540039 0
vertex 0.2814837396144867 -24.95682716369629 1.7000000476837158
endloop
endfacet
facet normal 0.9807855518619782 -0.19508895729588294 0
outer loop
vertex 0.14968179166316986 -25.275026321411133 1.7000000476837158
vertex 0.14968179166316986 -25.275026321411133 0
vertex 0.1839359998703003 -25.10281753540039 1.7000000476837158
endloop
endfacet
facet normal 0.19508958660049425 0.9807854266862085 0
outer loop
vertex 0.5996817946434021 -25.725025177001953 0
vertex 0.4274742603302002 -25.690771102905273 0
vertex 0.4274742603302002 -25.690771102905273 1.7000000476837158
endloop
endfacet
facet normal -0.9807851546525584 0.19509095420638264 0
outer loop
vertex 1.0496817827224731 -25.275026321411133 0
vertex 1.015427589416504 -25.447233200073242 0
vertex 1.015427589416504 -25.447233200073242 1.7000000476837158
endloop
endfacet
facet normal 0.9807851384137336 0.19509103584417611 0
outer loop
vertex 0.14968179166316986 -25.275026321411133 0
vertex 0.14968179166316986 -25.275026321411133 1.7000000476837158
vertex 0.1839359998703003 -25.447233200073242 0
endloop
endfacet
facet normal 0.5555693819281071 0.8314701809830711 0
outer loop
vertex 0.4274742603302002 -25.690771102905273 0
vertex 0.2814837396144867 -25.593223571777344 0
vertex 0.2814837396144867 -25.593223571777344 1.7000000476837158
endloop
endfacet
facet normal 0.5555693819281071 0.8314701809830711 0
outer loop
vertex 0.4274742603302002 -25.690771102905273 1.7000000476837158
vertex 0.4274742603302002 -25.690771102905273 0
vertex 0.2814837396144867 -25.593223571777344 1.7000000476837158
endloop
endfacet
facet normal -0.980785568100464 -0.19508887565889044 0
outer loop
vertex 1.0496817827224731 -25.275026321411133 0
vertex 1.0496817827224731 -25.275026321411133 1.7000000476837158
vertex 1.015427589416504 -25.10281753540039 0
endloop
endfacet
facet normal -0.980785568100464 -0.19508887565889044 0
outer loop
vertex 1.015427589416504 -25.10281753540039 1.7000000476837158
vertex 1.015427589416504 -25.10281753540039 0
vertex 1.0496817827224731 -25.275026321411133 1.7000000476837158
endloop
endfacet
facet normal 0.5555693819281071 -0.8314701809830711 0
outer loop
vertex 0.2814837396144867 -24.95682716369629 1.7000000476837158
vertex 0.2814837396144867 -24.95682716369629 0
vertex 0.4274742603302002 -24.85927963256836 1.7000000476837158
endloop
endfacet
facet normal 0.19508958660049425 -0.9807854266862085 0
outer loop
vertex 0.4274742603302002 -24.85927963256836 1.7000000476837158
vertex 0.4274742603302002 -24.85927963256836 0
vertex 0.5996817946434021 -24.82502555847168 1.7000000476837158
endloop
endfacet
facet normal -0.19508958660049425 -0.9807854266862085 0
outer loop
vertex 0.5996817946434021 -24.82502555847168 1.7000000476837158
vertex 0.5996817946434021 -24.82502555847168 0
vertex 0.771889328956604 -24.85927963256836 1.7000000476837158
endloop
endfacet
facet normal -0.5555694603355263 -0.8314701285930194 0
outer loop
vertex 0.771889328956604 -24.85927963256836 1.7000000476837158
vertex 0.771889328956604 -24.85927963256836 0
vertex 0.9178798198699951 -24.95682716369629 1.7000000476837158
endloop
endfacet
facet normal 0 0 -1
outer loop
vertex 0.2814837396144867 -25.593223571777344 1.7000000476837158
vertex 0.1839359998703003 -25.447233200073242 1.7000000476837158
vertex 0.2814837396144867 -24.95682716369629 1.7000000476837158
endloop
endfacet
facet normal 0.19508958660049425 -0.9807854266862085 0
outer loop
vertex 0.5996817946434021 -24.82502555847168 0
vertex 0.5996817946434021 -24.82502555847168 1.7000000476837158
vertex 0.4274742603302002 -24.85927963256836 0
endloop
endfacet
facet normal 0.5555693819281071 -0.8314701809830711 0
outer loop
vertex 0.2814837396144867 -24.95682716369629 0
vertex 0.4274742603302002 -24.85927963256836 0
vertex 0.4274742603302002 -24.85927963256836 1.7000000476837158
endloop
endfacet
facet normal 0 0 -1
outer loop
vertex 0.4274742603302002 -25.690771102905273 1.7000000476837158
vertex 0.2814837396144867 -25.593223571777344 1.7000000476837158
vertex 0.4274742603302002 -24.85927963256836 1.7000000476837158
endloop
endfacet
facet normal 0 0 -1
outer loop
vertex 0.5996817946434021 -25.725025177001953 1.7000000476837158
vertex 0.4274742603302002 -25.690771102905273 1.7000000476837158
vertex 0.5996817946434021 -24.82502555847168 1.7000000476837158
endloop
endfacet
facet normal 0 0 -1
outer loop
vertex 0.1839359998703003 -25.447233200073242 1.7000000476837158
vertex 0.14968179166316986 -25.275026321411133 1.7000000476837158
vertex 0.1839359998703003 -25.10281753540039 1.7000000476837158
endloop
endfacet
facet normal -0.19508958660049425 0.9807854266862085 0
outer loop
vertex 0.771889328956604 -25.690771102905273 1.7000000476837158
vertex 0.771889328956604 -25.690771102905273 0
vertex 0.5996817946434021 -25.725025177001953 1.7000000476837158
endloop
endfacet
facet normal 0 0 -1
outer loop
vertex 0.2814837396144867 -24.95682716369629 1.7000000476837158
vertex 0.1839359998703003 -25.447233200073242 1.7000000476837158
vertex 0.1839359998703003 -25.10281753540039 1.7000000476837158
endloop
endfacet
facet normal 0.19508958660049425 0.9807854266862085 0
outer loop
vertex 0.5996817946434021 -25.725025177001953 1.7000000476837158
vertex 0.5996817946434021 -25.725025177001953 0
vertex 0.4274742603302002 -25.690771102905273 1.7000000476837158
endloop
endfacet
facet normal 0 0 -1
outer loop
vertex 0.4274742603302002 -24.85927963256836 1.7000000476837158
vertex 0.2814837396144867 -25.593223571777344 1.7000000476837158
vertex 0.2814837396144867 -24.95682716369629 1.7000000476837158
endloop
endfacet
facet normal 0 0 -1
outer loop
vertex 0.5996817946434021 -24.82502555847168 1.7000000476837158
vertex 0.4274742603302002 -25.690771102905273 1.7000000476837158
vertex 0.4274742603302002 -24.85927963256836 1.7000000476837158
endloop
endfacet
facet normal -0.8314692917725611 -0.555570712726324 0
outer loop
vertex 1.015427589416504 -25.10281753540039 0
vertex 1.015427589416504 -25.10281753540039 1.7000000476837158
vertex 0.9178798198699951 -24.95682716369629 0
endloop
endfacet
facet normal 0 0 -1
outer loop
vertex 0.771889328956604 -25.690771102905273 1.7000000476837158
vertex 0.5996817946434021 -25.725025177001953 1.7000000476837158
vertex 0.771889328956604 -24.85927963256836 1.7000000476837158
endloop
endfacet
facet normal 0 0 -1
outer loop
vertex 0.9178798198699951 -25.593223571777344 1.7000000476837158
vertex 0.771889328956604 -25.690771102905273 1.7000000476837158
vertex 0.9178798198699951 -24.95682716369629 1.7000000476837158
endloop
endfacet
facet normal 0 0 -1
outer loop
vertex 1.015427589416504 -25.447233200073242 1.7000000476837158
vertex 0.9178798198699951 -25.593223571777344 1.7000000476837158
vertex 1.015427589416504 -25.10281753540039 1.7000000476837158
endloop
endfacet
facet normal 0.9807855518619782 -0.19508895729588294 0
outer loop
vertex 0.1839359998703003 -25.10281753540039 0
vertex 0.1839359998703003 -25.10281753540039 1.7000000476837158
vertex 0.14968179166316986 -25.275026321411133 0
endloop
endfacet
facet normal 0 0 -1
outer loop
vertex 0.771889328956604 -24.85927963256836 1.7000000476837158
vertex 0.5996817946434021 -25.725025177001953 1.7000000476837158
vertex 0.5996817946434021 -24.82502555847168 1.7000000476837158
endloop
endfacet
facet normal 0 0 -1
outer loop
vertex 0.9178798198699951 -25.593223571777344 1.7000000476837158
vertex 0.9178798198699951 -24.95682716369629 1.7000000476837158
vertex 1.015427589416504 -25.10281753540039 1.7000000476837158
endloop
endfacet
facet normal 0.831469370180071 0.5555705953813216 0
outer loop
vertex 0.1839359998703003 -25.447233200073242 0
vertex 0.1839359998703003 -25.447233200073242 1.7000000476837158
vertex 0.2814837396144867 -25.593223571777344 0
endloop
endfacet
facet normal 0.9807851384137336 0.19509103584417611 0
outer loop
vertex 0.1839359998703003 -25.447233200073242 1.7000000476837158
vertex 0.1839359998703003 -25.447233200073242 0
vertex 0.14968179166316986 -25.275026321411133 1.7000000476837158
endloop
endfacet
facet normal -0.5555694603355263 0.8314701285930194 0
outer loop
vertex 0.9178798198699951 -25.593223571777344 0
vertex 0.771889328956604 -25.690771102905273 0
vertex 0.771889328956604 -25.690771102905273 1.7000000476837158
endloop
endfacet
facet normal 0 0 -1
outer loop
vertex 0.771889328956604 -24.85927963256836 1.7000000476837158
vertex 0.9178798198699951 -24.95682716369629 1.7000000476837158
vertex 0.771889328956604 -25.690771102905273 1.7000000476837158
endloop
endfacet
facet normal 0 0 -1
outer loop
vertex 1.0496817827224731 -25.275026321411133 1.7000000476837158
vertex 1.015427589416504 -25.447233200073242 1.7000000476837158
vertex 1.015427589416504 -25.10281753540039 1.7000000476837158
endloop
endfacet
facet normal 0.831469370180071 0.5555705953813216 0
outer loop
vertex 0.2814837396144867 -25.593223571777344 1.7000000476837158
vertex 0.2814837396144867 -25.593223571777344 0
vertex 0.1839359998703003 -25.447233200073242 1.7000000476837158
endloop
endfacet
facet normal 0.831469370180071 -0.5555705953813216 0
outer loop
vertex 0.2814837396144867 -24.95682716369629 0
vertex 0.2814837396144867 -24.95682716369629 1.7000000476837158
vertex 0.1839359998703003 -25.10281753540039 0
endloop
endfacet
facet normal 0.19508958660049425 0.9807854266862085 0
outer loop
vertex 0.5996817946434021 -26.995025634765625 0
vertex 0.4274742603302002 -26.960771560668945 0
vertex 0.4274742603302002 -26.960771560668945 1.7000000476837158
endloop
endfacet
facet normal 0.9807855518619782 0.19508895729588294 0
outer loop
vertex 0.14968179166316986 -26.545024871826172 0
vertex 0.14968179166316986 -26.545024871826172 1.7000000476837158
vertex 0.1839359998703003 -26.717233657836914 0
endloop
endfacet
facet normal -0.9807851546525584 -0.19509095420638264 0
outer loop
vertex 1.015427589416504 -26.372817993164062 1.7000000476837158
vertex 1.015427589416504 -26.372817993164062 0
vertex 1.0496817827224731 -26.545024871826172 1.7000000476837158
endloop
endfacet
facet normal 0.5555693819281071 0.8314701809830711 0
outer loop
vertex 0.4274742603302002 -26.960771560668945 0
vertex 0.2814837396144867 -26.863224029541016 0
vertex 0.2814837396144867 -26.863224029541016 1.7000000476837158
endloop
endfacet
facet normal 0 0 -1
outer loop
vertex 0.9178798198699951 -26.22682762145996 1.7000000476837158
vertex 0.771889328956604 -26.960771560668945 1.7000000476837158
vertex 0.771889328956604 -26.12928009033203 1.7000000476837158
endloop
endfacet
facet normal -0.8314692917725611 -0.555570712726324 0
outer loop
vertex 1.015427589416504 -26.372817993164062 0
vertex 1.015427589416504 -26.372817993164062 1.7000000476837158
vertex 0.9178798198699951 -26.22682762145996 0
endloop
endfacet
facet normal -0.5555694603355263 -0.8314701285930194 0
outer loop
vertex 0.771889328956604 -26.12928009033203 1.7000000476837158
vertex 0.771889328956604 -26.12928009033203 0
vertex 0.9178798198699951 -26.22682762145996 1.7000000476837158
endloop
endfacet
facet normal -0.19508958660049425 -0.9807854266862085 0
outer loop
vertex 0.5996817946434021 -26.09502601623535 1.7000000476837158
vertex 0.5996817946434021 -26.09502601623535 0
vertex 0.771889328956604 -26.12928009033203 1.7000000476837158
endloop
endfacet
facet normal -0.8314692917725611 -0.555570712726324 0
outer loop
vertex 0.9178798198699951 -26.22682762145996 1.7000000476837158
vertex 0.9178798198699951 -26.22682762145996 0
vertex 1.015427589416504 -26.372817993164062 1.7000000476837158
endloop
endfacet
facet normal 0.19508958660049425 -0.9807854266862085 0
outer loop
vertex 0.4274742603302002 -26.12928009033203 1.7000000476837158
vertex 0.4274742603302002 -26.12928009033203 0
vertex 0.5996817946434021 -26.09502601623535 1.7000000476837158
endloop
endfacet
facet normal 0.5555693819281071 -0.8314701809830711 0
outer loop
vertex 0.2814837396144867 -26.22682762145996 1.7000000476837158
vertex 0.2814837396144867 -26.22682762145996 0
vertex 0.4274742603302002 -26.12928009033203 1.7000000476837158
endloop
endfacet
facet normal 0.831469370180071 -0.5555705953813216 0
outer loop
vertex 0.1839359998703003 -26.372817993164062 1.7000000476837158
vertex 0.1839359998703003 -26.372817993164062 0
vertex 0.2814837396144867 -26.22682762145996 1.7000000476837158
endloop
endfacet
facet normal -0.980785568100464 0.19508887565889044 0
outer loop
vertex 1.0496817827224731 -26.545024871826172 1.7000000476837158
vertex 1.0496817827224731 -26.545024871826172 0
vertex 1.015427589416504 -26.717233657836914 1.7000000476837158
endloop
endfacet
facet normal -0.8314692917725611 0.555570712726324 0
outer loop
vertex 1.015427589416504 -26.717233657836914 1.7000000476837158
vertex 1.015427589416504 -26.717233657836914 0
vertex 0.9178798198699951 -26.863224029541016 1.7000000476837158
endloop
endfacet
facet normal -0.5555694603355263 0.8314701285930194 0
outer loop
vertex 0.9178798198699951 -26.863224029541016 1.7000000476837158
vertex 0.9178798198699951 -26.863224029541016 0
vertex 0.771889328956604 -26.960771560668945 1.7000000476837158
endloop
endfacet
facet normal -0.19508958660049425 0.9807854266862085 0
outer loop
vertex 0.771889328956604 -26.960771560668945 1.7000000476837158
vertex 0.771889328956604 -26.960771560668945 0
vertex 0.5996817946434021 -26.995025634765625 1.7000000476837158
endloop
endfacet
facet normal 0.9807851384137336 -0.19509103584417611 0
outer loop
vertex 0.14968179166316986 -26.545024871826172 1.7000000476837158
vertex 0.14968179166316986 -26.545024871826172 0
vertex 0.1839359998703003 -26.372817993164062 1.7000000476837158
endloop
endfacet
facet normal -0.5555694603355263 -0.8314701285930194 0
outer loop
vertex 0.9178798198699951 -26.22682762145996 0
vertex 0.9178798198699951 -26.22682762145996 1.7000000476837158
vertex 0.771889328956604 -26.12928009033203 0
endloop
endfacet
facet normal -0.19508958660049425 -0.9807854266862085 0
outer loop
vertex 0.5996817946434021 -26.09502601623535 0
vertex 0.771889328956604 -26.12928009033203 0
vertex 0.771889328956604 -26.12928009033203 1.7000000476837158
endloop
endfacet
facet normal 0.19508958660049425 -0.9807854266862085 0
outer loop
vertex 0.5996817946434021 -26.09502601623535 0
vertex 0.5996817946434021 -26.09502601623535 1.7000000476837158
vertex 0.4274742603302002 -26.12928009033203 0
endloop
endfacet
facet normal 0.5555693819281071 -0.8314701809830711 0
outer loop
vertex 0.2814837396144867 -26.22682762145996 0
vertex 0.4274742603302002 -26.12928009033203 0
vertex 0.4274742603302002 -26.12928009033203 1.7000000476837158
endloop
endfacet
facet normal 0.831469370180071 -0.5555705953813216 0
outer loop
vertex 0.2814837396144867 -26.22682762145996 0
vertex 0.2814837396144867 -26.22682762145996 1.7000000476837158
vertex 0.1839359998703003 -26.372817993164062 0
endloop
endfacet
facet normal 0.9807855518619782 0.19508895729588294 0
outer loop
vertex 0.1839359998703003 -26.717233657836914 1.7000000476837158
vertex 0.1839359998703003 -26.717233657836914 0
vertex 0.14968179166316986 -26.545024871826172 1.7000000476837158
endloop
endfacet
facet normal 0.831469370180071 0.5555705953813216 0
outer loop
vertex 0.2814837396144867 -26.863224029541016 1.7000000476837158
vertex 0.2814837396144867 -26.863224029541016 0
vertex 0.1839359998703003 -26.717233657836914 1.7000000476837158
endloop
endfacet
facet normal 0 0 -1
outer loop
vertex 0.771889328956604 -26.12928009033203 1.7000000476837158
vertex 0.5996817946434021 -26.995025634765625 1.7000000476837158
vertex 0.5996817946434021 -26.09502601623535 1.7000000476837158
endloop
endfacet
facet normal 0 0 -1
outer loop
vertex 0.5996817946434021 -26.09502601623535 1.7000000476837158
vertex 0.4274742603302002 -26.960771560668945 1.7000000476837158
vertex 0.4274742603302002 -26.12928009033203 1.7000000476837158
endloop
endfacet
facet normal 0 0 -1
outer loop
vertex 0.4274742603302002 -26.12928009033203 1.7000000476837158
vertex 0.2814837396144867 -26.863224029541016 1.7000000476837158
vertex 0.2814837396144867 -26.22682762145996 1.7000000476837158
endloop
endfacet
facet normal 0 0 -1
outer loop
vertex 0.2814837396144867 -26.22682762145996 1.7000000476837158
vertex 0.1839359998703003 -26.717233657836914 1.7000000476837158
vertex 0.1839359998703003 -26.372817993164062 1.7000000476837158
endloop
endfacet
facet normal 0 0 -1
outer loop
vertex 1.0496817827224731 -26.545024871826172 1.7000000476837158
vertex 1.015427589416504 -26.717233657836914 1.7000000476837158
vertex 1.015427589416504 -26.372817993164062 1.7000000476837158
endloop
endfacet
facet normal 0 0 -1
outer loop
vertex 1.015427589416504 -26.717233657836914 1.7000000476837158
vertex 0.9178798198699951 -26.863224029541016 1.7000000476837158
vertex 1.015427589416504 -26.372817993164062 1.7000000476837158
endloop
endfacet
facet normal 0 0 -1
outer loop
vertex 0.9178798198699951 -26.863224029541016 1.7000000476837158
vertex 0.9178798198699951 -26.22682762145996 1.7000000476837158
vertex 1.015427589416504 -26.372817993164062 1.7000000476837158
endloop
endfacet
facet normal 0 0 -1
outer loop
vertex 0.9178798198699951 -26.863224029541016 1.7000000476837158
vertex 0.771889328956604 -26.960771560668945 1.7000000476837158
vertex 0.9178798198699951 -26.22682762145996 1.7000000476837158
endloop
endfacet
facet normal 0 0 -1
outer loop
vertex 0.771889328956604 -26.960771560668945 1.7000000476837158
vertex 0.5996817946434021 -26.995025634765625 1.7000000476837158
vertex 0.771889328956604 -26.12928009033203 1.7000000476837158
endloop
endfacet
facet normal 0 0 -1
outer loop
vertex 0.5996817946434021 -26.995025634765625 1.7000000476837158
vertex 0.4274742603302002 -26.960771560668945 1.7000000476837158
vertex 0.5996817946434021 -26.09502601623535 1.7000000476837158
endloop
endfacet
facet normal 0 0 -1
outer loop
vertex 0.4274742603302002 -26.960771560668945 1.7000000476837158
vertex 0.2814837396144867 -26.863224029541016 1.7000000476837158
vertex 0.4274742603302002 -26.12928009033203 1.7000000476837158
endloop
endfacet
facet normal 0 0 -1
outer loop
vertex 0.1839359998703003 -26.717233657836914 1.7000000476837158
vertex 0.14968179166316986 -26.545024871826172 1.7000000476837158
vertex 0.1839359998703003 -26.372817993164062 1.7000000476837158
endloop
endfacet
facet normal 0.9807851384137336 -0.19509103584417611 0
outer loop
vertex 0.1839359998703003 -26.372817993164062 0
vertex 0.1839359998703003 -26.372817993164062 1.7000000476837158
vertex 0.14968179166316986 -26.545024871826172 0
endloop
endfacet
facet normal -0.9807851546525584 -0.19509095420638264 0
outer loop
vertex 1.015427589416504 -26.372817993164062 0
vertex 1.0496817827224731 -26.545024871826172 0
vertex 1.0496817827224731 -26.545024871826172 1.7000000476837158
endloop
endfacet
facet normal -0.980785568100464 0.19508887565889044 0
outer loop
vertex 1.0496817827224731 -26.545024871826172 0
vertex 1.015427589416504 -26.717233657836914 0
vertex 1.015427589416504 -26.717233657836914 1.7000000476837158
endloop
endfacet
facet normal -0.8314692917725611 0.555570712726324 0
outer loop
vertex 1.015427589416504 -26.717233657836914 0
vertex 0.9178798198699951 -26.863224029541016 0
vertex 0.9178798198699951 -26.863224029541016 1.7000000476837158
endloop
endfacet
facet normal -0.5555694603355263 0.8314701285930194 0
outer loop
vertex 0.9178798198699951 -26.863224029541016 0
vertex 0.771889328956604 -26.960771560668945 0
vertex 0.771889328956604 -26.960771560668945 1.7000000476837158
endloop
endfacet
facet normal -0.19508958660049425 0.9807854266862085 0
outer loop
vertex 0.771889328956604 -26.960771560668945 0
vertex 0.5996817946434021 -26.995025634765625 0
vertex 0.5996817946434021 -26.995025634765625 1.7000000476837158
endloop
endfacet
facet normal 0.5555693819281071 0.8314701809830711 0
outer loop
vertex 0.4274742603302002 -26.960771560668945 1.7000000476837158
vertex 0.4274742603302002 -26.960771560668945 0
vertex 0.2814837396144867 -26.863224029541016 1.7000000476837158
endloop
endfacet
facet normal 0.19508958660049425 0.9807854266862085 0
outer loop
vertex 0.5996817946434021 -26.995025634765625 1.7000000476837158
vertex 0.5996817946434021 -26.995025634765625 0
vertex 0.4274742603302002 -26.960771560668945 1.7000000476837158
endloop
endfacet
facet normal 0.831469370180071 0.5555705953813216 0
outer loop
vertex 0.1839359998703003 -26.717233657836914 0
vertex 0.1839359998703003 -26.717233657836914 1.7000000476837158
vertex 0.2814837396144867 -26.863224029541016 0
endloop
endfacet
facet normal 0 0 -1
outer loop
vertex 0.2814837396144867 -26.863224029541016 1.7000000476837158
vertex 0.1839359998703003 -26.717233657836914 1.7000000476837158
vertex 0.2814837396144867 -26.22682762145996 1.7000000476837158
endloop
endfacet
facet normal 0 0 -1
outer loop
vertex 0.9178798198699951 -28.133224487304688 1.7000000476837158
vertex 0.771889328956604 -28.230772018432617 1.7000000476837158
vertex 0.9178798198699951 -27.496828079223633 1.7000000476837158
endloop
endfacet
facet normal 0 0 -1
outer loop
vertex 0.771889328956604 -27.399280548095703 1.7000000476837158
vertex 0.5996817946434021 -28.265026092529297 1.7000000476837158
vertex 0.5996817946434021 -27.365026473999023 1.7000000476837158
endloop
endfacet
facet normal 0 0 -1
outer loop
vertex 0.2814837396144867 -28.133224487304688 1.7000000476837158
vertex 0.1839359998703003 -27.987232208251953 1.7000000476837158
vertex 0.2814837396144867 -27.496828079223633 1.7000000476837158
endloop
endfacet
facet normal 0 0 -1
outer loop
vertex 0.1839359998703003 -27.987232208251953 1.7000000476837158
vertex 0.14968179166316986 -27.815025329589844 1.7000000476837158
vertex 0.1839359998703003 -27.642818450927734 1.7000000476837158
endloop
endfacet
facet normal 0 0 -1
outer loop
vertex 0.2814837396144867 -27.496828079223633 1.7000000476837158
vertex 0.1839359998703003 -27.987232208251953 1.7000000476837158
vertex 0.1839359998703003 -27.642818450927734 1.7000000476837158
endloop
endfacet
facet normal -0.8314692917725611 -0.555570712726324 0
outer loop
vertex 1.015427589416504 -27.642818450927734 0
vertex 1.015427589416504 -27.642818450927734 1.7000000476837158
vertex 0.9178798198699951 -27.496828079223633 0
endloop
endfacet
facet normal -0.19508958660049425 -0.9807854266862085 0
outer loop
vertex 0.5996817946434021 -27.365026473999023 0
vertex 0.771889328956604 -27.399280548095703 0
vertex 0.771889328956604 -27.399280548095703 1.7000000476837158
endloop
endfacet
facet normal -0.19508958660049425 -0.9807854266862085 0
outer loop
vertex 0.5996817946434021 -27.365026473999023 1.7000000476837158
vertex 0.5996817946434021 -27.365026473999023 0
vertex 0.771889328956604 -27.399280548095703 1.7000000476837158
endloop
endfacet
facet normal -0.5555694603355263 -0.8314701285930194 0
outer loop
vertex 0.771889328956604 -27.399280548095703 1.7000000476837158
vertex 0.771889328956604 -27.399280548095703 0
vertex 0.9178798198699951 -27.496828079223633 1.7000000476837158
endloop
endfacet
facet normal -0.8314692917725611 -0.555570712726324 0
outer loop
vertex 0.9178798198699951 -27.496828079223633 1.7000000476837158
vertex 0.9178798198699951 -27.496828079223633 0
vertex 1.015427589416504 -27.642818450927734 1.7000000476837158
endloop
endfacet
facet normal -0.9807851546525584 -0.19509095420638264 0
outer loop
vertex 1.015427589416504 -27.642818450927734 1.7000000476837158
vertex 1.015427589416504 -27.642818450927734 0
vertex 1.0496817827224731 -27.815025329589844 1.7000000476837158
endloop
endfacet
facet normal -0.9807851546525584 0.19509095420638264 0
outer loop
vertex 1.0496817827224731 -27.815025329589844 1.7000000476837158
vertex 1.0496817827224731 -27.815025329589844 0
vertex 1.015427589416504 -27.987232208251953 1.7000000476837158
endloop
endfacet
facet normal 0.19508958660049425 -0.9807854266862085 0
outer loop
vertex 0.4274742603302002 -27.399280548095703 1.7000000476837158
vertex 0.4274742603302002 -27.399280548095703 0
vertex 0.5996817946434021 -27.365026473999023 1.7000000476837158
endloop
endfacet
facet normal -0.5555694603355263 -0.8314701285930194 0
outer loop
vertex 0.9178798198699951 -27.496828079223633 0
vertex 0.9178798198699951 -27.496828079223633 1.7000000476837158
vertex 0.771889328956604 -27.399280548095703 0
endloop
endfacet
facet normal -0.9807851546525584 -0.19509095420638264 0
outer loop
vertex 1.015427589416504 -27.642818450927734 0
vertex 1.0496817827224731 -27.815025329589844 0
vertex 1.0496817827224731 -27.815025329589844 1.7000000476837158
endloop
endfacet
facet normal -0.9807851546525584 0.19509095420638264 0
outer loop
vertex 1.0496817827224731 -27.815025329589844 0
vertex 1.015427589416504 -27.987232208251953 0
vertex 1.015427589416504 -27.987232208251953 1.7000000476837158
endloop
endfacet
facet normal 0.19508958660049425 -0.9807854266862085 0
outer loop
vertex 0.5996817946434021 -27.365026473999023 0
vertex 0.5996817946434021 -27.365026473999023 1.7000000476837158
vertex 0.4274742603302002 -27.399280548095703 0
endloop
endfacet
facet normal 0.5555693819281071 -0.8314701809830711 0
outer loop
vertex 0.2814837396144867 -27.496828079223633 0
vertex 0.4274742603302002 -27.399280548095703 0
vertex 0.4274742603302002 -27.399280548095703 1.7000000476837158
endloop
endfacet
facet normal 0.5555693819281071 -0.8314701809830711 0
outer loop
vertex 0.2814837396144867 -27.496828079223633 1.7000000476837158
vertex 0.2814837396144867 -27.496828079223633 0
vertex 0.4274742603302002 -27.399280548095703 1.7000000476837158
endloop
endfacet
facet normal 0.831469370180071 -0.5555705953813216 0
outer loop
vertex 0.1839359998703003 -27.642818450927734 1.7000000476837158
vertex 0.1839359998703003 -27.642818450927734 0
vertex 0.2814837396144867 -27.496828079223633 1.7000000476837158
endloop
endfacet
facet normal 0.9807851384137336 -0.19509103584417611 0
outer loop
vertex 0.14968179166316986 -27.815025329589844 1.7000000476837158
vertex 0.14968179166316986 -27.815025329589844 0
vertex 0.1839359998703003 -27.642818450927734 1.7000000476837158
endloop
endfacet
facet normal 0.9807851384137336 0.19509103584417611 0
outer loop
vertex 0.1839359998703003 -27.987232208251953 1.7000000476837158
vertex 0.1839359998703003 -27.987232208251953 0
vertex 0.14968179166316986 -27.815025329589844 1.7000000476837158
endloop
endfacet
facet normal -0.83147264470564 0.5555656946808436 0
outer loop
vertex 1.015427589416504 -27.987232208251953 1.7000000476837158
vertex 1.015427589416504 -27.987232208251953 0
vertex 0.9178798198699951 -28.133224487304688 1.7000000476837158
endloop
endfacet
facet normal 0.831469370180071 -0.5555705953813216 0
outer loop
vertex 0.2814837396144867 -27.496828079223633 0
vertex 0.2814837396144867 -27.496828079223633 1.7000000476837158
vertex 0.1839359998703003 -27.642818450927734 0
endloop
endfacet
facet normal 0.9807851384137336 -0.19509103584417611 0
outer loop
vertex 0.1839359998703003 -27.642818450927734 0
vertex 0.1839359998703003 -27.642818450927734 1.7000000476837158
vertex 0.14968179166316986 -27.815025329589844 0
endloop
endfacet
facet normal 0.9807851384137336 0.19509103584417611 0
outer loop
vertex 0.1839359998703003 -27.987232208251953 0
vertex 0.14968179166316986 -27.815025329589844 0
vertex 0.14968179166316986 -27.815025329589844 1.7000000476837158
endloop
endfacet
facet normal -0.83147264470564 0.5555656946808436 0
outer loop
vertex 1.015427589416504 -27.987232208251953 0
vertex 0.9178798198699951 -28.133224487304688 0
vertex 0.9178798198699951 -28.133224487304688 1.7000000476837158
endloop
endfacet
facet normal -0.5555694603355263 0.8314701285930194 0
outer loop
vertex 0.9178798198699951 -28.133224487304688 0
vertex 0.771889328956604 -28.230772018432617 0
vertex 0.771889328956604 -28.230772018432617 1.7000000476837158
endloop
endfacet
facet normal -0.19508958660049425 0.9807854266862085 0
outer loop
vertex 0.771889328956604 -28.230772018432617 0
vertex 0.5996817946434021 -28.265026092529297 0
vertex 0.5996817946434021 -28.265026092529297 1.7000000476837158
endloop
endfacet
facet normal 0.8314727231120498 0.5555655773359548 0
outer loop
vertex 0.1839359998703003 -27.987232208251953 0
vertex 0.1839359998703003 -27.987232208251953 1.7000000476837158
vertex 0.2814837396144867 -28.133224487304688 0
endloop
endfacet
facet normal -0.5555694603355263 0.8314701285930194 0
outer loop
vertex 0.9178798198699951 -28.133224487304688 1.7000000476837158
vertex 0.9178798198699951 -28.133224487304688 0
vertex 0.771889328956604 -28.230772018432617 1.7000000476837158
endloop
endfacet
facet normal -0.19508958660049425 0.9807854266862085 0
outer loop
vertex 0.771889328956604 -28.230772018432617 1.7000000476837158
vertex 0.771889328956604 -28.230772018432617 0
vertex 0.5996817946434021 -28.265026092529297 1.7000000476837158
endloop
endfacet
facet normal 0.19508958660049425 0.9807854266862085 0
outer loop
vertex 0.5996817946434021 -28.265026092529297 1.7000000476837158
vertex 0.5996817946434021 -28.265026092529297 0
vertex 0.4274742603302002 -28.230772018432617 1.7000000476837158
endloop
endfacet
facet normal 0.5555693819281071 0.8314701809830711 0
outer loop
vertex 0.4274742603302002 -28.230772018432617 1.7000000476837158
vertex 0.4274742603302002 -28.230772018432617 0
vertex 0.2814837396144867 -28.133224487304688 1.7000000476837158
endloop
endfacet
facet normal 0.8314727231120498 0.5555655773359548 0
outer loop
vertex 0.2814837396144867 -28.133224487304688 1.7000000476837158
vertex 0.2814837396144867 -28.133224487304688 0
vertex 0.1839359998703003 -27.987232208251953 1.7000000476837158
endloop
endfacet
facet normal 0 0 -1
outer loop
vertex 0.4274742603302002 -28.230772018432617 1.7000000476837158
vertex 0.2814837396144867 -28.133224487304688 1.7000000476837158
vertex 0.4274742603302002 -27.399280548095703 1.7000000476837158
endloop
endfacet
facet normal 0 0 -1
outer loop
vertex 0.5996817946434021 -28.265026092529297 1.7000000476837158
vertex 0.4274742603302002 -28.230772018432617 1.7000000476837158
vertex 0.5996817946434021 -27.365026473999023 1.7000000476837158
endloop
endfacet
facet normal 0.19508958660049425 0.9807854266862085 0
outer loop
vertex 0.4274742603302002 -28.230772018432617 0
vertex 0.4274742603302002 -28.230772018432617 1.7000000476837158
vertex 0.5996817946434021 -28.265026092529297 0
endloop
endfacet
facet normal 0 0 -1
outer loop
vertex 0.4274742603302002 -27.399280548095703 1.7000000476837158
vertex 0.2814837396144867 -28.133224487304688 1.7000000476837158
vertex 0.2814837396144867 -27.496828079223633 1.7000000476837158
endloop
endfacet
facet normal 0.5555693819281071 0.8314701809830711 0
outer loop
vertex 0.4274742603302002 -28.230772018432617 0
vertex 0.2814837396144867 -28.133224487304688 0
vertex 0.2814837396144867 -28.133224487304688 1.7000000476837158
endloop
endfacet
facet normal 0 0 -1
outer loop
vertex 0.5996817946434021 -27.365026473999023 1.7000000476837158
vertex 0.4274742603302002 -28.230772018432617 1.7000000476837158
vertex 0.4274742603302002 -27.399280548095703 1.7000000476837158
endloop
endfacet
facet normal 0 0 -1
outer loop
vertex 0.771889328956604 -28.230772018432617 1.7000000476837158
vertex 0.5996817946434021 -28.265026092529297 1.7000000476837158
vertex 0.771889328956604 -27.399280548095703 1.7000000476837158
endloop
endfacet
facet normal 0 0 -1
outer loop
vertex 1.015427589416504 -27.987232208251953 1.7000000476837158
vertex 0.9178798198699951 -28.133224487304688 1.7000000476837158
vertex 1.015427589416504 -27.642818450927734 1.7000000476837158
endloop
endfacet
facet normal 0 0 -1
outer loop
vertex 1.015427589416504 -27.642818450927734 1.7000000476837158
vertex 0.9178798198699951 -28.133224487304688 1.7000000476837158
vertex 0.9178798198699951 -27.496828079223633 1.7000000476837158
endloop
endfacet
facet normal 0 0 -1
outer loop
vertex 0.9178798198699951 -27.496828079223633 1.7000000476837158
vertex 0.771889328956604 -28.230772018432617 1.7000000476837158
vertex 0.771889328956604 -27.399280548095703 1.7000000476837158
endloop
endfacet
facet normal 0 0 -1
outer loop
vertex 1.0496817827224731 -27.815025329589844 1.7000000476837158
vertex 1.015427589416504 -27.987232208251953 1.7000000476837158
vertex 1.015427589416504 -27.642818450927734 1.7000000476837158
endloop
endfacet
facet normal -0.5555694603355263 -0.8314701285930194 0
outer loop
vertex 0.771889328956604 -28.669279098510742 0
vertex 0.9178798198699951 -28.766826629638672 0
vertex 0.9178798198699951 -28.766826629638672 1.7000000476837158
endloop
endfacet
facet normal 0 0 -1
outer loop
vertex 0.771889328956604 -28.669279098510742 1.7000000476837158
vertex 0.9178798198699951 -28.766826629638672 1.7000000476837158
vertex 0.771889328956604 -29.500770568847656 1.7000000476837158
endloop
endfacet
facet normal -0.9807851546525584 -0.19509095420638264 0
outer loop
vertex 1.015427589416504 -28.912818908691406 1.7000000476837158
vertex 1.015427589416504 -28.912818908691406 0
vertex 1.0496817827224731 -29.085025787353516 1.7000000476837158
endloop
endfacet
facet normal 0.19508958660049425 -0.9807854266862085 0
outer loop
vertex 0.4274742603302002 -28.669279098510742 1.7000000476837158
vertex 0.4274742603302002 -28.669279098510742 0
vertex 0.5996817946434021 -28.635025024414062 1.7000000476837158
endloop
endfacet
facet normal 0.19508958660049425 0.9807854266862085 0
outer loop
vertex 0.5996817946434021 -29.535024642944336 1.7000000476837158
vertex 0.5996817946434021 -29.535024642944336 0
vertex 0.4274742603302002 -29.500770568847656 1.7000000476837158
endloop
endfacet
facet normal 0.831469370180071 0.5555705953813216 0
outer loop
vertex 0.2814837396144867 -29.403223037719727 1.7000000476837158
vertex 0.2814837396144867 -29.403223037719727 0
vertex 0.1839359998703003 -29.257232666015625 1.7000000476837158
endloop
endfacet
facet normal 0.9807851384137336 0.19509103584417611 0
outer loop
vertex 0.1839359998703003 -29.257232666015625 1.7000000476837158
vertex 0.1839359998703003 -29.257232666015625 0
vertex 0.14968179166316986 -29.085025787353516 1.7000000476837158
endloop
endfacet
facet normal 0.5555693819281071 0.8314701809830711 0
outer loop
vertex 0.4274742603302002 -29.500770568847656 1.7000000476837158
vertex 0.4274742603302002 -29.500770568847656 0
vertex 0.2814837396144867 -29.403223037719727 1.7000000476837158
endloop
endfacet
facet normal 0.9807851384137336 -0.19509103584417611 0
outer loop
vertex 0.14968179166316986 -29.085025787353516 1.7000000476837158
vertex 0.14968179166316986 -29.085025787353516 0
vertex 0.1839359998703003 -28.912818908691406 1.7000000476837158
endloop
endfacet
facet normal 0.8314727231120498 -0.5555655773359548 0
outer loop
vertex 0.1839359998703003 -28.912818908691406 1.7000000476837158
vertex 0.1839359998703003 -28.912818908691406 0
vertex 0.2814837396144867 -28.766826629638672 1.7000000476837158
endloop
endfacet
facet normal -0.19508958660049425 0.9807854266862085 0
outer loop
vertex 0.771889328956604 -29.500770568847656 1.7000000476837158
vertex 0.771889328956604 -29.500770568847656 0
vertex 0.5996817946434021 -29.535024642944336 1.7000000476837158
endloop
endfacet
facet normal -0.5555694603355263 0.8314701285930194 0
outer loop
vertex 0.9178798198699951 -29.403223037719727 1.7000000476837158
vertex 0.9178798198699951 -29.403223037719727 0
vertex 0.771889328956604 -29.500770568847656 1.7000000476837158
endloop
endfacet
facet normal -0.8314692917725611 0.555570712726324 0
outer loop
vertex 1.015427589416504 -29.257232666015625 1.7000000476837158
vertex 1.015427589416504 -29.257232666015625 0
vertex 0.9178798198699951 -29.403223037719727 1.7000000476837158
endloop
endfacet
facet normal -0.9807851546525584 0.19509095420638264 0
outer loop
vertex 1.0496817827224731 -29.085025787353516 1.7000000476837158
vertex 1.0496817827224731 -29.085025787353516 0
vertex 1.015427589416504 -29.257232666015625 1.7000000476837158
endloop
endfacet
facet normal -0.83147264470564 -0.5555656946808436 0
outer loop
vertex 0.9178798198699951 -28.766826629638672 1.7000000476837158
vertex 0.9178798198699951 -28.766826629638672 0
vertex 1.015427589416504 -28.912818908691406 1.7000000476837158
endloop
endfacet
facet normal 0.5555693819281071 -0.8314701809830711 0
outer loop
vertex 0.2814837396144867 -28.766826629638672 1.7000000476837158
vertex 0.2814837396144867 -28.766826629638672 0
vertex 0.4274742603302002 -28.669279098510742 1.7000000476837158
endloop
endfacet
facet normal 0 0 -1
outer loop
vertex 0.2814837396144867 -29.403223037719727 1.7000000476837158
vertex 0.1839359998703003 -29.257232666015625 1.7000000476837158
vertex 0.2814837396144867 -28.766826629638672 1.7000000476837158
endloop
endfacet
facet normal 0 0 -1
outer loop
vertex 0.4274742603302002 -29.500770568847656 1.7000000476837158
vertex 0.2814837396144867 -29.403223037719727 1.7000000476837158
vertex 0.4274742603302002 -28.669279098510742 1.7000000476837158
endloop
endfacet
facet normal 0 0 -1
outer loop
vertex 0.5996817946434021 -29.535024642944336 1.7000000476837158
vertex 0.4274742603302002 -29.500770568847656 1.7000000476837158
vertex 0.5996817946434021 -28.635025024414062 1.7000000476837158
endloop
endfacet
facet normal 0 0 -1
outer loop
vertex 0.1839359998703003 -29.257232666015625 1.7000000476837158
vertex 0.14968179166316986 -29.085025787353516 1.7000000476837158
vertex 0.1839359998703003 -28.912818908691406 1.7000000476837158
endloop
endfacet
facet normal -0.19508958660049425 -0.9807854266862085 0
outer loop
vertex 0.5996817946434021 -28.635025024414062 0
vertex 0.771889328956604 -28.669279098510742 0
vertex 0.771889328956604 -28.669279098510742 1.7000000476837158
endloop
endfacet
facet normal 0.19508958660049425 -0.9807854266862085 0
outer loop
vertex 0.5996817946434021 -28.635025024414062 0
vertex 0.5996817946434021 -28.635025024414062 1.7000000476837158
vertex 0.4274742603302002 -28.669279098510742 0
endloop
endfacet
facet normal 0.5555693819281071 -0.8314701809830711 0
outer loop
vertex 0.2814837396144867 -28.766826629638672 0
vertex 0.4274742603302002 -28.669279098510742 0
vertex 0.4274742603302002 -28.669279098510742 1.7000000476837158
endloop
endfacet
facet normal -0.83147264470564 -0.5555656946808436 0
outer loop
vertex 1.015427589416504 -28.912818908691406 0
vertex 1.015427589416504 -28.912818908691406 1.7000000476837158
vertex 0.9178798198699951 -28.766826629638672 0
endloop
endfacet
facet normal -0.9807851546525584 -0.19509095420638264 0
outer loop
vertex 1.015427589416504 -28.912818908691406 0
vertex 1.0496817827224731 -29.085025787353516 0
vertex 1.0496817827224731 -29.085025787353516 1.7000000476837158
endloop
endfacet
facet normal -0.9807851546525584 0.19509095420638264 0
outer loop
vertex 1.0496817827224731 -29.085025787353516 0
vertex 1.015427589416504 -29.257232666015625 0
vertex 1.015427589416504 -29.257232666015625 1.7000000476837158
endloop
endfacet
facet normal -0.8314692917725611 0.555570712726324 0
outer loop
vertex 1.015427589416504 -29.257232666015625 0
vertex 0.9178798198699951 -29.403223037719727 0
vertex 0.9178798198699951 -29.403223037719727 1.7000000476837158
endloop
endfacet
facet normal -0.5555694603355263 0.8314701285930194 0
outer loop
vertex 0.9178798198699951 -29.403223037719727 0
vertex 0.771889328956604 -29.500770568847656 0
vertex 0.771889328956604 -29.500770568847656 1.7000000476837158
endloop
endfacet
facet normal 0.8314727231120498 -0.5555655773359548 0
outer loop
vertex 0.2814837396144867 -28.766826629638672 0
vertex 0.2814837396144867 -28.766826629638672 1.7000000476837158
vertex 0.1839359998703003 -28.912818908691406 0
endloop
endfacet
facet normal 0.9807851384137336 -0.19509103584417611 0
outer loop
vertex 0.1839359998703003 -28.912818908691406 0
vertex 0.1839359998703003 -28.912818908691406 1.7000000476837158
vertex 0.14968179166316986 -29.085025787353516 0
endloop
endfacet
facet normal 0.19508958660049425 0.9807854266862085 0
outer loop
vertex 0.5996817946434021 -29.535024642944336 0
vertex 0.4274742603302002 -29.500770568847656 0
vertex 0.4274742603302002 -29.500770568847656 1.7000000476837158
endloop
endfacet
facet normal 0.5555693819281071 0.8314701809830711 0
outer loop
vertex 0.4274742603302002 -29.500770568847656 0
vertex 0.2814837396144867 -29.403223037719727 0
vertex 0.2814837396144867 -29.403223037719727 1.7000000476837158
endloop
endfacet
facet normal 0 0 -1
outer loop
vertex 0.2814837396144867 -28.766826629638672 1.7000000476837158
vertex 0.1839359998703003 -29.257232666015625 1.7000000476837158
vertex 0.1839359998703003 -28.912818908691406 1.7000000476837158
endloop
endfacet
facet normal 0 0 -1
outer loop
vertex 0.4274742603302002 -28.669279098510742 1.7000000476837158
vertex 0.2814837396144867 -29.403223037719727 1.7000000476837158
vertex 0.2814837396144867 -28.766826629638672 1.7000000476837158
endloop
endfacet
facet normal 0 0 -1
outer loop
vertex 0.5996817946434021 -28.635025024414062 1.7000000476837158
vertex 0.4274742603302002 -29.500770568847656 1.7000000476837158
vertex 0.4274742603302002 -28.669279098510742 1.7000000476837158
endloop
endfacet
facet normal 0 0 -1
outer loop
vertex 0.771889328956604 -29.500770568847656 1.7000000476837158
vertex 0.5996817946434021 -29.535024642944336 1.7000000476837158
vertex 0.771889328956604 -28.669279098510742 1.7000000476837158
endloop
endfacet
facet normal 0.9807851384137336 0.19509103584417611 0
outer loop
vertex 0.14968179166316986 -29.085025787353516 0
vertex 0.14968179166316986 -29.085025787353516 1.7000000476837158
vertex 0.1839359998703003 -29.257232666015625 0
endloop
endfacet
facet normal 0.831469370180071 0.5555705953813216 0
outer loop
vertex 0.1839359998703003 -29.257232666015625 0
vertex 0.1839359998703003 -29.257232666015625 1.7000000476837158
vertex 0.2814837396144867 -29.403223037719727 0
endloop
endfacet
facet normal 0 0 -1
outer loop
vertex 0.9178798198699951 -29.403223037719727 1.7000000476837158
vertex 0.771889328956604 -29.500770568847656 1.7000000476837158
vertex 0.9178798198699951 -28.766826629638672 1.7000000476837158
endloop
endfacet
facet normal -0.19508958660049425 0.9807854266862085 0
outer loop
vertex 0.771889328956604 -29.500770568847656 0
vertex 0.5996817946434021 -29.535024642944336 0
vertex 0.5996817946434021 -29.535024642944336 1.7000000476837158
endloop
endfacet
facet normal -0.19508958660049425 -0.9807854266862085 0
outer loop
vertex 0.5996817946434021 -28.635025024414062 1.7000000476837158
vertex 0.5996817946434021 -28.635025024414062 0
vertex 0.771889328956604 -28.669279098510742 1.7000000476837158
endloop
endfacet
facet normal -0.5555694603355263 -0.8314701285930194 0
outer loop
vertex 0.771889328956604 -28.669279098510742 1.7000000476837158
vertex 0.771889328956604 -28.669279098510742 0
vertex 0.9178798198699951 -28.766826629638672 1.7000000476837158
endloop
endfacet
facet normal 0 0 -1
outer loop
vertex 1.0496817827224731 -29.085025787353516 1.7000000476837158
vertex 1.015427589416504 -29.257232666015625 1.7000000476837158
vertex 1.015427589416504 -28.912818908691406 1.7000000476837158
endloop
endfacet
facet normal 0 0 -1
outer loop
vertex 1.015427589416504 -29.257232666015625 1.7000000476837158
vertex 0.9178798198699951 -29.403223037719727 1.7000000476837158
vertex 1.015427589416504 -28.912818908691406 1.7000000476837158
endloop
endfacet
facet normal 0 0 -1
outer loop
vertex 1.015427589416504 -28.912818908691406 1.7000000476837158
vertex 0.9178798198699951 -29.403223037719727 1.7000000476837158
vertex 0.9178798198699951 -28.766826629638672 1.7000000476837158
endloop
endfacet
facet normal 0 0 -1
outer loop
vertex 0.771889328956604 -28.669279098510742 1.7000000476837158
vertex 0.5996817946434021 -29.535024642944336 1.7000000476837158
vertex 0.5996817946434021 -28.635025024414062 1.7000000476837158
endloop
endfacet
facet normal 0 0 -1
outer loop
vertex 1.015427589416504 -30.182817459106445 1.7000000476837158
vertex 0.9178798198699951 -30.6732234954834 1.7000000476837158
vertex 0.9178798198699951 -30.036827087402344 1.7000000476837158
endloop
endfacet
facet normal 0.5555693819281071 0.8314701809830711 0
outer loop
vertex 0.4274742603302002 -30.770771026611328 1.7000000476837158
vertex 0.4274742603302002 -30.770771026611328 0
vertex 0.2814837396144867 -30.6732234954834 1.7000000476837158
endloop
endfacet
facet normal 0.19508958660049425 -0.9807854266862085 0
outer loop
vertex 0.4274742603302002 -29.939279556274414 0
vertex 0.5996817946434021 -29.905025482177734 0
vertex 0.5996817946434021 -29.905025482177734 1.7000000476837158
endloop
endfacet
facet normal 0.831469370180071 -0.5555705953813216 0
outer loop
vertex 0.2814837396144867 -30.036827087402344 0
vertex 0.2814837396144867 -30.036827087402344 1.7000000476837158
vertex 0.1839359998703003 -30.182817459106445 0
endloop
endfacet
facet normal 0.9807855518619782 -0.19508895729588294 0
outer loop
vertex 0.1839359998703003 -30.182817459106445 0
vertex 0.1839359998703003 -30.182817459106445 1.7000000476837158
vertex 0.14968179166316986 -30.355026245117188 0
endloop
endfacet
facet normal -0.980785568100464 -0.19508887565889044 0
outer loop
vertex 1.015427589416504 -30.182817459106445 0
vertex 1.0496817827224731 -30.355026245117188 0
vertex 1.0496817827224731 -30.355026245117188 1.7000000476837158
endloop
endfacet
facet normal -0.9807851546525584 0.19509095420638264 0
outer loop
vertex 1.0496817827224731 -30.355026245117188 0
vertex 1.015427589416504 -30.527233123779297 0
vertex 1.015427589416504 -30.527233123779297 1.7000000476837158
endloop
endfacet
facet normal -0.8314692917725611 0.555570712726324 0
outer loop
vertex 1.015427589416504 -30.527233123779297 0
vertex 0.9178798198699951 -30.6732234954834 0
vertex 0.9178798198699951 -30.6732234954834 1.7000000476837158
endloop
endfacet
facet normal -0.5555694603355263 0.8314701285930194 0
outer loop
vertex 0.9178798198699951 -30.6732234954834 0
vertex 0.771889328956604 -30.770771026611328 0
vertex 0.771889328956604 -30.770771026611328 1.7000000476837158
endloop
endfacet
facet normal -0.19508958660049425 0.9807854266862085 0
outer loop
vertex 0.771889328956604 -30.770771026611328 0
vertex 0.5996817946434021 -30.805025100708008 0
vertex 0.5996817946434021 -30.805025100708008 1.7000000476837158
endloop
endfacet
facet normal -0.19508958660049425 -0.9807854266862085 0
outer loop
vertex 0.5996817946434021 -29.905025482177734 0
vertex 0.771889328956604 -29.939279556274414 0
vertex 0.771889328956604 -29.939279556274414 1.7000000476837158
endloop
endfacet
facet normal 0.9807851384137336 0.19509103584417611 0
outer loop
vertex 0.14968179166316986 -30.355026245117188 0
vertex 0.14968179166316986 -30.355026245117188 1.7000000476837158
vertex 0.1839359998703003 -30.527233123779297 0
endloop
endfacet
facet normal 0.831469370180071 0.5555705953813216 0
outer loop
vertex 0.1839359998703003 -30.527233123779297 0
vertex 0.1839359998703003 -30.527233123779297 1.7000000476837158
vertex 0.2814837396144867 -30.6732234954834 0
endloop
endfacet
facet normal 0.19508958660049425 0.9807854266862085 0
outer loop
vertex 0.5996817946434021 -30.805025100708008 0
vertex 0.4274742603302002 -30.770771026611328 0
vertex 0.4274742603302002 -30.770771026611328 1.7000000476837158
endloop
endfacet
facet normal 0.5555693819281071 0.8314701809830711 0
outer loop
vertex 0.4274742603302002 -30.770771026611328 0
vertex 0.2814837396144867 -30.6732234954834 0
vertex 0.2814837396144867 -30.6732234954834 1.7000000476837158
endloop
endfacet
facet normal -0.5555694603355263 -0.8314701285930194 0
outer loop
vertex 0.771889328956604 -29.939279556274414 0
vertex 0.9178798198699951 -30.036827087402344 0
vertex 0.9178798198699951 -30.036827087402344 1.7000000476837158
endloop
endfacet
facet normal -0.8314692917725611 -0.555570712726324 0
outer loop
vertex 1.015427589416504 -30.182817459106445 0
vertex 1.015427589416504 -30.182817459106445 1.7000000476837158
vertex 0.9178798198699951 -30.036827087402344 0
endloop
endfacet
facet normal 0 0 -1
outer loop
vertex 0.771889328956604 -29.939279556274414 1.7000000476837158
vertex 0.9178798198699951 -30.036827087402344 1.7000000476837158
vertex 0.771889328956604 -30.770771026611328 1.7000000476837158
endloop
endfacet
facet normal 0 0 -1
outer loop
vertex 0.9178798198699951 -30.6732234954834 1.7000000476837158
vertex 0.771889328956604 -30.770771026611328 1.7000000476837158
vertex 0.9178798198699951 -30.036827087402344 1.7000000476837158
endloop
endfacet
facet normal 0 0 -1
outer loop
vertex 0.771889328956604 -29.939279556274414 1.7000000476837158
vertex 0.5996817946434021 -30.805025100708008 1.7000000476837158
vertex 0.5996817946434021 -29.905025482177734 1.7000000476837158
endloop
endfacet
facet normal 0 0 -1
outer loop
vertex 0.5996817946434021 -29.905025482177734 1.7000000476837158
vertex 0.4274742603302002 -30.770771026611328 1.7000000476837158
vertex 0.4274742603302002 -29.939279556274414 1.7000000476837158
endloop
endfacet
facet normal 0 0 -1
outer loop
vertex 0.4274742603302002 -29.939279556274414 1.7000000476837158
vertex 0.2814837396144867 -30.6732234954834 1.7000000476837158
vertex 0.2814837396144867 -30.036827087402344 1.7000000476837158
endloop
endfacet
facet normal 0 0 -1
outer loop
vertex 0.2814837396144867 -30.036827087402344 1.7000000476837158
vertex 0.1839359998703003 -30.527233123779297 1.7000000476837158
vertex 0.1839359998703003 -30.182817459106445 1.7000000476837158
endloop
endfacet
facet normal 0 0 -1
outer loop
vertex 1.0496817827224731 -30.355026245117188 1.7000000476837158
vertex 1.015427589416504 -30.527233123779297 1.7000000476837158
vertex 1.015427589416504 -30.182817459106445 1.7000000476837158
endloop
endfacet
facet normal 0 0 -1
outer loop
vertex 1.015427589416504 -30.527233123779297 1.7000000476837158
vertex 0.9178798198699951 -30.6732234954834 1.7000000476837158
vertex 1.015427589416504 -30.182817459106445 1.7000000476837158
endloop
endfacet
facet normal 0 0 -1
outer loop
vertex 0.2814837396144867 -30.6732234954834 1.7000000476837158
vertex 0.1839359998703003 -30.527233123779297 1.7000000476837158
vertex 0.2814837396144867 -30.036827087402344 1.7000000476837158
endloop
endfacet
facet normal 0 0 -1
outer loop
vertex 0.1839359998703003 -30.527233123779297 1.7000000476837158
vertex 0.14968179166316986 -30.355026245117188 1.7000000476837158
vertex 0.1839359998703003 -30.182817459106445 1.7000000476837158
endloop
endfacet
facet normal 0 0 -1
outer loop
vertex 0.5996817946434021 -30.805025100708008 1.7000000476837158
vertex 0.4274742603302002 -30.770771026611328 1.7000000476837158
vertex 0.5996817946434021 -29.905025482177734 1.7000000476837158
endloop
endfacet
facet normal 0 0 -1
outer loop
vertex 0.4274742603302002 -30.770771026611328 1.7000000476837158
vertex 0.2814837396144867 -30.6732234954834 1.7000000476837158
vertex 0.4274742603302002 -29.939279556274414 1.7000000476837158
endloop
endfacet
facet normal -0.980785568100464 -0.19508887565889044 0
outer loop
vertex 1.015427589416504 -30.182817459106445 1.7000000476837158
vertex 1.015427589416504 -30.182817459106445 0
vertex 1.0496817827224731 -30.355026245117188 1.7000000476837158
endloop
endfacet
facet normal -0.5555694603355263 -0.8314701285930194 0
outer loop
vertex 0.771889328956604 -29.939279556274414 1.7000000476837158
vertex 0.771889328956604 -29.939279556274414 0
vertex 0.9178798198699951 -30.036827087402344 1.7000000476837158
endloop
endfacet
facet normal -0.8314692917725611 -0.555570712726324 0
outer loop
vertex 0.9178798198699951 -30.036827087402344 1.7000000476837158
vertex 0.9178798198699951 -30.036827087402344 0
vertex 1.015427589416504 -30.182817459106445 1.7000000476837158
endloop
endfacet
facet normal -0.19508958660049425 -0.9807854266862085 0
outer loop
vertex 0.5996817946434021 -29.905025482177734 1.7000000476837158
vertex 0.5996817946434021 -29.905025482177734 0
vertex 0.771889328956604 -29.939279556274414 1.7000000476837158
endloop
endfacet
facet normal 0 0 -1
outer loop
vertex 0.771889328956604 -30.770771026611328 1.7000000476837158
vertex 0.5996817946434021 -30.805025100708008 1.7000000476837158
vertex 0.771889328956604 -29.939279556274414 1.7000000476837158
endloop
endfacet
facet normal 0.19508958660049425 -0.9807854266862085 0
outer loop
vertex 0.4274742603302002 -29.939279556274414 1.7000000476837158
vertex 0.4274742603302002 -29.939279556274414 0
vertex 0.5996817946434021 -29.905025482177734 1.7000000476837158
endloop
endfacet
facet normal 0.5555693819281071 -0.8314701809830711 0
outer loop
vertex 0.2814837396144867 -30.036827087402344 1.7000000476837158
vertex 0.2814837396144867 -30.036827087402344 0
vertex 0.4274742603302002 -29.939279556274414 1.7000000476837158
endloop
endfacet
facet normal 0.831469370180071 -0.5555705953813216 0
outer loop
vertex 0.1839359998703003 -30.182817459106445 1.7000000476837158
vertex 0.1839359998703003 -30.182817459106445 0
vertex 0.2814837396144867 -30.036827087402344 1.7000000476837158
endloop
endfacet
facet normal -0.9807851546525584 0.19509095420638264 0
outer loop
vertex 1.0496817827224731 -30.355026245117188 1.7000000476837158
vertex 1.0496817827224731 -30.355026245117188 0
vertex 1.015427589416504 -30.527233123779297 1.7000000476837158
endloop
endfacet
facet normal -0.8314692917725611 0.555570712726324 0
outer loop
vertex 1.015427589416504 -30.527233123779297 1.7000000476837158
vertex 1.015427589416504 -30.527233123779297 0
vertex 0.9178798198699951 -30.6732234954834 1.7000000476837158
endloop
endfacet
facet normal -0.5555694603355263 0.8314701285930194 0
outer loop
vertex 0.9178798198699951 -30.6732234954834 1.7000000476837158
vertex 0.9178798198699951 -30.6732234954834 0
vertex 0.771889328956604 -30.770771026611328 1.7000000476837158
endloop
endfacet
facet normal -0.19508958660049425 0.9807854266862085 0
outer loop
vertex 0.771889328956604 -30.770771026611328 1.7000000476837158
vertex 0.771889328956604 -30.770771026611328 0
vertex 0.5996817946434021 -30.805025100708008 1.7000000476837158
endloop
endfacet
facet normal 0.9807855518619782 -0.19508895729588294 0
outer loop
vertex 0.14968179166316986 -30.355026245117188 1.7000000476837158
vertex 0.14968179166316986 -30.355026245117188 0
vertex 0.1839359998703003 -30.182817459106445 1.7000000476837158
endloop
endfacet
facet normal 0.9807851384137336 0.19509103584417611 0
outer loop
vertex 0.1839359998703003 -30.527233123779297 1.7000000476837158
vertex 0.1839359998703003 -30.527233123779297 0
vertex 0.14968179166316986 -30.355026245117188 1.7000000476837158
endloop
endfacet
facet normal 0.831469370180071 0.5555705953813216 0
outer loop
vertex 0.2814837396144867 -30.6732234954834 1.7000000476837158
vertex 0.2814837396144867 -30.6732234954834 0
vertex 0.1839359998703003 -30.527233123779297 1.7000000476837158
endloop
endfacet
facet normal 0.19508958660049425 0.9807854266862085 0
outer loop
vertex 0.5996817946434021 -30.805025100708008 1.7000000476837158
vertex 0.5996817946434021 -30.805025100708008 0
vertex 0.4274742603302002 -30.770771026611328 1.7000000476837158
endloop
endfacet
facet normal 0.5555693819281071 -0.8314701809830711 0
outer loop
vertex 0.4274742603302002 -29.939279556274414 0
vertex 0.4274742603302002 -29.939279556274414 1.7000000476837158
vertex 0.2814837396144867 -30.036827087402344 0
endloop
endfacet
facet normal 0.831469370180071 0.5555705953813216 0
outer loop
vertex 0.1839359998703003 -31.79723358154297 0
vertex 0.1839359998703003 -31.79723358154297 1.7000000476837158
vertex 0.2814837396144867 -31.94322395324707 0
endloop
endfacet
facet normal 0 0 -1
outer loop
vertex 0.4274742603302002 -31.209280014038086 1.7000000476837158
vertex 0.2814837396144867 -31.94322395324707 1.7000000476837158
vertex 0.2814837396144867 -31.306827545166016 1.7000000476837158
endloop
endfacet
facet normal 0 0 -1
outer loop
vertex 0.2814837396144867 -31.94322395324707 1.7000000476837158
vertex 0.1839359998703003 -31.79723358154297 1.7000000476837158
vertex 0.2814837396144867 -31.306827545166016 1.7000000476837158
endloop
endfacet
facet normal -0.5555694603355263 0.8314701285930194 0
outer loop
vertex 0.9178798198699951 -31.94322395324707 1.7000000476837158
vertex 0.9178798198699951 -31.94322395324707 0
vertex 0.771889328956604 -32.040771484375 1.7000000476837158
endloop
endfacet
facet normal -0.8314692917725611 0.555570712726324 0
outer loop
vertex 1.015427589416504 -31.79723358154297 1.7000000476837158
vertex 1.015427589416504 -31.79723358154297 0
vertex 0.9178798198699951 -31.94322395324707 1.7000000476837158
endloop
endfacet
facet normal 0.9807855518619782 0.19508895729588294 0
outer loop
vertex 0.1839359998703003 -31.79723358154297 1.7000000476837158
vertex 0.1839359998703003 -31.79723358154297 0
vertex 0.14968179166316986 -31.625024795532227 1.7000000476837158
endloop
endfacet
facet normal 0.9807851384137336 -0.19509103584417611 0
outer loop
vertex 0.14968179166316986 -31.625024795532227 1.7000000476837158
vertex 0.14968179166316986 -31.625024795532227 0
vertex 0.1839359998703003 -31.452817916870117 1.7000000476837158
endloop
endfacet
facet normal 0.831469370180071 -0.5555705953813216 0
outer loop
vertex 0.1839359998703003 -31.452817916870117 1.7000000476837158
vertex 0.1839359998703003 -31.452817916870117 0
vertex 0.2814837396144867 -31.306827545166016 1.7000000476837158
endloop
endfacet
facet normal 0.5555693819281071 -0.8314701809830711 0
outer loop
vertex 0.2814837396144867 -31.306827545166016 1.7000000476837158
vertex 0.2814837396144867 -31.306827545166016 0
vertex 0.4274742603302002 -31.209280014038086 1.7000000476837158
endloop
endfacet
facet normal 0.19508958660049425 -0.9807854266862085 0
outer loop
vertex 0.4274742603302002 -31.209280014038086 1.7000000476837158
vertex 0.4274742603302002 -31.209280014038086 0
vertex 0.5996817946434021 -31.175025939941406 1.7000000476837158
endloop
endfacet
facet normal -0.980785568100464 0.19508887565889044 0
outer loop
vertex 1.0496817827224731 -31.625024795532227 1.7000000476837158
vertex 1.0496817827224731 -31.625024795532227 0
vertex 1.015427589416504 -31.79723358154297 1.7000000476837158
endloop
endfacet
facet normal -0.9807851546525584 -0.19509095420638264 0
outer loop
vertex 1.015427589416504 -31.452817916870117 1.7000000476837158
vertex 1.015427589416504 -31.452817916870117 0
vertex 1.0496817827224731 -31.625024795532227 1.7000000476837158
endloop
endfacet
facet normal -0.8314692917725611 -0.555570712726324 0
outer loop
vertex 0.9178798198699951 -31.306827545166016 1.7000000476837158
vertex 0.9178798198699951 -31.306827545166016 0
vertex 1.015427589416504 -31.452817916870117 1.7000000476837158
endloop
endfacet
facet normal -0.19508958660049425 -0.9807854266862085 0
outer loop
vertex 0.5996817946434021 -31.175025939941406 1.7000000476837158
vertex 0.5996817946434021 -31.175025939941406 0
vertex 0.771889328956604 -31.209280014038086 1.7000000476837158
endloop
endfacet
facet normal -0.5555694603355263 -0.8314701285930194 0
outer loop
vertex 0.771889328956604 -31.209280014038086 1.7000000476837158
vertex 0.771889328956604 -31.209280014038086 0
vertex 0.9178798198699951 -31.306827545166016 1.7000000476837158
endloop
endfacet
facet normal -0.8314692917725611 -0.555570712726324 0
outer loop
vertex 1.015427589416504 -31.452817916870117 0
vertex 1.015427589416504 -31.452817916870117 1.7000000476837158
vertex 0.9178798198699951 -31.306827545166016 0
endloop
endfacet
facet normal -0.19508958660049425 -0.9807854266862085 0
outer loop
vertex 0.5996817946434021 -31.175025939941406 0
vertex 0.771889328956604 -31.209280014038086 0
vertex 0.771889328956604 -31.209280014038086 1.7000000476837158
endloop
endfacet
facet normal -0.5555694603355263 -0.8314701285930194 0
outer loop
vertex 0.771889328956604 -31.209280014038086 0
vertex 0.9178798198699951 -31.306827545166016 0
vertex 0.9178798198699951 -31.306827545166016 1.7000000476837158
endloop
endfacet
facet normal 0.19510003617400823 0.9807833480870791 0
outer loop
vertex 0.5996817946434021 -32.07502746582031 1.7000000476837158
vertex 0.5996817946434021 -32.07502746582031 0
vertex 0.4274742603302002 -32.040771484375 1.7000000476837158
endloop
endfacet
facet normal 0.5555693819281071 0.8314701809830711 0
outer loop
vertex 0.4274742603302002 -32.040771484375 1.7000000476837158
vertex 0.4274742603302002 -32.040771484375 0
vertex 0.2814837396144867 -31.94322395324707 1.7000000476837158
endloop
endfacet
facet normal 0.831469370180071 0.5555705953813216 0
outer loop
vertex 0.2814837396144867 -31.94322395324707 1.7000000476837158
vertex 0.2814837396144867 -31.94322395324707 0
vertex 0.1839359998703003 -31.79723358154297 1.7000000476837158
endloop
endfacet
facet normal -0.9807851546525584 -0.19509095420638264 0
outer loop
vertex 1.015427589416504 -31.452817916870117 0
vertex 1.0496817827224731 -31.625024795532227 0
vertex 1.0496817827224731 -31.625024795532227 1.7000000476837158
endloop
endfacet
facet normal -0.980785568100464 0.19508887565889044 0
outer loop
vertex 1.0496817827224731 -31.625024795532227 0
vertex 1.015427589416504 -31.79723358154297 0
vertex 1.015427589416504 -31.79723358154297 1.7000000476837158
endloop
endfacet
facet normal 0.19508958660049425 -0.9807854266862085 0
outer loop
vertex 0.4274742603302002 -31.209280014038086 0
vertex 0.5996817946434021 -31.175025939941406 0
vertex 0.5996817946434021 -31.175025939941406 1.7000000476837158
endloop
endfacet
facet normal 0.5555693819281071 -0.8314701809830711 0
outer loop
vertex 0.4274742603302002 -31.209280014038086 0
vertex 0.4274742603302002 -31.209280014038086 1.7000000476837158
vertex 0.2814837396144867 -31.306827545166016 0
endloop
endfacet
facet normal 0.831469370180071 -0.5555705953813216 0
outer loop
vertex 0.2814837396144867 -31.306827545166016 0
vertex 0.2814837396144867 -31.306827545166016 1.7000000476837158
vertex 0.1839359998703003 -31.452817916870117 0
endloop
endfacet
facet normal 0.9807851384137336 -0.19509103584417611 0
outer loop
vertex 0.1839359998703003 -31.452817916870117 0
vertex 0.1839359998703003 -31.452817916870117 1.7000000476837158
vertex 0.14968179166316986 -31.625024795532227 0
endloop
endfacet
facet normal 0.9807855518619782 0.19508895729588294 0
outer loop
vertex 0.14968179166316986 -31.625024795532227 0
vertex 0.14968179166316986 -31.625024795532227 1.7000000476837158
vertex 0.1839359998703003 -31.79723358154297 0
endloop
endfacet
facet normal -0.8314692917725611 0.555570712726324 0
outer loop
vertex 1.015427589416504 -31.79723358154297 0
vertex 0.9178798198699951 -31.94322395324707 0
vertex 0.9178798198699951 -31.94322395324707 1.7000000476837158
endloop
endfacet
facet normal -0.5555694603355263 0.8314701285930194 0
outer loop
vertex 0.9178798198699951 -31.94322395324707 0
vertex 0.771889328956604 -32.040771484375 0
vertex 0.771889328956604 -32.040771484375 1.7000000476837158
endloop
endfacet
facet normal -0.19510003617400823 0.9807833480870791 0
outer loop
vertex 0.771889328956604 -32.040771484375 0
vertex 0.5996817946434021 -32.07502746582031 0
vertex 0.5996817946434021 -32.07502746582031 1.7000000476837158
endloop
endfacet
facet normal 0 0 -1
outer loop
vertex 0.1839359998703003 -31.79723358154297 1.7000000476837158
vertex 0.14968179166316986 -31.625024795532227 1.7000000476837158
vertex 0.1839359998703003 -31.452817916870117 1.7000000476837158
endloop
endfacet
facet normal 0 0 -1
outer loop
vertex 0.2814837396144867 -31.306827545166016 1.7000000476837158
vertex 0.1839359998703003 -31.79723358154297 1.7000000476837158
vertex 0.1839359998703003 -31.452817916870117 1.7000000476837158
endloop
endfacet
facet normal 0 0 -1
outer loop
vertex 1.0496817827224731 -31.625024795532227 1.7000000476837158
vertex 1.015427589416504 -31.79723358154297 1.7000000476837158
vertex 1.015427589416504 -31.452817916870117 1.7000000476837158
endloop
endfacet
facet normal 0 0 -1
outer loop
vertex 1.015427589416504 -31.79723358154297 1.7000000476837158
vertex 0.9178798198699951 -31.94322395324707 1.7000000476837158
vertex 1.015427589416504 -31.452817916870117 1.7000000476837158
endloop
endfacet
facet normal 0 0 -1
outer loop
vertex 0.771889328956604 -31.209280014038086 1.7000000476837158
vertex 0.9178798198699951 -31.306827545166016 1.7000000476837158
vertex 0.771889328956604 -32.040771484375 1.7000000476837158
endloop
endfacet
facet normal 0 0 -1
outer loop
vertex 0.9178798198699951 -31.94322395324707 1.7000000476837158
vertex 0.9178798198699951 -31.306827545166016 1.7000000476837158
vertex 1.015427589416504 -31.452817916870117 1.7000000476837158
endloop
endfacet
facet normal 0 0 -1
outer loop
vertex 0.771889328956604 -31.209280014038086 1.7000000476837158
vertex 0.5996817946434021 -32.07502746582031 1.7000000476837158
vertex 0.5996817946434021 -31.175025939941406 1.7000000476837158
endloop
endfacet
facet normal 0 0 -1
outer loop
vertex 0.9178798198699951 -31.94322395324707 1.7000000476837158
vertex 0.771889328956604 -32.040771484375 1.7000000476837158
vertex 0.9178798198699951 -31.306827545166016 1.7000000476837158
endloop
endfacet
facet normal 0 0 -1
outer loop
vertex 0.771889328956604 -32.040771484375 1.7000000476837158
vertex 0.5996817946434021 -32.07502746582031 1.7000000476837158
vertex 0.771889328956604 -31.209280014038086 1.7000000476837158
endloop
endfacet
facet normal 0 0 -1
outer loop
vertex 0.5996817946434021 -31.175025939941406 1.7000000476837158
vertex 0.4274742603302002 -32.040771484375 1.7000000476837158
vertex 0.4274742603302002 -31.209280014038086 1.7000000476837158
endloop
endfacet
facet normal 0.5555693819281071 0.8314701809830711 0
outer loop
vertex 0.4274742603302002 -32.040771484375 0
vertex 0.2814837396144867 -31.94322395324707 0
vertex 0.2814837396144867 -31.94322395324707 1.7000000476837158
endloop
endfacet
facet normal 0 0 -1
outer loop
vertex 0.4274742603302002 -32.040771484375 1.7000000476837158
vertex 0.2814837396144867 -31.94322395324707 1.7000000476837158
vertex 0.4274742603302002 -31.209280014038086 1.7000000476837158
endloop
endfacet
facet normal 0 0 -1
outer loop
vertex 0.5996817946434021 -32.07502746582031 1.7000000476837158
vertex 0.4274742603302002 -32.040771484375 1.7000000476837158
vertex 0.5996817946434021 -31.175025939941406 1.7000000476837158
endloop
endfacet
facet normal 0.19510003617400823 0.9807833480870791 0
outer loop
vertex 0.5996817946434021 -32.07502746582031 0
vertex 0.4274742603302002 -32.040771484375 0
vertex 0.4274742603302002 -32.040771484375 1.7000000476837158
endloop
endfacet
facet normal -0.19510003617400823 0.9807833480870791 0
outer loop
vertex 0.771889328956604 -32.040771484375 1.7000000476837158
vertex 0.771889328956604 -32.040771484375 0
vertex 0.5996817946434021 -32.07502746582031 1.7000000476837158
endloop
endfacet
facet normal 0.831466017157237 0.5555756134971022 0
outer loop
vertex 0.2814837396144867 -33.21322250366211 1.7000000476837158
vertex 0.2814837396144867 -33.21322250366211 0
vertex 0.1839359998703003 -33.06723403930664 1.7000000476837158
endloop
endfacet
facet normal 0.9807851384137336 0.19509103584417611 0
outer loop
vertex 0.1839359998703003 -33.06723403930664 1.7000000476837158
vertex 0.1839359998703003 -33.06723403930664 0
vertex 0.14968179166316986 -32.89502716064453 1.7000000476837158
endloop
endfacet
facet normal 0.5555768919556435 0.8314651629051618 0
outer loop
vertex 0.4274742603302002 -33.31077194213867 1.7000000476837158
vertex 0.4274742603302002 -33.31077194213867 0
vertex 0.2814837396144867 -33.21322250366211 1.7000000476837158
endloop
endfacet
facet normal 0.19507913696054377 0.9807875051828147 0
outer loop
vertex 0.5996817946434021 -33.34502410888672 1.7000000476837158
vertex 0.5996817946434021 -33.34502410888672 0
vertex 0.4274742603302002 -33.31077194213867 1.7000000476837158
endloop
endfacet
facet normal 0.9807859652970082 -0.19508687879100384 0
outer loop
vertex 0.14968179166316986 -32.89502716064453 1.7000000476837158
vertex 0.14968179166316986 -32.89502716064453 0
vertex 0.1839359998703003 -32.722816467285156 1.7000000476837158
endloop
endfacet
facet normal -0.8314659387486268 0.555575730842218 0
outer loop
vertex 1.015427589416504 -33.06723403930664 0
vertex 0.9178798198699951 -33.21322250366211 0
vertex 0.9178798198699951 -33.21322250366211 1.7000000476837158
endloop
endfacet
facet normal -0.9807851546525584 0.19509095420638264 0
outer loop
vertex 1.0496817827224731 -32.89502716064453 0
vertex 1.015427589416504 -33.06723403930664 0
vertex 1.015427589416504 -33.06723403930664 1.7000000476837158
endloop
endfacet
facet normal -0.19507913696054377 -0.9807875051828147 0
outer loop
vertex 0.5996817946434021 -32.44502639770508 0
vertex 0.771889328956604 -32.479278564453125 0
vertex 0.771889328956604 -32.479278564453125 1.7000000476837158
endloop
endfacet
facet normal -0.5555769703631762 -0.8314651105140098 0
outer loop
vertex 0.9178798198699951 -32.57682800292969 0
vertex 0.9178798198699951 -32.57682800292969 1.7000000476837158
vertex 0.771889328956604 -32.479278564453125 0
endloop
endfacet
facet normal -0.9807859815351548 -0.1950867971548123 0
outer loop
vertex 1.015427589416504 -32.722816467285156 0
vertex 1.0496817827224731 -32.89502716064453 0
vertex 1.0496817827224731 -32.89502716064453 1.7000000476837158
endloop
endfacet
facet normal 0.831466017157237 -0.5555756134971022 0
outer loop
vertex 0.1839359998703003 -32.722816467285156 1.7000000476837158
vertex 0.1839359998703003 -32.722816467285156 0
vertex 0.2814837396144867 -32.57682800292969 1.7000000476837158
endloop
endfacet
facet normal -0.19507913696054377 0.9807875051828147 0
outer loop
vertex 0.771889328956604 -33.31077194213867 1.7000000476837158
vertex 0.771889328956604 -33.31077194213867 0
vertex 0.5996817946434021 -33.34502410888672 1.7000000476837158
endloop
endfacet
facet normal -0.5555769703631762 0.8314651105140098 0
outer loop
vertex 0.9178798198699951 -33.21322250366211 1.7000000476837158
vertex 0.9178798198699951 -33.21322250366211 0
vertex 0.771889328956604 -33.31077194213867 1.7000000476837158
endloop
endfacet
facet normal -0.8314659387486268 0.555575730842218 0
outer loop
vertex 1.015427589416504 -33.06723403930664 1.7000000476837158
vertex 1.015427589416504 -33.06723403930664 0
vertex 0.9178798198699951 -33.21322250366211 1.7000000476837158
endloop
endfacet
facet normal -0.8314659387486268 -0.555575730842218 0
outer loop
vertex 0.9178798198699951 -32.57682800292969 1.7000000476837158
vertex 0.9178798198699951 -32.57682800292969 0
vertex 1.015427589416504 -32.722816467285156 1.7000000476837158
endloop
endfacet
facet normal -0.9807851546525584 0.19509095420638264 0
outer loop
vertex 1.0496817827224731 -32.89502716064453 1.7000000476837158
vertex 1.0496817827224731 -32.89502716064453 0
vertex 1.015427589416504 -33.06723403930664 1.7000000476837158
endloop
endfacet
facet normal -0.9807859815351548 -0.1950867971548123 0
outer loop
vertex 1.015427589416504 -32.722816467285156 1.7000000476837158
vertex 1.015427589416504 -32.722816467285156 0
vertex 1.0496817827224731 -32.89502716064453 1.7000000476837158
endloop
endfacet
facet normal 0.5555768919556435 -0.8314651629051618 0
outer loop
vertex 0.2814837396144867 -32.57682800292969 1.7000000476837158
vertex 0.2814837396144867 -32.57682800292969 0
vertex 0.4274742603302002 -32.479278564453125 1.7000000476837158
endloop
endfacet
facet normal 0.19507913696054377 -0.9807875051828147 0
outer loop
vertex 0.4274742603302002 -32.479278564453125 1.7000000476837158
vertex 0.4274742603302002 -32.479278564453125 0
vertex 0.5996817946434021 -32.44502639770508 1.7000000476837158
endloop
endfacet
facet normal -0.19507913696054377 -0.9807875051828147 0
outer loop
vertex 0.5996817946434021 -32.44502639770508 1.7000000476837158
vertex 0.5996817946434021 -32.44502639770508 0
vertex 0.771889328956604 -32.479278564453125 1.7000000476837158
endloop
endfacet
facet normal -0.8314659387486268 -0.555575730842218 0
outer loop
vertex 0.9178798198699951 -32.57682800292969 0
vertex 1.015427589416504 -32.722816467285156 0
vertex 1.015427589416504 -32.722816467285156 1.7000000476837158
endloop
endfacet
facet normal 0.5555768919556435 -0.8314651629051618 0
outer loop
vertex 0.4274742603302002 -32.479278564453125 0
vertex 0.4274742603302002 -32.479278564453125 1.7000000476837158
vertex 0.2814837396144867 -32.57682800292969 0
endloop
endfacet
facet normal -0.5555769703631762 -0.8314651105140098 0
outer loop
vertex 0.771889328956604 -32.479278564453125 1.7000000476837158
vertex 0.771889328956604 -32.479278564453125 0
vertex 0.9178798198699951 -32.57682800292969 1.7000000476837158
endloop
endfacet
facet normal 0 0 -1
outer loop
vertex 1.0496817827224731 -32.89502716064453 1.7000000476837158
vertex 1.015427589416504 -33.06723403930664 1.7000000476837158
vertex 1.015427589416504 -32.722816467285156 1.7000000476837158
endloop
endfacet
facet normal 0 0 -1
outer loop
vertex 0.771889328956604 -32.479278564453125 1.7000000476837158
vertex 0.5996817946434021 -33.34502410888672 1.7000000476837158
vertex 0.5996817946434021 -32.44502639770508 1.7000000476837158
endloop
endfacet
facet normal 0 0 -1
outer loop
vertex 0.9178798198699951 -32.57682800292969 1.7000000476837158
vertex 1.015427589416504 -32.722816467285156 1.7000000476837158
vertex 0.9178798198699951 -33.21322250366211 1.7000000476837158
endloop
endfacet
facet normal 0 0 -1
outer loop
vertex 0.9178798198699951 -32.57682800292969 1.7000000476837158
vertex 0.771889328956604 -33.31077194213867 1.7000000476837158
vertex 0.771889328956604 -32.479278564453125 1.7000000476837158
endloop
endfacet
facet normal 0 0 -1
outer loop
vertex 1.015427589416504 -33.06723403930664 1.7000000476837158
vertex 0.9178798198699951 -33.21322250366211 1.7000000476837158
vertex 1.015427589416504 -32.722816467285156 1.7000000476837158
endloop
endfacet
facet normal 0 0 -1
outer loop
vertex 0.9178798198699951 -33.21322250366211 1.7000000476837158
vertex 0.771889328956604 -33.31077194213867 1.7000000476837158
vertex 0.9178798198699951 -32.57682800292969 1.7000000476837158
endloop
endfacet
facet normal 0 0 -1
outer loop
vertex 0.771889328956604 -33.31077194213867 1.7000000476837158
vertex 0.5996817946434021 -33.34502410888672 1.7000000476837158
vertex 0.771889328956604 -32.479278564453125 1.7000000476837158
endloop
endfacet
facet normal 0 0 -1
outer loop
vertex 0.5996817946434021 -32.44502639770508 1.7000000476837158
vertex 0.4274742603302002 -33.31077194213867 1.7000000476837158
vertex 0.4274742603302002 -32.479278564453125 1.7000000476837158
endloop
endfacet
facet normal 0 0 -1
outer loop
vertex 0.4274742603302002 -32.479278564453125 1.7000000476837158
vertex 0.2814837396144867 -33.21322250366211 1.7000000476837158
vertex 0.2814837396144867 -32.57682800292969 1.7000000476837158
endloop
endfacet
facet normal 0 0 -1
outer loop
vertex 0.2814837396144867 -32.57682800292969 1.7000000476837158
vertex 0.1839359998703003 -33.06723403930664 1.7000000476837158
vertex 0.1839359998703003 -32.722816467285156 1.7000000476837158
endloop
endfacet
facet normal 0 0 -1
outer loop
vertex 0.1839359998703003 -33.06723403930664 1.7000000476837158
vertex 0.14968179166316986 -32.89502716064453 1.7000000476837158
vertex 0.1839359998703003 -32.722816467285156 1.7000000476837158
endloop
endfacet
facet normal 0 0 -1
outer loop
vertex 0.2814837396144867 -33.21322250366211 1.7000000476837158
vertex 0.1839359998703003 -33.06723403930664 1.7000000476837158
vertex 0.2814837396144867 -32.57682800292969 1.7000000476837158
endloop
endfacet
facet normal 0 0 -1
outer loop
vertex 0.5996817946434021 -33.34502410888672 1.7000000476837158
vertex 0.4274742603302002 -33.31077194213867 1.7000000476837158
vertex 0.5996817946434021 -32.44502639770508 1.7000000476837158
endloop
endfacet
facet normal 0 0 -1
outer loop
vertex 0.4274742603302002 -33.31077194213867 1.7000000476837158
vertex 0.2814837396144867 -33.21322250366211 1.7000000476837158
vertex 0.4274742603302002 -32.479278564453125 1.7000000476837158
endloop
endfacet
facet normal -0.5555769703631762 0.8314651105140098 0
outer loop
vertex 0.9178798198699951 -33.21322250366211 0
vertex 0.771889328956604 -33.31077194213867 0
vertex 0.771889328956604 -33.31077194213867 1.7000000476837158
endloop
endfacet
facet normal -0.19507913696054377 0.9807875051828147 0
outer loop
vertex 0.771889328956604 -33.31077194213867 0
vertex 0.5996817946434021 -33.34502410888672 0
vertex 0.5996817946434021 -33.34502410888672 1.7000000476837158
endloop
endfacet
facet normal 0.831466017157237 -0.5555756134971022 0
outer loop
vertex 0.2814837396144867 -32.57682800292969 0
vertex 0.2814837396144867 -32.57682800292969 1.7000000476837158
vertex 0.1839359998703003 -32.722816467285156 0
endloop
endfacet
facet normal 0.9807859652970082 -0.19508687879100384 0
outer loop
vertex 0.1839359998703003 -32.722816467285156 0
vertex 0.1839359998703003 -32.722816467285156 1.7000000476837158
vertex 0.14968179166316986 -32.89502716064453 0
endloop
endfacet
facet normal 0.9807851384137336 0.19509103584417611 0
outer loop
vertex 0.14968179166316986 -32.89502716064453 0
vertex 0.14968179166316986 -32.89502716064453 1.7000000476837158
vertex 0.1839359998703003 -33.06723403930664 0
endloop
endfacet
facet normal 0.19507913696054377 0.9807875051828147 0
outer loop
vertex 0.5996817946434021 -33.34502410888672 0
vertex 0.4274742603302002 -33.31077194213867 0
vertex 0.4274742603302002 -33.31077194213867 1.7000000476837158
endloop
endfacet
facet normal 0.5555768919556435 0.8314651629051618 0
outer loop
vertex 0.4274742603302002 -33.31077194213867 0
vertex 0.2814837396144867 -33.21322250366211 0
vertex 0.2814837396144867 -33.21322250366211 1.7000000476837158
endloop
endfacet
facet normal 0.831466017157237 0.5555756134971022 0
outer loop
vertex 0.1839359998703003 -33.06723403930664 0
vertex 0.1839359998703003 -33.06723403930664 1.7000000476837158
vertex 0.2814837396144867 -33.21322250366211 0
endloop
endfacet
facet normal 0.19507913696054377 -0.9807875051828147 0
outer loop
vertex 0.4274742603302002 -32.479278564453125 0
vertex 0.5996817946434021 -32.44502639770508 0
vertex 0.5996817946434021 -32.44502639770508 1.7000000476837158
endloop
endfacet
facet normal -0.5555769703631762 0.8314651105140098 0
outer loop
vertex 0.9178798198699951 -34.48322296142578 0
vertex 0.771889328956604 -34.580772399902344 0
vertex 0.771889328956604 -34.580772399902344 1.7000000476837158
endloop
endfacet
facet normal 0 0 -1
outer loop
vertex 0.5996817946434021 -34.61502456665039 1.7000000476837158
vertex 0.4274742603302002 -34.580772399902344 1.7000000476837158
vertex 0.5996817946434021 -33.71502685546875 1.7000000476837158
endloop
endfacet
facet normal 0.9807851384137336 -0.19509103584417611 0
outer loop
vertex 0.1839359998703003 -33.99281692504883 0
vertex 0.1839359998703003 -33.99281692504883 1.7000000476837158
vertex 0.14968179166316986 -34.16502380371094 0
endloop
endfacet
facet normal 0.831466017157237 -0.5555756134971022 0
outer loop
vertex 0.2814837396144867 -33.84682846069336 0
vertex 0.2814837396144867 -33.84682846069336 1.7000000476837158
vertex 0.1839359998703003 -33.99281692504883 0
endloop
endfacet
facet normal 0.5555768919556435 -0.8314651629051618 0
outer loop
vertex 0.4274742603302002 -33.7492790222168 0
vertex 0.4274742603302002 -33.7492790222168 1.7000000476837158
vertex 0.2814837396144867 -33.84682846069336 0
endloop
endfacet
facet normal 0.19507913696054377 0.9807875051828147 0
outer loop
vertex 0.5996817946434021 -34.61502456665039 1.7000000476837158
vertex 0.5996817946434021 -34.61502456665039 0
vertex 0.4274742603302002 -34.580772399902344 1.7000000476837158
endloop
endfacet
facet normal 0.5555768919556435 0.8314651629051618 0
outer loop
vertex 0.4274742603302002 -34.580772399902344 1.7000000476837158
vertex 0.4274742603302002 -34.580772399902344 0
vertex 0.2814837396144867 -34.48322296142578 1.7000000476837158
endloop
endfacet
facet normal -0.9807859815351548 0.1950867971548123 0
outer loop
vertex 1.0496817827224731 -34.16502380371094 0
vertex 1.015427589416504 -34.33723449707031 0
vertex 1.015427589416504 -34.33723449707031 1.7000000476837158
endloop
endfacet
facet normal -0.19507913696054377 -0.9807875051828147 0
outer loop
vertex 0.5996817946434021 -33.71502685546875 1.7000000476837158
vertex 0.5996817946434021 -33.71502685546875 0
vertex 0.771889328956604 -33.7492790222168 1.7000000476837158
endloop
endfacet
facet normal -0.9807851546525584 -0.19509095420638264 0
outer loop
vertex 1.015427589416504 -33.99281692504883 1.7000000476837158
vertex 1.015427589416504 -33.99281692504883 0
vertex 1.0496817827224731 -34.16502380371094 1.7000000476837158
endloop
endfacet
facet normal 0.19507913696054377 -0.9807875051828147 0
outer loop
vertex 0.4274742603302002 -33.7492790222168 0
vertex 0.5996817946434021 -33.71502685546875 0
vertex 0.5996817946434021 -33.71502685546875 1.7000000476837158
endloop
endfacet
facet normal -0.19507913696054377 -0.9807875051828147 0
outer loop
vertex 0.5996817946434021 -33.71502685546875 0
vertex 0.771889328956604 -33.7492790222168 0
vertex 0.771889328956604 -33.7492790222168 1.7000000476837158
endloop
endfacet
facet normal -0.5555769703631762 -0.8314651105140098 0
outer loop
vertex 0.9178798198699951 -33.84682846069336 0
vertex 0.9178798198699951 -33.84682846069336 1.7000000476837158
vertex 0.771889328956604 -33.7492790222168 0
endloop
endfacet
facet normal -0.5555769703631762 -0.8314651105140098 0
outer loop
vertex 0.771889328956604 -33.7492790222168 1.7000000476837158
vertex 0.771889328956604 -33.7492790222168 0
vertex 0.9178798198699951 -33.84682846069336 1.7000000476837158
endloop
endfacet
facet normal -0.8314659387486268 -0.555575730842218 0
outer loop
vertex 0.9178798198699951 -33.84682846069336 1.7000000476837158
vertex 0.9178798198699951 -33.84682846069336 0
vertex 1.015427589416504 -33.99281692504883 1.7000000476837158
endloop
endfacet
facet normal -0.9807851546525584 -0.19509095420638264 0
outer loop
vertex 1.015427589416504 -33.99281692504883 0
vertex 1.0496817827224731 -34.16502380371094 0
vertex 1.0496817827224731 -34.16502380371094 1.7000000476837158
endloop
endfacet
facet normal -0.8314659387486268 -0.555575730842218 0
outer loop
vertex 0.9178798198699951 -33.84682846069336 0
vertex 1.015427589416504 -33.99281692504883 0
vertex 1.015427589416504 -33.99281692504883 1.7000000476837158
endloop
endfacet
facet normal -0.19507913696054377 0.9807875051828147 0
outer loop
vertex 0.771889328956604 -34.580772399902344 0
vertex 0.5996817946434021 -34.61502456665039 0
vertex 0.5996817946434021 -34.61502456665039 1.7000000476837158
endloop
endfacet
facet normal 0.831466017157237 0.5555756134971022 0
outer loop
vertex 0.2814837396144867 -34.48322296142578 1.7000000476837158
vertex 0.2814837396144867 -34.48322296142578 0
vertex 0.1839359998703003 -34.33723449707031 1.7000000476837158
endloop
endfacet
facet normal 0.9807859652970082 0.19508687879100384 0
outer loop
vertex 0.1839359998703003 -34.33723449707031 1.7000000476837158
vertex 0.1839359998703003 -34.33723449707031 0
vertex 0.14968179166316986 -34.16502380371094 1.7000000476837158
endloop
endfacet
facet normal 0.19507913696054377 -0.9807875051828147 0
outer loop
vertex 0.4274742603302002 -33.7492790222168 1.7000000476837158
vertex 0.4274742603302002 -33.7492790222168 0
vertex 0.5996817946434021 -33.71502685546875 1.7000000476837158
endloop
endfacet
facet normal 0.5555768919556435 -0.8314651629051618 0
outer loop
vertex 0.2814837396144867 -33.84682846069336 1.7000000476837158
vertex 0.2814837396144867 -33.84682846069336 0
vertex 0.4274742603302002 -33.7492790222168 1.7000000476837158
endloop
endfacet
facet normal 0.831466017157237 -0.5555756134971022 0
outer loop
vertex 0.1839359998703003 -33.99281692504883 1.7000000476837158
vertex 0.1839359998703003 -33.99281692504883 0
vertex 0.2814837396144867 -33.84682846069336 1.7000000476837158
endloop
endfacet
facet normal 0.9807851384137336 -0.19509103584417611 0
outer loop
vertex 0.14968179166316986 -34.16502380371094 1.7000000476837158
vertex 0.14968179166316986 -34.16502380371094 0
vertex 0.1839359998703003 -33.99281692504883 1.7000000476837158
endloop
endfacet
facet normal 0.5555768919556435 0.8314651629051618 0
outer loop
vertex 0.4274742603302002 -34.580772399902344 0
vertex 0.2814837396144867 -34.48322296142578 0
vertex 0.2814837396144867 -34.48322296142578 1.7000000476837158
endloop
endfacet
facet normal -0.19507913696054377 0.9807875051828147 0
outer loop
vertex 0.771889328956604 -34.580772399902344 1.7000000476837158
vertex 0.771889328956604 -34.580772399902344 0
vertex 0.5996817946434021 -34.61502456665039 1.7000000476837158
endloop
endfacet
facet normal 0.19507913696054377 0.9807875051828147 0
outer loop
vertex 0.5996817946434021 -34.61502456665039 0
vertex 0.4274742603302002 -34.580772399902344 0
vertex 0.4274742603302002 -34.580772399902344 1.7000000476837158
endloop
endfacet
facet normal 0.831466017157237 0.5555756134971022 0
outer loop
vertex 0.1839359998703003 -34.33723449707031 0
vertex 0.1839359998703003 -34.33723449707031 1.7000000476837158
vertex 0.2814837396144867 -34.48322296142578 0
endloop
endfacet
facet normal 0 0 -1
outer loop
vertex 0.9178798198699951 -33.84682846069336 1.7000000476837158
vertex 0.771889328956604 -34.580772399902344 1.7000000476837158
vertex 0.771889328956604 -33.7492790222168 1.7000000476837158
endloop
endfacet
facet normal -0.5555769703631762 0.8314651105140098 0
outer loop
vertex 0.9178798198699951 -34.48322296142578 1.7000000476837158
vertex 0.9178798198699951 -34.48322296142578 0
vertex 0.771889328956604 -34.580772399902344 1.7000000476837158
endloop
endfacet
facet normal -0.8314659387486268 0.555575730842218 0
outer loop
vertex 1.015427589416504 -34.33723449707031 1.7000000476837158
vertex 1.015427589416504 -34.33723449707031 0
vertex 0.9178798198699951 -34.48322296142578 1.7000000476837158
endloop
endfacet
facet normal -0.9807859815351548 0.1950867971548123 0
outer loop
vertex 1.0496817827224731 -34.16502380371094 1.7000000476837158
vertex 1.0496817827224731 -34.16502380371094 0
vertex 1.015427589416504 -34.33723449707031 1.7000000476837158
endloop
endfacet
facet normal 0 0 -1
outer loop
vertex 0.9178798198699951 -33.84682846069336 1.7000000476837158
vertex 1.015427589416504 -33.99281692504883 1.7000000476837158
vertex 0.9178798198699951 -34.48322296142578 1.7000000476837158
endloop
endfacet
facet normal 0 0 -1
outer loop
vertex 0.771889328956604 -33.7492790222168 1.7000000476837158
vertex 0.5996817946434021 -34.61502456665039 1.7000000476837158
vertex 0.5996817946434021 -33.71502685546875 1.7000000476837158
endloop
endfacet
facet normal 0 0 -1
outer loop
vertex 0.5996817946434021 -33.71502685546875 1.7000000476837158
vertex 0.4274742603302002 -34.580772399902344 1.7000000476837158
vertex 0.4274742603302002 -33.7492790222168 1.7000000476837158
endloop
endfacet
facet normal 0 0 -1
outer loop
vertex 0.4274742603302002 -33.7492790222168 1.7000000476837158
vertex 0.2814837396144867 -34.48322296142578 1.7000000476837158
vertex 0.2814837396144867 -33.84682846069336 1.7000000476837158
endloop
endfacet
facet normal 0 0 -1
outer loop
vertex 0.2814837396144867 -33.84682846069336 1.7000000476837158
vertex 0.1839359998703003 -34.33723449707031 1.7000000476837158
vertex 0.1839359998703003 -33.99281692504883 1.7000000476837158
endloop
endfacet
facet normal 0 0 -1
outer loop
vertex 1.0496817827224731 -34.16502380371094 1.7000000476837158
vertex 1.015427589416504 -34.33723449707031 1.7000000476837158
vertex 1.015427589416504 -33.99281692504883 1.7000000476837158
endloop
endfacet
facet normal 0.9807859652970082 0.19508687879100384 0
outer loop
vertex 0.1839359998703003 -34.33723449707031 0
vertex 0.14968179166316986 -34.16502380371094 0
vertex 0.14968179166316986 -34.16502380371094 1.7000000476837158
endloop
endfacet
facet normal 0 0 -1
outer loop
vertex 1.015427589416504 -34.33723449707031 1.7000000476837158
vertex 0.9178798198699951 -34.48322296142578 1.7000000476837158
vertex 1.015427589416504 -33.99281692504883 1.7000000476837158
endloop
endfacet
facet normal 0 0 -1
outer loop
vertex 0.9178798198699951 -34.48322296142578 1.7000000476837158
vertex 0.771889328956604 -34.580772399902344 1.7000000476837158
vertex 0.9178798198699951 -33.84682846069336 1.7000000476837158
endloop
endfacet
facet normal 0 0 -1
outer loop
vertex 0.771889328956604 -34.580772399902344 1.7000000476837158
vertex 0.5996817946434021 -34.61502456665039 1.7000000476837158
vertex 0.771889328956604 -33.7492790222168 1.7000000476837158
endloop
endfacet
facet normal 0 0 -1
outer loop
vertex 0.2814837396144867 -34.48322296142578 1.7000000476837158
vertex 0.1839359998703003 -34.33723449707031 1.7000000476837158
vertex 0.2814837396144867 -33.84682846069336 1.7000000476837158
endloop
endfacet
facet normal 0 0 -1
outer loop
vertex 0.1839359998703003 -34.33723449707031 1.7000000476837158
vertex 0.14968179166316986 -34.16502380371094 1.7000000476837158
vertex 0.1839359998703003 -33.99281692504883 1.7000000476837158
endloop
endfacet
facet normal 0 0 -1
outer loop
vertex 0.4274742603302002 -34.580772399902344 1.7000000476837158
vertex 0.2814837396144867 -34.48322296142578 1.7000000476837158
vertex 0.4274742603302002 -33.7492790222168 1.7000000476837158
endloop
endfacet
facet normal -0.8314659387486268 0.555575730842218 0
outer loop
vertex 1.015427589416504 -34.33723449707031 0
vertex 0.9178798198699951 -34.48322296142578 0
vertex 0.9178798198699951 -34.48322296142578 1.7000000476837158
endloop
endfacet
facet normal 0 0 -1
outer loop
vertex 1.0496817827224731 -35.43502426147461 1.7000000476837158
vertex 1.015427589416504 -35.607234954833984 1.7000000476837158
vertex 1.015427589416504 -35.2628173828125 1.7000000476837158
endloop
endfacet
facet normal 0 0 -1
outer loop
vertex 1.015427589416504 -35.607234954833984 1.7000000476837158
vertex 0.9178798198699951 -35.75322341918945 1.7000000476837158
vertex 1.015427589416504 -35.2628173828125 1.7000000476837158
endloop
endfacet
facet normal 0 0 -1
outer loop
vertex 0.771889328956604 -35.01927947998047 1.7000000476837158
vertex 0.9178798198699951 -35.11682891845703 1.7000000476837158
vertex 0.771889328956604 -35.850772857666016 1.7000000476837158
endloop
endfacet
facet normal 0 0 -1
outer loop
vertex 0.9178798198699951 -35.11682891845703 1.7000000476837158
vertex 1.015427589416504 -35.2628173828125 1.7000000476837158
vertex 0.9178798198699951 -35.75322341918945 1.7000000476837158
endloop
endfacet
facet normal 0 0 -1
outer loop
vertex 0.771889328956604 -35.01927947998047 1.7000000476837158
vertex 0.5996817946434021 -35.88502502441406 1.7000000476837158
vertex 0.5996817946434021 -34.98502731323242 1.7000000476837158
endloop
endfacet
facet normal 0 0 -1
outer loop
vertex 0.9178798198699951 -35.75322341918945 1.7000000476837158
vertex 0.771889328956604 -35.850772857666016 1.7000000476837158
vertex 0.9178798198699951 -35.11682891845703 1.7000000476837158
endloop
endfacet
facet normal 0 0 -1
outer loop
vertex 0.771889328956604 -35.850772857666016 1.7000000476837158
vertex 0.5996817946434021 -35.88502502441406 1.7000000476837158
vertex 0.771889328956604 -35.01927947998047 1.7000000476837158
endloop
endfacet
facet normal 0 0 -1
outer loop
vertex 0.5996817946434021 -34.98502731323242 1.7000000476837158
vertex 0.4274742603302002 -35.850772857666016 1.7000000476837158
vertex 0.4274742603302002 -35.01927947998047 1.7000000476837158
endloop
endfacet
facet normal 0 0 -1
outer loop
vertex 0.4274742603302002 -35.01927947998047 1.7000000476837158
vertex 0.2814837396144867 -35.75322341918945 1.7000000476837158
vertex 0.2814837396144867 -35.11682891845703 1.7000000476837158
endloop
endfacet
facet normal 0.831466017157237 -0.5555756134971022 0
outer loop
vertex 0.1839359998703003 -35.2628173828125 1.7000000476837158
vertex 0.1839359998703003 -35.2628173828125 0
vertex 0.2814837396144867 -35.11682891845703 1.7000000476837158
endloop
endfacet
facet normal 0.5555768919556435 -0.8314651629051618 0
outer loop
vertex 0.2814837396144867 -35.11682891845703 1.7000000476837158
vertex 0.2814837396144867 -35.11682891845703 0
vertex 0.4274742603302002 -35.01927947998047 1.7000000476837158
endloop
endfacet
facet normal 0.19507913696054377 -0.9807875051828147 0
outer loop
vertex 0.4274742603302002 -35.01927947998047 1.7000000476837158
vertex 0.4274742603302002 -35.01927947998047 0
vertex 0.5996817946434021 -34.98502731323242 1.7000000476837158
endloop
endfacet
facet normal 0 0 -1
outer loop
vertex 0.5996817946434021 -35.88502502441406 1.7000000476837158
vertex 0.4274742603302002 -35.850772857666016 1.7000000476837158
vertex 0.5996817946434021 -34.98502731323242 1.7000000476837158
endloop
endfacet
facet normal -0.8314659387486268 -0.555575730842218 0
outer loop
vertex 0.9178798198699951 -35.11682891845703 0
vertex 1.015427589416504 -35.2628173828125 0
vertex 1.015427589416504 -35.2628173828125 1.7000000476837158
endloop
endfacet
facet normal -0.19507913696054377 -0.9807875051828147 0
outer loop
vertex 0.5996817946434021 -34.98502731323242 0
vertex 0.771889328956604 -35.01927947998047 0
vertex 0.771889328956604 -35.01927947998047 1.7000000476837158
endloop
endfacet
facet normal -0.5555769703631762 -0.8314651105140098 0
outer loop
vertex 0.771889328956604 -35.01927947998047 0
vertex 0.9178798198699951 -35.11682891845703 0
vertex 0.9178798198699951 -35.11682891845703 1.7000000476837158
endloop
endfacet
facet normal 0 0 -1
outer loop
vertex 0.4274742603302002 -35.850772857666016 1.7000000476837158
vertex 0.2814837396144867 -35.75322341918945 1.7000000476837158
vertex 0.4274742603302002 -35.01927947998047 1.7000000476837158
endloop
endfacet
facet normal 0 0 -1
outer loop
vertex 0.2814837396144867 -35.11682891845703 1.7000000476837158
vertex 0.1839359998703003 -35.607234954833984 1.7000000476837158
vertex 0.1839359998703003 -35.2628173828125 1.7000000476837158
endloop
endfacet
facet normal -0.9807851546525584 -0.19509095420638264 0
outer loop
vertex 1.015427589416504 -35.2628173828125 0
vertex 1.0496817827224731 -35.43502426147461 0
vertex 1.0496817827224731 -35.43502426147461 1.7000000476837158
endloop
endfacet
facet normal -0.9807859815351548 0.1950867971548123 0
outer loop
vertex 1.0496817827224731 -35.43502426147461 0
vertex 1.015427589416504 -35.607234954833984 0
vertex 1.015427589416504 -35.607234954833984 1.7000000476837158
endloop
endfacet
facet normal 0.19507913696054377 -0.9807875051828147 0
outer loop
vertex 0.4274742603302002 -35.01927947998047 0
vertex 0.5996817946434021 -34.98502731323242 0
vertex 0.5996817946434021 -34.98502731323242 1.7000000476837158
endloop
endfacet
facet normal 0.5555768919556435 -0.8314651629051618 0
outer loop
vertex 0.4274742603302002 -35.01927947998047 0
vertex 0.4274742603302002 -35.01927947998047 1.7000000476837158
vertex 0.2814837396144867 -35.11682891845703 0
endloop
endfacet
facet normal 0 0 -1
outer loop
vertex 0.1839359998703003 -35.607234954833984 1.7000000476837158
vertex 0.14968179166316986 -35.43502426147461 1.7000000476837158
vertex 0.1839359998703003 -35.2628173828125 1.7000000476837158
endloop
endfacet
facet normal 0 0 -1
outer loop
vertex 0.2814837396144867 -35.75322341918945 1.7000000476837158
vertex 0.1839359998703003 -35.607234954833984 1.7000000476837158
vertex 0.2814837396144867 -35.11682891845703 1.7000000476837158
endloop
endfacet
facet normal -0.9807859815351548 0.1950867971548123 0
outer loop
vertex 1.0496817827224731 -35.43502426147461 1.7000000476837158
vertex 1.0496817827224731 -35.43502426147461 0
vertex 1.015427589416504 -35.607234954833984 1.7000000476837158
endloop
endfacet
facet normal -0.9807851546525584 -0.19509095420638264 0
outer loop
vertex 1.015427589416504 -35.2628173828125 1.7000000476837158
vertex 1.015427589416504 -35.2628173828125 0
vertex 1.0496817827224731 -35.43502426147461 1.7000000476837158
endloop
endfacet
facet normal -0.8314659387486268 -0.555575730842218 0
outer loop
vertex 0.9178798198699951 -35.11682891845703 1.7000000476837158
vertex 0.9178798198699951 -35.11682891845703 0
vertex 1.015427589416504 -35.2628173828125 1.7000000476837158
endloop
endfacet
facet normal 0.831466017157237 0.5555756134971022 0
outer loop
vertex 0.2814837396144867 -35.75322341918945 1.7000000476837158
vertex 0.2814837396144867 -35.75322341918945 0
vertex 0.1839359998703003 -35.607234954833984 1.7000000476837158
endloop
endfacet
facet normal 0.19507913696054377 0.9807875051828147 0
outer loop
vertex 0.5996817946434021 -35.88502502441406 1.7000000476837158
vertex 0.5996817946434021 -35.88502502441406 0
vertex 0.4274742603302002 -35.850772857666016 1.7000000476837158
endloop
endfacet
facet normal -0.19507913696054377 -0.9807875051828147 0
outer loop
vertex 0.5996817946434021 -34.98502731323242 1.7000000476837158
vertex 0.5996817946434021 -34.98502731323242 0
vertex 0.771889328956604 -35.01927947998047 1.7000000476837158
endloop
endfacet
facet normal 0.831466017157237 -0.5555756134971022 0
outer loop
vertex 0.2814837396144867 -35.11682891845703 0
vertex 0.2814837396144867 -35.11682891845703 1.7000000476837158
vertex 0.1839359998703003 -35.2628173828125 0
endloop
endfacet
facet normal 0.9807851384137336 -0.19509103584417611 0
outer loop
vertex 0.1839359998703003 -35.2628173828125 0
vertex 0.1839359998703003 -35.2628173828125 1.7000000476837158
vertex 0.14968179166316986 -35.43502426147461 0
endloop
endfacet
facet normal 0.9807859652970082 0.19508687879100384 0
outer loop
vertex 0.14968179166316986 -35.43502426147461 0
vertex 0.14968179166316986 -35.43502426147461 1.7000000476837158
vertex 0.1839359998703003 -35.607234954833984 0
endloop
endfacet
facet normal -0.8314659387486268 0.555575730842218 0
outer loop
vertex 1.015427589416504 -35.607234954833984 0
vertex 0.9178798198699951 -35.75322341918945 0
vertex 0.9178798198699951 -35.75322341918945 1.7000000476837158
endloop
endfacet
facet normal -0.5555769703631762 0.8314651105140098 0
outer loop
vertex 0.9178798198699951 -35.75322341918945 0
vertex 0.771889328956604 -35.850772857666016 0
vertex 0.771889328956604 -35.850772857666016 1.7000000476837158
endloop
endfacet
facet normal 0.5555768919556435 0.8314651629051618 0
outer loop
vertex 0.4274742603302002 -35.850772857666016 1.7000000476837158
vertex 0.4274742603302002 -35.850772857666016 0
vertex 0.2814837396144867 -35.75322341918945 1.7000000476837158
endloop
endfacet
facet normal -0.19507913696054377 0.9807875051828147 0
outer loop
vertex 0.771889328956604 -35.850772857666016 1.7000000476837158
vertex 0.771889328956604 -35.850772857666016 0
vertex 0.5996817946434021 -35.88502502441406 1.7000000476837158
endloop
endfacet
facet normal -0.19507913696054377 0.9807875051828147 0
outer loop
vertex 0.771889328956604 -35.850772857666016 0
vertex 0.5996817946434021 -35.88502502441406 0
vertex 0.5996817946434021 -35.88502502441406 1.7000000476837158
endloop
endfacet
facet normal 0.5555768919556435 0.8314651629051618 0
outer loop
vertex 0.4274742603302002 -35.850772857666016 0
vertex 0.2814837396144867 -35.75322341918945 0
vertex 0.2814837396144867 -35.75322341918945 1.7000000476837158
endloop
endfacet
facet normal 0.19507913696054377 0.9807875051828147 0
outer loop
vertex 0.5996817946434021 -35.88502502441406 0
vertex 0.4274742603302002 -35.850772857666016 0
vertex 0.4274742603302002 -35.850772857666016 1.7000000476837158
endloop
endfacet
facet normal 0.831466017157237 0.5555756134971022 0
outer loop
vertex 0.1839359998703003 -35.607234954833984 0
vertex 0.1839359998703003 -35.607234954833984 1.7000000476837158
vertex 0.2814837396144867 -35.75322341918945 0
endloop
endfacet
facet normal -0.5555769703631762 0.8314651105140098 0
outer loop
vertex 0.9178798198699951 -35.75322341918945 1.7000000476837158
vertex 0.9178798198699951 -35.75322341918945 0
vertex 0.771889328956604 -35.850772857666016 1.7000000476837158
endloop
endfacet
facet normal 0.9807851384137336 -0.19509103584417611 0
outer loop
vertex 0.14968179166316986 -35.43502426147461 1.7000000476837158
vertex 0.14968179166316986 -35.43502426147461 0
vertex 0.1839359998703003 -35.2628173828125 1.7000000476837158
endloop
endfacet
facet normal -0.5555769703631762 -0.8314651105140098 0
outer loop
vertex 0.771889328956604 -35.01927947998047 1.7000000476837158
vertex 0.771889328956604 -35.01927947998047 0
vertex 0.9178798198699951 -35.11682891845703 1.7000000476837158
endloop
endfacet
facet normal -0.8314659387486268 0.555575730842218 0
outer loop
vertex 1.015427589416504 -35.607234954833984 1.7000000476837158
vertex 1.015427589416504 -35.607234954833984 0
vertex 0.9178798198699951 -35.75322341918945 1.7000000476837158
endloop
endfacet
facet normal 0.9807859652970082 0.19508687879100384 0
outer loop
vertex 0.1839359998703003 -35.607234954833984 1.7000000476837158
vertex 0.1839359998703003 -35.607234954833984 0
vertex 0.14968179166316986 -35.43502426147461 1.7000000476837158
endloop
endfacet
facet normal 0 0 -1
outer loop
vertex -79.66451263427734 -45.01866912841797 0
vertex -80.71453857421875 -43.95998001098633 0
vertex -79.70204162597656 -43.96162796020508 0
endloop
endfacet
facet normal 0.9999940011973254 -0.0034637507651851724 0
outer loop
vertex 80.93594360351562 23.086421966552734 0.20000000298023224
vertex 80.93767547607422 23.58641815185547 0.20000000298023224
vertex 80.93594360351562 23.086421966552734 4.5
endloop
endfacet
facet normal 0 0 -1
outer loop
vertex -2.450026273727417 -32.98502731323242 0
vertex -7.000026226043701 -33.68502426147461 0
vertex -7.000026226043701 -32.98502731323242 0
endloop
endfacet
facet normal 0 0 -1
outer loop
vertex -1.0122462511062622 -45.53706741333008 0
vertex -16.550025939941406 -32.98502731323242 0
vertex -12.000025749206543 -33.68502426147461 0
endloop
endfacet
facet normal 0 0 1
outer loop
vertex -79.62332916259766 4.424992084503174 5
vertex -73.5500259399414 19.114974975585938 5
vertex -79.59242248535156 23.42496681213379 5
endloop
endfacet
facet normal 0 0 1
outer loop
vertex 78.60240173339844 45.06307601928711 5
vertex 79.70191955566406 42.0908203125 5
vertex 80.69269561767578 42.75920867919922 5
endloop
endfacet
facet normal 0 0 1
outer loop
vertex 78.60240173339844 45.06307601928711 5
vertex 77.71602630615234 45.45711135864258 5
vertex 73.54997253417969 33.36497497558594 5
endloop
endfacet
facet normal 0 0 1
outer loop
vertex 79.70191955566406 42.0908203125 5
vertex 78.60240173339844 45.06307601928711 5
vertex 73.54997253417969 33.36497497558594 5
endloop
endfacet
facet normal 0 0 1
outer loop
vertex -79.59242248535156 23.42496681213379 5
vertex -73.5500259399414 19.114974975585938 5
vertex -80.49858856201172 24.166988372802734 5
endloop
endfacet
facet normal 0 0 1
outer loop
vertex -78.3036117553711 26.15848731994629 5
vertex -80.49858856201172 24.166988372802734 5
vertex -73.5500259399414 19.114974975585938 5
endloop
endfacet
facet normal 0 0 1
outer loop
vertex -79.62332916259766 4.424992084503174 5
vertex -59.45002746582031 0.11497443169355392 5
vertex -73.5500259399414 5.014974594116211 5
endloop
endfacet
facet normal 0 0 1
outer loop
vertex -68.8000259399414 24.01497459411621 5
vertex -73.5500259399414 19.114974975585938 5
vertex -59.45002746582031 19.114974975585938 5
endloop
endfacet
facet normal 0 0 1
outer loop
vertex -73.5500259399414 0.11497443169355392 5
vertex -59.45002746582031 0.11497443169355392 5
vertex -79.62332916259766 4.424992084503174 5
endloop
endfacet
facet normal 0 0 1
outer loop
vertex -79.62332916259766 4.424992084503174 5
vertex -73.5500259399414 5.014974594116211 5
vertex -73.5500259399414 19.114974975585938 5
endloop
endfacet
facet normal 0 0 1
outer loop
vertex -73.5500259399414 5.014974594116211 5
vertex -54.550025939941406 0.11497443169355392 5
vertex -40.45002746582031 0.11497443169355392 5
endloop
endfacet
facet normal 0 0 1
outer loop
vertex -59.45002746582031 5.014974594116211 5
vertex -73.5500259399414 5.014974594116211 5
vertex -40.45002746582031 0.11497443169355392 5
endloop
endfacet
facet normal 0 0 1
outer loop
vertex -59.45002746582031 5.014974594116211 5
vertex -40.45002746582031 0.11497443169355392 5
vertex -54.550025939941406 5.014974594116211 5
endloop
endfacet
facet normal 0 0 1
outer loop
vertex -54.550025939941406 5.014974594116211 5
vertex -54.550025939941406 19.114974975585938 5
vertex -59.45002746582031 5.014974594116211 5
endloop
endfacet
facet normal 0 0 1
outer loop
vertex 77.71602630615234 45.45711135864258 5
vertex 59.449974060058594 33.36497497558594 5
vertex 73.54997253417969 33.36497497558594 5
endloop
endfacet
facet normal 0 0 1
outer loop
vertex -40.45002746582031 5.014974594116211 5
vertex -54.550025939941406 5.014974594116211 5
vertex -40.45002746582031 0.11497443169355392 5
endloop
endfacet
facet normal 0 0 1
outer loop
vertex 73.54997253417969 33.36497497558594 5
vertex 73.54997253417969 19.26497459411621 5
vertex 79.70191955566406 42.0908203125 5
endloop
endfacet
facet normal 0 0 1
outer loop
vertex 79.70191955566406 42.0908203125 5
vertex 73.54997253417969 19.26497459411621 5
vertex 79.63594818115234 23.09093475341797 5
endloop
endfacet
facet normal 0 0 1
outer loop
vertex -59.45002746582031 19.114974975585938 5
vertex -59.45002746582031 5.014974594116211 5
vertex -54.550025939941406 19.114974975585938 5
endloop
endfacet
facet normal 0 0 1
outer loop
vertex -59.45002746582031 19.114974975585938 5
vertex -54.550025939941406 19.114974975585938 5
vertex -68.8000259399414 24.01497459411621 5
endloop
endfacet
facet normal 0 0 1
outer loop
vertex -54.550025939941406 19.114974975585938 5
vertex -40.45002746582031 19.114974975585938 5
vertex -68.8000259399414 24.01497459411621 5
endloop
endfacet
facet normal 0 0 1
outer loop
vertex -54.70002746582031 24.01497459411621 5
vertex -68.8000259399414 24.01497459411621 5
vertex -40.45002746582031 19.114974975585938 5
endloop
endfacet
facet normal 0 0 1
outer loop
vertex -79.62332916259766 4.424992084503174 5
vertex -80.92333221435547 4.4271063804626465 5
vertex -73.5500259399414 0.11497443169355392 5
endloop
endfacet
facet normal 0 0 1
outer loop
vertex -49.800025939941406 24.01497459411621 5
vertex -54.70002746582031 24.01497459411621 5
vertex -40.45002746582031 19.114974975585938 5
endloop
endfacet
facet normal 0 0 1
outer loop
vertex -35.70002746582031 24.01497459411621 5
vertex -49.800025939941406 24.01497459411621 5
vertex -40.45002746582031 19.114974975585938 5
endloop
endfacet
facet normal -0.9139983645483547 0.4057178694646475 0
outer loop
vertex -80.89266204833984 23.27928352355957 0.20000000298023224
vertex -80.89266204833984 23.27928352355957 4.5
vertex -80.82710266113281 23.42697525024414 4.5
endloop
endfacet
facet normal -0.7100057773220018 -0.7041958507186621 0
outer loop
vertex -80.71453857421875 -43.95998001098633 0
vertex -79.66451263427734 -45.01866912841797 0
vertex -80.71453857421875 -43.95998001098633 0.20000000298023224
endloop
endfacet
facet normal -0.9139856406182074 0.4057465326313166 -0.0000011784850335920303
outer loop
vertex -80.49858856201172 24.166988372802734 5
vertex -80.89266204833984 23.27928352355957 0.20000000298023224
vertex -80.82710266113281 23.42697525024414 4.5
endloop
endfacet
facet normal -0.6719456305306091 0.7406004790781748 0
outer loop
vertex -78.3036117553711 26.15848731994629 5
vertex -80.49858856201172 24.166988372802734 0
vertex -80.49858856201172 24.166988372802734 5
endloop
endfacet
facet normal -0.47239860503879066 0.8813850225397551 0
outer loop
vertex -77.3642807006836 26.661943435668945 5
vertex -78.3036117553711 26.15848731994629 0
vertex -78.3036117553711 26.15848731994629 5
endloop
endfacet
facet normal -0.689020225697122 0.7247421117751383 0
outer loop
vertex -77.22744750976562 26.79203224182129 5
vertex -77.3642807006836 26.661943435668945 0
vertex -77.3642807006836 26.661943435668945 5
endloop
endfacet
facet normal -0.8563837705995841 0.5163398468582864 0
outer loop
vertex -76.27886199951172 28.365324020385742 5
vertex -77.22744750976562 26.79203224182129 0
vertex -77.22744750976562 26.79203224182129 5
endloop
endfacet
facet normal -0.9625735576935837 0.27102056384916107 0
outer loop
vertex -76.22769165039062 28.54706382751465 5
vertex -76.27886199951172 28.365324020385742 0
vertex -76.27886199951172 28.365324020385742 5
endloop
endfacet
facet normal -0.999979793889089 0.006357028671887031 0
outer loop
vertex -76.14034271240234 42.287315368652344 5
vertex -76.22769165039062 28.54706382751465 0
vertex -76.22769165039062 28.54706382751465 5
endloop
endfacet
facet normal -0.9999986776333235 0.0016262630796639319 0
outer loop
vertex -80.92333221435547 4.4271063804626465 5
vertex -80.92333221435547 4.4271063804626465 4.5
vertex -80.93177795410156 -0.7662283778190613 5
endloop
endfacet
facet normal 0 0 1
outer loop
vertex -80.92333221435547 4.4271063804626465 5
vertex -79.63178253173828 -0.7683430314064026 5
vertex -73.5500259399414 0.11497443169355392 5
endloop
endfacet
facet normal 0 0 1
outer loop
vertex -80.93177795410156 -0.7662283778190613 5
vertex -79.63178253173828 -0.7683430314064026 5
vertex -80.92333221435547 4.4271063804626465 5
endloop
endfacet
facet normal -0.913023268191304 0.40790747938873373 0
outer loop
vertex -75.7464828491211 43.16889572143555 5
vertex -76.14034271240234 42.287315368652344 0
vertex -76.14034271240234 42.287315368652344 5
endloop
endfacet
facet normal -0.6719461211191778 0.7406000339676546 0
outer loop
vertex -73.44499969482422 45.25703048706055 5
vertex -75.7464828491211 43.16889572143555 0
vertex -75.7464828491211 43.16889572143555 5
endloop
endfacet
facet normal -0.3592947150301532 0.9332241465754092 0
outer loop
vertex -72.64315795898438 45.56574249267578 5
vertex -73.44499969482422 45.25703048706055 0
vertex -73.44499969482422 45.25703048706055 5
endloop
endfacet
facet normal 0 0 1
outer loop
vertex 77.71602630615234 45.45711135864258 5
vertex 36.097110748291016 45.56746292114258 5
vertex 59.449974060058594 33.36497497558594 5
endloop
endfacet
facet normal 0 0 1
outer loop
vertex 54.54997253417969 33.36497497558594 5
vertex 59.449974060058594 33.36497497558594 5
vertex 36.097110748291016 45.56746292114258 5
endloop
endfacet
facet normal 0 0 1
outer loop
vertex 36.097110748291016 45.56746292114258 5
vertex 40.449974060058594 33.36497497558594 5
vertex 54.54997253417969 33.36497497558594 5
endloop
endfacet
facet normal -0.9999986776333235 0.0016262630796639319 0
outer loop
vertex -80.92333221435547 4.4271063804626465 4.5
vertex -80.93177795410156 -0.7662283778190613 4.5
vertex -80.93177795410156 -0.7662283778190613 5
endloop
endfacet
facet normal 0 0 1
outer loop
vertex 54.54997253417969 33.36497497558594 5
vertex 59.449974060058594 19.26497459411621 5
vertex 59.449974060058594 33.36497497558594 5
endloop
endfacet
facet normal 0 0 1
outer loop
vertex 54.54997253417969 33.36497497558594 5
vertex 54.54997253417969 19.26497459411621 5
vertex 59.449974060058594 19.26497459411621 5
endloop
endfacet
facet normal -0.9999986802565644 0.0016246492327690522 0
outer loop
vertex -80.89266204833984 23.27928352355957 4.5
vertex -80.89323425292969 22.927082061767578 0.20000000298023224
vertex -80.89323425292969 22.927082061767578 4.5
endloop
endfacet
facet normal 0.0016266831155497946 0.9999986769501455 0
outer loop
vertex -80.89323425292969 22.927082061767578 4.5
vertex -81.5932388305664 22.928220748901367 0.20000000298023224
vertex -81.5932388305664 22.928220748901367 4.5
endloop
endfacet
facet normal -0.9999986770386168 0.001626628692029946 -3.3828835403931425e-7
outer loop
vertex -81.5932388305664 22.928220748901367 4.5
vertex -81.62134552001953 5.648243427276611 0.20000000298023224
vertex -81.61302947998047 10.76156997680664 4.5
endloop
endfacet
facet normal -0.9999986785241354 0.0016257150497767995 7.481682847179989e-7
outer loop
vertex -81.62251281738281 4.928244590759277 4.5
vertex -81.61302947998047 10.76156997680664 4.5
vertex -81.62134552001953 5.648243427276611 0.20000000298023224
endloop
endfacet
facet normal -0.0016267008450191259 -0.9999986769213052 0
outer loop
vertex -81.62251281738281 4.928244590759277 4.5
vertex -80.92251586914062 4.927105903625488 0.20000000298023224
vertex -80.92251586914062 4.927105903625488 4.5
endloop
endfacet
facet normal 0.0018003229976574255 0.9999983794172389 0
outer loop
vertex -14.04306411743164 45.460243225097656 5
vertex -72.64315795898438 45.56574249267578 0
vertex -72.64315795898438 45.56574249267578 5
endloop
endfacet
facet normal -0.9999986671611028 0.0016326898106285273 0
outer loop
vertex -80.92251586914062 4.927105903625488 4.5
vertex -80.92251586914062 4.927105903625488 0.20000000298023224
vertex -80.92333221435547 4.4271063804626465 4.5
endloop
endfacet
facet normal -0.9999986776330443 0.0016262630796634778 7.473632017364572e-7
outer loop
vertex -80.92333221435547 4.4271063804626465 4.5
vertex -80.9325942993164 -1.2662277221679688 0.20000000298023224
vertex -80.93177795410156 -0.7662283778190613 4.5
endloop
endfacet
facet normal 0.4062165494720256 0.9137768408835065 0
outer loop
vertex 78.60240173339844 45.06307601928711 5
vertex 77.71602630615234 45.45711135864258 0
vertex 77.71602630615234 45.45711135864258 5
endloop
endfacet
facet normal 0.7406006822044248 0.6719454066502284 0
outer loop
vertex 80.69269561767578 42.75920867919922 5
vertex 78.60240173339844 45.06307601928711 0
vertex 78.60240173339844 45.06307601928711 5
endloop
endfacet
facet normal -0.9139859359087668 0.40574586746013286 0
outer loop
vertex -80.49858856201172 24.166988372802734 5
vertex -80.82710266113281 23.42697525024414 4.5
vertex -80.82710266113281 23.42697525024414 5
endloop
endfacet
facet normal 0.9335216269553328 0.3585210900444612 0
outer loop
vertex 80.95105743408203 42.086483001708984 4.5
vertex 80.69269561767578 42.75920867919922 0
vertex 80.69269561767578 42.75920867919922 5
endloop
endfacet
facet normal 0 0 1
outer loop
vertex -80.49858856201172 24.166988372802734 5
vertex -80.82710266113281 23.42697525024414 5
vertex -79.59242248535156 23.42496681213379 5
endloop
endfacet
facet normal 0 0 1
outer loop
vertex -77.3642807006836 26.661943435668945 5
vertex -78.3036117553711 26.15848731994629 5
vertex -73.5500259399414 19.114974975585938 5
endloop
endfacet
facet normal 0 0 1
outer loop
vertex -77.22744750976562 26.79203224182129 5
vertex -77.3642807006836 26.661943435668945 5
vertex -73.5500259399414 19.114974975585938 5
endloop
endfacet
facet normal 0 0 1
outer loop
vertex -76.27886199951172 28.365324020385742 5
vertex -77.22744750976562 26.79203224182129 5
vertex -73.5500259399414 19.114974975585938 5
endloop
endfacet
facet normal 0 0 1
outer loop
vertex -76.22769165039062 28.54706382751465 5
vertex -76.27886199951172 28.365324020385742 5
vertex -73.5500259399414 19.114974975585938 5
endloop
endfacet
facet normal 0 0 1
outer loop
vertex -76.22769165039062 28.54706382751465 5
vertex -73.5500259399414 19.114974975585938 5
vertex -68.8000259399414 24.01497459411621 5
endloop
endfacet
facet normal -0.9999986671601496 0.0016326903945231138 0
outer loop
vertex -80.9325942993164 -1.2662277221679688 0.20000000298023224
vertex -80.9325942993164 -1.2662277221679688 4.5
vertex -80.93177795410156 -0.7662283778190613 4.5
endloop
endfacet
facet normal 0 0 1
outer loop
vertex -68.8000259399414 24.01497459411621 5
vertex -68.8000259399414 38.11497497558594 5
vertex -76.22769165039062 28.54706382751465 5
endloop
endfacet
facet normal -0.9237063636482522 0.3831012317334975 0
outer loop
vertex -11.720026016235352 47.77910232543945 0
vertex -11.826836585998535 47.521568298339844 0
vertex -11.826836585998535 47.521568298339844 5
endloop
endfacet
facet normal 0 0 1
outer loop
vertex -76.14034271240234 42.287315368652344 5
vertex -76.22769165039062 28.54706382751465 5
vertex -68.8000259399414 38.11497497558594 5
endloop
endfacet
facet normal 0 0 1
outer loop
vertex -75.7464828491211 43.16889572143555 5
vertex -76.14034271240234 42.287315368652344 5
vertex -68.8000259399414 38.11497497558594 5
endloop
endfacet
facet normal 0 0 1
outer loop
vertex -73.44499969482422 45.25703048706055 5
vertex -75.7464828491211 43.16889572143555 5
vertex -68.8000259399414 38.11497497558594 5
endloop
endfacet
facet normal 0 0 1
outer loop
vertex -68.8000259399414 38.11497497558594 5
vertex -54.70002746582031 38.11497497558594 5
vertex -73.44499969482422 45.25703048706055 5
endloop
endfacet
facet normal 0 0 1
outer loop
vertex -72.64315795898438 45.56574249267578 5
vertex -73.44499969482422 45.25703048706055 5
vertex -54.70002746582031 38.11497497558594 5
endloop
endfacet
facet normal -0.7064699650923881 0.7077430242837861 0
outer loop
vertex -11.826836585998535 47.521568298339844 0
vertex -13.785338401794434 45.56658935546875 0
vertex -11.826836585998535 47.521568298339844 5
endloop
endfacet
facet normal 0 0 1
outer loop
vertex -54.70002746582031 38.11497497558594 5
vertex -54.70002746582031 24.01497459411621 5
vertex -49.800025939941406 24.01497459411621 5
endloop
endfacet
facet normal 0 0 1
outer loop
vertex -54.70002746582031 38.11497497558594 5
vertex -49.800025939941406 24.01497459411621 5
vertex -49.800025939941406 38.11497497558594 5
endloop
endfacet
facet normal -0.38143597242378113 0.9243952612065494 0
outer loop
vertex -13.785338401794434 45.56658935546875 0
vertex -14.04306411743164 45.460243225097656 0
vertex -13.785338401794434 45.56658935546875 5
endloop
endfacet
facet normal 0.9999939654071377 -0.003474068120856924 0
outer loop
vertex 81.00017547607422 41.58631134033203 4.5
vertex 81.00145721435547 41.95525360107422 0.20000000298023224
vertex 81.00145721435547 41.95525360107422 4.5
endloop
endfacet
facet normal 0.9335196449858122 0.35852625067738003 8.852790048886685e-7
outer loop
vertex 81.00145721435547 41.95525360107422 4.5
vertex 80.69269561767578 42.75920867919922 0
vertex 80.95105743408203 42.086483001708984 4.5
endloop
endfacet
facet normal 0 0 1
outer loop
vertex -72.64315795898438 45.56574249267578 5
vertex -54.70002746582031 38.11497497558594 5
vertex -49.800025939941406 38.11497497558594 5
endloop
endfacet
facet normal 0.9335216269553327 0.3585210900444612 0
outer loop
vertex 80.95105743408203 42.086483001708984 5
vertex 80.95105743408203 42.086483001708984 4.5
vertex 80.69269561767578 42.75920867919922 5
endloop
endfacet
facet normal 0 0 1
outer loop
vertex -14.04306411743164 45.460243225097656 5
vertex -72.64315795898438 45.56574249267578 5
vertex -49.800025939941406 38.11497497558594 5
endloop
endfacet
facet normal 0.0018003229976574255 0.9999983794172389 0
outer loop
vertex -14.04306411743164 45.460243225097656 0
vertex -72.64315795898438 45.56574249267578 0
vertex -14.04306411743164 45.460243225097656 5
endloop
endfacet
facet normal 0 0 -1
outer loop
vertex -11.720026016235352 30.414974212646484 0
vertex -11.826836585998535 47.521568298339844 0
vertex -11.720026016235352 47.77910232543945 0
endloop
endfacet
facet normal 0 0 -1
outer loop
vertex -11.826836585998535 47.521568298339844 0
vertex -12.000025749206543 19.814973831176758 0
vertex -13.785338401794434 45.56658935546875 0
endloop
endfacet
facet normal 0 0 -1
outer loop
vertex -14.04306411743164 45.460243225097656 0
vertex -13.785338401794434 45.56658935546875 0
vertex -12.000025749206543 19.814973831176758 0
endloop
endfacet
facet normal 0 0 -1
outer loop
vertex -16.70002555847168 38.11497497558594 0
vertex -21.25002670288086 38.81497573852539 0
vertex -14.04306411743164 45.460243225097656 0
endloop
endfacet
facet normal 0 0 -1
outer loop
vertex -21.25002670288086 38.11497497558594 0
vertex -21.25002670288086 38.81497573852539 0
vertex -16.70002555847168 38.11497497558594 0
endloop
endfacet
facet normal 0 0 -1
outer loop
vertex -11.720026016235352 30.414974212646484 0
vertex 0.40333274006843567 30.414974212646484 0
vertex 2.429924488067627 28.388381958007812 0
endloop
endfacet
facet normal 0 0 -1
outer loop
vertex 2.429924488067627 28.388381958007812 0
vertex -12.000025749206543 19.814973831176758 0
vertex -11.720026016235352 30.414974212646484 0
endloop
endfacet
facet normal 0 0 -1
outer loop
vertex -12.000025749206543 19.814973831176758 0
vertex -11.826836585998535 47.521568298339844 0
vertex -11.720026016235352 30.414974212646484 0
endloop
endfacet
facet normal 0 0 -1
outer loop
vertex -12.000025749206543 19.814973831176758 0
vertex -16.70002555847168 38.11497497558594 0
vertex -14.04306411743164 45.460243225097656 0
endloop
endfacet
facet normal 0 0 -1
outer loop
vertex -12.000025749206543 19.814973831176758 0
vertex -16.70002555847168 24.01497459411621 0
vertex -16.70002555847168 38.11497497558594 0
endloop
endfacet
facet normal 0 0 -1
outer loop
vertex -16.70002555847168 24.01497459411621 0
vertex -21.25002670288086 23.314973831176758 0
vertex -21.25002670288086 24.01497459411621 0
endloop
endfacet
facet normal 0 0 -1
outer loop
vertex -26.25002670288086 38.81497573852539 0
vertex -14.04306411743164 45.460243225097656 0
vertex -21.25002670288086 38.81497573852539 0
endloop
endfacet
facet normal 0 0 -1
outer loop
vertex -26.25002670288086 38.81497573852539 0
vertex -30.800025939941406 38.11497497558594 0
vertex -14.04306411743164 45.460243225097656 0
endloop
endfacet
facet normal 0 0 -1
outer loop
vertex -30.800025939941406 38.11497497558594 0
vertex -35.70002746582031 38.11497497558594 0
vertex -14.04306411743164 45.460243225097656 0
endloop
endfacet
facet normal 0 0 -1
outer loop
vertex -35.70002746582031 38.11497497558594 0
vertex -40.25002670288086 38.81497573852539 0
vertex -14.04306411743164 45.460243225097656 0
endloop
endfacet
facet normal 0 0 -1
outer loop
vertex -30.800025939941406 38.11497497558594 0
vertex -26.25002670288086 38.81497573852539 0
vertex -26.25002670288086 38.11497497558594 0
endloop
endfacet
facet normal 0 0 -1
outer loop
vertex -40.25002670288086 38.11497497558594 0
vertex -40.25002670288086 38.81497573852539 0
vertex -35.70002746582031 38.11497497558594 0
endloop
endfacet
facet normal 0 0 -1
outer loop
vertex -26.25002670288086 23.314973831176758 0
vertex -30.800025939941406 24.01497459411621 0
vertex -26.25002670288086 24.01497459411621 0
endloop
endfacet
facet normal 0 0 -1
outer loop
vertex -30.800025939941406 38.11497497558594 0
vertex -35.70002746582031 24.01497459411621 0
vertex -35.70002746582031 38.11497497558594 0
endloop
endfacet
facet normal 0 0 -1
outer loop
vertex -30.800025939941406 24.01497459411621 0
vertex -35.70002746582031 24.01497459411621 0
vertex -30.800025939941406 38.11497497558594 0
endloop
endfacet
facet normal 0 0 -1
outer loop
vertex -35.70002746582031 24.01497459411621 0
vertex -40.25002670288086 23.314973831176758 0
vertex -40.25002670288086 24.01497459411621 0
endloop
endfacet
facet normal 0 0 -1
outer loop
vertex -7.000026226043701 19.814973831176758 0
vertex 2.429924488067627 28.388381958007812 0
vertex -2.450026273727417 19.114974975585938 0
endloop
endfacet
facet normal 0 0 -1
outer loop
vertex -12.000025749206543 19.814973831176758 0
vertex 2.429924488067627 28.388381958007812 0
vertex -7.000026226043701 19.814973831176758 0
endloop
endfacet
facet normal 0 0 -1
outer loop
vertex -7.000026226043701 19.114974975585938 0
vertex -7.000026226043701 19.814973831176758 0
vertex -2.450026273727417 19.114974975585938 0
endloop
endfacet
facet normal 0 0 -1
outer loop
vertex -12.000025749206543 19.814973831176758 0
vertex -16.550025939941406 19.114974975585938 0
vertex -16.70002555847168 24.01497459411621 0
endloop
endfacet
facet normal 0 0 -1
outer loop
vertex -16.550025939941406 19.114974975585938 0
vertex -12.000025749206543 19.814973831176758 0
vertex -12.000025749206543 19.114974975585938 0
endloop
endfacet
facet normal 0 0 -1
outer loop
vertex -16.70002555847168 24.01497459411621 0
vertex -21.45002555847168 19.114974975585938 0
vertex -21.25002670288086 23.314973831176758 0
endloop
endfacet
facet normal 0 0 -1
outer loop
vertex -16.550025939941406 19.114974975585938 0
vertex -21.45002555847168 19.114974975585938 0
vertex -16.70002555847168 24.01497459411621 0
endloop
endfacet
facet normal 0 0 -1
outer loop
vertex -16.550025939941406 19.114974975585938 0
vertex -21.45002555847168 5.014974594116211 0
vertex -21.45002555847168 19.114974975585938 0
endloop
endfacet
facet normal 0 0 -1
outer loop
vertex 0.2814837396144867 -24.95682716369629 0
vertex -2.450026273727417 5.014974594116211 0
vertex -2.450026273727417 19.114974975585938 0
endloop
endfacet
facet normal 0 0 1
outer loop
vertex -40.45002746582031 5.014974594116211 5
vertex -40.45002746582031 0.11497443169355392 5
vertex -35.550025939941406 0.11497443169355392 5
endloop
endfacet
facet normal 0 0 1
outer loop
vertex -40.45002746582031 5.014974594116211 5
vertex -35.550025939941406 0.11497443169355392 5
vertex -35.550025939941406 5.014974594116211 5
endloop
endfacet
facet normal 0 0 1
outer loop
vertex -35.550025939941406 5.014974594116211 5
vertex -35.550025939941406 0.11497443169355392 5
vertex -21.45002555847168 5.014974594116211 5
endloop
endfacet
facet normal 0 0 1
outer loop
vertex -40.45002746582031 19.114974975585938 5
vertex -40.45002746582031 5.014974594116211 5
vertex -35.550025939941406 5.014974594116211 5
endloop
endfacet
facet normal 0 0 -1
outer loop
vertex -2.450026273727417 5.014974594116211 0
vertex -2.450026273727417 0.11497443169355392 0
vertex -7.000026226043701 0.11497443169355392 0
endloop
endfacet
facet normal 0 0 1
outer loop
vertex -21.45002555847168 5.014974594116211 5
vertex -35.550025939941406 0.11497443169355392 5
vertex -21.45002555847168 0.11497443169355392 5
endloop
endfacet
facet normal 0 0 -1
outer loop
vertex -2.450026273727417 5.014974594116211 0
vertex -7.000026226043701 4.314974308013916 0
vertex -7.000026226043701 5.014974594116211 0
endloop
endfacet
facet normal 0 0 -1
outer loop
vertex -2.450026273727417 5.014974594116211 0
vertex -7.000026226043701 0.8149744272232056 0
vertex -7.000026226043701 4.314974308013916 0
endloop
endfacet
facet normal 0 0 1
outer loop
vertex -40.45002746582031 19.114974975585938 5
vertex -35.550025939941406 5.014974594116211 5
vertex -35.550025939941406 19.114974975585938 5
endloop
endfacet
facet normal 0 0 1
outer loop
vertex -35.70002746582031 24.01497459411621 5
vertex -40.45002746582031 19.114974975585938 5
vertex -35.550025939941406 19.114974975585938 5
endloop
endfacet
facet normal 0 0 1
outer loop
vertex -35.70002746582031 24.01497459411621 5
vertex -35.550025939941406 19.114974975585938 5
vertex -30.800025939941406 24.01497459411621 5
endloop
endfacet
facet normal 0 0 -1
outer loop
vertex -7.000026226043701 0.8149744272232056 0
vertex -2.450026273727417 5.014974594116211 0
vertex -7.000026226043701 0.11497443169355392 0
endloop
endfacet
facet normal 0 0 1
outer loop
vertex -30.800025939941406 24.01497459411621 5
vertex -35.550025939941406 19.114974975585938 5
vertex -21.45002555847168 19.114974975585938 5
endloop
endfacet
facet normal 0 0 1
outer loop
vertex -16.70002555847168 24.01497459411621 5
vertex -30.800025939941406 24.01497459411621 5
vertex -21.45002555847168 19.114974975585938 5
endloop
endfacet
facet normal 0 0 -1
outer loop
vertex -12.000025749206543 0.8149744272232056 0
vertex -7.000026226043701 4.314974308013916 0
vertex -7.000026226043701 0.8149744272232056 0
endloop
endfacet
facet normal 0 0 -1
outer loop
vertex -16.550025939941406 5.014974594116211 0
vertex -21.45002555847168 5.014974594116211 0
vertex -16.550025939941406 19.114974975585938 0
endloop
endfacet
facet normal 0 0 1
outer loop
vertex -21.45002555847168 5.014974594116211 5
vertex -21.45002555847168 0.11497443169355392 5
vertex -16.550025939941406 0.11497443169355392 5
endloop
endfacet
facet normal 0 0 1
outer loop
vertex -16.550025939941406 0.11497443169355392 5
vertex -16.550025939941406 5.014974594116211 5
vertex -21.45002555847168 5.014974594116211 5
endloop
endfacet
facet normal 0 0 1
outer loop
vertex -16.550025939941406 5.014974594116211 5
vertex -16.550025939941406 0.11497443169355392 5
vertex -2.450026273727417 0.11497443169355392 5
endloop
endfacet
facet normal 0 0 -1
outer loop
vertex -12.000025749206543 4.314974308013916 0
vertex -7.000026226043701 4.314974308013916 0
vertex -12.000025749206543 0.8149744272232056 0
endloop
endfacet
facet normal 0 0 1
outer loop
vertex -21.45002555847168 19.114974975585938 5
vertex -21.45002555847168 5.014974594116211 5
vertex -16.550025939941406 5.014974594116211 5
endloop
endfacet
facet normal 0 0 -1
outer loop
vertex -12.000025749206543 4.314974308013916 0
vertex -16.550025939941406 5.014974594116211 0
vertex -12.000025749206543 5.014974594116211 0
endloop
endfacet
facet normal 0 0 1
outer loop
vertex -2.450026273727417 5.014974594116211 5
vertex -16.550025939941406 5.014974594116211 5
vertex -2.450026273727417 0.11497443169355392 5
endloop
endfacet
facet normal 0 0 1
outer loop
vertex -2.450026273727417 -13.985025405883789 5
vertex -2.450026273727417 -18.885025024414062 5
vertex -2.194323778152466 30.414974212646484 5
endloop
endfacet
facet normal 0 0 1
outer loop
vertex -2.450026273727417 0.11497443169355392 5
vertex -2.450026273727417 -13.985025405883789 5
vertex -2.194323778152466 30.414974212646484 5
endloop
endfacet
facet normal 0 0 -1
outer loop
vertex -12.000025749206543 0.8149744272232056 0
vertex -16.550025939941406 5.014974594116211 0
vertex -12.000025749206543 4.314974308013916 0
endloop
endfacet
facet normal 0 0 1
outer loop
vertex -21.45002555847168 19.114974975585938 5
vertex -16.550025939941406 5.014974594116211 5
vertex -16.550025939941406 19.114974975585938 5
endloop
endfacet
facet normal 0 0 1
outer loop
vertex -16.70002555847168 24.01497459411621 5
vertex -21.45002555847168 19.114974975585938 5
vertex -16.550025939941406 19.114974975585938 5
endloop
endfacet
facet normal 0 0 1
outer loop
vertex -16.70002555847168 24.01497459411621 5
vertex -16.550025939941406 19.114974975585938 5
vertex -2.450026273727417 19.114974975585938 5
endloop
endfacet
facet normal 0 0 1
outer loop
vertex -2.450026273727417 5.014974594116211 5
vertex -2.450026273727417 0.11497443169355392 5
vertex -2.194323778152466 30.414974212646484 5
endloop
endfacet
facet normal 0 0 -1
outer loop
vertex -12.000025749206543 0.8149744272232056 0
vertex -16.550025939941406 0.11497443169355392 0
vertex -16.550025939941406 5.014974594116211 0
endloop
endfacet
facet normal 0 0 1
outer loop
vertex -2.450026273727417 19.114974975585938 5
vertex -2.450026273727417 5.014974594116211 5
vertex -2.194323778152466 30.414974212646484 5
endloop
endfacet
facet normal 0 0 -1
outer loop
vertex -16.550025939941406 0.11497443169355392 0
vertex -12.000025749206543 0.8149744272232056 0
vertex -12.000025749206543 0.11497443169355392 0
endloop
endfacet
facet normal 0 0 -1
outer loop
vertex -16.550025939941406 5.014974594116211 0
vertex -21.45002555847168 0.11497443169355392 0
vertex -21.45002555847168 5.014974594116211 0
endloop
endfacet
facet normal 0 0 -1
outer loop
vertex -16.550025939941406 0.11497443169355392 0
vertex -21.45002555847168 0.11497443169355392 0
vertex -16.550025939941406 5.014974594116211 0
endloop
endfacet
facet normal 0 0 -1
outer loop
vertex -21.45002555847168 19.114974975585938 0
vertex -26.00002670288086 19.814973831176758 0
vertex -21.25002670288086 23.314973831176758 0
endloop
endfacet
facet normal 0 0 -1
outer loop
vertex -26.00002670288086 19.814973831176758 0
vertex -26.25002670288086 23.314973831176758 0
vertex -21.25002670288086 23.314973831176758 0
endloop
endfacet
facet normal 0 0 -1
outer loop
vertex -26.00002670288086 19.114974975585938 0
vertex -26.00002670288086 19.814973831176758 0
vertex -21.45002555847168 19.114974975585938 0
endloop
endfacet
facet normal 0 0 -1
outer loop
vertex -26.00002670288086 19.814973831176758 0
vertex -31.00002670288086 19.814973831176758 0
vertex -26.25002670288086 23.314973831176758 0
endloop
endfacet
facet normal 0 0 -1
outer loop
vertex -31.00002670288086 19.814973831176758 0
vertex -30.800025939941406 24.01497459411621 0
vertex -26.25002670288086 23.314973831176758 0
endloop
endfacet
facet normal 0 0 -1
outer loop
vertex -31.00002670288086 19.814973831176758 0
vertex -35.70002746582031 24.01497459411621 0
vertex -30.800025939941406 24.01497459411621 0
endloop
endfacet
facet normal 0 0 -1
outer loop
vertex -31.00002670288086 19.814973831176758 0
vertex -35.550025939941406 19.114974975585938 0
vertex -35.70002746582031 24.01497459411621 0
endloop
endfacet
facet normal 0 0 -1
outer loop
vertex -35.550025939941406 19.114974975585938 0
vertex -31.00002670288086 19.814973831176758 0
vertex -31.00002670288086 19.114974975585938 0
endloop
endfacet
facet normal 0 0 -1
outer loop
vertex -35.550025939941406 19.114974975585938 0
vertex -40.25002670288086 23.314973831176758 0
vertex -35.70002746582031 24.01497459411621 0
endloop
endfacet
facet normal 0.0034713687298951706 0.9999939747814189 0
outer loop
vertex 81.7001724243164 41.58388137817383 4.5
vertex 81.00017547607422 41.58631134033203 0.20000000298023224
vertex 81.00017547607422 41.58631134033203 4.5
endloop
endfacet
facet normal 0.9999939709840819 -0.0034724624130983085 -5.261370020620064e-7
outer loop
vertex 81.67991638183594 35.750579833984375 4.5
vertex 81.69766998291016 40.86388397216797 0.20000000298023224
vertex 81.7001724243164 41.58388137817383 4.5
endloop
endfacet
facet normal 0 0 -1
outer loop
vertex -35.550025939941406 19.114974975585938 0
vertex -40.45002746582031 19.114974975585938 0
vertex -40.25002670288086 23.314973831176758 0
endloop
endfacet
facet normal 0 0 -1
outer loop
vertex -73.5500259399414 -32.98502731323242 0
vertex -79.70204162597656 -43.96162796020508 0
vertex -79.67113494873047 -24.961652755737305 0
endloop
endfacet
facet normal -0.38143597242378113 0.9243952612065494 0
outer loop
vertex -13.785338401794434 45.56658935546875 5
vertex -14.04306411743164 45.460243225097656 0
vertex -14.04306411743164 45.460243225097656 5
endloop
endfacet
facet normal -0.7064699650923881 0.7077430242837861 0
outer loop
vertex -11.826836585998535 47.521568298339844 5
vertex -13.785338401794434 45.56658935546875 0
vertex -13.785338401794434 45.56658935546875 5
endloop
endfacet
facet normal -0.9237063636482522 0.3831012317334975 0
outer loop
vertex -11.720026016235352 47.77910232543945 5
vertex -11.720026016235352 47.77910232543945 0
vertex -11.826836585998535 47.521568298339844 5
endloop
endfacet
facet normal 0 0 -1
outer loop
vertex -35.550025939941406 19.114974975585938 0
vertex -40.45002746582031 5.014974594116211 0
vertex -40.45002746582031 19.114974975585938 0
endloop
endfacet
facet normal 0 0 -1
outer loop
vertex -21.45002555847168 0.11497443169355392 0
vertex -26.00002670288086 4.314974308013916 0
vertex -21.45002555847168 5.014974594116211 0
endloop
endfacet
facet normal 0 0 1
outer loop
vertex -35.70002746582031 38.11497497558594 5
vertex -35.70002746582031 24.01497459411621 5
vertex -30.800025939941406 24.01497459411621 5
endloop
endfacet
facet normal 0 0 1
outer loop
vertex -35.70002746582031 38.11497497558594 5
vertex -30.800025939941406 24.01497459411621 5
vertex -30.800025939941406 38.11497497558594 5
endloop
endfacet
facet normal 0 0 -1
outer loop
vertex -26.00002670288086 4.314974308013916 0
vertex -26.00002670288086 5.014974594116211 0
vertex -21.45002555847168 5.014974594116211 0
endloop
endfacet
facet normal 0 0 -1
outer loop
vertex -21.45002555847168 0.11497443169355392 0
vertex -26.00002670288086 0.8149744272232056 0
vertex -26.00002670288086 4.314974308013916 0
endloop
endfacet
facet normal 0 0 1
outer loop
vertex -14.04306411743164 45.460243225097656 5
vertex -49.800025939941406 38.11497497558594 5
vertex -35.70002746582031 38.11497497558594 5
endloop
endfacet
facet normal 0 0 -1
outer loop
vertex -26.00002670288086 0.11497443169355392 0
vertex -26.00002670288086 0.8149744272232056 0
vertex -21.45002555847168 0.11497443169355392 0
endloop
endfacet
facet normal 0 0 1
outer loop
vertex -14.04306411743164 45.460243225097656 5
vertex -35.70002746582031 38.11497497558594 5
vertex -30.800025939941406 38.11497497558594 5
endloop
endfacet
facet normal 0 0 1
outer loop
vertex -14.04306411743164 45.460243225097656 5
vertex -30.800025939941406 38.11497497558594 5
vertex -16.70002555847168 38.11497497558594 5
endloop
endfacet
facet normal 0 0 1
outer loop
vertex -16.70002555847168 24.01497459411621 5
vertex -2.450026273727417 19.114974975585938 5
vertex -11.720026016235352 30.414974212646484 5
endloop
endfacet
facet normal 0 0 1
outer loop
vertex -16.70002555847168 38.11497497558594 5
vertex -16.70002555847168 24.01497459411621 5
vertex -11.720026016235352 30.414974212646484 5
endloop
endfacet
facet normal 0 0 1
outer loop
vertex -2.194323778152466 30.414974212646484 5
vertex -11.720026016235352 30.414974212646484 5
vertex -2.450026273727417 19.114974975585938 5
endloop
endfacet
facet normal 0 0 1
outer loop
vertex -16.70002555847168 38.11497497558594 5
vertex -11.720026016235352 30.414974212646484 5
vertex -14.04306411743164 45.460243225097656 5
endloop
endfacet
facet normal 0 0 1
outer loop
vertex -13.785338401794434 45.56658935546875 5
vertex -14.04306411743164 45.460243225097656 5
vertex -11.720026016235352 30.414974212646484 5
endloop
endfacet
facet normal 0 0 1
outer loop
vertex -11.826836585998535 47.521568298339844 5
vertex -13.785338401794434 45.56658935546875 5
vertex -11.720026016235352 30.414974212646484 5
endloop
endfacet
facet normal 0 0 1
outer loop
vertex -11.720026016235352 47.77910232543945 5
vertex -11.826836585998535 47.521568298339844 5
vertex -11.720026016235352 30.414974212646484 5
endloop
endfacet
facet normal 0 0 -1
outer loop
vertex 3.516251802444458 -49.83487319946289 0
vertex 11.999974250793457 -33.68502426147461 0
vertex 4.361598968505859 -50.18502426147461 0
endloop
endfacet
facet normal 0 0 -1
outer loop
vertex 0.9881501793861389 -46.883243560791016 0
vertex 6.999973773956299 -32.98502731323242 0
vertex 1.287627935409546 -47.60624694824219 0
endloop
endfacet
facet normal 0 0 -1
outer loop
vertex 6.999973773956299 -32.98502731323242 0
vertex 0.9881501793861389 -46.883243560791016 0
vertex 0.8574163913726807 -46.72340774536133 0
endloop
endfacet
facet normal 0 0 -1
outer loop
vertex 0.4274742603302002 -35.850772857666016 0
vertex 0.5996817946434021 -35.88502502441406 0
vertex 0.8574163913726807 -46.72340774536133 0
endloop
endfacet
facet normal 0 0 -1
outer loop
vertex 0.8574163913726807 -46.72340774536133 0
vertex 0.5996817946434021 -35.88502502441406 0
vertex 0.771889328956604 -35.850772857666016 0
endloop
endfacet
facet normal 0 0 -1
outer loop
vertex 0.2814837396144867 -35.75322341918945 0
vertex 0.8574163913726807 -46.72340774536133 0
vertex 0.1839359998703003 -35.607234954833984 0
endloop
endfacet
facet normal 0 0 -1
outer loop
vertex 0.4274742603302002 -35.850772857666016 0
vertex 0.8574163913726807 -46.72340774536133 0
vertex 0.2814837396144867 -35.75322341918945 0
endloop
endfacet
facet normal 0 0 -1
outer loop
vertex 0.1839359998703003 -35.607234954833984 0
vertex 0.8574163913726807 -46.72340774536133 0
vertex 0.14968179166316986 -35.43502426147461 0
endloop
endfacet
facet normal 0 0 -1
outer loop
vertex 0.771889328956604 -35.850772857666016 0
vertex 0.9178798198699951 -35.75322341918945 0
vertex 0.8574163913726807 -46.72340774536133 0
endloop
endfacet
facet normal 0 0 -1
outer loop
vertex 0.9178798198699951 -35.75322341918945 0
vertex 1.015427589416504 -35.607234954833984 0
vertex 0.8574163913726807 -46.72340774536133 0
endloop
endfacet
facet normal 0 0 -1
outer loop
vertex 1.015427589416504 -35.607234954833984 0
vertex 1.0496817827224731 -35.43502426147461 0
vertex 0.8574163913726807 -46.72340774536133 0
endloop
endfacet
facet normal 0 0 -1
outer loop
vertex 1.287627935409546 -47.60624694824219 0
vertex 6.999973773956299 -32.98502731323242 0
vertex 6.999973773956299 -33.68502426147461 0
endloop
endfacet
facet normal 0 0 -1
outer loop
vertex 1.287627935409546 -47.60624694824219 0
vertex 11.999974250793457 -33.68502426147461 0
vertex 3.516251802444458 -49.83487319946289 0
endloop
endfacet
facet normal 0 0 -1
outer loop
vertex 11.999974250793457 -33.68502426147461 0
vertex 1.287627935409546 -47.60624694824219 0
vertex 6.999973773956299 -33.68502426147461 0
endloop
endfacet
facet normal 0 0 -1
outer loop
vertex 4.361598968505859 -50.18502426147461 0
vertex 11.999974250793457 -33.68502426147461 0
vertex 16.54997444152832 -32.98502731323242 0
endloop
endfacet
facet normal 0 0 -1
outer loop
vertex 0.14968179166316986 -35.43502426147461 0
vertex 0.14968179166316986 -34.16502380371094 0
vertex 0.1839359998703003 -35.2628173828125 0
endloop
endfacet
facet normal 0 0 -1
outer loop
vertex 0.1839359998703003 -35.2628173828125 0
vertex 0.1839359998703003 -34.33723449707031 0
vertex 0.2814837396144867 -35.11682891845703 0
endloop
endfacet
facet normal 0 0 -1
outer loop
vertex 0.9178798198699951 -35.11682891845703 0
vertex 0.9178798198699951 -34.48322296142578 0
vertex 1.015427589416504 -35.2628173828125 0
endloop
endfacet
facet normal 0 0 -1
outer loop
vertex 0.9178798198699951 -35.11682891845703 0
vertex 0.771889328956604 -35.01927947998047 0
vertex 0.771889328956604 -34.580772399902344 0
endloop
endfacet
facet normal 0 0 -1
outer loop
vertex 1.0496817827224731 -35.43502426147461 0
vertex 1.015427589416504 -35.2628173828125 0
vertex 1.0496817827224731 -34.16502380371094 0
endloop
endfacet
facet normal 0 0 -1
outer loop
vertex 6.999973773956299 -32.98502731323242 0
vertex 0.8574163913726807 -46.72340774536133 0
vertex 2.4499738216400146 -32.98502731323242 0
endloop
endfacet
facet normal 0 0 -1
outer loop
vertex 0.2814837396144867 -34.48322296142578 0
vertex 0.2814837396144867 -35.11682891845703 0
vertex 0.1839359998703003 -34.33723449707031 0
endloop
endfacet
facet normal 0 0 -1
outer loop
vertex 0.1839359998703003 -34.33723449707031 0
vertex 0.1839359998703003 -35.2628173828125 0
vertex 0.14968179166316986 -34.16502380371094 0
endloop
endfacet
facet normal 0 0 -1
outer loop
vertex 0.2814837396144867 -35.11682891845703 0
vertex 0.2814837396144867 -34.48322296142578 0
vertex 0.4274742603302002 -35.01927947998047 0
endloop
endfacet
facet normal 0 0 -1
outer loop
vertex 0.2814837396144867 -34.48322296142578 0
vertex 0.4274742603302002 -34.580772399902344 0
vertex 0.4274742603302002 -35.01927947998047 0
endloop
endfacet
facet normal 0 0 -1
outer loop
vertex 0.4274742603302002 -35.01927947998047 0
vertex 0.5996817946434021 -34.61502456665039 0
vertex 0.5996817946434021 -34.98502731323242 0
endloop
endfacet
facet normal 0 0 -1
outer loop
vertex 0.5996817946434021 -34.61502456665039 0
vertex 0.4274742603302002 -35.01927947998047 0
vertex 0.4274742603302002 -34.580772399902344 0
endloop
endfacet
facet normal 0 0 -1
outer loop
vertex 0.5996817946434021 -34.98502731323242 0
vertex 0.771889328956604 -34.580772399902344 0
vertex 0.771889328956604 -35.01927947998047 0
endloop
endfacet
facet normal 0 0 -1
outer loop
vertex 0.771889328956604 -34.580772399902344 0
vertex 0.5996817946434021 -34.98502731323242 0
vertex 0.5996817946434021 -34.61502456665039 0
endloop
endfacet
facet normal 0 0 -1
outer loop
vertex 0.9178798198699951 -34.48322296142578 0
vertex 0.9178798198699951 -35.11682891845703 0
vertex 0.771889328956604 -34.580772399902344 0
endloop
endfacet
facet normal 0 0 -1
outer loop
vertex 0.9178798198699951 -34.48322296142578 0
vertex 1.015427589416504 -34.33723449707031 0
vertex 1.015427589416504 -35.2628173828125 0
endloop
endfacet
facet normal 0 0 -1
outer loop
vertex 1.0496817827224731 -34.16502380371094 0
vertex 1.015427589416504 -35.2628173828125 0
vertex 1.015427589416504 -34.33723449707031 0
endloop
endfacet
facet normal 0 0 -1
outer loop
vertex 0.1839359998703003 -33.99281692504883 0
vertex 0.1839359998703003 -33.06723403930664 0
vertex 0.2814837396144867 -33.84682846069336 0
endloop
endfacet
facet normal 0 0 -1
outer loop
vertex 0.14968179166316986 -34.16502380371094 0
vertex 0.14968179166316986 -32.89502716064453 0
vertex 0.1839359998703003 -33.99281692504883 0
endloop
endfacet
facet normal 0 0 -1
outer loop
vertex 0.2814837396144867 -33.21322250366211 0
vertex 0.2814837396144867 -33.84682846069336 0
vertex 0.1839359998703003 -33.06723403930664 0
endloop
endfacet
facet normal 0 0 -1
outer loop
vertex 0.2814837396144867 -33.84682846069336 0
vertex 0.2814837396144867 -33.21322250366211 0
vertex 0.4274742603302002 -33.7492790222168 0
endloop
endfacet
facet normal 0 0 -1
outer loop
vertex 0.4274742603302002 -33.7492790222168 0
vertex 0.5996817946434021 -33.34502410888672 0
vertex 0.5996817946434021 -33.71502685546875 0
endloop
endfacet
facet normal 0 0 -1
outer loop
vertex 0.2814837396144867 -33.21322250366211 0
vertex 0.4274742603302002 -33.31077194213867 0
vertex 0.4274742603302002 -33.7492790222168 0
endloop
endfacet
facet normal 0 0 -1
outer loop
vertex 0.5996817946434021 -33.34502410888672 0
vertex 0.4274742603302002 -33.7492790222168 0
vertex 0.4274742603302002 -33.31077194213867 0
endloop
endfacet
facet normal 0 0 -1
outer loop
vertex 1.0496817827224731 -34.16502380371094 0
vertex 1.015427589416504 -33.99281692504883 0
vertex 1.015427589416504 -33.06723403930664 0
endloop
endfacet
facet normal 0 0 -1
outer loop
vertex 0.5996817946434021 -33.71502685546875 0
vertex 0.771889328956604 -33.31077194213867 0
vertex 0.771889328956604 -33.7492790222168 0
endloop
endfacet
facet normal 0 0 -1
outer loop
vertex 0.771889328956604 -33.7492790222168 0
vertex 0.771889328956604 -33.31077194213867 0
vertex 0.9178798198699951 -33.84682846069336 0
endloop
endfacet
facet normal 0 0 -1
outer loop
vertex 1.015427589416504 -33.99281692504883 0
vertex 0.9178798198699951 -33.84682846069336 0
vertex 0.9178798198699951 -33.21322250366211 0
endloop
endfacet
facet normal 0 0 -1
outer loop
vertex 0.771889328956604 -33.31077194213867 0
vertex 0.5996817946434021 -33.71502685546875 0
vertex 0.5996817946434021 -33.34502410888672 0
endloop
endfacet
facet normal 0 0 -1
outer loop
vertex 0.9178798198699951 -33.21322250366211 0
vertex 0.9178798198699951 -33.84682846069336 0
vertex 0.771889328956604 -33.31077194213867 0
endloop
endfacet
facet normal 0 0 -1
outer loop
vertex 1.015427589416504 -33.06723403930664 0
vertex 1.015427589416504 -33.99281692504883 0
vertex 0.9178798198699951 -33.21322250366211 0
endloop
endfacet
facet normal 0 0 -1
outer loop
vertex 1.0496817827224731 -34.16502380371094 0
vertex 1.015427589416504 -33.06723403930664 0
vertex 1.0496817827224731 -32.89502716064453 0
endloop
endfacet
facet normal 0 0 -1
outer loop
vertex 0.1839359998703003 -33.06723403930664 0
vertex 0.1839359998703003 -33.99281692504883 0
vertex 0.14968179166316986 -32.89502716064453 0
endloop
endfacet
facet normal 0 0 -1
outer loop
vertex 0.1839359998703003 -32.722816467285156 0
vertex 0.1839359998703003 -31.79723358154297 0
vertex 0.2814837396144867 -32.57682800292969 0
endloop
endfacet
facet normal 0 0 -1
outer loop
vertex 0.2814837396144867 -32.57682800292969 0
vertex 0.2814837396144867 -31.94322395324707 0
vertex 0.4274742603302002 -32.479278564453125 0
endloop
endfacet
facet normal 0 0 -1
outer loop
vertex 0.4274742603302002 -32.479278564453125 0
vertex 0.5996817946434021 -32.07502746582031 0
vertex 0.5996817946434021 -32.44502639770508 0
endloop
endfacet
facet normal 0 0 -1
outer loop
vertex 0.2814837396144867 -31.94322395324707 0
vertex 0.2814837396144867 -32.57682800292969 0
vertex 0.1839359998703003 -31.79723358154297 0
endloop
endfacet
facet normal 0 0 -1
outer loop
vertex 0.1839359998703003 -31.79723358154297 0
vertex 0.1839359998703003 -32.722816467285156 0
vertex 0.14968179166316986 -31.625024795532227 0
endloop
endfacet
facet normal 0 0 -1
outer loop
vertex 0.4274742603302002 -32.040771484375 0
vertex 0.4274742603302002 -32.479278564453125 0
vertex 0.2814837396144867 -31.94322395324707 0
endloop
endfacet
facet normal 0 0 -1
outer loop
vertex 0.5996817946434021 -32.07502746582031 0
vertex 0.4274742603302002 -32.479278564453125 0
vertex 0.4274742603302002 -32.040771484375 0
endloop
endfacet
facet normal 0 0 -1
outer loop
vertex 1.015427589416504 -32.722816467285156 0
vertex 0.9178798198699951 -32.57682800292969 0
vertex 0.9178798198699951 -31.94322395324707 0
endloop
endfacet
facet normal 0 0 -1
outer loop
vertex 0.5996817946434021 -32.44502639770508 0
vertex 0.771889328956604 -32.040771484375 0
vertex 0.771889328956604 -32.479278564453125 0
endloop
endfacet
facet normal 0 0 -1
outer loop
vertex 0.771889328956604 -32.479278564453125 0
vertex 0.771889328956604 -32.040771484375 0
vertex 0.9178798198699951 -32.57682800292969 0
endloop
endfacet
facet normal 0 0 -1
outer loop
vertex 1.0496817827224731 -32.89502716064453 0
vertex 1.015427589416504 -32.722816467285156 0
vertex 1.015427589416504 -31.79723358154297 0
endloop
endfacet
facet normal 0 0 -1
outer loop
vertex 0.771889328956604 -32.040771484375 0
vertex 0.5996817946434021 -32.44502639770508 0
vertex 0.5996817946434021 -32.07502746582031 0
endloop
endfacet
facet normal 0 0 -1
outer loop
vertex 0.9178798198699951 -31.94322395324707 0
vertex 0.9178798198699951 -32.57682800292969 0
vertex 0.771889328956604 -32.040771484375 0
endloop
endfacet
facet normal 0 0 -1
outer loop
vertex 1.015427589416504 -31.79723358154297 0
vertex 1.015427589416504 -32.722816467285156 0
vertex 0.9178798198699951 -31.94322395324707 0
endloop
endfacet
facet normal 0 0 -1
outer loop
vertex 1.0496817827224731 -32.89502716064453 0
vertex 1.015427589416504 -31.79723358154297 0
vertex 1.0496817827224731 -31.625024795532227 0
endloop
endfacet
facet normal 0 0 -1
outer loop
vertex 2.4499738216400146 -32.98502731323242 0
vertex 0.8574163913726807 -46.72340774536133 0
vertex 2.4499738216400146 -18.885025024414062 0
endloop
endfacet
facet normal 0 0 -1
outer loop
vertex 0.8574163913726807 -46.72340774536133 0
vertex 1.0496817827224731 -35.43502426147461 0
vertex 2.4499738216400146 -13.985025405883789 0
endloop
endfacet
facet normal 0 0 -1
outer loop
vertex -26.00002670288086 0.8149744272232056 0
vertex -31.00002670288086 4.314974308013916 0
vertex -26.00002670288086 4.314974308013916 0
endloop
endfacet
facet normal 0 0 -1
outer loop
vertex -31.00002670288086 0.8149744272232056 0
vertex -31.00002670288086 4.314974308013916 0
vertex -26.00002670288086 0.8149744272232056 0
endloop
endfacet
facet normal 0 0 -1
outer loop
vertex -35.550025939941406 5.014974594116211 0
vertex -40.45002746582031 5.014974594116211 0
vertex -35.550025939941406 19.114974975585938 0
endloop
endfacet
facet normal 0 0 -1
outer loop
vertex -31.00002670288086 4.314974308013916 0
vertex -35.550025939941406 5.014974594116211 0
vertex -31.00002670288086 5.014974594116211 0
endloop
endfacet
facet normal 0 0 -1
outer loop
vertex -31.00002670288086 0.8149744272232056 0
vertex -35.550025939941406 5.014974594116211 0
vertex -31.00002670288086 4.314974308013916 0
endloop
endfacet
facet normal 0 0 -1
outer loop
vertex -35.550025939941406 0.11497443169355392 0
vertex -35.550025939941406 5.014974594116211 0
vertex -31.00002670288086 0.8149744272232056 0
endloop
endfacet
facet normal 0 0 -1
outer loop
vertex -35.550025939941406 0.11497443169355392 0
vertex -31.00002670288086 0.8149744272232056 0
vertex -31.00002670288086 0.11497443169355392 0
endloop
endfacet
facet normal 0 0 -1
outer loop
vertex -35.550025939941406 0.11497443169355392 0
vertex -40.45002746582031 5.014974594116211 0
vertex -35.550025939941406 5.014974594116211 0
endloop
endfacet
facet normal 0 0 -1
outer loop
vertex -35.550025939941406 0.11497443169355392 0
vertex -40.45002746582031 0.11497443169355392 0
vertex -40.45002746582031 5.014974594116211 0
endloop
endfacet
facet normal -0.3592947150301532 0.9332241465754092 0
outer loop
vertex -72.64315795898438 45.56574249267578 0
vertex -73.44499969482422 45.25703048706055 0
vertex -72.64315795898438 45.56574249267578 5
endloop
endfacet
facet normal -0.6719461211191778 0.7406000339676546 0
outer loop
vertex -73.44499969482422 45.25703048706055 0
vertex -75.7464828491211 43.16889572143555 0
vertex -73.44499969482422 45.25703048706055 5
endloop
endfacet
facet normal -0.913023268191304 0.40790747938873373 0
outer loop
vertex -75.7464828491211 43.16889572143555 0
vertex -76.14034271240234 42.287315368652344 0
vertex -75.7464828491211 43.16889572143555 5
endloop
endfacet
facet normal -0.999979793889089 0.006357028671887031 0
outer loop
vertex -76.14034271240234 42.287315368652344 0
vertex -76.22769165039062 28.54706382751465 0
vertex -76.14034271240234 42.287315368652344 5
endloop
endfacet
facet normal -0.9625735576935837 0.27102056384916107 0
outer loop
vertex -76.22769165039062 28.54706382751465 0
vertex -76.27886199951172 28.365324020385742 0
vertex -76.22769165039062 28.54706382751465 5
endloop
endfacet
facet normal -0.8563837705995841 0.5163398468582864 0
outer loop
vertex -76.27886199951172 28.365324020385742 0
vertex -77.22744750976562 26.79203224182129 0
vertex -76.27886199951172 28.365324020385742 5
endloop
endfacet
facet normal -0.689020225697122 0.7247421117751383 0
outer loop
vertex -77.22744750976562 26.79203224182129 0
vertex -77.3642807006836 26.661943435668945 0
vertex -77.22744750976562 26.79203224182129 5
endloop
endfacet
facet normal -0.47239860503879066 0.8813850225397551 0
outer loop
vertex -77.3642807006836 26.661943435668945 0
vertex -78.3036117553711 26.15848731994629 0
vertex -77.3642807006836 26.661943435668945 5
endloop
endfacet
facet normal -0.9139983645361536 0.4057178694592315 0.000005167055711902625
outer loop
vertex -80.82710266113281 23.42697525024414 0.20000000298023224
vertex -80.89266204833984 23.27928352355957 0.20000000298023224
vertex -80.49858856201172 24.166988372802734 5
endloop
endfacet
facet normal -0.9139859359087669 0.4057458674601329 0
outer loop
vertex -80.49858856201172 24.166988372802734 0
vertex -80.82710266113281 23.42697525024414 0.20000000298023224
vertex -80.49858856201172 24.166988372802734 5
endloop
endfacet
facet normal -0.6719456305306091 0.7406004790781748 0
outer loop
vertex -78.3036117553711 26.15848731994629 0
vertex -80.49858856201172 24.166988372802734 0
vertex -78.3036117553711 26.15848731994629 5
endloop
endfacet
facet normal 0 0 -1
outer loop
vertex -40.25002670288086 38.81497573852539 0
vertex -72.64315795898438 45.56574249267578 0
vertex -14.04306411743164 45.460243225097656 0
endloop
endfacet
facet normal 0 0 -1
outer loop
vertex -49.800025939941406 38.11497497558594 0
vertex -45.25002670288086 38.81497573852539 0
vertex -45.25002670288086 38.11497497558594 0
endloop
endfacet
facet normal 0 0 -1
outer loop
vertex -49.800025939941406 38.11497497558594 0
vertex -54.70002746582031 38.11497497558594 0
vertex -45.25002670288086 38.81497573852539 0
endloop
endfacet
facet normal 0 0 -1
outer loop
vertex -45.25002670288086 38.81497573852539 0
vertex -72.64315795898438 45.56574249267578 0
vertex -40.25002670288086 38.81497573852539 0
endloop
endfacet
facet normal 0 0 -1
outer loop
vertex -54.70002746582031 38.11497497558594 0
vertex -59.25002670288086 38.81497573852539 0
vertex -45.25002670288086 38.81497573852539 0
endloop
endfacet
facet normal 0 0 -1
outer loop
vertex -59.25002670288086 38.81497573852539 0
vertex -72.64315795898438 45.56574249267578 0
vertex -45.25002670288086 38.81497573852539 0
endloop
endfacet
facet normal 0 0 -1
outer loop
vertex -59.25002670288086 38.11497497558594 0
vertex -59.25002670288086 38.81497573852539 0
vertex -54.70002746582031 38.11497497558594 0
endloop
endfacet
facet normal 0 0 -1
outer loop
vertex -45.25002670288086 23.314973831176758 0
vertex -49.800025939941406 24.01497459411621 0
vertex -45.25002670288086 24.01497459411621 0
endloop
endfacet
facet normal 0 0 -1
outer loop
vertex -49.800025939941406 38.11497497558594 0
vertex -54.70002746582031 24.01497459411621 0
vertex -54.70002746582031 38.11497497558594 0
endloop
endfacet
facet normal 0 0 -1
outer loop
vertex -49.800025939941406 24.01497459411621 0
vertex -54.70002746582031 24.01497459411621 0
vertex -49.800025939941406 38.11497497558594 0
endloop
endfacet
facet normal 0 0 -1
outer loop
vertex -64.2500228881836 38.81497573852539 0
vertex -72.64315795898438 45.56574249267578 0
vertex -59.25002670288086 38.81497573852539 0
endloop
endfacet
facet normal 0 0 -1
outer loop
vertex -68.8000259399414 38.11497497558594 0
vertex -64.2500228881836 38.81497573852539 0
vertex -64.2500228881836 38.11497497558594 0
endloop
endfacet
facet normal 0 0 -1
outer loop
vertex -68.8000259399414 38.11497497558594 0
vertex -72.64315795898438 45.56574249267578 0
vertex -64.2500228881836 38.81497573852539 0
endloop
endfacet
facet normal 0 0 -1
outer loop
vertex -68.8000259399414 38.11497497558594 0
vertex -73.44499969482422 45.25703048706055 0
vertex -72.64315795898438 45.56574249267578 0
endloop
endfacet
facet normal 0 0 -1
outer loop
vertex -73.44499969482422 45.25703048706055 0
vertex -68.8000259399414 38.11497497558594 0
vertex -75.7464828491211 43.16889572143555 0
endloop
endfacet
facet normal 0 0 -1
outer loop
vertex -76.14034271240234 42.287315368652344 0
vertex -75.7464828491211 43.16889572143555 0
vertex -68.8000259399414 24.01497459411621 0
endloop
endfacet
facet normal 0 0 -1
outer loop
vertex -68.8000259399414 38.11497497558594 0
vertex -68.8000259399414 24.01497459411621 0
vertex -75.7464828491211 43.16889572143555 0
endloop
endfacet
facet normal 0 0 -1
outer loop
vertex -64.2500228881836 23.314973831176758 0
vertex -68.8000259399414 24.01497459411621 0
vertex -64.2500228881836 24.01497459411621 0
endloop
endfacet
facet normal 0 0 -1
outer loop
vertex -68.8000259399414 24.01497459411621 0
vertex -69.0000228881836 19.814973831176758 0
vertex -76.22769165039062 28.54706382751465 0
endloop
endfacet
facet normal 0 0 -1
outer loop
vertex -76.22769165039062 28.54706382751465 0
vertex -76.14034271240234 42.287315368652344 0
vertex -68.8000259399414 24.01497459411621 0
endloop
endfacet
facet normal 0 0 -1
outer loop
vertex -69.0000228881836 19.814973831176758 0
vertex -76.27886199951172 28.365324020385742 0
vertex -76.22769165039062 28.54706382751465 0
endloop
endfacet
facet normal 0 0 -1
outer loop
vertex -69.0000228881836 19.814973831176758 0
vertex -77.22744750976562 26.79203224182129 0
vertex -76.27886199951172 28.365324020385742 0
endloop
endfacet
facet normal 0 0 -1
outer loop
vertex -77.22744750976562 26.79203224182129 0
vertex -73.5500259399414 19.114974975585938 0
vertex -77.3642807006836 26.661943435668945 0
endloop
endfacet
facet normal 0 0 -1
outer loop
vertex -73.5500259399414 19.114974975585938 0
vertex -78.3036117553711 26.15848731994629 0
vertex -77.3642807006836 26.661943435668945 0
endloop
endfacet
facet normal 0.9999939722197825 -0.0034721065781866335 -1.0299419606821421e-7
outer loop
vertex 81.6376724243164 23.583988189697266 4.5
vertex 81.69766998291016 40.86388397216797 0.20000000298023224
vertex 81.67991638183594 35.750579833984375 4.5
endloop
endfacet
facet normal 0 0 -1
outer loop
vertex -73.5500259399414 -32.98502731323242 0
vertex -69.0000228881836 -33.68502426147461 0
vertex -79.70204162597656 -43.96162796020508 0
endloop
endfacet
facet normal 0 0 -1
outer loop
vertex -79.59242248535156 23.42496681213379 0
vertex -80.82710266113281 23.42697525024414 0
vertex -80.49858856201172 24.166988372802734 0
endloop
endfacet
facet normal -0.9139859359087666 0.40574586746013286 0
outer loop
vertex -80.82710266113281 23.42697525024414 0
vertex -80.82710266113281 23.42697525024414 0.20000000298023224
vertex -80.49858856201172 24.166988372802734 0
endloop
endfacet
facet normal -0.9999986802565644 0.0016246492327690522 0
outer loop
vertex -80.89266204833984 23.27928352355957 0.20000000298023224
vertex -80.89323425292969 22.927082061767578 0.20000000298023224
vertex -80.89266204833984 23.27928352355957 4.5
endloop
endfacet
facet normal 0.0016266831155497946 0.9999986769501455 0
outer loop
vertex -80.89323425292969 22.927082061767578 0.20000000298023224
vertex -81.5932388305664 22.928220748901367 0.20000000298023224
vertex -80.89323425292969 22.927082061767578 4.5
endloop
endfacet
facet normal -0.9999986771756009 0.0016265445115912732 0
outer loop
vertex -81.5932388305664 22.928220748901367 0.20000000298023224
vertex -81.62134552001953 5.648243427276611 0.20000000298023224
vertex -81.5932388305664 22.928220748901367 4.5
endloop
endfacet
facet normal -0.9999986857784994 0.0016212468270646364 0
outer loop
vertex -81.62134552001953 5.648243427276611 0.20000000298023224
vertex -81.62251281738281 4.928244590759277 0.20000000298023224
vertex -81.62251281738281 4.928244590759277 4.5
endloop
endfacet
facet normal -0.0016267008450191259 -0.9999986769213052 0
outer loop
vertex -80.92251586914062 4.927105903625488 0.20000000298023224
vertex -81.62251281738281 4.928244590759277 4.5
vertex -81.62251281738281 4.928244590759277 0.20000000298023224
endloop
endfacet
facet normal -0.9999986671611028 0.0016326898106285273 0
outer loop
vertex -80.92251586914062 4.927105903625488 0.20000000298023224
vertex -80.92333221435547 4.4271063804626465 0.20000000298023224
vertex -80.92333221435547 4.4271063804626465 4.5
endloop
endfacet
facet normal 0 0 -1
outer loop
vertex 0.1839359998703003 -31.452817916870117 0
vertex 0.1839359998703003 -30.527233123779297 0
vertex 0.2814837396144867 -31.306827545166016 0
endloop
endfacet
facet normal 0 0 -1
outer loop
vertex 0.2814837396144867 -31.306827545166016 0
vertex 0.2814837396144867 -30.6732234954834 0
vertex 0.4274742603302002 -31.209280014038086 0
endloop
endfacet
facet normal 0 0 -1
outer loop
vertex 0.4274742603302002 -31.209280014038086 0
vertex 0.5996817946434021 -30.805025100708008 0
vertex 0.5996817946434021 -31.175025939941406 0
endloop
endfacet
facet normal 0 0 -1
outer loop
vertex 0.771889328956604 -30.770771026611328 0
vertex 0.771889328956604 -31.209280014038086 0
vertex 0.5996817946434021 -31.175025939941406 0
endloop
endfacet
facet normal 0 0 -1
outer loop
vertex 0.9178798198699951 -31.306827545166016 0
vertex 0.771889328956604 -31.209280014038086 0
vertex 0.771889328956604 -30.770771026611328 0
endloop
endfacet
facet normal 0 0 -1
outer loop
vertex 0.9178798198699951 -31.306827545166016 0
vertex 0.9178798198699951 -30.6732234954834 0
vertex 1.015427589416504 -31.452817916870117 0
endloop
endfacet
facet normal 0 0 -1
outer loop
vertex 1.0496817827224731 -31.625024795532227 0
vertex 1.015427589416504 -31.452817916870117 0
vertex 1.015427589416504 -30.527233123779297 0
endloop
endfacet
facet normal 0 0 -1
outer loop
vertex 0.2814837396144867 -30.6732234954834 0
vertex 0.2814837396144867 -31.306827545166016 0
vertex 0.1839359998703003 -30.527233123779297 0
endloop
endfacet
facet normal 0 0 -1
outer loop
vertex 0.1839359998703003 -30.527233123779297 0
vertex 0.1839359998703003 -31.452817916870117 0
vertex 0.14968179166316986 -30.355026245117188 0
endloop
endfacet
facet normal 0 0 -1
outer loop
vertex 0.2814837396144867 -30.6732234954834 0
vertex 0.4274742603302002 -30.770771026611328 0
vertex 0.4274742603302002 -31.209280014038086 0
endloop
endfacet
facet normal 0 0 -1
outer loop
vertex 0.5996817946434021 -30.805025100708008 0
vertex 0.4274742603302002 -31.209280014038086 0
vertex 0.4274742603302002 -30.770771026611328 0
endloop
endfacet
facet normal 0 0 -1
outer loop
vertex 0.771889328956604 -30.770771026611328 0
vertex 0.5996817946434021 -31.175025939941406 0
vertex 0.5996817946434021 -30.805025100708008 0
endloop
endfacet
facet normal 0 0 -1
outer loop
vertex 0.9178798198699951 -30.6732234954834 0
vertex 0.9178798198699951 -31.306827545166016 0
vertex 0.771889328956604 -30.770771026611328 0
endloop
endfacet
facet normal 0 0 -1
outer loop
vertex 1.015427589416504 -30.527233123779297 0
vertex 1.015427589416504 -31.452817916870117 0
vertex 0.9178798198699951 -30.6732234954834 0
endloop
endfacet
facet normal 0 0 -1
outer loop
vertex 1.0496817827224731 -31.625024795532227 0
vertex 1.015427589416504 -30.527233123779297 0
vertex 1.0496817827224731 -30.355026245117188 0
endloop
endfacet
facet normal 0 0 -1
outer loop
vertex 0.1839359998703003 -30.182817459106445 0
vertex 0.1839359998703003 -29.257232666015625 0
vertex 0.2814837396144867 -30.036827087402344 0
endloop
endfacet
facet normal 0 0 -1
outer loop
vertex 0.2814837396144867 -30.036827087402344 0
vertex 0.1839359998703003 -29.257232666015625 0
vertex 0.2814837396144867 -29.403223037719727 0
endloop
endfacet
facet normal 0 0 -1
outer loop
vertex 0.2814837396144867 -30.036827087402344 0
vertex 0.4274742603302002 -29.500770568847656 0
vertex 0.4274742603302002 -29.939279556274414 0
endloop
endfacet
facet normal 0 0 -1
outer loop
vertex 0.4274742603302002 -29.939279556274414 0
vertex 0.5996817946434021 -29.535024642944336 0
vertex 0.5996817946434021 -29.905025482177734 0
endloop
endfacet
facet normal 0 0 -1
outer loop
vertex 0.4274742603302002 -29.500770568847656 0
vertex 0.2814837396144867 -30.036827087402344 0
vertex 0.2814837396144867 -29.403223037719727 0
endloop
endfacet
facet normal 0 0 -1
outer loop
vertex 0.5996817946434021 -29.535024642944336 0
vertex 0.4274742603302002 -29.939279556274414 0
vertex 0.4274742603302002 -29.500770568847656 0
endloop
endfacet
facet normal 0 0 -1
outer loop
vertex 1.0496817827224731 -30.355026245117188 0
vertex 1.015427589416504 -30.182817459106445 0
vertex 1.015427589416504 -29.257232666015625 0
endloop
endfacet
facet normal 0 0 -1
outer loop
vertex 0.5996817946434021 -29.905025482177734 0
vertex 0.771889328956604 -29.500770568847656 0
vertex 0.771889328956604 -29.939279556274414 0
endloop
endfacet
facet normal 0 0 -1
outer loop
vertex 0.9178798198699951 -30.036827087402344 0
vertex 0.771889328956604 -29.939279556274414 0
vertex 0.771889328956604 -29.500770568847656 0
endloop
endfacet
facet normal 0 0 -1
outer loop
vertex 0.9178798198699951 -30.036827087402344 0
vertex 0.9178798198699951 -29.403223037719727 0
vertex 1.015427589416504 -30.182817459106445 0
endloop
endfacet
facet normal 0 0 -1
outer loop
vertex 0.771889328956604 -29.500770568847656 0
vertex 0.5996817946434021 -29.905025482177734 0
vertex 0.5996817946434021 -29.535024642944336 0
endloop
endfacet
facet normal 0 0 -1
outer loop
vertex 0.9178798198699951 -29.403223037719727 0
vertex 0.9178798198699951 -30.036827087402344 0
vertex 0.771889328956604 -29.500770568847656 0
endloop
endfacet
facet normal 0 0 -1
outer loop
vertex 1.015427589416504 -29.257232666015625 0
vertex 1.015427589416504 -30.182817459106445 0
vertex 0.9178798198699951 -29.403223037719727 0
endloop
endfacet
facet normal 0 0 -1
outer loop
vertex 1.0496817827224731 -30.355026245117188 0
vertex 1.015427589416504 -29.257232666015625 0
vertex 1.0496817827224731 -29.085025787353516 0
endloop
endfacet
facet normal 0 0 -1
outer loop
vertex 0.1839359998703003 -29.257232666015625 0
vertex 0.1839359998703003 -30.182817459106445 0
vertex 0.14968179166316986 -29.085025787353516 0
endloop
endfacet
facet normal 0 0 -1
outer loop
vertex 0.1839359998703003 -28.912818908691406 0
vertex 0.1839359998703003 -27.987232208251953 0
vertex 0.2814837396144867 -28.766826629638672 0
endloop
endfacet
facet normal 0 0 -1
outer loop
vertex 0.2814837396144867 -28.766826629638672 0
vertex 0.4274742603302002 -28.230772018432617 0
vertex 0.4274742603302002 -28.669279098510742 0
endloop
endfacet
facet normal 0 0 -1
outer loop
vertex 0.4274742603302002 -28.230772018432617 0
vertex 0.2814837396144867 -28.766826629638672 0
vertex 0.2814837396144867 -28.133224487304688 0
endloop
endfacet
facet normal 0 0 -1
outer loop
vertex 0.4274742603302002 -28.669279098510742 0
vertex 0.4274742603302002 -28.230772018432617 0
vertex 0.5996817946434021 -28.635025024414062 0
endloop
endfacet
facet normal 0 0 -1
outer loop
vertex 0.5996817946434021 -28.635025024414062 0
vertex 0.4274742603302002 -28.230772018432617 0
vertex 0.5996817946434021 -28.265026092529297 0
endloop
endfacet
facet normal 0 0 -1
outer loop
vertex 0.2814837396144867 -28.766826629638672 0
vertex 0.1839359998703003 -27.987232208251953 0
vertex 0.2814837396144867 -28.133224487304688 0
endloop
endfacet
facet normal 0 0 -1
outer loop
vertex 0.1839359998703003 -28.912818908691406 0
vertex 0.14968179166316986 -27.815025329589844 0
vertex 0.1839359998703003 -27.987232208251953 0
endloop
endfacet
facet normal 0 0 -1
outer loop
vertex 0.9178798198699951 -28.766826629638672 0
vertex 0.9178798198699951 -28.133224487304688 0
vertex 1.015427589416504 -28.912818908691406 0
endloop
endfacet
facet normal 0 0 -1
outer loop
vertex 0.5996817946434021 -28.635025024414062 0
vertex 0.771889328956604 -28.230772018432617 0
vertex 0.771889328956604 -28.669279098510742 0
endloop
endfacet
facet normal 0 0 -1
outer loop
vertex 0.771889328956604 -28.230772018432617 0
vertex 0.5996817946434021 -28.635025024414062 0
vertex 0.5996817946434021 -28.265026092529297 0
endloop
endfacet
facet normal 0 0 -1
outer loop
vertex 0.9178798198699951 -28.766826629638672 0
vertex 0.771889328956604 -28.669279098510742 0
vertex 0.771889328956604 -28.230772018432617 0
endloop
endfacet
facet normal 0 0 -1
outer loop
vertex 0.9178798198699951 -28.133224487304688 0
vertex 0.9178798198699951 -28.766826629638672 0
vertex 0.771889328956604 -28.230772018432617 0
endloop
endfacet
facet normal 0 0 -1
outer loop
vertex 1.0496817827224731 -29.085025787353516 0
vertex 1.015427589416504 -28.912818908691406 0
vertex 1.015427589416504 -27.987232208251953 0
endloop
endfacet
facet normal 0 0 -1
outer loop
vertex 1.015427589416504 -27.987232208251953 0
vertex 1.015427589416504 -28.912818908691406 0
vertex 0.9178798198699951 -28.133224487304688 0
endloop
endfacet
facet normal 0 0 -1
outer loop
vertex 1.0496817827224731 -29.085025787353516 0
vertex 1.015427589416504 -27.987232208251953 0
vertex 1.0496817827224731 -27.815025329589844 0
endloop
endfacet
facet normal 0 0 -1
outer loop
vertex 0.1839359998703003 -27.642818450927734 0
vertex 0.1839359998703003 -26.717233657836914 0
vertex 0.2814837396144867 -27.496828079223633 0
endloop
endfacet
facet normal 0 0 -1
outer loop
vertex 0.2814837396144867 -27.496828079223633 0
vertex 0.4274742603302002 -26.960771560668945 0
vertex 0.4274742603302002 -27.399280548095703 0
endloop
endfacet
facet normal 0 0 -1
outer loop
vertex 0.4274742603302002 -27.399280548095703 0
vertex 0.4274742603302002 -26.960771560668945 0
vertex 0.5996817946434021 -27.365026473999023 0
endloop
endfacet
facet normal 0 0 -1
outer loop
vertex 0.5996817946434021 -27.365026473999023 0
vertex 0.771889328956604 -26.960771560668945 0
vertex 0.771889328956604 -27.399280548095703 0
endloop
endfacet
facet normal 0 0 -1
outer loop
vertex 0.9178798198699951 -27.496828079223633 0
vertex 0.9178798198699951 -26.863224029541016 0
vertex 1.015427589416504 -27.642818450927734 0
endloop
endfacet
facet normal 0 0 -1
outer loop
vertex 0.771889328956604 -27.399280548095703 0
vertex 0.771889328956604 -26.960771560668945 0
vertex 0.9178798198699951 -27.496828079223633 0
endloop
endfacet
facet normal 0 0 -1
outer loop
vertex 1.0496817827224731 -27.815025329589844 0
vertex 1.015427589416504 -27.642818450927734 0
vertex 1.015427589416504 -26.717233657836914 0
endloop
endfacet
facet normal 0 0 -1
outer loop
vertex 2.4499738216400146 -13.985025405883789 0
vertex 1.0496817827224731 -35.43502426147461 0
vertex 1.0496817827224731 -34.16502380371094 0
endloop
endfacet
facet normal 0 0 -1
outer loop
vertex 0.1839359998703003 -27.642818450927734 0
vertex 0.14968179166316986 -26.545024871826172 0
vertex 0.1839359998703003 -26.717233657836914 0
endloop
endfacet
facet normal 0 0 -1
outer loop
vertex 0.2814837396144867 -27.496828079223633 0
vertex 0.1839359998703003 -26.717233657836914 0
vertex 0.2814837396144867 -26.863224029541016 0
endloop
endfacet
facet normal 0 0 -1
outer loop
vertex 0.4274742603302002 -26.960771560668945 0
vertex 0.2814837396144867 -27.496828079223633 0
vertex 0.2814837396144867 -26.863224029541016 0
endloop
endfacet
facet normal 0 0 -1
outer loop
vertex 0.4274742603302002 -26.960771560668945 0
vertex 0.5996817946434021 -26.995025634765625 0
vertex 0.5996817946434021 -27.365026473999023 0
endloop
endfacet
facet normal 0 0 -1
outer loop
vertex 0.771889328956604 -26.960771560668945 0
vertex 0.5996817946434021 -27.365026473999023 0
vertex 0.5996817946434021 -26.995025634765625 0
endloop
endfacet
facet normal 0 0 -1
outer loop
vertex 0.9178798198699951 -26.863224029541016 0
vertex 0.9178798198699951 -27.496828079223633 0
vertex 0.771889328956604 -26.960771560668945 0
endloop
endfacet
facet normal 0 0 -1
outer loop
vertex 1.015427589416504 -26.717233657836914 0
vertex 1.015427589416504 -27.642818450927734 0
vertex 0.9178798198699951 -26.863224029541016 0
endloop
endfacet
facet normal 0 0 -1
outer loop
vertex 1.0496817827224731 -27.815025329589844 0
vertex 1.015427589416504 -26.717233657836914 0
vertex 1.0496817827224731 -26.545024871826172 0
endloop
endfacet
facet normal 0 0 -1
outer loop
vertex 0.1839359998703003 -26.372817993164062 0
vertex 0.1839359998703003 -25.447233200073242 0
vertex 0.2814837396144867 -26.22682762145996 0
endloop
endfacet
facet normal 0 0 -1
outer loop
vertex 0.2814837396144867 -26.22682762145996 0
vertex 0.1839359998703003 -25.447233200073242 0
vertex 0.2814837396144867 -25.593223571777344 0
endloop
endfacet
facet normal 0 0 -1
outer loop
vertex 0.2814837396144867 -26.22682762145996 0
vertex 0.4274742603302002 -25.690771102905273 0
vertex 0.4274742603302002 -26.12928009033203 0
endloop
endfacet
facet normal 0 0 -1
outer loop
vertex 0.4274742603302002 -26.12928009033203 0
vertex 0.4274742603302002 -25.690771102905273 0
vertex 0.5996817946434021 -26.09502601623535 0
endloop
endfacet
facet normal 0 0 -1
outer loop
vertex 0.4274742603302002 -25.690771102905273 0
vertex 0.2814837396144867 -26.22682762145996 0
vertex 0.2814837396144867 -25.593223571777344 0
endloop
endfacet
facet normal 0 0 -1
outer loop
vertex 0.4274742603302002 -25.690771102905273 0
vertex 0.5996817946434021 -25.725025177001953 0
vertex 0.5996817946434021 -26.09502601623535 0
endloop
endfacet
facet normal 0 0 -1
outer loop
vertex 1.0496817827224731 -26.545024871826172 0
vertex 1.015427589416504 -26.372817993164062 0
vertex 1.015427589416504 -25.447233200073242 0
endloop
endfacet
facet normal 0 0 -1
outer loop
vertex 0.5996817946434021 -26.09502601623535 0
vertex 0.771889328956604 -25.690771102905273 0
vertex 0.771889328956604 -26.12928009033203 0
endloop
endfacet
facet normal 0 0 -1
outer loop
vertex 0.9178798198699951 -26.22682762145996 0
vertex 0.9178798198699951 -25.593223571777344 0
vertex 1.015427589416504 -26.372817993164062 0
endloop
endfacet
facet normal 0 0 -1
outer loop
vertex 0.771889328956604 -26.12928009033203 0
vertex 0.771889328956604 -25.690771102905273 0
vertex 0.9178798198699951 -26.22682762145996 0
endloop
endfacet
facet normal 0 0 -1
outer loop
vertex 0.771889328956604 -25.690771102905273 0
vertex 0.5996817946434021 -26.09502601623535 0
vertex 0.5996817946434021 -25.725025177001953 0
endloop
endfacet
facet normal 0 0 -1
outer loop
vertex 0.9178798198699951 -25.593223571777344 0
vertex 0.9178798198699951 -26.22682762145996 0
vertex 0.771889328956604 -25.690771102905273 0
endloop
endfacet
facet normal 0 0 -1
outer loop
vertex 1.015427589416504 -25.447233200073242 0
vertex 1.015427589416504 -26.372817993164062 0
vertex 0.9178798198699951 -25.593223571777344 0
endloop
endfacet
facet normal 0 0 -1
outer loop
vertex 1.0496817827224731 -26.545024871826172 0
vertex 1.015427589416504 -25.447233200073242 0
vertex 1.0496817827224731 -25.275026321411133 0
endloop
endfacet
facet normal 0 0 -1
outer loop
vertex 2.4499738216400146 -18.885025024414062 0
vertex 0.8574163913726807 -46.72340774536133 0
vertex 2.4499738216400146 -13.985025405883789 0
endloop
endfacet
facet normal -0.9999986776333235 0.0016262630796639319 0
outer loop
vertex -80.92333221435547 4.4271063804626465 0.20000000298023224
vertex -80.93177795410156 -0.7662283778190613 0.20000000298023224
vertex -80.92333221435547 4.4271063804626465 4.5
endloop
endfacet
facet normal -0.9999986671300204 0.001632690394473922 -0.00000776262468289297
outer loop
vertex -80.93177795410156 -0.7662283778190613 0.20000000298023224
vertex -80.9325942993164 -1.2662277221679688 0.20000000298023224
vertex -80.92333221435547 4.4271063804626465 4.5
endloop
endfacet
facet normal 0 0 -1
outer loop
vertex -40.45002746582031 19.114974975585938 0
vertex -45.00002670288086 19.814973831176758 0
vertex -40.25002670288086 23.314973831176758 0
endloop
endfacet
facet normal 0 0 -1
outer loop
vertex -45.00002670288086 19.814973831176758 0
vertex -45.25002670288086 23.314973831176758 0
vertex -40.25002670288086 23.314973831176758 0
endloop
endfacet
facet normal 0 0 -1
outer loop
vertex -45.00002670288086 19.114974975585938 0
vertex -45.00002670288086 19.814973831176758 0
vertex -40.45002746582031 19.114974975585938 0
endloop
endfacet
facet normal 0 0 -1
outer loop
vertex -45.25002670288086 23.314973831176758 0
vertex -50.00002670288086 19.814973831176758 0
vertex -49.800025939941406 24.01497459411621 0
endloop
endfacet
facet normal 0 0 -1
outer loop
vertex -45.00002670288086 19.814973831176758 0
vertex -50.00002670288086 19.814973831176758 0
vertex -45.25002670288086 23.314973831176758 0
endloop
endfacet
facet normal 0 0 -1
outer loop
vertex -50.00002670288086 19.814973831176758 0
vertex -54.70002746582031 24.01497459411621 0
vertex -49.800025939941406 24.01497459411621 0
endloop
endfacet
facet normal 0 0 -1
outer loop
vertex -50.00002670288086 19.814973831176758 0
vertex -54.550025939941406 19.114974975585938 0
vertex -54.70002746582031 24.01497459411621 0
endloop
endfacet
facet normal 0 0 -1
outer loop
vertex -59.25002670288086 24.01497459411621 0
vertex -54.70002746582031 24.01497459411621 0
vertex -54.550025939941406 19.114974975585938 0
endloop
endfacet
facet normal 0 0 -1
outer loop
vertex -54.550025939941406 19.114974975585938 0
vertex -50.00002670288086 19.814973831176758 0
vertex -50.00002670288086 19.114974975585938 0
endloop
endfacet
facet normal 0 0 -1
outer loop
vertex -59.45002746582031 19.114974975585938 0
vertex -64.0000228881836 19.814973831176758 0
vertex -59.25002670288086 23.314973831176758 0
endloop
endfacet
facet normal 0 0 -1
outer loop
vertex -59.25002670288086 23.314973831176758 0
vertex -59.25002670288086 24.01497459411621 0
vertex -54.550025939941406 5.014974594116211 0
endloop
endfacet
facet normal 0 0 -1
outer loop
vertex -54.550025939941406 5.014974594116211 0
vertex -59.25002670288086 24.01497459411621 0
vertex -54.550025939941406 19.114974975585938 0
endloop
endfacet
facet normal 0 0 -1
outer loop
vertex -54.550025939941406 5.014974594116211 0
vertex -59.45002746582031 19.114974975585938 0
vertex -59.25002670288086 23.314973831176758 0
endloop
endfacet
facet normal 0 0 -1
outer loop
vertex -40.45002746582031 0.11497443169355392 0
vertex -45.00002670288086 4.314974308013916 0
vertex -40.45002746582031 5.014974594116211 0
endloop
endfacet
facet normal 0 0 -1
outer loop
vertex -45.00002670288086 4.314974308013916 0
vertex -45.00002670288086 5.014974594116211 0
vertex -40.45002746582031 5.014974594116211 0
endloop
endfacet
facet normal 0 0 -1
outer loop
vertex -40.45002746582031 0.11497443169355392 0
vertex -45.00002670288086 0.8149744272232056 0
vertex -45.00002670288086 4.314974308013916 0
endloop
endfacet
facet normal 0 0 -1
outer loop
vertex -45.00002670288086 0.11497443169355392 0
vertex -45.00002670288086 0.8149744272232056 0
vertex -40.45002746582031 0.11497443169355392 0
endloop
endfacet
facet normal 0 0 -1
outer loop
vertex -50.00002670288086 0.8149744272232056 0
vertex -45.00002670288086 4.314974308013916 0
vertex -45.00002670288086 0.8149744272232056 0
endloop
endfacet
facet normal 0 0 -1
outer loop
vertex -45.00002670288086 4.314974308013916 0
vertex -50.00002670288086 0.8149744272232056 0
vertex -50.00002670288086 4.314974308013916 0
endloop
endfacet
facet normal 0 0 -1
outer loop
vertex -54.550025939941406 5.014974594116211 0
vertex -54.550025939941406 0.11497443169355392 0
vertex -59.45002746582031 19.114974975585938 0
endloop
endfacet
facet normal 0 0 -1
outer loop
vertex -54.550025939941406 0.11497443169355392 0
vertex -59.45002746582031 5.014974594116211 0
vertex -59.45002746582031 19.114974975585938 0
endloop
endfacet
facet normal 0 0 -1
outer loop
vertex -50.00002670288086 4.314974308013916 0
vertex -54.550025939941406 0.11497443169355392 0
vertex -50.00002670288086 5.014974594116211 0
endloop
endfacet
facet normal 0 0 -1
outer loop
vertex -54.550025939941406 0.11497443169355392 0
vertex -54.550025939941406 5.014974594116211 0
vertex -50.00002670288086 5.014974594116211 0
endloop
endfacet
facet normal 0 0 -1
outer loop
vertex -50.00002670288086 0.8149744272232056 0
vertex -54.550025939941406 0.11497443169355392 0
vertex -50.00002670288086 4.314974308013916 0
endloop
endfacet
facet normal 0 0 -1
outer loop
vertex -54.550025939941406 0.11497443169355392 0
vertex -50.00002670288086 0.8149744272232056 0
vertex -50.00002670288086 0.11497443169355392 0
endloop
endfacet
facet normal 0 0 -1
outer loop
vertex -59.45002746582031 0.11497443169355392 0
vertex -64.0000228881836 4.314974308013916 0
vertex -59.45002746582031 5.014974594116211 0
endloop
endfacet
facet normal 0 0 -1
outer loop
vertex -54.550025939941406 0.11497443169355392 0
vertex -59.45002746582031 0.11497443169355392 0
vertex -59.45002746582031 5.014974594116211 0
endloop
endfacet
facet normal 0 0 -1
outer loop
vertex -64.0000228881836 19.814973831176758 0
vertex -64.2500228881836 23.314973831176758 0
vertex -59.25002670288086 23.314973831176758 0
endloop
endfacet
facet normal 0 0 -1
outer loop
vertex -64.0000228881836 19.814973831176758 0
vertex -69.0000228881836 19.814973831176758 0
vertex -64.2500228881836 23.314973831176758 0
endloop
endfacet
facet normal 0 0 -1
outer loop
vertex -64.0000228881836 19.114974975585938 0
vertex -64.0000228881836 19.814973831176758 0
vertex -59.45002746582031 19.114974975585938 0
endloop
endfacet
facet normal 0 0 -1
outer loop
vertex -69.0000228881836 19.814973831176758 0
vertex -68.8000259399414 24.01497459411621 0
vertex -64.2500228881836 23.314973831176758 0
endloop
endfacet
facet normal 0 0 -1
outer loop
vertex -73.5500259399414 19.114974975585938 0
vertex -69.0000228881836 19.814973831176758 0
vertex -69.0000228881836 19.114974975585938 0
endloop
endfacet
facet normal 0 0 -1
outer loop
vertex -69.0000228881836 19.814973831176758 0
vertex -73.5500259399414 19.114974975585938 0
vertex -77.22744750976562 26.79203224182129 0
endloop
endfacet
facet normal -0.0034713687298951706 -0.9999939747814189 0
outer loop
vertex 80.93767547607422 23.58641815185547 4.5
vertex 81.6376724243164 23.583988189697266 0.20000000298023224
vertex 81.6376724243164 23.583988189697266 4.5
endloop
endfacet
facet normal 0 0 -1
outer loop
vertex -73.5500259399414 19.114974975585938 0
vertex -80.49858856201172 24.166988372802734 0
vertex -78.3036117553711 26.15848731994629 0
endloop
endfacet
facet normal 0 0 -1
outer loop
vertex -73.5500259399414 19.114974975585938 0
vertex -79.59242248535156 23.42496681213379 0
vertex -80.49858856201172 24.166988372802734 0
endloop
endfacet
facet normal 0.9999940011973254 -0.0034637507651851724 0
outer loop
vertex 80.93594360351562 23.086421966552734 4.5
vertex 80.93767547607422 23.58641815185547 0.20000000298023224
vertex 80.93767547607422 23.58641815185547 4.5
endloop
endfacet
facet normal 0.002651466841919687 0.999996484855615 0
outer loop
vertex 77.71602630615234 45.45711135864258 5
vertex 36.097110748291016 45.56746292114258 0
vertex 36.097110748291016 45.56746292114258 5
endloop
endfacet
facet normal 0 0 -1
outer loop
vertex -79.67113494873047 -24.961652755737305 0
vertex -79.66268920898438 -19.76831817626953 0
vertex -73.5500259399414 -32.98502731323242 0
endloop
endfacet
facet normal 0 0 -1
outer loop
vertex -73.5500259399414 5.014974594116211 0
vertex -79.59242248535156 23.42496681213379 0
vertex -73.5500259399414 19.114974975585938 0
endloop
endfacet
facet normal 0 0 -1
outer loop
vertex -79.70204162597656 -43.96162796020508 0
vertex -69.0000228881836 -33.68502426147461 0
vertex -64.0000228881836 -33.68502426147461 0
endloop
endfacet
facet normal 0 0 -1
outer loop
vertex -69.0000228881836 -33.68502426147461 0
vertex -73.5500259399414 -32.98502731323242 0
vertex -69.0000228881836 -32.98502731323242 0
endloop
endfacet
facet normal 0 0 -1
outer loop
vertex -64.0000228881836 4.314974308013916 0
vertex -64.0000228881836 5.014974594116211 0
vertex -59.45002746582031 5.014974594116211 0
endloop
endfacet
facet normal 0 0 -1
outer loop
vertex -64.0000228881836 0.8149744272232056 0
vertex -69.0000228881836 4.314974308013916 0
vertex -64.0000228881836 4.314974308013916 0
endloop
endfacet
facet normal 0 0 -1
outer loop
vertex -59.45002746582031 0.11497443169355392 0
vertex -64.0000228881836 0.8149744272232056 0
vertex -64.0000228881836 4.314974308013916 0
endloop
endfacet
facet normal 0 0 -1
outer loop
vertex -64.0000228881836 0.11497443169355392 0
vertex -64.0000228881836 0.8149744272232056 0
vertex -59.45002746582031 0.11497443169355392 0
endloop
endfacet
facet normal 0 0 -1
outer loop
vertex -69.0000228881836 0.8149744272232056 0
vertex -69.0000228881836 4.314974308013916 0
vertex -64.0000228881836 0.8149744272232056 0
endloop
endfacet
facet normal 0 0 -1
outer loop
vertex -69.0000228881836 4.314974308013916 0
vertex -73.5500259399414 5.014974594116211 0
vertex -69.0000228881836 5.014974594116211 0
endloop
endfacet
facet normal 0 0 -1
outer loop
vertex -69.0000228881836 0.8149744272232056 0
vertex -73.5500259399414 5.014974594116211 0
vertex -69.0000228881836 4.314974308013916 0
endloop
endfacet
facet normal 0 0 -1
outer loop
vertex -73.5500259399414 0.11497443169355392 0
vertex -69.0000228881836 0.8149744272232056 0
vertex -69.0000228881836 0.11497443169355392 0
endloop
endfacet
facet normal 0 0 -1
outer loop
vertex -73.5500259399414 5.014974594116211 0
vertex -79.62332916259766 4.424992084503174 0
vertex -79.59242248535156 23.42496681213379 0
endloop
endfacet
facet normal 0 0 -1
outer loop
vertex -64.0000228881836 -33.68502426147461 0
vertex -64.0000228881836 -32.98502731323242 0
vertex -59.45002746582031 -32.98502731323242 0
endloop
endfacet
facet normal 0 0 1
outer loop
vertex 79.63594818115234 23.09093475341797 5
vertex 80.89170837402344 10.34753131866455 5
vertex 80.93594360351562 23.086421966552734 5
endloop
endfacet
facet normal 0.9999939710813046 -0.003472434454794426 0
outer loop
vertex 80.93594360351562 23.086421966552734 4.5
vertex 80.93594360351562 23.086421966552734 5
vertex 80.89170837402344 10.34753131866455 5
endloop
endfacet
facet normal 0 0 -1
outer loop
vertex -73.5500259399414 0.11497443169355392 0
vertex -73.5500259399414 5.014974594116211 0
vertex -69.0000228881836 0.8149744272232056 0
endloop
endfacet
facet normal 0 0 -1
outer loop
vertex -73.5500259399414 0.11497443169355392 0
vertex -79.62332916259766 4.424992084503174 0
vertex -73.5500259399414 5.014974594116211 0
endloop
endfacet
facet normal 0 0 1
outer loop
vertex 79.63594818115234 23.09093475341797 5
vertex 80.49771118164062 9.462215423583984 5
vertex 80.89170837402344 10.34753131866455 5
endloop
endfacet
facet normal 0 0 1
outer loop
vertex 79.63594818115234 23.09093475341797 5
vertex 78.19573974609375 7.373640060424805 5
vertex 80.49771118164062 9.462215423583984 5
endloop
endfacet
facet normal 0 0 1
outer loop
vertex 79.63594818115234 23.09093475341797 5
vertex 77.39617919921875 7.064974308013916 5
vertex 78.19573974609375 7.373640060424805 5
endloop
endfacet
facet normal -0.9999986776333235 0.0016262630796639319 0
outer loop
vertex -80.92333221435547 4.4271063804626465 0
vertex -80.93177795410156 -0.7662283778190613 0
vertex -80.92333221435547 4.4271063804626465 0.20000000298023224
endloop
endfacet
facet normal 0 0 -1
outer loop
vertex -79.62332916259766 4.424992084503174 0
vertex -80.93177795410156 -0.7662283778190613 0
vertex -80.92333221435547 4.4271063804626465 0
endloop
endfacet
facet normal 0 0 1
outer loop
vertex 73.54997253417969 19.26497459411621 5
vertex 63.13059616088867 7.064974308013916 5
vertex 79.63594818115234 23.09093475341797 5
endloop
endfacet
facet normal 0 0 -1
outer loop
vertex -73.5500259399414 0.11497443169355392 0
vertex -79.63178253173828 -0.7683430314064026 0
vertex -79.62332916259766 4.424992084503174 0
endloop
endfacet
facet normal -0.9999986776333235 0.0016262630796639319 0
outer loop
vertex -80.93177795410156 -0.7662283778190613 0
vertex -80.93177795410156 -0.7662283778190613 0.20000000298023224
vertex -80.92333221435547 4.4271063804626465 0.20000000298023224
endloop
endfacet
facet normal 0 0 -1
outer loop
vertex -79.63178253173828 -0.7683430314064026 0
vertex -80.93177795410156 -0.7662283778190613 0
vertex -79.62332916259766 4.424992084503174 0
endloop
endfacet
facet normal 0 0 1
outer loop
vertex 63.13059616088867 7.064974308013916 5
vertex 77.39617919921875 7.064974308013916 5
vertex 79.63594818115234 23.09093475341797 5
endloop
endfacet
facet normal 0 0 1
outer loop
vertex 73.54997253417969 19.26497459411621 5
vertex 59.449974060058594 19.26497459411621 5
vertex 63.13059616088867 7.064974308013916 5
endloop
endfacet
facet normal 0 0 1
outer loop
vertex -2.450026273727417 -18.885025024414062 5
vertex -2.450026273727417 -32.98502731323242 5
vertex -2.194323778152466 30.414974212646484 5
endloop
endfacet
facet normal 0 0 1
outer loop
vertex -21.45002555847168 0.11497443169355392 5
vertex -16.550025939941406 -13.985025405883789 5
vertex -16.550025939941406 0.11497443169355392 5
endloop
endfacet
facet normal 0 0 1
outer loop
vertex -21.45002555847168 0.11497443169355392 5
vertex -21.45002555847168 -13.985025405883789 5
vertex -16.550025939941406 -13.985025405883789 5
endloop
endfacet
facet normal 0 0 1
outer loop
vertex -2.450026273727417 -32.98502731323242 5
vertex 0.8574163913726807 -46.72340774536133 5
vertex -2.194323778152466 30.414974212646484 5
endloop
endfacet
facet normal 0 0 1
outer loop
vertex -2.450026273727417 -13.985025405883789 5
vertex -16.550025939941406 -13.985025405883789 5
vertex -2.450026273727417 -18.885025024414062 5
endloop
endfacet
facet normal 0 0 1
outer loop
vertex -16.550025939941406 -13.985025405883789 5
vertex -16.550025939941406 -18.885025024414062 5
vertex -2.450026273727417 -18.885025024414062 5
endloop
endfacet
facet normal 0 0 1
outer loop
vertex -21.45002555847168 -13.985025405883789 5
vertex -21.45002555847168 -18.885025024414062 5
vertex -16.550025939941406 -13.985025405883789 5
endloop
endfacet
facet normal 0 0 -1
outer loop
vertex 16.54997444152832 -32.98502731323242 0
vertex 11.999974250793457 -33.68502426147461 0
vertex 11.999974250793457 -32.98502731323242 0
endloop
endfacet
facet normal 0 0 -1
outer loop
vertex 4.361598968505859 -50.18502426147461 0
vertex 16.54997444152832 -32.98502731323242 0
vertex 35.54997253417969 -13.985025405883789 0
endloop
endfacet
facet normal 0 0 1
outer loop
vertex -21.45002555847168 -18.885025024414062 5
vertex -16.550025939941406 -18.885025024414062 5
vertex -16.550025939941406 -13.985025405883789 5
endloop
endfacet
facet normal 0 0 1
outer loop
vertex -21.45002555847168 -18.885025024414062 5
vertex -21.45002555847168 -32.98502731323242 5
vertex -16.550025939941406 -18.885025024414062 5
endloop
endfacet
facet normal 0 0 1
outer loop
vertex -40.45002746582031 0.11497443169355392 5
vertex -40.45002746582031 -13.985025405883789 5
vertex -35.550025939941406 0.11497443169355392 5
endloop
endfacet
facet normal 0 0 1
outer loop
vertex -35.550025939941406 -13.985025405883789 5
vertex -35.550025939941406 0.11497443169355392 5
vertex -40.45002746582031 -13.985025405883789 5
endloop
endfacet
facet normal 0 0 1
outer loop
vertex -35.550025939941406 -13.985025405883789 5
vertex -21.45002555847168 -18.885025024414062 5
vertex -21.45002555847168 -13.985025405883789 5
endloop
endfacet
facet normal 0 0 1
outer loop
vertex -40.45002746582031 -13.985025405883789 5
vertex -21.45002555847168 -18.885025024414062 5
vertex -35.550025939941406 -13.985025405883789 5
endloop
endfacet
facet normal 0 0 1
outer loop
vertex -40.45002746582031 -13.985025405883789 5
vertex -35.550025939941406 -18.885025024414062 5
vertex -21.45002555847168 -18.885025024414062 5
endloop
endfacet
facet normal 0 0 1
outer loop
vertex -40.45002746582031 -13.985025405883789 5
vertex -40.45002746582031 -18.885025024414062 5
vertex -35.550025939941406 -18.885025024414062 5
endloop
endfacet
facet normal 0 0 1
outer loop
vertex -40.45002746582031 -18.885025024414062 5
vertex -40.45002746582031 -32.98502731323242 5
vertex -35.550025939941406 -18.885025024414062 5
endloop
endfacet
facet normal 0 0 1
outer loop
vertex -16.550025939941406 -32.98502731323242 5
vertex -0.8149446845054626 -45.597984313964844 5
vertex -2.450026273727417 -32.98502731323242 5
endloop
endfacet
facet normal 0 0 1
outer loop
vertex -16.550025939941406 -32.98502731323242 5
vertex -16.550025939941406 -18.885025024414062 5
vertex -21.45002555847168 -32.98502731323242 5
endloop
endfacet
facet normal 0 0 1
outer loop
vertex -21.45002555847168 -32.98502731323242 5
vertex -1.0122462511062622 -45.53706741333008 5
vertex -16.550025939941406 -32.98502731323242 5
endloop
endfacet
facet normal 0 0 1
outer loop
vertex -21.45002555847168 -32.98502731323242 5
vertex -16.67567253112793 -39.80712127685547 5
vertex -16.45993995666504 -39.872562408447266 5
endloop
endfacet
facet normal 0 0 1
outer loop
vertex -21.45002555847168 -32.98502731323242 5
vertex -16.900026321411133 -39.78502655029297 5
vertex -16.67567253112793 -39.80712127685547 5
endloop
endfacet
facet normal 0 0 1
outer loop
vertex -17.124380111694336 -39.80712127685547 5
vertex -16.900026321411133 -39.78502655029297 5
vertex -21.45002555847168 -32.98502731323242 5
endloop
endfacet
facet normal 0 0 1
outer loop
vertex -16.261119842529297 -39.97883605957031 5
vertex -16.08685302734375 -40.12185287475586 5
vertex -21.45002555847168 -32.98502731323242 5
endloop
endfacet
facet normal 0 0 1
outer loop
vertex -16.261119842529297 -39.97883605957031 5
vertex -21.45002555847168 -32.98502731323242 5
vertex -16.45993995666504 -39.872562408447266 5
endloop
endfacet
facet normal 0 0 1
outer loop
vertex -17.340112686157227 -39.872562408447266 5
vertex -17.124380111694336 -39.80712127685547 5
vertex -21.45002555847168 -32.98502731323242 5
endloop
endfacet
facet normal 0 0 1
outer loop
vertex -21.45002555847168 -32.98502731323242 5
vertex -17.53893280029297 -39.97883605957031 5
vertex -17.340112686157227 -39.872562408447266 5
endloop
endfacet
facet normal 0 0 1
outer loop
vertex -2.450026273727417 -32.98502731323242 5
vertex -0.8149446845054626 -45.597984313964844 5
vertex 0.8574163913726807 -46.72340774536133 5
endloop
endfacet
facet normal 0 0 1
outer loop
vertex -16.550025939941406 -32.98502731323242 5
vertex -1.0122462511062622 -45.53706741333008 5
vertex -0.8149446845054626 -45.597984313964844 5
endloop
endfacet
facet normal 0 0 1
outer loop
vertex -16.08685302734375 -40.12185287475586 5
vertex -1.0122462511062622 -45.53706741333008 5
vertex -21.45002555847168 -32.98502731323242 5
endloop
endfacet
facet normal 0 0 1
outer loop
vertex -15.772123336791992 -40.710670471191406 5
vertex -15.750025749206543 -40.93502426147461 5
vertex -1.0122462511062622 -45.53706741333008 5
endloop
endfacet
facet normal 0 0 1
outer loop
vertex -15.943836212158203 -40.296119689941406 5
vertex -15.837564468383789 -40.494937896728516 5
vertex -1.0122462511062622 -45.53706741333008 5
endloop
endfacet
facet normal 0 0 1
outer loop
vertex -15.943836212158203 -40.296119689941406 5
vertex -1.0122462511062622 -45.53706741333008 5
vertex -16.08685302734375 -40.12185287475586 5
endloop
endfacet
facet normal 0 0 1
outer loop
vertex -15.837564468383789 -40.494937896728516 5
vertex -15.772123336791992 -40.710670471191406 5
vertex -1.0122462511062622 -45.53706741333008 5
endloop
endfacet
facet normal 0 0 1
outer loop
vertex -15.750025749206543 -40.93502426147461 5
vertex -15.772123336791992 -41.15937805175781 5
vertex -1.0122462511062622 -45.53706741333008 5
endloop
endfacet
facet normal 0 0 1
outer loop
vertex -15.772123336791992 -41.15937805175781 5
vertex -15.837564468383789 -41.3751106262207 5
vertex -1.0122462511062622 -45.53706741333008 5
endloop
endfacet
facet normal 0 0 1
outer loop
vertex -15.837564468383789 -41.3751106262207 5
vertex -15.943836212158203 -41.57393264770508 5
vertex -1.0122462511062622 -45.53706741333008 5
endloop
endfacet
facet normal 0 0 1
outer loop
vertex -15.943836212158203 -41.57393264770508 5
vertex -16.08685302734375 -41.748199462890625 5
vertex -1.0122462511062622 -45.53706741333008 5
endloop
endfacet
facet normal 0 0 1
outer loop
vertex -16.08685302734375 -41.748199462890625 5
vertex -16.261119842529297 -41.89121627807617 5
vertex -1.0122462511062622 -45.53706741333008 5
endloop
endfacet
facet normal 0 0 1
outer loop
vertex -16.261119842529297 -41.89121627807617 5
vertex -16.45993995666504 -41.99748611450195 5
vertex -1.0122462511062622 -45.53706741333008 5
endloop
endfacet
facet normal 0 0 1
outer loop
vertex -16.45993995666504 -41.99748611450195 5
vertex -16.67567253112793 -42.06292724609375 5
vertex -1.0122462511062622 -45.53706741333008 5
endloop
endfacet
facet normal 0 0 1
outer loop
vertex -16.67567253112793 -42.06292724609375 5
vertex -16.900026321411133 -42.085025787353516 5
vertex -1.0122462511062622 -45.53706741333008 5
endloop
endfacet
facet normal 0 0 1
outer loop
vertex -16.900026321411133 -42.085025787353516 5
vertex -17.124380111694336 -42.06292724609375 5
vertex -1.0122462511062622 -45.53706741333008 5
endloop
endfacet
facet normal 0 0 1
outer loop
vertex -21.45002555847168 -32.98502731323242 5
vertex -35.550025939941406 -32.98502731323242 5
vertex -17.53893280029297 -39.97883605957031 5
endloop
endfacet
facet normal 0 0 1
outer loop
vertex -40.45002746582031 -32.98502731323242 5
vertex -17.713199615478516 -40.12185287475586 5
vertex -17.53893280029297 -39.97883605957031 5
endloop
endfacet
facet normal 0 0 1
outer loop
vertex -40.45002746582031 -32.98502731323242 5
vertex -17.856216430664062 -40.296119689941406 5
vertex -17.713199615478516 -40.12185287475586 5
endloop
endfacet
facet normal 0 0 1
outer loop
vertex -40.45002746582031 -32.98502731323242 5
vertex -17.962488174438477 -40.494937896728516 5
vertex -17.856216430664062 -40.296119689941406 5
endloop
endfacet
facet normal 0 0 1
outer loop
vertex -35.550025939941406 -32.98502731323242 5
vertex -35.550025939941406 -18.885025024414062 5
vertex -40.45002746582031 -32.98502731323242 5
endloop
endfacet
facet normal 0 0 1
outer loop
vertex -40.45002746582031 -32.98502731323242 5
vertex -17.53893280029297 -39.97883605957031 5
vertex -35.550025939941406 -32.98502731323242 5
endloop
endfacet
facet normal 0 0 1
outer loop
vertex -40.45002746582031 -32.98502731323242 5
vertex -54.550025939941406 -32.98502731323242 5
vertex -18.027929306030273 -41.15937805175781 5
endloop
endfacet
facet normal 0 0 1
outer loop
vertex -40.45002746582031 -32.98502731323242 5
vertex -18.027929306030273 -40.710670471191406 5
vertex -17.962488174438477 -40.494937896728516 5
endloop
endfacet
facet normal 0 0 1
outer loop
vertex -40.45002746582031 -32.98502731323242 5
vertex -18.050025939941406 -40.93502426147461 5
vertex -18.027929306030273 -40.710670471191406 5
endloop
endfacet
facet normal 0 0 1
outer loop
vertex -40.45002746582031 -32.98502731323242 5
vertex -18.027929306030273 -41.15937805175781 5
vertex -18.050025939941406 -40.93502426147461 5
endloop
endfacet
facet normal 0 0 1
outer loop
vertex -54.550025939941406 -32.98502731323242 5
vertex -17.962488174438477 -41.3751106262207 5
vertex -18.027929306030273 -41.15937805175781 5
endloop
endfacet
facet normal 0 0 1
outer loop
vertex -17.856216430664062 -41.57393264770508 5
vertex -17.962488174438477 -41.3751106262207 5
vertex -54.550025939941406 -32.98502731323242 5
endloop
endfacet
facet normal 0 0 1
outer loop
vertex -17.53893280029297 -41.89121627807617 5
vertex -17.713199615478516 -41.748199462890625 5
vertex -54.550025939941406 -32.98502731323242 5
endloop
endfacet
facet normal 0 0 1
outer loop
vertex -17.340112686157227 -41.99748611450195 5
vertex -17.53893280029297 -41.89121627807617 5
vertex -54.550025939941406 -32.98502731323242 5
endloop
endfacet
facet normal 0 0 1
outer loop
vertex -17.713199615478516 -41.748199462890625 5
vertex -17.856216430664062 -41.57393264770508 5
vertex -54.550025939941406 -32.98502731323242 5
endloop
endfacet
facet normal 0 0 1
outer loop
vertex -17.124380111694336 -42.06292724609375 5
vertex -79.70204162597656 -43.96162796020508 5
vertex -1.0122462511062622 -45.53706741333008 5
endloop
endfacet
facet normal 0 0 1
outer loop
vertex -17.340112686157227 -41.99748611450195 5
vertex -79.70204162597656 -43.96162796020508 5
vertex -17.124380111694336 -42.06292724609375 5
endloop
endfacet
facet normal -0.29500911138217084 -0.9554944396497039 0
outer loop
vertex -1.0122462511062622 -45.53706741333008 5
vertex -0.8149446845054626 -45.597984313964844 0
vertex -0.8149446845054626 -45.597984313964844 5
endloop
endfacet
facet normal 0 0 1
outer loop
vertex 62.873313903808594 6.9584059715271 5
vertex 63.13059616088867 7.064974308013916 5
vertex 59.449974060058594 19.26497459411621 5
endloop
endfacet
facet normal 0 0 1
outer loop
vertex 54.54997253417969 19.26497459411621 5
vertex 35.54997253417969 0.11497443169355392 5
vertex 59.449974060058594 19.26497459411621 5
endloop
endfacet
facet normal 0 0 1
outer loop
vertex 40.449974060058594 19.26497459411621 5
vertex 35.54997253417969 5.014974594116211 5
vertex 54.54997253417969 19.26497459411621 5
endloop
endfacet
facet normal 0 0 1
outer loop
vertex 59.449974060058594 19.26497459411621 5
vertex 59.512474060058594 4.607614994049072 5
vertex 62.873313903808594 6.9584059715271 5
endloop
endfacet
facet normal 0 0 1
outer loop
vertex 60.91904067993164 5.004133224487305 5
vertex 62.873313903808594 6.9584059715271 5
vertex 59.512474060058594 4.607614994049072 5
endloop
endfacet
facet normal 0 0 1
outer loop
vertex 60.81247329711914 4.746853828430176 5
vertex 60.91904067993164 5.004133224487305 5
vertex 59.512474060058594 4.607614994049072 5
endloop
endfacet
facet normal 0 0 1
outer loop
vertex 59.512474060058594 4.607614994049072 5
vertex 60.81247329711914 4.607614994049072 5
vertex 60.81247329711914 4.746853828430176 5
endloop
endfacet
facet normal 1 0 0
outer loop
vertex 60.81247329711914 4.607614994049072 5
vertex 60.81247329711914 4.607614994049072 4.5
vertex 60.81247329711914 4.746853828430176 5
endloop
endfacet
facet normal 0 0 1
outer loop
vertex 59.449974060058594 19.26497459411621 5
vertex 35.54997253417969 -13.985025405883789 5
vertex 59.512474060058594 4.607614994049072 5
endloop
endfacet
facet normal 0 0 1
outer loop
vertex 35.54997253417969 5.014974594116211 5
vertex 35.54997253417969 0.11497443169355392 5
vertex 54.54997253417969 19.26497459411621 5
endloop
endfacet
facet normal 0 0 1
outer loop
vertex 35.54997253417969 0.11497443169355392 5
vertex 35.54997253417969 -13.985025405883789 5
vertex 59.449974060058594 19.26497459411621 5
endloop
endfacet
facet normal 0.9999939710813047 -0.0034724344547944264 0
outer loop
vertex 80.89170837402344 10.34753131866455 5
vertex 80.93594360351562 23.086421966552734 0.20000000298023224
vertex 80.93594360351562 23.086421966552734 4.5
endloop
endfacet
facet normal 0 0 -1
outer loop
vertex -79.70204162597656 -43.96162796020508 0
vertex -1.0122462511062622 -45.53706741333008 0
vertex -79.66451263427734 -45.01866912841797 0
endloop
endfacet
facet normal 0 0 -1
outer loop
vertex -1.0122462511062622 -45.53706741333008 0
vertex -79.70204162597656 -43.96162796020508 0
vertex -64.0000228881836 -33.68502426147461 0
endloop
endfacet
facet normal 0.9136109539258878 -0.4065895041274792 0
outer loop
vertex 80.49771118164062 9.462215423583984 5
vertex 80.89170837402344 10.34753131866455 0
vertex 80.89170837402344 10.34753131866455 5
endloop
endfacet
facet normal 0.6719456941066979 -0.7406004213956863 0
outer loop
vertex 78.19573974609375 7.373640060424805 5
vertex 80.49771118164062 9.462215423583984 0
vertex 80.49771118164062 9.462215423583984 5
endloop
endfacet
facet normal 0.36014001174260085 -0.9328982645187197 0
outer loop
vertex 77.39617919921875 7.064974308013916 5
vertex 78.19573974609375 7.373640060424805 0
vertex 78.19573974609375 7.373640060424805 5
endloop
endfacet
facet normal 0 -1 0
outer loop
vertex 63.13059616088867 7.064974308013916 5
vertex 77.39617919921875 7.064974308013916 0
vertex 77.39617919921875 7.064974308013916 5
endloop
endfacet
facet normal 0.3826789458873132 -0.9238813908584667 0
outer loop
vertex 62.873313903808594 6.9584059715271 5
vertex 63.13059616088867 7.064974308013916 0
vertex 63.13059616088867 7.064974308013916 5
endloop
endfacet
facet normal 0.7071066949205009 -0.7071068674525836 0
outer loop
vertex 62.873313903808594 6.9584059715271 5
vertex 60.91904067993164 5.004133224487305 5
vertex 62.873313903808594 6.9584059715271 0
endloop
endfacet
facet normal 0 0 -1
outer loop
vertex -54.550025939941406 -32.98502731323242 0
vertex -50.00002670288086 -32.98502731323242 0
vertex -50.00002670288086 -33.68502426147461 0
endloop
endfacet
facet normal 0 0 -1
outer loop
vertex -59.45002746582031 -32.98502731323242 0
vertex -59.45002746582031 -18.885025024414062 0
vertex -54.550025939941406 -32.98502731323242 0
endloop
endfacet
facet normal 0 0 -1
outer loop
vertex -59.45002746582031 -32.98502731323242 0
vertex -17.340112686157227 -41.99748611450195 0
vertex -64.0000228881836 -33.68502426147461 0
endloop
endfacet
facet normal 0.9238810970965938 -0.3826796551001819 0
outer loop
vertex 60.81247329711914 4.746853828430176 5
vertex 60.91904067993164 5.004133224487305 0
vertex 60.91904067993164 5.004133224487305 5
endloop
endfacet
facet normal 1 0 0
outer loop
vertex 60.81247329711914 4.607614994049072 4.5
vertex 60.81247329711914 4.746853828430176 0
vertex 60.81247329711914 4.746853828430176 5
endloop
endfacet
facet normal 0 1 0
outer loop
vertex 61.512474060058594 4.107614994049072 4.5
vertex 60.81247329711914 4.107614994049072 0.20000000298023224
vertex 60.81247329711914 4.107614994049072 4.5
endloop
endfacet
facet normal 1 0 0
outer loop
vertex 60.81247329711914 4.107614994049072 4.5
vertex 60.81247329711914 4.746853828430176 0
vertex 60.81247329711914 4.607614994049072 4.5
endloop
endfacet
facet normal 0 0 1
outer loop
vertex 35.87488555908203 45.64501953125 5
vertex 35.34846496582031 46.06114959716797 5
vertex 35.57997512817383 43.414974212646484 5
endloop
endfacet
facet normal 0 0 1
outer loop
vertex 35.57997512817383 43.414974212646484 5
vertex 35.27613067626953 39.942012786865234 5
vertex 35.87488555908203 45.64501953125 5
endloop
endfacet
facet normal 0 0 1
outer loop
vertex 36.097110748291016 45.56746292114258 5
vertex 35.87488555908203 45.64501953125 5
vertex 35.54997253417969 19.114974975585938 5
endloop
endfacet
facet normal 0 0 1
outer loop
vertex 40.449974060058594 33.36497497558594 5
vertex 36.097110748291016 45.56746292114258 5
vertex 35.54997253417969 19.114974975585938 5
endloop
endfacet
facet normal 0 0 1
outer loop
vertex 35.27613067626953 39.942012786865234 5
vertex 35.54997253417969 19.114974975585938 5
vertex 35.87488555908203 45.64501953125 5
endloop
endfacet
facet normal -0.006590872064114949 -0.9999782799668373 0
outer loop
vertex -79.66451263427734 -45.01866912841797 5
vertex -1.0122462511062622 -45.53706741333008 0
vertex -1.0122462511062622 -45.53706741333008 5
endloop
endfacet
facet normal 0 0 1
outer loop
vertex -59.45002746582031 0.11497443169355392 5
vertex -59.45002746582031 -13.985025405883789 5
vertex -54.550025939941406 0.11497443169355392 5
endloop
endfacet
facet normal 0 0 1
outer loop
vertex -54.550025939941406 -13.985025405883789 5
vertex -54.550025939941406 0.11497443169355392 5
vertex -59.45002746582031 -13.985025405883789 5
endloop
endfacet
facet normal 0 0 1
outer loop
vertex -54.550025939941406 -13.985025405883789 5
vertex -40.45002746582031 -18.885025024414062 5
vertex -40.45002746582031 -13.985025405883789 5
endloop
endfacet
facet normal 0 0 1
outer loop
vertex -59.45002746582031 -13.985025405883789 5
vertex -40.45002746582031 -18.885025024414062 5
vertex -54.550025939941406 -13.985025405883789 5
endloop
endfacet
facet normal 0 0 1
outer loop
vertex -59.45002746582031 -13.985025405883789 5
vertex -54.550025939941406 -18.885025024414062 5
vertex -40.45002746582031 -18.885025024414062 5
endloop
endfacet
facet normal 0 0 1
outer loop
vertex -59.45002746582031 -13.985025405883789 5
vertex -59.45002746582031 -18.885025024414062 5
vertex -54.550025939941406 -18.885025024414062 5
endloop
endfacet
facet normal 0 0 1
outer loop
vertex -59.45002746582031 -18.885025024414062 5
vertex -59.45002746582031 -32.98502731323242 5
vertex -54.550025939941406 -18.885025024414062 5
endloop
endfacet
facet normal 0 0 1
outer loop
vertex -79.63178253173828 -0.7683430314064026 5
vertex -79.66268920898438 -19.76831817626953 5
vertex -73.5500259399414 0.11497443169355392 5
endloop
endfacet
facet normal 0 0 1
outer loop
vertex 35.27613067626953 39.942012786865234 5
vertex 34.37382507324219 36.57456970214844 5
vertex 35.54997253417969 19.114974975585938 5
endloop
endfacet
facet normal 0 0 1
outer loop
vertex 32.900482177734375 33.414974212646484 5
vertex 35.54997253417969 19.114974975585938 5
vertex 34.37382507324219 36.57456970214844 5
endloop
endfacet
facet normal 0 0 1
outer loop
vertex 40.449974060058594 19.26497459411621 5
vertex 40.449974060058594 33.36497497558594 5
vertex 35.54997253417969 19.114974975585938 5
endloop
endfacet
facet normal 0 0 1
outer loop
vertex -79.66268920898438 -19.76831817626953 5
vertex -73.5500259399414 -13.985025405883789 5
vertex -73.5500259399414 0.11497443169355392 5
endloop
endfacet
facet normal 0 0 1
outer loop
vertex 30.900861740112305 30.559223175048828 5
vertex 35.54997253417969 19.114974975585938 5
vertex 32.900482177734375 33.414974212646484 5
endloop
endfacet
facet normal 0 0 1
outer loop
vertex 28.435726165771484 28.094085693359375 5
vertex 35.54997253417969 19.114974975585938 5
vertex 30.900861740112305 30.559223175048828 5
endloop
endfacet
facet normal 0 0 1
outer loop
vertex -59.45002746582031 -13.985025405883789 5
vertex -73.5500259399414 -18.885025024414062 5
vertex -59.45002746582031 -18.885025024414062 5
endloop
endfacet
facet normal 0 0 1
outer loop
vertex -73.5500259399414 -13.985025405883789 5
vertex -73.5500259399414 -18.885025024414062 5
vertex -59.45002746582031 -13.985025405883789 5
endloop
endfacet
facet normal 0 0 1
outer loop
vertex -79.66268920898438 -19.76831817626953 5
vertex -73.5500259399414 -18.885025024414062 5
vertex -73.5500259399414 -13.985025405883789 5
endloop
endfacet
facet normal 0 0 -1
outer loop
vertex -59.45002746582031 -32.98502731323242 0
vertex -54.550025939941406 -32.98502731323242 0
vertex -17.340112686157227 -41.99748611450195 0
endloop
endfacet
facet normal 0 0 1
outer loop
vertex 28.435726165771484 28.094085693359375 5
vertex 25.579973220825195 26.094467163085938 5
vertex 35.54997253417969 19.114974975585938 5
endloop
endfacet
facet normal 0 0 1
outer loop
vertex -79.67113494873047 -24.961652755737305 5
vertex -73.5500259399414 -32.98502731323242 5
vertex -73.5500259399414 -18.885025024414062 5
endloop
endfacet
facet normal 0 0 1
outer loop
vertex -79.66268920898438 -19.76831817626953 5
vertex -79.67113494873047 -24.961652755737305 5
vertex -73.5500259399414 -18.885025024414062 5
endloop
endfacet
facet normal 0 0 1
outer loop
vertex -80.96268463134766 -19.766202926635742 5
vertex -79.67113494873047 -24.961652755737305 5
vertex -79.66268920898438 -19.76831817626953 5
endloop
endfacet
facet normal 0 0 -1
outer loop
vertex -45.00002670288086 -33.68502426147461 0
vertex -45.00002670288086 -32.98502731323242 0
vertex -40.45002746582031 -32.98502731323242 0
endloop
endfacet
facet normal -0.9999986776332325 0.0016262631356583467 0
outer loop
vertex -80.96268463134766 -19.766202926635742 4.5
vertex -80.97113037109375 -24.959537506103516 5
vertex -80.96268463134766 -19.766202926635742 5
endloop
endfacet
facet normal 0 0 1
outer loop
vertex -80.97113037109375 -24.959537506103516 5
vertex -79.67113494873047 -24.961652755737305 5
vertex -80.96268463134766 -19.766202926635742 5
endloop
endfacet
facet normal 0 0 1
outer loop
vertex 0.40333274006843567 30.414974212646484 5
vertex -2.194323778152466 30.414974212646484 5
vertex 2.724221706390381 28.094085693359375 5
endloop
endfacet
facet normal 0 0 1
outer loop
vertex 5.5799736976623535 26.094467163085938 5
vertex -2.194323778152466 30.414974212646484 5
vertex 16.54997444152832 19.114974975585938 5
endloop
endfacet
facet normal 0 0 1
outer loop
vertex 5.5799736976623535 26.094467163085938 5
vertex 2.724221706390381 28.094085693359375 5
vertex -2.194323778152466 30.414974212646484 5
endloop
endfacet
facet normal -0.9999986776332325 0.0016262631356583467 0
outer loop
vertex -80.96268463134766 -19.766202926635742 4.5
vertex -80.97113037109375 -24.959537506103516 4.5
vertex -80.97113037109375 -24.959537506103516 5
endloop
endfacet
facet normal 0.3295092500942054 0.9441523468711788 0
outer loop
vertex 36.097110748291016 45.56746292114258 5
vertex 35.87488555908203 45.64501953125 0
vertex 35.87488555908203 45.64501953125 5
endloop
endfacet
facet normal 0.6201351968019216 0.7844949570822249 0
outer loop
vertex 35.34846496582031 46.06114959716797 5
vertex 35.87488555908203 45.64501953125 5
vertex 35.87488555908203 45.64501953125 0
endloop
endfacet
facet normal 0.0016267008450191259 0.9999986769213052 0
outer loop
vertex -80.9325942993164 -1.2662277221679688 4.5
vertex -81.6325912475586 -1.2650890350341797 0.20000000298023224
vertex -81.6325912475586 -1.2650890350341797 4.5
endloop
endfacet
facet normal -0.9999986770386167 0.0016266286920299457 -3.3846873473780185e-7
outer loop
vertex -81.6325912475586 -1.2650890350341797 4.5
vertex -81.66069793701172 -18.545066833496094 0.20000000298023224
vertex -81.65238189697266 -13.431739807128906 4.5
endloop
endfacet
facet normal -0.9999986763974034 0.0016270226765779637 -8.069750535989804e-7
outer loop
vertex -81.66187286376953 -19.265066146850586 4.5
vertex -81.65238189697266 -13.431739807128906 4.5
vertex -81.66069793701172 -18.545066833496094 0.20000000298023224
endloop
endfacet
facet normal -0.9999986671534763 0.001632694481796912 0
outer loop
vertex -80.96186828613281 -19.266204833984375 4.5
vertex -80.96186828613281 -19.266204833984375 0.20000000298023224
vertex -80.96268463134766 -19.766202926635742 4.5
endloop
endfacet
facet normal -0.0016266831155497946 -0.9999986769501455 0
outer loop
vertex -81.66187286376953 -19.265066146850586 4.5
vertex -80.96186828613281 -19.266204833984375 0.20000000298023224
vertex -80.96186828613281 -19.266204833984375 4.5
endloop
endfacet
facet normal -0.9999986776329534 0.0016262631356578929 7.4710872302776e-7
outer loop
vertex -80.96268463134766 -19.766202926635742 4.5
vertex -80.9719467163086 -25.459537506103516 0.20000000298023224
vertex -80.97113037109375 -24.959537506103516 4.5
endloop
endfacet
facet normal -0.999998667163645 0.0016326882535783389 0
outer loop
vertex -80.9719467163086 -25.459537506103516 0.20000000298023224
vertex -80.9719467163086 -25.459537506103516 4.5
vertex -80.97113037109375 -24.959537506103516 4.5
endloop
endfacet
facet normal 0.0016267008450191259 0.9999986769213052 0
outer loop
vertex -80.9719467163086 -25.459537506103516 4.5
vertex -81.67194366455078 -25.458398818969727 0.20000000298023224
vertex -81.67194366455078 -25.458398818969727 4.5
endloop
endfacet
facet normal 0 0 1
outer loop
vertex -54.550025939941406 -32.98502731323242 5
vertex -59.45002746582031 -32.98502731323242 5
vertex -17.340112686157227 -41.99748611450195 5
endloop
endfacet
facet normal 0 0 1
outer loop
vertex -54.550025939941406 -32.98502731323242 5
vertex -54.550025939941406 -18.885025024414062 5
vertex -59.45002746582031 -32.98502731323242 5
endloop
endfacet
facet normal 0 0 1
outer loop
vertex -59.45002746582031 -32.98502731323242 5
vertex -79.70204162597656 -43.96162796020508 5
vertex -17.340112686157227 -41.99748611450195 5
endloop
endfacet
facet normal 0 0 1
outer loop
vertex -79.70204162597656 -43.96162796020508 5
vertex -79.66451263427734 -45.01866912841797 5
vertex -1.0122462511062622 -45.53706741333008 5
endloop
endfacet
facet normal 0 0 1
outer loop
vertex -79.70204162597656 -43.96162796020508 5
vertex -59.45002746582031 -32.98502731323242 5
vertex -73.5500259399414 -32.98502731323242 5
endloop
endfacet
facet normal -0.7100057773220017 -0.704195850718662 0
outer loop
vertex -80.71453857421875 -43.95998001098633 0.20000000298023224
vertex -79.66451263427734 -45.01866912841797 0
vertex -80.71453857421875 -43.95998001098633 4.5
endloop
endfacet
facet normal -0.0016294078706592854 -0.9999986725141143 0
outer loop
vertex -81.001220703125 -43.45951461791992 0.20000000298023224
vertex -81.70122528076172 -43.4583740234375 4.5
vertex -81.70122528076172 -43.4583740234375 0.20000000298023224
endloop
endfacet
facet normal -0.7100114407198068 -0.7041901405494003 0
outer loop
vertex -81.0015640258789 -43.67058181762695 0.20000000298023224
vertex -80.71453857421875 -43.95998001098633 0.20000000298023224
vertex -80.71453857421875 -43.95998001098633 4.5
endloop
endfacet
facet normal 0 0 1
outer loop
vertex -79.70204162597656 -43.96162796020508 5
vertex -73.5500259399414 -32.98502731323242 5
vertex -79.67113494873047 -24.961652755737305 5
endloop
endfacet
facet normal 0 0 1
outer loop
vertex 35.54997253417969 19.114974975585938 5
vertex 35.54997253417969 5.014974594116211 5
vertex 40.449974060058594 19.26497459411621 5
endloop
endfacet
facet normal 0 0 -1
outer loop
vertex 4.361598968505859 -50.18502426147461 0
vertex 30.949974060058594 -38.11502456665039 0
vertex 35.49997329711914 -38.815025329589844 0
endloop
endfacet
facet normal 0 0 -1
outer loop
vertex 35.49997329711914 -38.815025329589844 0
vertex 40.49997329711914 -38.815025329589844 0
vertex 4.361598968505859 -50.18502426147461 0
endloop
endfacet
facet normal 0 0 -1
outer loop
vertex 40.49997329711914 -38.815025329589844 0
vertex 45.04997253417969 -38.11502456665039 0
vertex 4.361598968505859 -50.18502426147461 0
endloop
endfacet
facet normal 0 0 -1
outer loop
vertex 4.361598968505859 -50.18502426147461 0
vertex 58.23369598388672 -49.83487319946289 0
vertex 57.38834762573242 -50.18502426147461 0
endloop
endfacet
facet normal 0 0 -1
outer loop
vertex 4.361598968505859 -50.18502426147461 0
vertex 45.04997253417969 -38.11502456665039 0
vertex 59.512474060058594 -46.90013885498047 0
endloop
endfacet
facet normal 0 0 -1
outer loop
vertex 35.49997329711914 -38.815025329589844 0
vertex 30.949974060058594 -38.11502456665039 0
vertex 35.49997329711914 -38.11502456665039 0
endloop
endfacet
facet normal 0 0 1
outer loop
vertex 25.579973220825195 26.094467163085938 5
vertex 22.42037582397461 24.621122360229492 5
vertex 35.54997253417969 19.114974975585938 5
endloop
endfacet
facet normal 0 0 1
outer loop
vertex 22.42037582397461 24.621122360229492 5
vertex 19.052936553955078 23.71881866455078 5
vertex 35.54997253417969 19.114974975585938 5
endloop
endfacet
facet normal 0 0 1
outer loop
vertex 19.052936553955078 23.71881866455078 5
vertex 21.449974060058594 19.114974975585938 5
vertex 35.54997253417969 19.114974975585938 5
endloop
endfacet
facet normal -0.9999986770823188 0.0016266018604266888 0
outer loop
vertex -81.001220703125 -43.45951461791992 0.20000000298023224
vertex -81.0015640258789 -43.67058181762695 0.20000000298023224
vertex -81.001220703125 -43.45951461791992 4.5
endloop
endfacet
facet normal 0 0 -1
outer loop
vertex 30.949974060058594 -38.11502456665039 0
vertex 4.361598968505859 -50.18502426147461 0
vertex 30.949974060058594 -24.015026092529297 0
endloop
endfacet
facet normal 0 0 -1
outer loop
vertex 30.949974060058594 -24.015026092529297 0
vertex 4.361598968505859 -50.18502426147461 0
vertex 35.54997253417969 -13.985025405883789 0
endloop
endfacet
facet normal -0.9238795563205092 -0.38268337488453696 0
outer loop
vertex 0.9881501793861389 -46.883243560791016 0
vertex 1.287627935409546 -47.60624694824219 0
vertex 0.9881501793861389 -46.883243560791016 5
endloop
endfacet
facet normal -0.7071071594182924 -0.7071064029546003 0
outer loop
vertex 1.287627935409546 -47.60624694824219 0
vertex 3.516251802444458 -49.83487319946289 0
vertex 1.287627935409546 -47.60624694824219 5
endloop
endfacet
facet normal -0.3826804480990963 -0.9238807686290882 0
outer loop
vertex 3.516251802444458 -49.83487319946289 0
vertex 4.361598968505859 -50.18502426147461 0
vertex 3.516251802444458 -49.83487319946289 5
endloop
endfacet
facet normal -0.7740545307469934 -0.6331189330844971 0
outer loop
vertex 0.8574163913726807 -46.72340774536133 0
vertex 0.9881501793861389 -46.883243560791016 0
vertex 0.8574163913726807 -46.72340774536133 5
endloop
endfacet
facet normal -0.9999986763962405 0.0016270232085710795 -0.0000011162692316649061
outer loop
vertex -81.69173431396484 -37.62504959106445 0.20000000298023224
vertex -81.70122528076172 -43.4583740234375 0.20000000298023224
vertex -81.67194366455078 -25.458398818969727 4.5
endloop
endfacet
facet normal 0 0 1
outer loop
vertex 35.54997253417969 5.014974594116211 5
vertex 21.449974060058594 5.014974594116211 5
vertex 35.54997253417969 0.11497443169355392 5
endloop
endfacet
facet normal -0.999998677038674 0.001626628692030039 0
outer loop
vertex -81.67194366455078 -25.458398818969727 0.20000000298023224
vertex -81.69173431396484 -37.62504959106445 0.20000000298023224
vertex -81.67194366455078 -25.458398818969727 4.5
endloop
endfacet
facet normal 0 0 1
outer loop
vertex -80.71453857421875 -43.95998001098633 5
vertex -79.66451263427734 -45.01866912841797 5
vertex -79.70204162597656 -43.96162796020508 5
endloop
endfacet
facet normal -0.7100057773220018 -0.7041958507186621 0
outer loop
vertex -80.71453857421875 -43.95998001098633 5
vertex -80.71453857421875 -43.95998001098633 4.5
vertex -79.66451263427734 -45.01866912841797 5
endloop
endfacet
facet normal -0.9999986770385308 0.001626628692029806 5.351974597063586e-7
outer loop
vertex -81.67194366455078 -25.458398818969727 4.5
vertex -81.70122528076172 -43.4583740234375 0.20000000298023224
vertex -81.69173431396484 -37.62504959106445 4.5
endloop
endfacet
facet normal -0.7100057773220017 -0.704195850718662 0
outer loop
vertex -80.71453857421875 -43.95998001098633 4.5
vertex -79.66451263427734 -45.01866912841797 0
vertex -79.66451263427734 -45.01866912841797 5
endloop
endfacet
facet normal -0.9999986763968634 0.001627023208572093 0
outer loop
vertex -81.70122528076172 -43.4583740234375 4.5
vertex -81.69173431396484 -37.62504959106445 4.5
vertex -81.70122528076172 -43.4583740234375 0.20000000298023224
endloop
endfacet
facet normal -0.9999986770823188 0.0016266018604266888 0
outer loop
vertex -81.001220703125 -43.45951461791992 4.5
vertex -81.0015640258789 -43.67058181762695 0.20000000298023224
vertex -81.0015640258789 -43.67058181762695 4.5
endloop
endfacet
facet normal -0.7100114407198068 -0.7041901405494003 0
outer loop
vertex -81.0015640258789 -43.67058181762695 0.20000000298023224
vertex -80.71453857421875 -43.95998001098633 4.5
vertex -81.0015640258789 -43.67058181762695 4.5
endloop
endfacet
facet normal -0.0016294078706592854 -0.9999986725141143 0
outer loop
vertex -81.70122528076172 -43.4583740234375 4.5
vertex -81.001220703125 -43.45951461791992 0.20000000298023224
vertex -81.001220703125 -43.45951461791992 4.5
endloop
endfacet
facet normal 0 0 -1
outer loop
vertex 0.14968179166316986 -25.275026321411133 0
vertex -2.450026273727417 0.11497443169355392 0
vertex -2.450026273727417 5.014974594116211 0
endloop
endfacet
facet normal 0 0 -1
outer loop
vertex 0.14968179166316986 -25.275026321411133 0
vertex -2.450026273727417 -13.985025405883789 0
vertex -2.450026273727417 0.11497443169355392 0
endloop
endfacet
facet normal 0 0 -1
outer loop
vertex -16.550025939941406 0.11497443169355392 0
vertex -21.45002555847168 -13.985025405883789 0
vertex -21.45002555847168 0.11497443169355392 0
endloop
endfacet
facet normal 0 0 -1
outer loop
vertex -16.550025939941406 -13.985025405883789 0
vertex -21.45002555847168 -13.985025405883789 0
vertex -16.550025939941406 0.11497443169355392 0
endloop
endfacet
facet normal 0 0 -1
outer loop
vertex 0.1839359998703003 -25.10281753540039 0
vertex -2.450026273727417 5.014974594116211 0
vertex 0.2814837396144867 -24.95682716369629 0
endloop
endfacet
facet normal 0 0 -1
outer loop
vertex -2.450026273727417 5.014974594116211 0
vertex 0.1839359998703003 -25.10281753540039 0
vertex 0.14968179166316986 -25.275026321411133 0
endloop
endfacet
facet normal 0 0 -1
outer loop
vertex 0.14968179166316986 -25.275026321411133 0
vertex -2.450026273727417 -18.885025024414062 0
vertex -2.450026273727417 -13.985025405883789 0
endloop
endfacet
facet normal 0 0 -1
outer loop
vertex -2.450026273727417 -13.985025405883789 0
vertex -2.450026273727417 -18.885025024414062 0
vertex -7.000026226043701 -18.885025024414062 0
endloop
endfacet
facet normal 0 0 -1
outer loop
vertex -2.450026273727417 -13.985025405883789 0
vertex -7.000026226043701 -14.685025215148926 0
vertex -7.000026226043701 -13.985025405883789 0
endloop
endfacet
facet normal 0 0 -1
outer loop
vertex -2.450026273727417 -13.985025405883789 0
vertex -7.000026226043701 -18.185026168823242 0
vertex -7.000026226043701 -14.685025215148926 0
endloop
endfacet
facet normal 0 0 -1
outer loop
vertex -7.000026226043701 -18.185026168823242 0
vertex -12.000025749206543 -14.685025215148926 0
vertex -7.000026226043701 -14.685025215148926 0
endloop
endfacet
facet normal 0 0 -1
outer loop
vertex -7.000026226043701 -18.885025024414062 0
vertex -7.000026226043701 -18.185026168823242 0
vertex -2.450026273727417 -13.985025405883789 0
endloop
endfacet
facet normal 0 0 -1
outer loop
vertex 0.1839359998703003 -25.447233200073242 0
vertex -2.450026273727417 -18.885025024414062 0
vertex 0.14968179166316986 -25.275026321411133 0
endloop
endfacet
facet normal 0 0 -1
outer loop
vertex 0.1839359998703003 -26.372817993164062 0
vertex -2.450026273727417 -18.885025024414062 0
vertex 0.1839359998703003 -25.447233200073242 0
endloop
endfacet
facet normal 0 0 -1
outer loop
vertex 0.14968179166316986 -26.545024871826172 0
vertex -2.450026273727417 -18.885025024414062 0
vertex 0.1839359998703003 -26.372817993164062 0
endloop
endfacet
facet normal 0 0 -1
outer loop
vertex 0.1839359998703003 -27.642818450927734 0
vertex -2.450026273727417 -18.885025024414062 0
vertex 0.14968179166316986 -26.545024871826172 0
endloop
endfacet
facet normal 0 0 -1
outer loop
vertex 0.14968179166316986 -27.815025329589844 0
vertex -2.450026273727417 -18.885025024414062 0
vertex 0.1839359998703003 -27.642818450927734 0
endloop
endfacet
facet normal 0 0 -1
outer loop
vertex 0.1839359998703003 -28.912818908691406 0
vertex -2.450026273727417 -18.885025024414062 0
vertex 0.14968179166316986 -27.815025329589844 0
endloop
endfacet
facet normal 0 0 -1
outer loop
vertex 0.14968179166316986 -29.085025787353516 0
vertex -2.450026273727417 -18.885025024414062 0
vertex 0.1839359998703003 -28.912818908691406 0
endloop
endfacet
facet normal 0 0 -1
outer loop
vertex -12.000025749206543 -14.685025215148926 0
vertex -16.550025939941406 -13.985025405883789 0
vertex -12.000025749206543 -13.985025405883789 0
endloop
endfacet
facet normal 0 0 -1
outer loop
vertex -16.550025939941406 -13.985025405883789 0
vertex -12.000025749206543 -14.685025215148926 0
vertex -12.000025749206543 -18.185026168823242 0
endloop
endfacet
facet normal 0 0 -1
outer loop
vertex -12.000025749206543 -14.685025215148926 0
vertex -7.000026226043701 -18.185026168823242 0
vertex -12.000025749206543 -18.185026168823242 0
endloop
endfacet
facet normal 0 0 -1
outer loop
vertex -12.000025749206543 -18.185026168823242 0
vertex -16.550025939941406 -18.885025024414062 0
vertex -16.550025939941406 -13.985025405883789 0
endloop
endfacet
facet normal 0 0 -1
outer loop
vertex -16.550025939941406 -18.885025024414062 0
vertex -12.000025749206543 -18.185026168823242 0
vertex -12.000025749206543 -18.885025024414062 0
endloop
endfacet
facet normal 0 0 -1
outer loop
vertex -16.550025939941406 -18.885025024414062 0
vertex -21.45002555847168 -13.985025405883789 0
vertex -16.550025939941406 -13.985025405883789 0
endloop
endfacet
facet normal 0 0 -1
outer loop
vertex -16.550025939941406 -18.885025024414062 0
vertex -21.45002555847168 -18.885025024414062 0
vertex -21.45002555847168 -13.985025405883789 0
endloop
endfacet
facet normal 0 0 -1
outer loop
vertex -16.550025939941406 -18.885025024414062 0
vertex -18.081829071044922 -24.95682716369629 0
vertex -21.45002555847168 -18.885025024414062 0
endloop
endfacet
facet normal 0 0 -1
outer loop
vertex -16.550025939941406 -18.885025024414062 0
vertex -17.98427963256836 -25.10281753540039 0
vertex -18.081829071044922 -24.95682716369629 0
endloop
endfacet
facet normal 0 0 -1
outer loop
vertex -16.550025939941406 -18.885025024414062 0
vertex -17.95002555847168 -25.275026321411133 0
vertex -17.98427963256836 -25.10281753540039 0
endloop
endfacet
facet normal 0 0 -1
outer loop
vertex -16.550025939941406 -27.373476028442383 0
vertex -17.95002555847168 -25.275026321411133 0
vertex -16.550025939941406 -18.885025024414062 0
endloop
endfacet
facet normal 0 0 -1
outer loop
vertex -18.227819442749023 -24.85927963256836 0
vertex -21.45002555847168 -18.885025024414062 0
vertex -18.081829071044922 -24.95682716369629 0
endloop
endfacet
facet normal 0 0 -1
outer loop
vertex -18.400026321411133 -24.82502555847168 0
vertex -21.45002555847168 -18.885025024414062 0
vertex -18.227819442749023 -24.85927963256836 0
endloop
endfacet
facet normal 0 0 -1
outer loop
vertex -18.572233200073242 -24.85927963256836 0
vertex -21.45002555847168 -18.885025024414062 0
vertex -18.400026321411133 -24.82502555847168 0
endloop
endfacet
facet normal 0 0 -1
outer loop
vertex -18.718223571777344 -24.95682716369629 0
vertex -21.45002555847168 -18.885025024414062 0
vertex -18.572233200073242 -24.85927963256836 0
endloop
endfacet
facet normal 0 0 -1
outer loop
vertex -18.815771102905273 -25.10281753540039 0
vertex -21.45002555847168 -26.57895851135254 0
vertex -18.718223571777344 -24.95682716369629 0
endloop
endfacet
facet normal 0 0 -1
outer loop
vertex -18.850027084350586 -25.275026321411133 0
vertex -21.45002555847168 -26.57895851135254 0
vertex -18.815771102905273 -25.10281753540039 0
endloop
endfacet
facet normal 0 0 -1
outer loop
vertex -35.550025939941406 -13.985025405883789 0
vertex -40.45002746582031 0.11497443169355392 0
vertex -35.550025939941406 0.11497443169355392 0
endloop
endfacet
facet normal 0 0 -1
outer loop
vertex -35.550025939941406 -13.985025405883789 0
vertex -35.550025939941406 -18.885025024414062 0
vertex -40.45002746582031 0.11497443169355392 0
endloop
endfacet
facet normal 0 0 -1
outer loop
vertex -35.550025939941406 -18.885025024414062 0
vertex -40.45002746582031 -13.985025405883789 0
vertex -40.45002746582031 0.11497443169355392 0
endloop
endfacet
facet normal 0 0 -1
outer loop
vertex -26.00002670288086 -13.985025405883789 0
vertex -21.45002555847168 -13.985025405883789 0
vertex -21.45002555847168 -18.885025024414062 0
endloop
endfacet
facet normal 0 0 -1
outer loop
vertex -21.45002555847168 -18.885025024414062 0
vertex -26.00002670288086 -14.685025215148926 0
vertex -26.00002670288086 -13.985025405883789 0
endloop
endfacet
facet normal 0 0 -1
outer loop
vertex -21.45002555847168 -18.885025024414062 0
vertex -26.00002670288086 -18.185026168823242 0
vertex -26.00002670288086 -14.685025215148926 0
endloop
endfacet
facet normal 0 0 -1
outer loop
vertex -26.00002670288086 -18.885025024414062 0
vertex -26.00002670288086 -18.185026168823242 0
vertex -21.45002555847168 -18.885025024414062 0
endloop
endfacet
facet normal 0 0 -1
outer loop
vertex -31.00002670288086 -18.185026168823242 0
vertex -31.00002670288086 -14.685025215148926 0
vertex -26.00002670288086 -14.685025215148926 0
endloop
endfacet
facet normal 0 0 -1
outer loop
vertex -31.00002670288086 -18.185026168823242 0
vertex -26.00002670288086 -14.685025215148926 0
vertex -26.00002670288086 -18.185026168823242 0
endloop
endfacet
facet normal 0 0 -1
outer loop
vertex -21.45002555847168 -26.57895851135254 0
vertex -21.45002555847168 -18.885025024414062 0
vertex -18.718223571777344 -24.95682716369629 0
endloop
endfacet
facet normal 0 0 -1
outer loop
vertex -31.00002670288086 -14.685025215148926 0
vertex -35.550025939941406 -18.885025024414062 0
vertex -31.00002670288086 -13.985025405883789 0
endloop
endfacet
facet normal 0 0 -1
outer loop
vertex -35.550025939941406 -18.885025024414062 0
vertex -35.550025939941406 -13.985025405883789 0
vertex -31.00002670288086 -13.985025405883789 0
endloop
endfacet
facet normal 0 0 -1
outer loop
vertex -31.00002670288086 -18.185026168823242 0
vertex -35.550025939941406 -18.885025024414062 0
vertex -31.00002670288086 -14.685025215148926 0
endloop
endfacet
facet normal 0 0 -1
outer loop
vertex -35.550025939941406 -18.885025024414062 0
vertex -31.00002670288086 -18.185026168823242 0
vertex -31.00002670288086 -18.885025024414062 0
endloop
endfacet
facet normal 0 0 -1
outer loop
vertex -35.550025939941406 -18.885025024414062 0
vertex -40.45002746582031 -18.885025024414062 0
vertex -40.45002746582031 -13.985025405883789 0
endloop
endfacet
facet normal 0 0 -1
outer loop
vertex -35.550025939941406 -32.98502731323242 0
vertex -40.45002746582031 -18.885025024414062 0
vertex -35.550025939941406 -18.885025024414062 0
endloop
endfacet
facet normal -0.29500911138217084 -0.9554944396497039 0
outer loop
vertex -1.0122462511062622 -45.53706741333008 0
vertex -0.8149446845054626 -45.597984313964844 0
vertex -1.0122462511062622 -45.53706741333008 5
endloop
endfacet
facet normal -0.5583066444465705 -0.8296346730741253 0
outer loop
vertex -0.8149446845054626 -45.597984313964844 0
vertex 0.8574163913726807 -46.72340774536133 0
vertex -0.8149446845054626 -45.597984313964844 5
endloop
endfacet
facet normal 0 0 1
outer loop
vertex 21.449974060058594 5.014974594116211 5
vertex 21.449974060058594 0.11497443169355392 5
vertex 35.54997253417969 0.11497443169355392 5
endloop
endfacet
facet normal -0.006590872064114949 -0.9999782799668373 0
outer loop
vertex -79.66451263427734 -45.01866912841797 0
vertex -1.0122462511062622 -45.53706741333008 0
vertex -79.66451263427734 -45.01866912841797 5
endloop
endfacet
facet normal 0 0 1
outer loop
vertex 15.579974174499512 23.414974212646484 5
vertex 16.54997444152832 19.114974975585938 5
vertex 19.052936553955078 23.71881866455078 5
endloop
endfacet
facet normal 0 0 1
outer loop
vertex 16.54997444152832 19.114974975585938 5
vertex 15.579974174499512 23.414974212646484 5
vertex 12.107009887695312 23.71881866455078 5
endloop
endfacet
facet normal 0 0 1
outer loop
vertex 8.739570617675781 24.621122360229492 5
vertex 16.54997444152832 19.114974975585938 5
vertex 12.107009887695312 23.71881866455078 5
endloop
endfacet
facet normal 0 0 1
outer loop
vertex 16.54997444152832 19.114974975585938 5
vertex 8.739570617675781 24.621122360229492 5
vertex 5.5799736976623535 26.094467163085938 5
endloop
endfacet
facet normal 0 0 -1
outer loop
vertex -79.66268920898438 -19.76831817626953 0
vertex -79.67113494873047 -24.961652755737305 0
vertex -80.97113037109375 -24.959537506103516 0
endloop
endfacet
facet normal 0 0 1
outer loop
vertex 19.052936553955078 23.71881866455078 5
vertex 16.54997444152832 5.014974594116211 5
vertex 21.449974060058594 19.114974975585938 5
endloop
endfacet
facet normal 0 0 1
outer loop
vertex 16.54997444152832 5.014974594116211 5
vertex 19.052936553955078 23.71881866455078 5
vertex 16.54997444152832 19.114974975585938 5
endloop
endfacet
facet normal 0 0 1
outer loop
vertex 2.4499738216400146 19.114974975585938 5
vertex 16.54997444152832 19.114974975585938 5
vertex -2.194323778152466 30.414974212646484 5
endloop
endfacet
facet normal -0.9999986776332324 0.0016262631356583465 0
outer loop
vertex -80.97113037109375 -24.959537506103516 0
vertex -80.97113037109375 -24.959537506103516 0.20000000298023224
vertex -80.96268463134766 -19.766202926635742 0.20000000298023224
endloop
endfacet
facet normal 0 0 1
outer loop
vertex 16.54997444152832 5.014974594116211 5
vertex 16.54997444152832 0.11497443169355392 5
vertex 21.449974060058594 19.114974975585938 5
endloop
endfacet
facet normal 0 0 1
outer loop
vertex 21.449974060058594 19.114974975585938 5
vertex 16.54997444152832 -13.985025405883789 5
vertex 21.449974060058594 5.014974594116211 5
endloop
endfacet
facet normal 0 0 1
outer loop
vertex 16.54997444152832 0.11497443169355392 5
vertex 16.54997444152832 -13.985025405883789 5
vertex 21.449974060058594 19.114974975585938 5
endloop
endfacet
facet normal 0 0 1
outer loop
vertex 16.54997444152832 5.014974594116211 5
vertex 2.4499738216400146 5.014974594116211 5
vertex 16.54997444152832 0.11497443169355392 5
endloop
endfacet
facet normal 0 0 -1
outer loop
vertex -79.66268920898438 -19.76831817626953 0
vertex -80.97113037109375 -24.959537506103516 0
vertex -80.96268463134766 -19.766202926635742 0
endloop
endfacet
facet normal 0 0 1
outer loop
vertex 2.4499738216400146 5.014974594116211 5
vertex 2.4499738216400146 0.11497443169355392 5
vertex 16.54997444152832 0.11497443169355392 5
endloop
endfacet
facet normal 0 0 1
outer loop
vertex 0.8574163913726807 -46.72340774536133 5
vertex 2.4499738216400146 19.114974975585938 5
vertex -2.194323778152466 30.414974212646484 5
endloop
endfacet
facet normal -0.9999986776332324 0.0016262631356583465 0
outer loop
vertex -80.96268463134766 -19.766202926635742 0
vertex -80.97113037109375 -24.959537506103516 0
vertex -80.96268463134766 -19.766202926635742 0.20000000298023224
endloop
endfacet
facet normal 0 0 -1
outer loop
vertex -73.5500259399414 -32.98502731323242 0
vertex -79.66268920898438 -19.76831817626953 0
vertex -73.5500259399414 -18.885025024414062 0
endloop
endfacet
facet normal 0 0 -1
outer loop
vertex -73.5500259399414 -13.985025405883789 0
vertex -69.0000228881836 -18.185026168823242 0
vertex -73.5500259399414 -18.885025024414062 0
endloop
endfacet
facet normal 0 0 -1
outer loop
vertex -73.5500259399414 -18.885025024414062 0
vertex -69.0000228881836 -18.185026168823242 0
vertex -69.0000228881836 -18.885025024414062 0
endloop
endfacet
facet normal 0 0 -1
outer loop
vertex -69.0000228881836 -18.185026168823242 0
vertex -69.0000228881836 -14.685025215148926 0
vertex -64.0000228881836 -18.185026168823242 0
endloop
endfacet
facet normal 0 0 -1
outer loop
vertex -69.0000228881836 -18.185026168823242 0
vertex -73.5500259399414 -13.985025405883789 0
vertex -69.0000228881836 -14.685025215148926 0
endloop
endfacet
facet normal 0 0 -1
outer loop
vertex -69.0000228881836 -14.685025215148926 0
vertex -73.5500259399414 -13.985025405883789 0
vertex -69.0000228881836 -13.985025405883789 0
endloop
endfacet
facet normal 0 0 -1
outer loop
vertex -64.0000228881836 -18.885025024414062 0
vertex -64.0000228881836 -18.185026168823242 0
vertex -59.45002746582031 -18.885025024414062 0
endloop
endfacet
facet normal 0 0 -1
outer loop
vertex -59.45002746582031 -18.885025024414062 0
vertex -64.0000228881836 -18.185026168823242 0
vertex -64.0000228881836 -14.685025215148926 0
endloop
endfacet
facet normal 0 0 -1
outer loop
vertex -69.0000228881836 -14.685025215148926 0
vertex -64.0000228881836 -14.685025215148926 0
vertex -64.0000228881836 -18.185026168823242 0
endloop
endfacet
facet normal 0 0 -1
outer loop
vertex -64.0000228881836 -14.685025215148926 0
vertex -64.0000228881836 -13.985025405883789 0
vertex -59.45002746582031 -13.985025405883789 0
endloop
endfacet
facet normal 0 0 -1
outer loop
vertex -73.5500259399414 -18.885025024414062 0
vertex -79.66268920898438 -19.76831817626953 0
vertex -79.63178253173828 -0.7683430314064026 0
endloop
endfacet
facet normal 0 0 -1
outer loop
vertex -73.5500259399414 -13.985025405883789 0
vertex -73.5500259399414 -18.885025024414062 0
vertex -79.63178253173828 -0.7683430314064026 0
endloop
endfacet
facet normal 0 0 -1
outer loop
vertex -73.5500259399414 -13.985025405883789 0
vertex -79.63178253173828 -0.7683430314064026 0
vertex -73.5500259399414 0.11497443169355392 0
endloop
endfacet
facet normal 0 0 -1
outer loop
vertex 0.1839359998703003 -30.182817459106445 0
vertex -2.450026273727417 -18.885025024414062 0
vertex 0.14968179166316986 -29.085025787353516 0
endloop
endfacet
facet normal 0 0 -1
outer loop
vertex 0.14968179166316986 -30.355026245117188 0
vertex -2.450026273727417 -18.885025024414062 0
vertex 0.1839359998703003 -30.182817459106445 0
endloop
endfacet
facet normal 0 0 -1
outer loop
vertex 0.1839359998703003 -31.452817916870117 0
vertex -2.450026273727417 -18.885025024414062 0
vertex 0.14968179166316986 -30.355026245117188 0
endloop
endfacet
facet normal 0 0 -1
outer loop
vertex 0.14968179166316986 -31.625024795532227 0
vertex -2.450026273727417 -18.885025024414062 0
vertex 0.1839359998703003 -31.452817916870117 0
endloop
endfacet
facet normal 0 0 -1
outer loop
vertex 0.1839359998703003 -32.722816467285156 0
vertex -2.450026273727417 -18.885025024414062 0
vertex 0.14968179166316986 -31.625024795532227 0
endloop
endfacet
facet normal 0 0 -1
outer loop
vertex 0.14968179166316986 -32.89502716064453 0
vertex -2.450026273727417 -18.885025024414062 0
vertex 0.1839359998703003 -32.722816467285156 0
endloop
endfacet
facet normal 0 0 -1
outer loop
vertex 0.14968179166316986 -34.16502380371094 0
vertex -2.450026273727417 -18.885025024414062 0
vertex 0.14968179166316986 -32.89502716064453 0
endloop
endfacet
facet normal 0 0 -1
outer loop
vertex 0.14968179166316986 -35.43502426147461 0
vertex -2.450026273727417 -18.885025024414062 0
vertex 0.14968179166316986 -34.16502380371094 0
endloop
endfacet
facet normal 0 0 -1
outer loop
vertex -2.450026273727417 -18.885025024414062 0
vertex -0.8149446845054626 -45.597984313964844 0
vertex -2.450026273727417 -32.98502731323242 0
endloop
endfacet
facet normal 0 0 -1
outer loop
vertex 0.8574163913726807 -46.72340774536133 0
vertex -2.450026273727417 -18.885025024414062 0
vertex 0.14968179166316986 -35.43502426147461 0
endloop
endfacet
facet normal 0 0 -1
outer loop
vertex -0.8149446845054626 -45.597984313964844 0
vertex -2.450026273727417 -18.885025024414062 0
vertex 0.8574163913726807 -46.72340774536133 0
endloop
endfacet
facet normal 0 0 -1
outer loop
vertex -2.450026273727417 -32.98502731323242 0
vertex -1.0122462511062622 -45.53706741333008 0
vertex -7.000026226043701 -33.68502426147461 0
endloop
endfacet
facet normal 0 0 1
outer loop
vertex 79.70191955566406 42.0908203125 5
vertex 80.95105743408203 42.086483001708984 5
vertex 80.69269561767578 42.75920867919922 5
endloop
endfacet
facet normal 0 0 1
outer loop
vertex -73.5500259399414 5.014974594116211 5
vertex -59.45002746582031 0.11497443169355392 5
vertex -54.550025939941406 0.11497443169355392 5
endloop
endfacet
facet normal 0 0 -1
outer loop
vertex -54.550025939941406 -32.98502731323242 0
vertex -59.45002746582031 -18.885025024414062 0
vertex -54.550025939941406 -18.885025024414062 0
endloop
endfacet
facet normal 0 0 -1
outer loop
vertex -17.98427963256836 -25.447233200073242 0
vertex -17.95002555847168 -25.275026321411133 0
vertex -16.550025939941406 -27.373476028442383 0
endloop
endfacet
facet normal 0 0 -1
outer loop
vertex -18.081829071044922 -25.593223571777344 0
vertex -17.98427963256836 -25.447233200073242 0
vertex -16.550025939941406 -27.373476028442383 0
endloop
endfacet
facet normal 0 0 -1
outer loop
vertex -16.550025939941406 -27.373476028442383 0
vertex -18.081829071044922 -26.22682762145996 0
vertex -18.081829071044922 -25.593223571777344 0
endloop
endfacet
facet normal 0 0 -1
outer loop
vertex -16.550025939941406 -27.373476028442383 0
vertex -17.98427963256836 -26.372817993164062 0
vertex -18.081829071044922 -26.22682762145996 0
endloop
endfacet
facet normal 0 -1 0
outer loop
vertex 4.361598968505859 -50.18502426147461 0
vertex 57.38834762573242 -50.18502426147461 0
vertex 4.361598968505859 -50.18502426147461 5
endloop
endfacet
facet normal 0 0 -1
outer loop
vertex -16.550025939941406 -27.373476028442383 0
vertex -17.95002555847168 -26.545024871826172 0
vertex -17.98427963256836 -26.372817993164062 0
endloop
endfacet
facet normal 0 0 -1
outer loop
vertex -16.550025939941406 -27.373476028442383 0
vertex -17.98427963256836 -26.717233657836914 0
vertex -17.95002555847168 -26.545024871826172 0
endloop
endfacet
facet normal 0 0 -1
outer loop
vertex -16.550025939941406 -27.373476028442383 0
vertex -18.081829071044922 -26.863224029541016 0
vertex -17.98427963256836 -26.717233657836914 0
endloop
endfacet
facet normal 0 0 -1
outer loop
vertex -16.550025939941406 -27.373476028442383 0
vertex -17.98427963256836 -27.642818450927734 0
vertex -18.081829071044922 -27.496828079223633 0
endloop
endfacet
facet normal 0 0 -1
outer loop
vertex -16.550025939941406 -27.373476028442383 0
vertex -18.081829071044922 -27.496828079223633 0
vertex -18.081829071044922 -26.863224029541016 0
endloop
endfacet
facet normal 0 0 -1
outer loop
vertex -16.550025939941406 -27.373476028442383 0
vertex -17.95002555847168 -27.815025329589844 0
vertex -17.98427963256836 -27.642818450927734 0
endloop
endfacet
facet normal 0 0 -1
outer loop
vertex -16.550025939941406 -27.373476028442383 0
vertex -17.98427963256836 -27.987232208251953 0
vertex -17.95002555847168 -27.815025329589844 0
endloop
endfacet
facet normal 0 0 -1
outer loop
vertex -16.550025939941406 -30.280912399291992 0
vertex -17.98427963256836 -27.987232208251953 0
vertex -16.550025939941406 -27.373476028442383 0
endloop
endfacet
facet normal 0 0 -1
outer loop
vertex -18.081829071044922 -26.22682762145996 0
vertex -18.227819442749023 -25.690771102905273 0
vertex -18.081829071044922 -25.593223571777344 0
endloop
endfacet
facet normal 0 0 -1
outer loop
vertex -18.227819442749023 -26.12928009033203 0
vertex -18.227819442749023 -25.690771102905273 0
vertex -18.081829071044922 -26.22682762145996 0
endloop
endfacet
facet normal 0 0 -1
outer loop
vertex -18.227819442749023 -26.12928009033203 0
vertex -18.400026321411133 -25.725025177001953 0
vertex -18.227819442749023 -25.690771102905273 0
endloop
endfacet
facet normal 0 0 -1
outer loop
vertex -18.400026321411133 -26.09502601623535 0
vertex -18.572233200073242 -25.690771102905273 0
vertex -18.400026321411133 -25.725025177001953 0
endloop
endfacet
facet normal 0 0 -1
outer loop
vertex -18.400026321411133 -26.09502601623535 0
vertex -18.400026321411133 -25.725025177001953 0
vertex -18.227819442749023 -26.12928009033203 0
endloop
endfacet
facet normal 0 0 -1
outer loop
vertex -18.572233200073242 -25.690771102905273 0
vertex -18.572233200073242 -26.12928009033203 0
vertex -18.718223571777344 -25.593223571777344 0
endloop
endfacet
facet normal 0 0 -1
outer loop
vertex -18.572233200073242 -26.12928009033203 0
vertex -18.572233200073242 -25.690771102905273 0
vertex -18.400026321411133 -26.09502601623535 0
endloop
endfacet
facet normal 0 0 -1
outer loop
vertex -18.718223571777344 -26.22682762145996 0
vertex -18.718223571777344 -25.593223571777344 0
vertex -18.572233200073242 -26.12928009033203 0
endloop
endfacet
facet normal 0 0 -1
outer loop
vertex -18.227819442749023 -26.960771560668945 0
vertex -18.081829071044922 -26.863224029541016 0
vertex -18.081829071044922 -27.496828079223633 0
endloop
endfacet
facet normal 0 0 -1
outer loop
vertex -18.400026321411133 -26.995025634765625 0
vertex -18.227819442749023 -26.960771560668945 0
vertex -18.227819442749023 -27.399280548095703 0
endloop
endfacet
facet normal 0 0 -1
outer loop
vertex 2.4499738216400146 -13.985025405883789 0
vertex 1.0496817827224731 -34.16502380371094 0
vertex 2.4499738216400146 0.11497443169355392 0
endloop
endfacet
facet normal 0 0 -1
outer loop
vertex 2.4499738216400146 -13.985025405883789 0
vertex 6.999973773956299 -13.985025405883789 0
vertex 2.4499738216400146 -18.885025024414062 0
endloop
endfacet
facet normal 0 0 -1
outer loop
vertex 2.4499738216400146 -18.885025024414062 0
vertex 6.999973773956299 -18.185026168823242 0
vertex 6.999973773956299 -18.885025024414062 0
endloop
endfacet
facet normal 0 0 -1
outer loop
vertex 6.999973773956299 -18.185026168823242 0
vertex 2.4499738216400146 -18.885025024414062 0
vertex 6.999973773956299 -14.685025215148926 0
endloop
endfacet
facet normal 0 0 -1
outer loop
vertex 6.999973773956299 -14.685025215148926 0
vertex 2.4499738216400146 -18.885025024414062 0
vertex 6.999973773956299 -13.985025405883789 0
endloop
endfacet
facet normal 0 0 -1
outer loop
vertex 6.999973773956299 -14.685025215148926 0
vertex 11.999974250793457 -14.685025215148926 0
vertex 6.999973773956299 -18.185026168823242 0
endloop
endfacet
facet normal 0 0 -1
outer loop
vertex 16.54997444152832 -32.98502731323242 0
vertex 16.54997444152832 -18.885025024414062 0
vertex 25.99997329711914 -14.685025215148926 0
endloop
endfacet
facet normal 0 0 -1
outer loop
vertex 6.999973773956299 -18.185026168823242 0
vertex 16.54997444152832 -13.985025405883789 0
vertex 11.999974250793457 -18.185026168823242 0
endloop
endfacet
facet normal 0 0 -1
outer loop
vertex 11.999974250793457 -18.885025024414062 0
vertex 11.999974250793457 -18.185026168823242 0
vertex 16.54997444152832 -13.985025405883789 0
endloop
endfacet
facet normal 0 0 -1
outer loop
vertex 11.999974250793457 -18.885025024414062 0
vertex 16.54997444152832 -13.985025405883789 0
vertex 16.54997444152832 -18.885025024414062 0
endloop
endfacet
facet normal 0 0 -1
outer loop
vertex 16.54997444152832 -13.985025405883789 0
vertex 6.999973773956299 -18.185026168823242 0
vertex 11.999974250793457 -14.685025215148926 0
endloop
endfacet
facet normal 0 0 -1
outer loop
vertex 16.54997444152832 -13.985025405883789 0
vertex 11.999974250793457 -14.685025215148926 0
vertex 11.999974250793457 -13.985025405883789 0
endloop
endfacet
facet normal 0 0 -1
outer loop
vertex 16.54997444152832 -18.885025024414062 0
vertex 16.54997444152832 -13.985025405883789 0
vertex 21.449974060058594 -13.985025405883789 0
endloop
endfacet
facet normal 0 0 -1
outer loop
vertex -18.400026321411133 -26.995025634765625 0
vertex -18.400026321411133 -27.365026473999023 0
vertex -18.572233200073242 -26.960771560668945 0
endloop
endfacet
facet normal 0 0 -1
outer loop
vertex -18.815771102905273 -25.447233200073242 0
vertex -21.45002555847168 -26.57895851135254 0
vertex -18.850027084350586 -25.275026321411133 0
endloop
endfacet
facet normal 0 0 -1
outer loop
vertex -18.718223571777344 -25.593223571777344 0
vertex -21.45002555847168 -26.57895851135254 0
vertex -18.815771102905273 -25.447233200073242 0
endloop
endfacet
facet normal 0 0 -1
outer loop
vertex -18.718223571777344 -26.22682762145996 0
vertex -21.45002555847168 -26.57895851135254 0
vertex -18.718223571777344 -25.593223571777344 0
endloop
endfacet
facet normal 0 0 -1
outer loop
vertex -18.815771102905273 -26.372817993164062 0
vertex -21.45002555847168 -26.57895851135254 0
vertex -18.718223571777344 -26.22682762145996 0
endloop
endfacet
facet normal 0 0 -1
outer loop
vertex -18.850027084350586 -26.545024871826172 0
vertex -21.45002555847168 -26.57895851135254 0
vertex -18.815771102905273 -26.372817993164062 0
endloop
endfacet
facet normal 0 0 -1
outer loop
vertex -18.815771102905273 -26.717233657836914 0
vertex -21.45002555847168 -26.57895851135254 0
vertex -18.850027084350586 -26.545024871826172 0
endloop
endfacet
facet normal 0 0 -1
outer loop
vertex -18.572233200073242 -26.960771560668945 0
vertex -21.45002555847168 -26.57895851135254 0
vertex -18.718223571777344 -26.863224029541016 0
endloop
endfacet
facet normal 0 0 -1
outer loop
vertex -21.45002555847168 -26.57895851135254 0
vertex -18.815771102905273 -26.717233657836914 0
vertex -18.718223571777344 -26.863224029541016 0
endloop
endfacet
facet normal 0 0 -1
outer loop
vertex -18.400026321411133 -27.365026473999023 0
vertex -21.45002555847168 -26.57895851135254 0
vertex -18.572233200073242 -26.960771560668945 0
endloop
endfacet
facet normal 0 0 -1
outer loop
vertex -18.572233200073242 -27.399280548095703 0
vertex -21.45002555847168 -26.57895851135254 0
vertex -18.400026321411133 -27.365026473999023 0
endloop
endfacet
facet normal 0 0 -1
outer loop
vertex -18.718223571777344 -27.496828079223633 0
vertex -21.45002555847168 -26.57895851135254 0
vertex -18.572233200073242 -27.399280548095703 0
endloop
endfacet
facet normal 0 0 -1
outer loop
vertex -18.227819442749023 -27.399280548095703 0
vertex -18.227819442749023 -26.960771560668945 0
vertex -18.081829071044922 -27.496828079223633 0
endloop
endfacet
facet normal 0 0 -1
outer loop
vertex -18.400026321411133 -27.365026473999023 0
vertex -18.400026321411133 -26.995025634765625 0
vertex -18.227819442749023 -27.399280548095703 0
endloop
endfacet
facet normal 0 0 -1
outer loop
vertex -18.572233200073242 -28.230772018432617 0
vertex -18.227819442749023 -28.669279098510742 0
vertex -18.718223571777344 -28.133224487304688 0
endloop
endfacet
facet normal 0 0 -1
outer loop
vertex -18.081829071044922 -28.766826629638672 0
vertex -18.227819442749023 -28.669279098510742 0
vertex -18.572233200073242 -28.230772018432617 0
endloop
endfacet
facet normal 0 0 -1
outer loop
vertex -18.815771102905273 -27.642818450927734 0
vertex -21.45002555847168 -26.57895851135254 0
vertex -18.718223571777344 -27.496828079223633 0
endloop
endfacet
facet normal 0 0 -1
outer loop
vertex -18.850027084350586 -27.815025329589844 0
vertex -21.45002555847168 -26.57895851135254 0
vertex -18.815771102905273 -27.642818450927734 0
endloop
endfacet
facet normal 0 0 -1
outer loop
vertex -18.815771102905273 -27.987232208251953 0
vertex -21.45002555847168 -26.57895851135254 0
vertex -18.850027084350586 -27.815025329589844 0
endloop
endfacet
facet normal 0 0 -1
outer loop
vertex -18.718223571777344 -28.133224487304688 0
vertex -21.45002555847168 -26.57895851135254 0
vertex -18.815771102905273 -27.987232208251953 0
endloop
endfacet
facet normal 0 0 -1
outer loop
vertex -18.227819442749023 -28.669279098510742 0
vertex -21.45002555847168 -26.57895851135254 0
vertex -18.718223571777344 -28.133224487304688 0
endloop
endfacet
facet normal 0 0 -1
outer loop
vertex -18.400026321411133 -28.635025024414062 0
vertex -21.45002555847168 -26.57895851135254 0
vertex -18.227819442749023 -28.669279098510742 0
endloop
endfacet
facet normal 0 0 -1
outer loop
vertex -18.572233200073242 -28.669279098510742 0
vertex -21.45002555847168 -26.57895851135254 0
vertex -18.400026321411133 -28.635025024414062 0
endloop
endfacet
facet normal 0 0 -1
outer loop
vertex -18.718223571777344 -28.766826629638672 0
vertex -21.45002555847168 -26.57895851135254 0
vertex -18.572233200073242 -28.669279098510742 0
endloop
endfacet
facet normal 0 0 -1
outer loop
vertex 2.429924488067627 28.388381958007812 0
vertex 1.0496817827224731 -34.16502380371094 0
vertex 1.0496817827224731 -32.89502716064453 0
endloop
endfacet
facet normal 0 0 -1
outer loop
vertex 2.429924488067627 28.388381958007812 0
vertex 1.0496817827224731 -32.89502716064453 0
vertex 1.0496817827224731 -31.625024795532227 0
endloop
endfacet
facet normal 0 0 -1
outer loop
vertex 2.429924488067627 28.388381958007812 0
vertex 1.0496817827224731 -31.625024795532227 0
vertex 1.0496817827224731 -30.355026245117188 0
endloop
endfacet
facet normal 0 0 -1
outer loop
vertex 2.429924488067627 28.388381958007812 0
vertex 1.0496817827224731 -30.355026245117188 0
vertex 1.0496817827224731 -29.085025787353516 0
endloop
endfacet
facet normal 0 0 -1
outer loop
vertex 2.4499738216400146 0.11497443169355392 0
vertex 1.0496817827224731 -34.16502380371094 0
vertex 2.4499738216400146 5.014974594116211 0
endloop
endfacet
facet normal 0 0 -1
outer loop
vertex 2.429924488067627 28.388381958007812 0
vertex 1.0496817827224731 -29.085025787353516 0
vertex 1.0496817827224731 -27.815025329589844 0
endloop
endfacet
facet normal 0 0 -1
outer loop
vertex 2.429924488067627 28.388381958007812 0
vertex 1.0496817827224731 -27.815025329589844 0
vertex 1.0496817827224731 -26.545024871826172 0
endloop
endfacet
facet normal 0 0 -1
outer loop
vertex 2.429924488067627 28.388381958007812 0
vertex 1.0496817827224731 -26.545024871826172 0
vertex 1.0496817827224731 -25.275026321411133 0
endloop
endfacet
facet normal 0 0 -1
outer loop
vertex 2.429924488067627 28.388381958007812 0
vertex 1.0496817827224731 -25.275026321411133 0
vertex 1.015427589416504 -25.10281753540039 0
endloop
endfacet
facet normal 0 0 -1
outer loop
vertex 0.2814837396144867 -24.95682716369629 0
vertex 2.429924488067627 28.388381958007812 0
vertex 0.4274742603302002 -24.85927963256836 0
endloop
endfacet
facet normal 0 0 -1
outer loop
vertex 0.4274742603302002 -24.85927963256836 0
vertex 2.429924488067627 28.388381958007812 0
vertex 0.5996817946434021 -24.82502555847168 0
endloop
endfacet
facet normal 0 0 -1
outer loop
vertex 2.429924488067627 28.388381958007812 0
vertex 0.771889328956604 -24.85927963256836 0
vertex 0.5996817946434021 -24.82502555847168 0
endloop
endfacet
facet normal 0 0 -1
outer loop
vertex 2.429924488067627 28.388381958007812 0
vertex 0.9178798198699951 -24.95682716369629 0
vertex 0.771889328956604 -24.85927963256836 0
endloop
endfacet
facet normal 0 0 -1
outer loop
vertex 2.429924488067627 28.388381958007812 0
vertex 1.015427589416504 -25.10281753540039 0
vertex 0.9178798198699951 -24.95682716369629 0
endloop
endfacet
facet normal 0 0 -1
outer loop
vertex 2.4499738216400146 5.014974594116211 0
vertex 1.0496817827224731 -34.16502380371094 0
vertex 2.4499738216400146 19.114974975585938 0
endloop
endfacet
facet normal 0 0 -1
outer loop
vertex 21.449974060058594 -13.985025405883789 0
vertex 16.54997444152832 -13.985025405883789 0
vertex 16.54997444152832 0.11497443169355392 0
endloop
endfacet
facet normal 0 0 -1
outer loop
vertex 21.449974060058594 -13.985025405883789 0
vertex 16.54997444152832 0.11497443169355392 0
vertex 21.449974060058594 0.11497443169355392 0
endloop
endfacet
facet normal 0 0 -1
outer loop
vertex 25.99997329711914 -14.685025215148926 0
vertex 30.99997329711914 -14.685025215148926 0
vertex 16.54997444152832 -32.98502731323242 0
endloop
endfacet
facet normal 0 0 -1
outer loop
vertex 35.54997253417969 -13.985025405883789 0
vertex 16.54997444152832 -32.98502731323242 0
vertex 30.99997329711914 -14.685025215148926 0
endloop
endfacet
facet normal 0 0 -1
outer loop
vertex 25.99997329711914 -14.685025215148926 0
vertex 16.54997444152832 -18.885025024414062 0
vertex 21.449974060058594 -13.985025405883789 0
endloop
endfacet
facet normal 0 0 -1
outer loop
vertex 25.99997329711914 -14.685025215148926 0
vertex 21.449974060058594 -13.985025405883789 0
vertex 25.99997329711914 -13.985025405883789 0
endloop
endfacet
facet normal 0 0 -1
outer loop
vertex 30.949974060058594 -24.015026092529297 0
vertex 35.49997329711914 -23.315025329589844 0
vertex 35.49997329711914 -24.015026092529297 0
endloop
endfacet
facet normal 0 0 -1
outer loop
vertex 35.54997253417969 -13.985025405883789 0
vertex 30.99997329711914 -14.685025215148926 0
vertex 30.99997329711914 -13.985025405883789 0
endloop
endfacet
facet normal 0 0 -1
outer loop
vertex -18.815771102905273 -28.912818908691406 0
vertex -21.45002555847168 -26.57895851135254 0
vertex -18.718223571777344 -28.766826629638672 0
endloop
endfacet
facet normal 0 0 -1
outer loop
vertex -18.850027084350586 -29.085025787353516 0
vertex -21.45002555847168 -26.57895851135254 0
vertex -18.815771102905273 -28.912818908691406 0
endloop
endfacet
facet normal 0 0 -1
outer loop
vertex -18.850027084350586 -29.085025787353516 0
vertex -18.815771102905273 -29.257232666015625 0
vertex -21.45002555847168 -26.57895851135254 0
endloop
endfacet
facet normal 0 0 -1
outer loop
vertex -18.815771102905273 -29.257232666015625 0
vertex -18.718223571777344 -29.403223037719727 0
vertex -21.45002555847168 -26.57895851135254 0
endloop
endfacet
facet normal 0 0 -1
outer loop
vertex -18.400026321411133 -29.905025482177734 0
vertex -21.45002555847168 -26.57895851135254 0
vertex -18.718223571777344 -29.403223037719727 0
endloop
endfacet
facet normal 0 0 -1
outer loop
vertex -16.550025939941406 -30.280912399291992 0
vertex -18.081829071044922 -28.133224487304688 0
vertex -17.98427963256836 -27.987232208251953 0
endloop
endfacet
facet normal 0 0 -1
outer loop
vertex -16.550025939941406 -30.280912399291992 0
vertex -18.227819442749023 -28.230772018432617 0
vertex -18.081829071044922 -28.133224487304688 0
endloop
endfacet
facet normal 0 0 -1
outer loop
vertex -16.550025939941406 -30.280912399291992 0
vertex -18.400026321411133 -28.265026092529297 0
vertex -18.227819442749023 -28.230772018432617 0
endloop
endfacet
facet normal 0 0 -1
outer loop
vertex -16.550025939941406 -30.280912399291992 0
vertex -18.572233200073242 -28.230772018432617 0
vertex -18.400026321411133 -28.265026092529297 0
endloop
endfacet
facet normal 0 0 -1
outer loop
vertex -16.550025939941406 -30.280912399291992 0
vertex -18.081829071044922 -28.766826629638672 0
vertex -18.572233200073242 -28.230772018432617 0
endloop
endfacet
facet normal 0 0 -1
outer loop
vertex -17.98427963256836 -28.912818908691406 0
vertex -18.081829071044922 -28.766826629638672 0
vertex -16.550025939941406 -30.280912399291992 0
endloop
endfacet
facet normal 0 0 -1
outer loop
vertex -17.95002555847168 -29.085025787353516 0
vertex -17.98427963256836 -28.912818908691406 0
vertex -16.550025939941406 -30.280912399291992 0
endloop
endfacet
facet normal 0 0 -1
outer loop
vertex -17.98427963256836 -29.257232666015625 0
vertex -16.550025939941406 -30.280912399291992 0
vertex -16.550025939941406 -31.124204635620117 0
endloop
endfacet
facet normal 0 0 -1
outer loop
vertex -16.550025939941406 -30.280912399291992 0
vertex -17.98427963256836 -29.257232666015625 0
vertex -17.95002555847168 -29.085025787353516 0
endloop
endfacet
facet normal 0 0 -1
outer loop
vertex -16.550025939941406 -31.124204635620117 0
vertex -18.081829071044922 -29.403223037719727 0
vertex -17.98427963256836 -29.257232666015625 0
endloop
endfacet
facet normal 0 0 -1
outer loop
vertex -16.550025939941406 -31.124204635620117 0
vertex -18.227819442749023 -29.500770568847656 0
vertex -18.081829071044922 -29.403223037719727 0
endloop
endfacet
facet normal 0 0 -1
outer loop
vertex -16.550025939941406 -31.124204635620117 0
vertex -18.572233200073242 -29.500770568847656 0
vertex -18.400026321411133 -29.535024642944336 0
endloop
endfacet
facet normal 0 0 -1
outer loop
vertex -18.400026321411133 -29.535024642944336 0
vertex -18.227819442749023 -29.500770568847656 0
vertex -16.550025939941406 -31.124204635620117 0
endloop
endfacet
facet normal 0 0 -1
outer loop
vertex -16.550025939941406 -31.124204635620117 0
vertex -18.081829071044922 -30.036827087402344 0
vertex -18.572233200073242 -29.500770568847656 0
endloop
endfacet
facet normal 0 0 -1
outer loop
vertex -16.550025939941406 -31.124204635620117 0
vertex -17.98427963256836 -30.182817459106445 0
vertex -18.081829071044922 -30.036827087402344 0
endloop
endfacet
facet normal 0 0 -1
outer loop
vertex -16.550025939941406 -31.124204635620117 0
vertex -17.95002555847168 -30.355026245117188 0
vertex -17.98427963256836 -30.182817459106445 0
endloop
endfacet
facet normal 0 0 -1
outer loop
vertex -16.550025939941406 -31.124204635620117 0
vertex -17.98427963256836 -30.527233123779297 0
vertex -17.95002555847168 -30.355026245117188 0
endloop
endfacet
facet normal 0 0 -1
outer loop
vertex -16.550025939941406 -31.124204635620117 0
vertex -18.081829071044922 -30.6732234954834 0
vertex -17.98427963256836 -30.527233123779297 0
endloop
endfacet
facet normal 0 0 -1
outer loop
vertex -16.550025939941406 -31.124204635620117 0
vertex -18.227819442749023 -30.770771026611328 0
vertex -18.081829071044922 -30.6732234954834 0
endloop
endfacet
facet normal 0 0 -1
outer loop
vertex -16.550025939941406 -31.124204635620117 0
vertex -18.400026321411133 -30.805025100708008 0
vertex -18.227819442749023 -30.770771026611328 0
endloop
endfacet
facet normal 0 0 -1
outer loop
vertex -16.550025939941406 -31.124204635620117 0
vertex -18.227819442749023 -31.209280014038086 0
vertex -18.400026321411133 -30.805025100708008 0
endloop
endfacet
facet normal 0 0 -1
outer loop
vertex -16.550025939941406 -31.124204635620117 0
vertex -17.98427963256836 -31.452817916870117 0
vertex -18.081829071044922 -31.306827545166016 0
endloop
endfacet
facet normal 0 0 -1
outer loop
vertex -16.550025939941406 -31.124204635620117 0
vertex -17.95002555847168 -31.625024795532227 0
vertex -17.98427963256836 -31.452817916870117 0
endloop
endfacet
facet normal 0 0 -1
outer loop
vertex -18.081829071044922 -31.306827545166016 0
vertex -18.227819442749023 -31.209280014038086 0
vertex -16.550025939941406 -31.124204635620117 0
endloop
endfacet
facet normal 0 0 -1
outer loop
vertex -16.550025939941406 -31.124204635620117 0
vertex -17.98427963256836 -31.79723358154297 0
vertex -17.95002555847168 -31.625024795532227 0
endloop
endfacet
facet normal 0 0 -1
outer loop
vertex -16.550025939941406 -31.124204635620117 0
vertex -18.081829071044922 -31.94322395324707 0
vertex -17.98427963256836 -31.79723358154297 0
endloop
endfacet
facet normal 0 0 -1
outer loop
vertex -18.718223571777344 -29.403223037719727 0
vertex -18.572233200073242 -29.500770568847656 0
vertex -18.227819442749023 -29.939279556274414 0
endloop
endfacet
facet normal 0 0 -1
outer loop
vertex -18.081829071044922 -30.036827087402344 0
vertex -18.227819442749023 -29.939279556274414 0
vertex -18.572233200073242 -29.500770568847656 0
endloop
endfacet
facet normal 0 0 -1
outer loop
vertex -18.227819442749023 -29.939279556274414 0
vertex -18.400026321411133 -29.905025482177734 0
vertex -18.718223571777344 -29.403223037719727 0
endloop
endfacet
facet normal 0 0 -1
outer loop
vertex -18.400026321411133 -29.905025482177734 0
vertex -18.572233200073242 -29.939279556274414 0
vertex -21.45002555847168 -26.57895851135254 0
endloop
endfacet
facet normal 0 0 -1
outer loop
vertex -18.572233200073242 -29.939279556274414 0
vertex -18.718223571777344 -30.036827087402344 0
vertex -21.45002555847168 -26.57895851135254 0
endloop
endfacet
facet normal 0 0 -1
outer loop
vertex -18.718223571777344 -30.036827087402344 0
vertex -18.815771102905273 -30.182817459106445 0
vertex -21.45002555847168 -26.57895851135254 0
endloop
endfacet
facet normal 0 0 -1
outer loop
vertex -18.850027084350586 -30.355026245117188 0
vertex -21.45002555847168 -26.57895851135254 0
vertex -18.815771102905273 -30.182817459106445 0
endloop
endfacet
facet normal 0 0 -1
outer loop
vertex -18.400026321411133 -31.175025939941406 0
vertex -18.400026321411133 -30.805025100708008 0
vertex -18.227819442749023 -31.209280014038086 0
endloop
endfacet
facet normal 0 0 -1
outer loop
vertex -18.572233200073242 -31.209280014038086 0
vertex -18.400026321411133 -30.805025100708008 0
vertex -18.400026321411133 -31.175025939941406 0
endloop
endfacet
facet normal 0 0 -1
outer loop
vertex 58.23369598388672 -49.83487319946289 0
vertex 4.361598968505859 -50.18502426147461 0
vertex 60.462318420410156 -47.60624694824219 0
endloop
endfacet
facet normal 0 0 -1
outer loop
vertex 4.361598968505859 -50.18502426147461 0
vertex 59.512474060058594 -46.90013885498047 0
vertex 60.754798889160156 -46.90013885498047 0
endloop
endfacet
facet normal 0 0 -1
outer loop
vertex 60.462318420410156 -47.60624694824219 0
vertex 4.361598968505859 -50.18502426147461 0
vertex 60.754798889160156 -46.90013885498047 0
endloop
endfacet
facet normal 0 0 -1
outer loop
vertex 45.04997253417969 -38.11502456665039 0
vertex 40.49997329711914 -38.815025329589844 0
vertex 40.49997329711914 -38.11502456665039 0
endloop
endfacet
facet normal 0.9238791069161851 -0.38268445984094035 0
outer loop
vertex 60.462318420410156 -47.60624694824219 0
vertex 60.754798889160156 -46.90013885498047 0
vertex 60.754798889160156 -46.90013885498047 0.20000000298023224
endloop
endfacet
facet normal 0 0 -1
outer loop
vertex -54.550025939941406 -18.885025024414062 0
vertex -59.45002746582031 -18.885025024414062 0
vertex -59.45002746582031 -13.985025405883789 0
endloop
endfacet
facet normal 0 0 -1
outer loop
vertex -59.45002746582031 -18.885025024414062 0
vertex -64.0000228881836 -14.685025215148926 0
vertex -59.45002746582031 -13.985025405883789 0
endloop
endfacet
facet normal 0 0 -1
outer loop
vertex -59.45002746582031 -13.985025405883789 0
vertex -50.00002670288086 -18.885025024414062 0
vertex -54.550025939941406 -18.885025024414062 0
endloop
endfacet
facet normal 0 0 -1
outer loop
vertex -50.00002670288086 -18.885025024414062 0
vertex -54.550025939941406 -13.985025405883789 0
vertex -50.00002670288086 -18.185026168823242 0
endloop
endfacet
facet normal 0 0 -1
outer loop
vertex -50.00002670288086 -18.885025024414062 0
vertex -59.45002746582031 -13.985025405883789 0
vertex -54.550025939941406 -13.985025405883789 0
endloop
endfacet
facet normal 0 0 -1
outer loop
vertex -50.00002670288086 -18.185026168823242 0
vertex -54.550025939941406 -13.985025405883789 0
vertex -50.00002670288086 -14.685025215148926 0
endloop
endfacet
facet normal 0 0 -1
outer loop
vertex -18.718223571777344 -31.306827545166016 0
vertex -18.400026321411133 -30.805025100708008 0
vertex -18.572233200073242 -31.209280014038086 0
endloop
endfacet
facet normal 0 0 -1
outer loop
vertex 59.512474060058594 -46.90013885498047 0
vertex 45.04997253417969 -38.11502456665039 0
vertex 45.04997253417969 -24.015026092529297 0
endloop
endfacet
facet normal 0 0 -1
outer loop
vertex 59.512474060058594 -46.90013885498047 0
vertex 45.04997253417969 -24.015026092529297 0
vertex 59.512474060058594 -27.90013885498047 0
endloop
endfacet
facet normal 0.4062165494720256 0.9137768408835065 0
outer loop
vertex 78.60240173339844 45.06307601928711 0
vertex 77.71602630615234 45.45711135864258 0
vertex 78.60240173339844 45.06307601928711 5
endloop
endfacet
facet normal 0.7406006822044248 0.6719454066502284 0
outer loop
vertex 80.69269561767578 42.75920867919922 0
vertex 78.60240173339844 45.06307601928711 0
vertex 80.69269561767578 42.75920867919922 5
endloop
endfacet
facet normal 0.933519644986178 0.35852625067752053 0
outer loop
vertex 81.00145721435547 41.95525360107422 0.20000000298023224
vertex 80.95105743408203 42.086483001708984 0.20000000298023224
vertex 81.00145721435547 41.95525360107422 4.5
endloop
endfacet
facet normal 0.3826799874792473 -0.923880959422199 0
outer loop
vertex 57.38834762573242 -50.18502426147461 0
vertex 58.23369598388672 -49.83487319946289 0
vertex 57.38834762573242 -50.18502426147461 5
endloop
endfacet
facet normal 0.7071073863574364 -0.7071061760151407 0
outer loop
vertex 58.23369598388672 -49.83487319946289 0
vertex 60.462318420410156 -47.60624694824219 0
vertex 58.23369598388672 -49.83487319946289 5
endloop
endfacet
facet normal 0.923879106916185 -0.38268445984094035 0
outer loop
vertex 60.462318420410156 -47.60624694824219 0
vertex 60.754798889160156 -46.90013885498047 0.20000000298023224
vertex 60.462318420410156 -47.60624694824219 5
endloop
endfacet
facet normal 1 0 0
outer loop
vertex 60.81247329711914 -46.40013885498047 0.20000000298023224
vertex 60.81247329711914 -46.760902404785156 4.5
vertex 60.81247329711914 -46.760902404785156 0.20000000298023224
endloop
endfacet
facet normal 0 -1 0
outer loop
vertex 61.512474060058594 -46.40013885498047 0.20000000298023224
vertex 60.81247329711914 -46.40013885498047 4.5
vertex 60.81247329711914 -46.40013885498047 0.20000000298023224
endloop
endfacet
facet normal 0.9238776981847748 -0.38268786079056466 -5.86138433221749e-7
outer loop
vertex 60.462318420410156 -47.60624694824219 5
vertex 60.754798889160156 -46.90013885498047 0.20000000298023224
vertex 60.81247329711914 -46.760902404785156 0.20000000298023224
endloop
endfacet
facet normal 0 0 -1
outer loop
vertex -18.815771102905273 -30.527233123779297 0
vertex -21.45002555847168 -32.98502731323242 0
vertex -18.850027084350586 -30.355026245117188 0
endloop
endfacet
facet normal 1 0 0
outer loop
vertex 61.512474060058594 -46.40013885498047 0.20000000298023224
vertex 61.512474060058594 -27.90013885498047 0.20000000298023224
vertex 61.512474060058594 -27.90013885498047 4.5
endloop
endfacet
facet normal 0 0 -1
outer loop
vertex 40.49997329711914 -24.015026092529297 0
vertex 40.49997329711914 -23.315025329589844 0
vertex 45.04997253417969 -24.015026092529297 0
endloop
endfacet
facet normal 0 0 -1
outer loop
vertex 35.49997329711914 -23.315025329589844 0
vertex 30.949974060058594 -24.015026092529297 0
vertex 59.512474060058594 -14.39238452911377 0
endloop
endfacet
facet normal 0 0 -1
outer loop
vertex 40.49997329711914 -23.315025329589844 0
vertex 35.49997329711914 -23.315025329589844 0
vertex 59.512474060058594 -14.39238452911377 0
endloop
endfacet
facet normal 0 0 -1
outer loop
vertex 45.04997253417969 -24.015026092529297 0
vertex 40.49997329711914 -23.315025329589844 0
vertex 59.512474060058594 -14.39238452911377 0
endloop
endfacet
facet normal 0 0 -1
outer loop
vertex 59.512474060058594 -14.39238452911377 0
vertex 30.949974060058594 -24.015026092529297 0
vertex 35.54997253417969 -13.985025405883789 0
endloop
endfacet
facet normal 0 0 -1
outer loop
vertex 59.512474060058594 -27.90013885498047 0
vertex 45.04997253417969 -24.015026092529297 0
vertex 59.512474060058594 -14.39238452911377 0
endloop
endfacet
facet normal 0.9999939654071377 -0.003474068120856924 0
outer loop
vertex 81.00145721435547 41.95525360107422 0.20000000298023224
vertex 81.00017547607422 41.58631134033203 4.5
vertex 81.00017547607422 41.58631134033203 0.20000000298023224
endloop
endfacet
facet normal 0.9335216451024378 0.35852104279275543 -1.8237977136309884e-7
outer loop
vertex 80.95105743408203 42.086483001708984 0.20000000298023224
vertex 80.69269561767578 42.75920867919922 0
vertex 81.00145721435547 41.95525360107422 4.5
endloop
endfacet
facet normal 0.0034713687298951706 0.9999939747814189 0
outer loop
vertex 81.7001724243164 41.58388137817383 0.20000000298023224
vertex 81.00017547607422 41.58631134033203 0.20000000298023224
vertex 81.7001724243164 41.58388137817383 4.5
endloop
endfacet
facet normal 0.9999939600681141 -0.0034756045935726513 0
outer loop
vertex 81.7001724243164 41.58388137817383 0.20000000298023224
vertex 81.7001724243164 41.58388137817383 4.5
vertex 81.69766998291016 40.86388397216797 0.20000000298023224
endloop
endfacet
facet normal 0 0 -1
outer loop
vertex -21.45002555847168 -32.98502731323242 0
vertex -18.815771102905273 -30.527233123779297 0
vertex -18.718223571777344 -30.6732234954834 0
endloop
endfacet
facet normal 0 0 -1
outer loop
vertex 59.512474060058594 -14.39238452911377 0
vertex 35.54997253417969 -13.985025405883789 0
vertex 35.54997253417969 0.11497443169355392 0
endloop
endfacet
facet normal 0.002651466841919687 0.999996484855615 0
outer loop
vertex 77.71602630615234 45.45711135864258 0
vertex 36.097110748291016 45.56746292114258 0
vertex 77.71602630615234 45.45711135864258 5
endloop
endfacet
facet normal 0 0 -1
outer loop
vertex -50.00002670288086 -14.685025215148926 0
vertex -54.550025939941406 -13.985025405883789 0
vertex -50.00002670288086 -13.985025405883789 0
endloop
endfacet
facet normal 0 0 -1
outer loop
vertex 59.512474060058594 -14.39238452911377 0
vertex 35.54997253417969 0.11497443169355392 0
vertex 59.512474060058594 4.607614994049072 0
endloop
endfacet
facet normal 0 0 -1
outer loop
vertex -50.00002670288086 -18.185026168823242 0
vertex -45.00002670288086 -14.685025215148926 0
vertex -45.00002670288086 -18.185026168823242 0
endloop
endfacet
facet normal 0 0 -1
outer loop
vertex -45.00002670288086 -14.685025215148926 0
vertex -50.00002670288086 -18.185026168823242 0
vertex -50.00002670288086 -14.685025215148926 0
endloop
endfacet
facet normal 0.9999939723087752 -0.0034720809489982973 0
outer loop
vertex 81.6376724243164 23.583988189697266 0.20000000298023224
vertex 81.69766998291016 40.86388397216797 0.20000000298023224
vertex 81.6376724243164 23.583988189697266 4.5
endloop
endfacet
facet normal 1 0 0
outer loop
vertex 61.512474060058594 -27.90013885498047 4.5
vertex 61.512474060058594 -27.90013885498047 0.20000000298023224
vertex 61.512474060058594 -14.39238452911377 0.20000000298023224
endloop
endfacet
facet normal 1 0 0
outer loop
vertex 61.512474060058594 -14.39238452911377 0.20000000298023224
vertex 61.512474060058594 4.107614994049072 0.20000000298023224
vertex 61.512474060058594 4.107614994049072 4.5
endloop
endfacet
facet normal -0.9238795563205092 -0.38268337488453696 0
outer loop
vertex 0.9881501793861389 -46.883243560791016 5
vertex 1.287627935409546 -47.60624694824219 0
vertex 1.287627935409546 -47.60624694824219 5
endloop
endfacet
facet normal -0.7071071594182924 -0.7071064029546003 0
outer loop
vertex 1.287627935409546 -47.60624694824219 5
vertex 3.516251802444458 -49.83487319946289 0
vertex 3.516251802444458 -49.83487319946289 5
endloop
endfacet
facet normal -0.3826804480990963 -0.9238807686290882 0
outer loop
vertex 3.516251802444458 -49.83487319946289 5
vertex 4.361598968505859 -50.18502426147461 0
vertex 4.361598968505859 -50.18502426147461 5
endloop
endfacet
facet normal -0.7740545307469934 -0.6331189330844971 0
outer loop
vertex 0.8574163913726807 -46.72340774536133 5
vertex 0.9881501793861389 -46.883243560791016 0
vertex 0.9881501793861389 -46.883243560791016 5
endloop
endfacet
facet normal -0.5583066444465705 -0.8296346730741253 0
outer loop
vertex 0.8574163913726807 -46.72340774536133 5
vertex -0.8149446845054626 -45.597984313964844 5
vertex 0.8574163913726807 -46.72340774536133 0
endloop
endfacet
facet normal 0 0 -1
outer loop
vertex -18.400026321411133 -30.805025100708008 0
vertex -21.45002555847168 -32.98502731323242 0
vertex -18.572233200073242 -30.770771026611328 0
endloop
endfacet
facet normal 0 0 -1
outer loop
vertex -21.45002555847168 -32.98502731323242 0
vertex -18.718223571777344 -30.6732234954834 0
vertex -18.572233200073242 -30.770771026611328 0
endloop
endfacet
facet normal 0 0 -1
outer loop
vertex -18.718223571777344 -31.306827545166016 0
vertex -21.45002555847168 -32.98502731323242 0
vertex -18.400026321411133 -30.805025100708008 0
endloop
endfacet
facet normal 0 0 -1
outer loop
vertex -12.000025749206543 -33.68502426147461 0
vertex -16.550025939941406 -32.98502731323242 0
vertex -12.000025749206543 -32.98502731323242 0
endloop
endfacet
facet normal 0 0 -1
outer loop
vertex -1.0122462511062622 -45.53706741333008 0
vertex -17.98427963256836 -33.99281692504883 0
vertex -16.550025939941406 -32.98502731323242 0
endloop
endfacet
facet normal 0 0 -1
outer loop
vertex -1.0122462511062622 -45.53706741333008 0
vertex -17.95002555847168 -34.16502380371094 0
vertex -17.98427963256836 -33.99281692504883 0
endloop
endfacet
facet normal 0 -1 0
outer loop
vertex 4.361598968505859 -50.18502426147461 5
vertex 57.38834762573242 -50.18502426147461 0
vertex 57.38834762573242 -50.18502426147461 5
endloop
endfacet
facet normal 0 0 -1
outer loop
vertex -16.550025939941406 -32.98502731323242 0
vertex -17.95002555847168 -32.89502716064453 0
vertex -16.550025939941406 -31.124204635620117 0
endloop
endfacet
facet normal 0 0 -1
outer loop
vertex -16.550025939941406 -31.124204635620117 0
vertex -17.98427963256836 -32.722816467285156 0
vertex -18.081829071044922 -32.57682800292969 0
endloop
endfacet
facet normal 0 0 -1
outer loop
vertex -18.081829071044922 -32.57682800292969 0
vertex -18.081829071044922 -31.94322395324707 0
vertex -16.550025939941406 -31.124204635620117 0
endloop
endfacet
facet normal 0 0 1
outer loop
vertex 2.4499738216400146 -32.98502731323242 5
vertex 3.516251802444458 -49.83487319946289 5
vertex 4.361598968505859 -50.18502426147461 5
endloop
endfacet
facet normal 0 0 1
outer loop
vertex 1.287627935409546 -47.60624694824219 5
vertex 3.516251802444458 -49.83487319946289 5
vertex 2.4499738216400146 -32.98502731323242 5
endloop
endfacet
facet normal 0 0 1
outer loop
vertex 0.9881501793861389 -46.883243560791016 5
vertex 1.287627935409546 -47.60624694824219 5
vertex 2.4499738216400146 -32.98502731323242 5
endloop
endfacet
facet normal 0 0 1
outer loop
vertex 0.8574163913726807 -46.72340774536133 5
vertex 0.9881501793861389 -46.883243560791016 5
vertex 2.4499738216400146 -32.98502731323242 5
endloop
endfacet
facet normal 0 0 1
outer loop
vertex 2.4499738216400146 -32.98502731323242 5
vertex 4.361598968505859 -50.18502426147461 5
vertex 16.54997444152832 -32.98502731323242 5
endloop
endfacet
facet normal 0 0 -1
outer loop
vertex -17.95002555847168 -32.89502716064453 0
vertex -17.98427963256836 -32.722816467285156 0
vertex -16.550025939941406 -31.124204635620117 0
endloop
endfacet
facet normal 0 0 -1
outer loop
vertex -16.550025939941406 -32.98502731323242 0
vertex -17.98427963256836 -33.06723403930664 0
vertex -17.95002555847168 -32.89502716064453 0
endloop
endfacet
facet normal 0 0 1
outer loop
vertex 0.8574163913726807 -46.72340774536133 5
vertex 2.4499738216400146 -32.98502731323242 5
vertex 2.4499738216400146 -18.885025024414062 5
endloop
endfacet
facet normal 0 0 1
outer loop
vertex 2.4499738216400146 -18.885025024414062 5
vertex 2.4499738216400146 -13.985025405883789 5
vertex 0.8574163913726807 -46.72340774536133 5
endloop
endfacet
facet normal 0 0 1
outer loop
vertex 16.54997444152832 -32.98502731323242 5
vertex 4.361598968505859 -50.18502426147461 5
vertex 35.54997253417969 -13.985025405883789 5
endloop
endfacet
facet normal 0 0 -1
outer loop
vertex -16.550025939941406 -32.98502731323242 0
vertex -18.081829071044922 -33.21322250366211 0
vertex -17.98427963256836 -33.06723403930664 0
endloop
endfacet
facet normal 0 0 1
outer loop
vertex 30.949974060058594 -38.11502456665039 5
vertex 4.361598968505859 -50.18502426147461 5
vertex 45.04997253417969 -38.11502456665039 5
endloop
endfacet
facet normal 0 0 1
outer loop
vertex 4.361598968505859 -50.18502426147461 5
vertex 57.38834762573242 -50.18502426147461 5
vertex 58.23369598388672 -49.83487319946289 5
endloop
endfacet
facet normal 0 0 1
outer loop
vertex 45.04997253417969 -38.11502456665039 5
vertex 4.361598968505859 -50.18502426147461 5
vertex 59.512474060058594 -46.90013885498047 5
endloop
endfacet
facet normal 0 0 -1
outer loop
vertex -16.550025939941406 -32.98502731323242 0
vertex -17.98427963256836 -33.99281692504883 0
vertex -18.081829071044922 -33.84682846069336 0
endloop
endfacet
facet normal 0 0 1
outer loop
vertex 30.949974060058594 -38.11502456665039 5
vertex 30.949974060058594 -24.015026092529297 5
vertex 4.361598968505859 -50.18502426147461 5
endloop
endfacet
facet normal 0 0 1
outer loop
vertex 35.54997253417969 -13.985025405883789 5
vertex 4.361598968505859 -50.18502426147461 5
vertex 30.949974060058594 -24.015026092529297 5
endloop
endfacet
facet normal 0 0 -1
outer loop
vertex -16.550025939941406 -32.98502731323242 0
vertex -18.081829071044922 -33.84682846069336 0
vertex -18.081829071044922 -33.21322250366211 0
endloop
endfacet
facet normal 0 0 -1
outer loop
vertex -18.081829071044922 -32.57682800292969 0
vertex -18.227819442749023 -32.040771484375 0
vertex -18.081829071044922 -31.94322395324707 0
endloop
endfacet
facet normal 0 0 -1
outer loop
vertex -18.227819442749023 -32.479278564453125 0
vertex -18.400026321411133 -32.07502746582031 0
vertex -18.227819442749023 -32.040771484375 0
endloop
endfacet
facet normal 0 0 -1
outer loop
vertex -18.227819442749023 -32.479278564453125 0
vertex -18.227819442749023 -32.040771484375 0
vertex -18.081829071044922 -32.57682800292969 0
endloop
endfacet
facet normal 0 0 -1
outer loop
vertex -18.400026321411133 -32.44502639770508 0
vertex -18.400026321411133 -32.07502746582031 0
vertex -18.227819442749023 -32.479278564453125 0
endloop
endfacet
facet normal 0 0 -1
outer loop
vertex -18.572233200073242 -32.479278564453125 0
vertex -18.400026321411133 -32.07502746582031 0
vertex -18.400026321411133 -32.44502639770508 0
endloop
endfacet
facet normal 0 0 -1
outer loop
vertex -18.572233200073242 -32.040771484375 0
vertex -18.572233200073242 -32.479278564453125 0
vertex -18.718223571777344 -31.94322395324707 0
endloop
endfacet
facet normal 0 0 -1
outer loop
vertex -18.572233200073242 -32.479278564453125 0
vertex -18.572233200073242 -32.040771484375 0
vertex -18.400026321411133 -32.07502746582031 0
endloop
endfacet
facet normal 0 0 -1
outer loop
vertex -18.718223571777344 -32.57682800292969 0
vertex -18.718223571777344 -31.94322395324707 0
vertex -18.572233200073242 -32.479278564453125 0
endloop
endfacet
facet normal 0 0 -1
outer loop
vertex -18.815771102905273 -31.452817916870117 0
vertex -21.45002555847168 -32.98502731323242 0
vertex -18.718223571777344 -31.306827545166016 0
endloop
endfacet
facet normal 0 0 -1
outer loop
vertex -18.850027084350586 -31.625024795532227 0
vertex -21.45002555847168 -32.98502731323242 0
vertex -18.815771102905273 -31.452817916870117 0
endloop
endfacet
facet normal 0 0 -1
outer loop
vertex -18.815771102905273 -31.79723358154297 0
vertex -21.45002555847168 -32.98502731323242 0
vertex -18.850027084350586 -31.625024795532227 0
endloop
endfacet
facet normal 0 0 -1
outer loop
vertex -18.718223571777344 -31.94322395324707 0
vertex -21.45002555847168 -32.98502731323242 0
vertex -18.815771102905273 -31.79723358154297 0
endloop
endfacet
facet normal 0 0 -1
outer loop
vertex -18.718223571777344 -32.57682800292969 0
vertex -21.45002555847168 -32.98502731323242 0
vertex -18.718223571777344 -31.94322395324707 0
endloop
endfacet
facet normal 0 0 -1
outer loop
vertex -18.815771102905273 -32.722816467285156 0
vertex -21.45002555847168 -32.98502731323242 0
vertex -18.718223571777344 -32.57682800292969 0
endloop
endfacet
facet normal 0 0 -1
outer loop
vertex -18.850027084350586 -32.89502716064453 0
vertex -21.45002555847168 -32.98502731323242 0
vertex -18.815771102905273 -32.722816467285156 0
endloop
endfacet
facet normal 0 0 -1
outer loop
vertex -18.815771102905273 -33.06723403930664 0
vertex -21.45002555847168 -32.98502731323242 0
vertex -18.850027084350586 -32.89502716064453 0
endloop
endfacet
facet normal 0 0 -1
outer loop
vertex -18.718223571777344 -33.21322250366211 0
vertex -21.45002555847168 -32.98502731323242 0
vertex -18.815771102905273 -33.06723403930664 0
endloop
endfacet
facet normal 0 0 -1
outer loop
vertex -18.572233200073242 -33.7492790222168 0
vertex -21.45002555847168 -32.98502731323242 0
vertex -18.718223571777344 -33.21322250366211 0
endloop
endfacet
facet normal 0 0 -1
outer loop
vertex -18.081829071044922 -33.84682846069336 0
vertex -18.227819442749023 -33.31077194213867 0
vertex -18.081829071044922 -33.21322250366211 0
endloop
endfacet
facet normal 0 0 -1
outer loop
vertex -18.227819442749023 -33.7492790222168 0
vertex -18.227819442749023 -33.31077194213867 0
vertex -18.081829071044922 -33.84682846069336 0
endloop
endfacet
facet normal 0 0 -1
outer loop
vertex -18.227819442749023 -33.31077194213867 0
vertex -18.227819442749023 -33.7492790222168 0
vertex -18.400026321411133 -33.34502410888672 0
endloop
endfacet
facet normal 0 0 1
outer loop
vertex 2.4499738216400146 -13.985025405883789 5
vertex 2.4499738216400146 0.11497443169355392 5
vertex 0.8574163913726807 -46.72340774536133 5
endloop
endfacet
facet normal 0 0 -1
outer loop
vertex -18.400026321411133 -33.34502410888672 0
vertex -18.400026321411133 -33.71502685546875 0
vertex -18.572233200073242 -33.31077194213867 0
endloop
endfacet
facet normal 0 0 1
outer loop
vertex 2.4499738216400146 0.11497443169355392 5
vertex 2.4499738216400146 5.014974594116211 5
vertex 0.8574163913726807 -46.72340774536133 5
endloop
endfacet
facet normal 0 0 1
outer loop
vertex 2.4499738216400146 -13.985025405883789 5
vertex 2.4499738216400146 -18.885025024414062 5
vertex 16.54997444152832 -18.885025024414062 5
endloop
endfacet
facet normal 0 0 -1
outer loop
vertex -18.227819442749023 -33.7492790222168 0
vertex -18.400026321411133 -33.71502685546875 0
vertex -18.400026321411133 -33.34502410888672 0
endloop
endfacet
facet normal 0 0 1
outer loop
vertex 16.54997444152832 -13.985025405883789 5
vertex 2.4499738216400146 -13.985025405883789 5
vertex 16.54997444152832 -18.885025024414062 5
endloop
endfacet
facet normal 0 0 1
outer loop
vertex 16.54997444152832 -13.985025405883789 5
vertex 16.54997444152832 -18.885025024414062 5
vertex 21.449974060058594 -13.985025405883789 5
endloop
endfacet
facet normal 0 0 1
outer loop
vertex 2.4499738216400146 5.014974594116211 5
vertex 2.4499738216400146 19.114974975585938 5
vertex 0.8574163913726807 -46.72340774536133 5
endloop
endfacet
facet normal 0 0 1
outer loop
vertex 21.449974060058594 -13.985025405883789 5
vertex 21.449974060058594 0.11497443169355392 5
vertex 16.54997444152832 -13.985025405883789 5
endloop
endfacet
facet normal 0 0 1
outer loop
vertex 21.449974060058594 0.11497443169355392 5
vertex 21.449974060058594 5.014974594116211 5
vertex 16.54997444152832 -13.985025405883789 5
endloop
endfacet
facet normal 0 0 -1
outer loop
vertex -18.572233200073242 -33.31077194213867 0
vertex -18.572233200073242 -33.7492790222168 0
vertex -18.718223571777344 -33.21322250366211 0
endloop
endfacet
facet normal 0 0 -1
outer loop
vertex -18.572233200073242 -33.7492790222168 0
vertex -18.572233200073242 -33.31077194213867 0
vertex -18.400026321411133 -33.71502685546875 0
endloop
endfacet
facet normal 0 0 1
outer loop
vertex 16.54997444152832 -18.885025024414062 5
vertex 16.54997444152832 -32.98502731323242 5
vertex 35.54997253417969 -13.985025405883789 5
endloop
endfacet
facet normal 0 0 -1
outer loop
vertex -18.400026321411133 -34.61502456665039 0
vertex -18.227819442749023 -35.01927947998047 0
vertex -18.400026321411133 -34.98502731323242 0
endloop
endfacet
facet normal 0 0 1
outer loop
vertex 21.449974060058594 -13.985025405883789 5
vertex 16.54997444152832 -18.885025024414062 5
vertex 35.54997253417969 -13.985025405883789 5
endloop
endfacet
facet normal 0 0 -1
outer loop
vertex -18.400026321411133 -34.98502731323242 0
vertex -18.572233200073242 -34.580772399902344 0
vertex -18.400026321411133 -34.61502456665039 0
endloop
endfacet
facet normal 0 0 -1
outer loop
vertex -18.718223571777344 -34.48322296142578 0
vertex -18.572233200073242 -34.580772399902344 0
vertex -18.400026321411133 -34.98502731323242 0
endloop
endfacet
facet normal 0.9238776981849336 -0.38268786079063044 0
outer loop
vertex 60.81247329711914 -46.760902404785156 0.20000000298023224
vertex 60.81247329711914 -46.760902404785156 4.5
vertex 60.754798889160156 -46.90013885498047 4.5
endloop
endfacet
facet normal 1 0 0
outer loop
vertex 60.81247329711914 -46.760902404785156 4.5
vertex 60.81247329711914 -46.40013885498047 0.20000000298023224
vertex 60.81247329711914 -46.40013885498047 4.5
endloop
endfacet
facet normal 0.3826799874792473 -0.923880959422199 0
outer loop
vertex 57.38834762573242 -50.18502426147461 5
vertex 58.23369598388672 -49.83487319946289 0
vertex 58.23369598388672 -49.83487319946289 5
endloop
endfacet
facet normal 0.7071073863574364 -0.7071061760151407 0
outer loop
vertex 58.23369598388672 -49.83487319946289 5
vertex 60.462318420410156 -47.60624694824219 0
vertex 60.462318420410156 -47.60624694824219 5
endloop
endfacet
facet normal 0.9238791399747414 -0.3826843800307442 1.3204721500136248e-7
outer loop
vertex 60.462318420410156 -47.60624694824219 5
vertex 60.81247329711914 -46.760902404785156 0.20000000298023224
vertex 60.754798889160156 -46.90013885498047 4.5
endloop
endfacet
facet normal 0 0 -1
outer loop
vertex -18.718223571777344 -33.84682846069336 0
vertex -21.45002555847168 -32.98502731323242 0
vertex -18.572233200073242 -33.7492790222168 0
endloop
endfacet
facet normal 0 -1 0
outer loop
vertex 60.81247329711914 -46.40013885498047 4.5
vertex 61.512474060058594 -46.40013885498047 0.20000000298023224
vertex 61.512474060058594 -46.40013885498047 4.5
endloop
endfacet
facet normal 1 0 0
outer loop
vertex 61.512474060058594 -46.40013885498047 4.5
vertex 61.512474060058594 -46.40013885498047 0.20000000298023224
vertex 61.512474060058594 -27.90013885498047 4.5
endloop
endfacet
facet normal 0 0 1
outer loop
vertex 58.23369598388672 -49.83487319946289 5
vertex 60.462318420410156 -47.60624694824219 5
vertex 4.361598968505859 -50.18502426147461 5
endloop
endfacet
facet normal 0 0 1
outer loop
vertex 59.512474060058594 -46.90013885498047 5
vertex 4.361598968505859 -50.18502426147461 5
vertex 60.462318420410156 -47.60624694824219 5
endloop
endfacet
facet normal -0.0034713687298951706 -0.9999939747814189 0
outer loop
vertex 81.6376724243164 23.583988189697266 0.20000000298023224
vertex 80.93767547607422 23.58641815185547 4.5
vertex 80.93767547607422 23.58641815185547 0.20000000298023224
endloop
endfacet
facet normal 0 0 -1
outer loop
vertex -45.00002670288086 -18.885025024414062 0
vertex -45.00002670288086 -18.185026168823242 0
vertex -40.45002746582031 -18.885025024414062 0
endloop
endfacet
facet normal 0 0 -1
outer loop
vertex -40.45002746582031 -18.885025024414062 0
vertex -45.00002670288086 -18.185026168823242 0
vertex -45.00002670288086 -14.685025215148926 0
endloop
endfacet
facet normal 0.923879106916185 -0.38268445984094035 0
outer loop
vertex 60.462318420410156 -47.60624694824219 5
vertex 60.754798889160156 -46.90013885498047 4.5
vertex 60.754798889160156 -46.90013885498047 5
endloop
endfacet
facet normal 0 0 1
outer loop
vertex 60.754798889160156 -46.90013885498047 5
vertex 59.512474060058594 -46.90013885498047 5
vertex 60.462318420410156 -47.60624694824219 5
endloop
endfacet
facet normal 0 0 -1
outer loop
vertex -40.45002746582031 -13.985025405883789 0
vertex -45.00002670288086 -14.685025215148926 0
vertex -45.00002670288086 -13.985025405883789 0
endloop
endfacet
facet normal 0 0 -1
outer loop
vertex -40.45002746582031 -18.885025024414062 0
vertex -45.00002670288086 -14.685025215148926 0
vertex -40.45002746582031 -13.985025405883789 0
endloop
endfacet
facet normal 0 0 -1
outer loop
vertex -54.550025939941406 -13.985025405883789 0
vertex -59.45002746582031 -13.985025405883789 0
vertex -59.45002746582031 0.11497443169355392 0
endloop
endfacet
facet normal 0 0 1
outer loop
vertex 45.04997253417969 -24.015026092529297 5
vertex 45.04997253417969 -38.11502456665039 5
vertex 59.512474060058594 -46.90013885498047 5
endloop
endfacet
facet normal 0 0 -1
outer loop
vertex -54.550025939941406 -13.985025405883789 0
vertex -59.45002746582031 0.11497443169355392 0
vertex -54.550025939941406 0.11497443169355392 0
endloop
endfacet
facet normal 0 0 1
outer loop
vertex 45.04997253417969 -24.015026092529297 5
vertex 59.512474060058594 -46.90013885498047 5
vertex 59.512474060058594 -27.90013885498047 5
endloop
endfacet
facet normal 0.0016267008450191259 0.9999986769213052 0
outer loop
vertex -80.9719467163086 -25.459537506103516 0.20000000298023224
vertex -81.67194366455078 -25.458398818969727 0.20000000298023224
vertex -80.9719467163086 -25.459537506103516 4.5
endloop
endfacet
facet normal -0.9999986671335365 0.001632688253529181 -0.000007759971050368874
outer loop
vertex -80.97113037109375 -24.959537506103516 0.20000000298023224
vertex -80.9719467163086 -25.459537506103516 0.20000000298023224
vertex -80.96268463134766 -19.766202926635742 4.5
endloop
endfacet
facet normal 0 0 -1
outer loop
vertex -18.815771102905273 -33.99281692504883 0
vertex -21.45002555847168 -32.98502731323242 0
vertex -18.718223571777344 -33.84682846069336 0
endloop
endfacet
facet normal 1 0 0
outer loop
vertex 61.512474060058594 -27.90013885498047 4.5
vertex 61.512474060058594 -14.39238452911377 0.20000000298023224
vertex 61.512474060058594 -14.39238452911377 4.5
endloop
endfacet
facet normal 1 0 0
outer loop
vertex 61.512474060058594 -14.39238452911377 4.5
vertex 61.512474060058594 -14.39238452911377 0.20000000298023224
vertex 61.512474060058594 4.107614994049072 4.5
endloop
endfacet
facet normal 0 0 1
outer loop
vertex 30.949974060058594 -24.015026092529297 5
vertex 45.04997253417969 -24.015026092529297 5
vertex 59.512474060058594 4.607614994049072 5
endloop
endfacet
facet normal 0.9335216269553328 0.3585210900444612 0
outer loop
vertex 80.95105743408203 42.086483001708984 0.20000000298023224
vertex 80.95105743408203 42.086483001708984 0
vertex 80.69269561767578 42.75920867919922 0
endloop
endfacet
facet normal 0 0 1
outer loop
vertex 45.04997253417969 -24.015026092529297 5
vertex 59.512474060058594 -27.90013885498047 5
vertex 59.512474060058594 -14.39238452911377 5
endloop
endfacet
facet normal 0 0 -1
outer loop
vertex 79.70191955566406 42.0908203125 0
vertex 80.69269561767578 42.75920867919922 0
vertex 80.95105743408203 42.086483001708984 0
endloop
endfacet
facet normal 0 0 -1
outer loop
vertex 80.69269561767578 42.75920867919922 0
vertex 59.449974060058594 33.36497497558594 0
vertex 78.60240173339844 45.06307601928711 0
endloop
endfacet
facet normal 0 0 -1
outer loop
vertex 78.60240173339844 45.06307601928711 0
vertex 59.449974060058594 33.36497497558594 0
vertex 77.71602630615234 45.45711135864258 0
endloop
endfacet
facet normal 0 0 1
outer loop
vertex 35.54997253417969 -13.985025405883789 5
vertex 30.949974060058594 -24.015026092529297 5
vertex 59.512474060058594 4.607614994049072 5
endloop
endfacet
facet normal 0 0 -1
outer loop
vertex 79.70191955566406 42.0908203125 0
vertex 59.449974060058594 33.36497497558594 0
vertex 80.69269561767578 42.75920867919922 0
endloop
endfacet
facet normal 0 0 1
outer loop
vertex 59.512474060058594 4.607614994049072 5
vertex 45.04997253417969 -24.015026092529297 5
vertex 59.512474060058594 -14.39238452911377 5
endloop
endfacet
facet normal 0 0 -1
outer loop
vertex 79.70191955566406 42.0908203125 0
vertex 73.54997253417969 33.36497497558594 0
vertex 59.449974060058594 33.36497497558594 0
endloop
endfacet
facet normal -0.9999986776332325 0.0016262631356583467 0
outer loop
vertex -80.96268463134766 -19.766202926635742 0.20000000298023224
vertex -80.97113037109375 -24.959537506103516 0.20000000298023224
vertex -80.96268463134766 -19.766202926635742 4.5
endloop
endfacet
facet normal -0.9999986671534763 0.001632694481796912 0
outer loop
vertex -80.96186828613281 -19.266204833984375 0.20000000298023224
vertex -80.96268463134766 -19.766202926635742 0.20000000298023224
vertex -80.96268463134766 -19.766202926635742 4.5
endloop
endfacet
facet normal -0.0016266831155497946 -0.9999986769501455 0
outer loop
vertex -80.96186828613281 -19.266204833984375 0.20000000298023224
vertex -81.66187286376953 -19.265066146850586 4.5
vertex -81.66187286376953 -19.265066146850586 0.20000000298023224
endloop
endfacet
facet normal 0 0 -1
outer loop
vertex 1.0496817827224731 -34.16502380371094 0
vertex 2.429924488067627 28.388381958007812 0
vertex 2.4499738216400146 19.114974975585938 0
endloop
endfacet
facet normal 0 0 -1
outer loop
vertex 2.4499738216400146 5.014974594116211 0
vertex 6.999973773956299 5.014974594116211 0
vertex 2.4499738216400146 0.11497443169355392 0
endloop
endfacet
facet normal 0 0 -1
outer loop
vertex 2.4499738216400146 0.11497443169355392 0
vertex 6.999973773956299 0.8149744272232056 0
vertex 6.999973773956299 0.11497443169355392 0
endloop
endfacet
facet normal 0 0 -1
outer loop
vertex 6.999973773956299 0.8149744272232056 0
vertex 2.4499738216400146 0.11497443169355392 0
vertex 6.999973773956299 4.314974308013916 0
endloop
endfacet
facet normal 0 0 -1
outer loop
vertex 6.999973773956299 4.314974308013916 0
vertex 2.4499738216400146 0.11497443169355392 0
vertex 6.999973773956299 5.014974594116211 0
endloop
endfacet
facet normal 0 0 -1
outer loop
vertex 6.999973773956299 4.314974308013916 0
vertex 11.999974250793457 4.314974308013916 0
vertex 6.999973773956299 0.8149744272232056 0
endloop
endfacet
facet normal 0 0 -1
outer loop
vertex 2.429924488067627 28.388381958007812 0
vertex 0.2814837396144867 -24.95682716369629 0
vertex -2.450026273727417 19.114974975585938 0
endloop
endfacet
facet normal 0 0 -1
outer loop
vertex 6.999973773956299 0.8149744272232056 0
vertex 11.999974250793457 4.314974308013916 0
vertex 11.999974250793457 0.8149744272232056 0
endloop
endfacet
facet normal 0 0 -1
outer loop
vertex 11.999974250793457 0.8149744272232056 0
vertex 16.54997444152832 5.014974594116211 0
vertex 11.999974250793457 0.11497443169355392 0
endloop
endfacet
facet normal 0 0 -1
outer loop
vertex 16.54997444152832 5.014974594116211 0
vertex 11.999974250793457 0.8149744272232056 0
vertex 11.999974250793457 4.314974308013916 0
endloop
endfacet
facet normal 0 0 -1
outer loop
vertex 16.54997444152832 5.014974594116211 0
vertex 11.999974250793457 4.314974308013916 0
vertex 11.999974250793457 5.014974594116211 0
endloop
endfacet
facet normal 0 0 -1
outer loop
vertex 11.999974250793457 0.11497443169355392 0
vertex 21.449974060058594 5.014974594116211 0
vertex 16.54997444152832 0.11497443169355392 0
endloop
endfacet
facet normal 0 0 -1
outer loop
vertex 21.449974060058594 5.014974594116211 0
vertex 11.999974250793457 0.11497443169355392 0
vertex 16.54997444152832 5.014974594116211 0
endloop
endfacet
facet normal 0 0 -1
outer loop
vertex 21.449974060058594 5.014974594116211 0
vertex 16.54997444152832 5.014974594116211 0
vertex 16.54997444152832 19.114974975585938 0
endloop
endfacet
facet normal 0 0 -1
outer loop
vertex -18.850027084350586 -34.16502380371094 0
vertex -21.45002555847168 -32.98502731323242 0
vertex -18.815771102905273 -33.99281692504883 0
endloop
endfacet
facet normal 0 0 -1
outer loop
vertex -18.815771102905273 -34.33723449707031 0
vertex -21.45002555847168 -32.98502731323242 0
vertex -18.850027084350586 -34.16502380371094 0
endloop
endfacet
facet normal 0 0 -1
outer loop
vertex -18.718223571777344 -34.48322296142578 0
vertex -21.45002555847168 -32.98502731323242 0
vertex -18.815771102905273 -34.33723449707031 0
endloop
endfacet
facet normal 0 0 -1
outer loop
vertex -18.400026321411133 -34.98502731323242 0
vertex -21.45002555847168 -32.98502731323242 0
vertex -18.718223571777344 -34.48322296142578 0
endloop
endfacet
facet normal 0 0 -1
outer loop
vertex -18.572233200073242 -35.01927947998047 0
vertex -21.45002555847168 -32.98502731323242 0
vertex -18.400026321411133 -34.98502731323242 0
endloop
endfacet
facet normal 0 0 -1
outer loop
vertex -18.718223571777344 -35.11682891845703 0
vertex -21.45002555847168 -32.98502731323242 0
vertex -18.572233200073242 -35.01927947998047 0
endloop
endfacet
facet normal 0 0 -1
outer loop
vertex -18.815771102905273 -35.2628173828125 0
vertex -21.45002555847168 -32.98502731323242 0
vertex -18.718223571777344 -35.11682891845703 0
endloop
endfacet
facet normal 0 0 -1
outer loop
vertex -18.850027084350586 -35.43502426147461 0
vertex -21.45002555847168 -32.98502731323242 0
vertex -18.815771102905273 -35.2628173828125 0
endloop
endfacet
facet normal 0 0 -1
outer loop
vertex -18.815771102905273 -35.607234954833984 0
vertex -21.45002555847168 -32.98502731323242 0
vertex -18.850027084350586 -35.43502426147461 0
endloop
endfacet
facet normal 0 0 -1
outer loop
vertex -18.718223571777344 -35.75322341918945 0
vertex -21.45002555847168 -32.98502731323242 0
vertex -18.815771102905273 -35.607234954833984 0
endloop
endfacet
facet normal 0 0 -1
outer loop
vertex 2.4499738216400146 19.114974975585938 0
vertex 6.999973773956299 19.814973831176758 0
vertex 6.999973773956299 19.114974975585938 0
endloop
endfacet
facet normal 0 0 -1
outer loop
vertex 2.4499738216400146 19.114974975585938 0
vertex 12.107009887695312 23.71881866455078 0
vertex 6.999973773956299 19.814973831176758 0
endloop
endfacet
facet normal 0 0 -1
outer loop
vertex 2.4499738216400146 19.114974975585938 0
vertex 5.5799736976623535 26.094467163085938 0
vertex 8.739570617675781 24.621122360229492 0
endloop
endfacet
facet normal 0 0 -1
outer loop
vertex 12.107009887695312 23.71881866455078 0
vertex 2.4499738216400146 19.114974975585938 0
vertex 8.739570617675781 24.621122360229492 0
endloop
endfacet
facet normal 0 0 -1
outer loop
vertex 21.449974060058594 5.014974594116211 0
vertex 16.54997444152832 19.114974975585938 0
vertex 21.449974060058594 19.114974975585938 0
endloop
endfacet
facet normal 0 0 -1
outer loop
vertex 12.107009887695312 23.71881866455078 0
vertex 11.999974250793457 19.814973831176758 0
vertex 6.999973773956299 19.814973831176758 0
endloop
endfacet
facet normal 0 0 -1
outer loop
vertex 15.579974174499512 23.414974212646484 0
vertex 11.999974250793457 19.114974975585938 0
vertex 11.999974250793457 19.814973831176758 0
endloop
endfacet
facet normal 0 0 -1
outer loop
vertex 15.579974174499512 23.414974212646484 0
vertex 16.54997444152832 19.114974975585938 0
vertex 11.999974250793457 19.114974975585938 0
endloop
endfacet
facet normal 0 0 -1
outer loop
vertex 12.107009887695312 23.71881866455078 0
vertex 15.579974174499512 23.414974212646484 0
vertex 11.999974250793457 19.814973831176758 0
endloop
endfacet
facet normal 0 0 -1
outer loop
vertex 16.54997444152832 19.114974975585938 0
vertex 15.579974174499512 23.414974212646484 0
vertex 19.052936553955078 23.71881866455078 0
endloop
endfacet
facet normal 0 0 -1
outer loop
vertex 21.449974060058594 19.114974975585938 0
vertex 16.54997444152832 19.114974975585938 0
vertex 22.42037582397461 24.621122360229492 0
endloop
endfacet
facet normal 0 0 -1
outer loop
vertex 22.42037582397461 24.621122360229492 0
vertex 16.54997444152832 19.114974975585938 0
vertex 19.052936553955078 23.71881866455078 0
endloop
endfacet
facet normal 0 0 -1
outer loop
vertex -18.227819442749023 -35.01927947998047 0
vertex -18.400026321411133 -34.61502456665039 0
vertex -18.081829071044922 -35.11682891845703 0
endloop
endfacet
facet normal 0 0 -1
outer loop
vertex -17.340112686157227 -39.872562408447266 0
vertex -18.718223571777344 -35.75322341918945 0
vertex -18.572233200073242 -35.850772857666016 0
endloop
endfacet
facet normal 0 0 -1
outer loop
vertex -17.340112686157227 -39.872562408447266 0
vertex -18.572233200073242 -35.850772857666016 0
vertex -18.400026321411133 -35.88502502441406 0
endloop
endfacet
facet normal 0 0 -1
outer loop
vertex -1.0122462511062622 -45.53706741333008 0
vertex -2.450026273727417 -32.98502731323242 0
vertex -0.8149446845054626 -45.597984313964844 0
endloop
endfacet
facet normal 0 0 -1
outer loop
vertex -1.0122462511062622 -45.53706741333008 0
vertex -17.98427963256836 -34.33723449707031 0
vertex -17.95002555847168 -34.16502380371094 0
endloop
endfacet
facet normal 0 0 -1
outer loop
vertex 21.449974060058594 0.11497443169355392 0
vertex 16.54997444152832 0.11497443169355392 0
vertex 25.99997329711914 5.014974594116211 0
endloop
endfacet
facet normal 0 0 -1
outer loop
vertex 21.449974060058594 0.11497443169355392 0
vertex 25.99997329711914 0.8149744272232056 0
vertex 25.99997329711914 0.11497443169355392 0
endloop
endfacet
facet normal 0 0 -1
outer loop
vertex 25.99997329711914 0.8149744272232056 0
vertex 21.449974060058594 0.11497443169355392 0
vertex 25.99997329711914 4.314974308013916 0
endloop
endfacet
facet normal 0 0 -1
outer loop
vertex 25.99997329711914 5.014974594116211 0
vertex 16.54997444152832 0.11497443169355392 0
vertex 21.449974060058594 5.014974594116211 0
endloop
endfacet
facet normal 0 0 -1
outer loop
vertex 25.99997329711914 4.314974308013916 0
vertex 21.449974060058594 0.11497443169355392 0
vertex 25.99997329711914 5.014974594116211 0
endloop
endfacet
facet normal 0 0 -1
outer loop
vertex 25.99997329711914 0.8149744272232056 0
vertex 25.99997329711914 4.314974308013916 0
vertex 30.99997329711914 0.8149744272232056 0
endloop
endfacet
facet normal 0 0 -1
outer loop
vertex 30.99997329711914 0.8149744272232056 0
vertex 25.99997329711914 4.314974308013916 0
vertex 30.99997329711914 4.314974308013916 0
endloop
endfacet
facet normal 0 0 -1
outer loop
vertex 30.99997329711914 0.11497443169355392 0
vertex 30.99997329711914 0.8149744272232056 0
vertex 35.54997253417969 0.11497443169355392 0
endloop
endfacet
facet normal 0 0 -1
outer loop
vertex 35.54997253417969 0.11497443169355392 0
vertex 30.99997329711914 0.8149744272232056 0
vertex 30.99997329711914 4.314974308013916 0
endloop
endfacet
facet normal 0 0 -1
outer loop
vertex 30.99997329711914 4.314974308013916 0
vertex 30.99997329711914 5.014974594116211 0
vertex 35.54997253417969 5.014974594116211 0
endloop
endfacet
facet normal 0 0 -1
outer loop
vertex 35.54997253417969 0.11497443169355392 0
vertex 30.99997329711914 4.314974308013916 0
vertex 35.54997253417969 5.014974594116211 0
endloop
endfacet
facet normal 0 0 -1
outer loop
vertex -1.0122462511062622 -45.53706741333008 0
vertex -18.081829071044922 -34.48322296142578 0
vertex -17.98427963256836 -34.33723449707031 0
endloop
endfacet
facet normal 0 0 -1
outer loop
vertex -1.0122462511062622 -45.53706741333008 0
vertex -18.227819442749023 -34.580772399902344 0
vertex -18.081829071044922 -34.48322296142578 0
endloop
endfacet
facet normal 0 0 -1
outer loop
vertex -18.400026321411133 -34.61502456665039 0
vertex -18.227819442749023 -34.580772399902344 0
vertex -1.0122462511062622 -45.53706741333008 0
endloop
endfacet
facet normal 0 0 -1
outer loop
vertex -18.081829071044922 -35.11682891845703 0
vertex -1.0122462511062622 -45.53706741333008 0
vertex -17.98427963256836 -35.2628173828125 0
endloop
endfacet
facet normal 0 0 -1
outer loop
vertex -18.400026321411133 -34.61502456665039 0
vertex -1.0122462511062622 -45.53706741333008 0
vertex -18.081829071044922 -35.11682891845703 0
endloop
endfacet
facet normal 0 0 -1
outer loop
vertex -1.0122462511062622 -45.53706741333008 0
vertex -17.95002555847168 -35.43502426147461 0
vertex -17.98427963256836 -35.2628173828125 0
endloop
endfacet
facet normal 0 0 -1
outer loop
vertex -1.0122462511062622 -45.53706741333008 0
vertex -17.98427963256836 -35.607234954833984 0
vertex -17.95002555847168 -35.43502426147461 0
endloop
endfacet
facet normal 0 0 -1
outer loop
vertex -1.0122462511062622 -45.53706741333008 0
vertex -18.081829071044922 -35.75322341918945 0
vertex -17.98427963256836 -35.607234954833984 0
endloop
endfacet
facet normal 0 0 -1
outer loop
vertex -1.0122462511062622 -45.53706741333008 0
vertex -18.227819442749023 -35.850772857666016 0
vertex -18.081829071044922 -35.75322341918945 0
endloop
endfacet
facet normal 0 0 -1
outer loop
vertex -1.0122462511062622 -45.53706741333008 0
vertex -18.400026321411133 -35.88502502441406 0
vertex -18.227819442749023 -35.850772857666016 0
endloop
endfacet
facet normal 0 0 -1
outer loop
vertex 21.449974060058594 19.114974975585938 0
vertex 25.99997329711914 19.814973831176758 0
vertex 25.99997329711914 19.114974975585938 0
endloop
endfacet
facet normal 0 0 -1
outer loop
vertex 25.99997329711914 19.814973831176758 0
vertex 21.449974060058594 19.114974975585938 0
vertex 25.579973220825195 26.094467163085938 0
endloop
endfacet
facet normal 0 0 -1
outer loop
vertex 21.449974060058594 19.114974975585938 0
vertex 22.42037582397461 24.621122360229492 0
vertex 25.579973220825195 26.094467163085938 0
endloop
endfacet
facet normal 0 0 -1
outer loop
vertex 35.54997253417969 5.014974594116211 0
vertex 35.54997253417969 19.114974975585938 0
vertex 40.449974060058594 19.26497459411621 0
endloop
endfacet
facet normal 0 0 -1
outer loop
vertex 30.99997329711914 19.114974975585938 0
vertex 30.99997329711914 19.814973831176758 0
vertex 35.54997253417969 19.114974975585938 0
endloop
endfacet
facet normal 0 0 -1
outer loop
vertex 30.99997329711914 19.814973831176758 0
vertex 25.99997329711914 19.814973831176758 0
vertex 39.74997329711914 28.814973831176758 0
endloop
endfacet
facet normal 0 0 -1
outer loop
vertex 35.54997253417969 19.114974975585938 0
vertex 30.99997329711914 19.814973831176758 0
vertex 39.74997329711914 23.814973831176758 0
endloop
endfacet
facet normal 0 0 -1
outer loop
vertex 40.449974060058594 19.26497459411621 0
vertex 35.54997253417969 19.114974975585938 0
vertex 39.74997329711914 23.814973831176758 0
endloop
endfacet
facet normal 0 0 -1
outer loop
vertex 39.74997329711914 23.814973831176758 0
vertex 40.449974060058594 23.814973831176758 0
vertex 40.449974060058594 19.26497459411621 0
endloop
endfacet
facet normal 0 0 -1
outer loop
vertex -1.0122462511062622 -45.53706741333008 0
vertex -16.45993995666504 -39.872562408447266 0
vertex -18.400026321411133 -35.88502502441406 0
endloop
endfacet
facet normal 0 0 -1
outer loop
vertex -1.0122462511062622 -45.53706741333008 0
vertex -15.750025749206543 -40.93502426147461 0
vertex -15.772123336791992 -40.710670471191406 0
endloop
endfacet
facet normal 0 0 -1
outer loop
vertex -1.0122462511062622 -45.53706741333008 0
vertex -16.08685302734375 -40.12185287475586 0
vertex -16.261119842529297 -39.97883605957031 0
endloop
endfacet
facet normal 0 0 -1
outer loop
vertex -1.0122462511062622 -45.53706741333008 0
vertex -15.837564468383789 -40.494937896728516 0
vertex -15.943836212158203 -40.296119689941406 0
endloop
endfacet
facet normal 0 0 -1
outer loop
vertex -1.0122462511062622 -45.53706741333008 0
vertex -15.943836212158203 -40.296119689941406 0
vertex -16.08685302734375 -40.12185287475586 0
endloop
endfacet
facet normal 0 0 -1
outer loop
vertex -1.0122462511062622 -45.53706741333008 0
vertex -16.261119842529297 -39.97883605957031 0
vertex -16.45993995666504 -39.872562408447266 0
endloop
endfacet
facet normal 0 0 -1
outer loop
vertex -1.0122462511062622 -45.53706741333008 0
vertex -15.772123336791992 -40.710670471191406 0
vertex -15.837564468383789 -40.494937896728516 0
endloop
endfacet
facet normal 0 0 -1
outer loop
vertex -1.0122462511062622 -45.53706741333008 0
vertex -15.772123336791992 -41.15937805175781 0
vertex -15.750025749206543 -40.93502426147461 0
endloop
endfacet
facet normal 0 0 -1
outer loop
vertex -1.0122462511062622 -45.53706741333008 0
vertex -15.837564468383789 -41.3751106262207 0
vertex -15.772123336791992 -41.15937805175781 0
endloop
endfacet
facet normal 0 0 -1
outer loop
vertex -1.0122462511062622 -45.53706741333008 0
vertex -15.943836212158203 -41.57393264770508 0
vertex -15.837564468383789 -41.3751106262207 0
endloop
endfacet
facet normal 0 0 -1
outer loop
vertex -1.0122462511062622 -45.53706741333008 0
vertex -16.08685302734375 -41.748199462890625 0
vertex -15.943836212158203 -41.57393264770508 0
endloop
endfacet
facet normal 0 0 -1
outer loop
vertex -1.0122462511062622 -45.53706741333008 0
vertex -16.261119842529297 -41.89121627807617 0
vertex -16.08685302734375 -41.748199462890625 0
endloop
endfacet
facet normal 0 0 -1
outer loop
vertex -1.0122462511062622 -45.53706741333008 0
vertex -16.45993995666504 -41.99748611450195 0
vertex -16.261119842529297 -41.89121627807617 0
endloop
endfacet
facet normal 0 0 -1
outer loop
vertex -1.0122462511062622 -45.53706741333008 0
vertex -16.67567253112793 -42.06292724609375 0
vertex -16.45993995666504 -41.99748611450195 0
endloop
endfacet
facet normal 0 0 -1
outer loop
vertex -1.0122462511062622 -45.53706741333008 0
vertex -16.900026321411133 -42.085025787353516 0
vertex -16.67567253112793 -42.06292724609375 0
endloop
endfacet
facet normal 0 0 -1
outer loop
vertex -1.0122462511062622 -45.53706741333008 0
vertex -17.124380111694336 -42.06292724609375 0
vertex -16.900026321411133 -42.085025787353516 0
endloop
endfacet
facet normal 0 0 -1
outer loop
vertex -16.67567253112793 -39.80712127685547 0
vertex -18.400026321411133 -35.88502502441406 0
vertex -16.45993995666504 -39.872562408447266 0
endloop
endfacet
facet normal 0 0 -1
outer loop
vertex -16.900026321411133 -39.78502655029297 0
vertex -18.400026321411133 -35.88502502441406 0
vertex -16.67567253112793 -39.80712127685547 0
endloop
endfacet
facet normal 0 0 -1
outer loop
vertex -17.124380111694336 -39.80712127685547 0
vertex -18.400026321411133 -35.88502502441406 0
vertex -16.900026321411133 -39.78502655029297 0
endloop
endfacet
facet normal 0 0 -1
outer loop
vertex -17.340112686157227 -39.872562408447266 0
vertex -18.400026321411133 -35.88502502441406 0
vertex -17.124380111694336 -39.80712127685547 0
endloop
endfacet
facet normal 0 0 -1
outer loop
vertex -18.718223571777344 -35.75322341918945 0
vertex -17.340112686157227 -39.872562408447266 0
vertex -17.53893280029297 -39.97883605957031 0
endloop
endfacet
facet normal 0 0 -1
outer loop
vertex -17.713199615478516 -40.12185287475586 0
vertex -18.718223571777344 -35.75322341918945 0
vertex -17.53893280029297 -39.97883605957031 0
endloop
endfacet
facet normal 0 0 -1
outer loop
vertex -21.45002555847168 -32.98502731323242 0
vertex -21.45002555847168 -26.57895851135254 0
vertex -18.850027084350586 -30.355026245117188 0
endloop
endfacet
facet normal 0 0 -1
outer loop
vertex -18.718223571777344 -35.75322341918945 0
vertex -26.00002670288086 -33.68502426147461 0
vertex -21.45002555847168 -32.98502731323242 0
endloop
endfacet
facet normal 0 0 -1
outer loop
vertex -26.00002670288086 -33.68502426147461 0
vertex -26.00002670288086 -32.98502731323242 0
vertex -21.45002555847168 -32.98502731323242 0
endloop
endfacet
facet normal 0 0 -1
outer loop
vertex -26.00002670288086 -33.68502426147461 0
vertex -18.718223571777344 -35.75322341918945 0
vertex -17.713199615478516 -40.12185287475586 0
endloop
endfacet
facet normal 0 0 -1
outer loop
vertex -17.713199615478516 -40.12185287475586 0
vertex -31.00002670288086 -33.68502426147461 0
vertex -26.00002670288086 -33.68502426147461 0
endloop
endfacet
facet normal 0 0 -1
outer loop
vertex -17.856216430664062 -40.296119689941406 0
vertex -40.45002746582031 -32.98502731323242 0
vertex -17.713199615478516 -40.12185287475586 0
endloop
endfacet
facet normal 0 0 -1
outer loop
vertex 2.4499738216400146 19.114974975585938 0
vertex 2.429924488067627 28.388381958007812 0
vertex 2.724221706390381 28.094085693359375 0
endloop
endfacet
facet normal 0 0 -1
outer loop
vertex 5.5799736976623535 26.094467163085938 0
vertex 2.4499738216400146 19.114974975585938 0
vertex 2.724221706390381 28.094085693359375 0
endloop
endfacet
facet normal 0 0 -1
outer loop
vertex 25.99997329711914 19.814973831176758 0
vertex 25.579973220825195 26.094467163085938 0
vertex 28.435726165771484 28.094085693359375 0
endloop
endfacet
facet normal 0 0 -1
outer loop
vertex 28.435726165771484 28.094085693359375 0
vertex 30.900861740112305 30.559223175048828 0
vertex 25.99997329711914 19.814973831176758 0
endloop
endfacet
facet normal 0 0 -1
outer loop
vertex 40.449974060058594 33.36497497558594 0
vertex 25.99997329711914 19.814973831176758 0
vertex 30.900861740112305 30.559223175048828 0
endloop
endfacet
facet normal 0 0 -1
outer loop
vertex 39.74997329711914 28.814973831176758 0
vertex 25.99997329711914 19.814973831176758 0
vertex 40.449974060058594 33.36497497558594 0
endloop
endfacet
facet normal 0 0 -1
outer loop
vertex 39.74997329711914 23.814973831176758 0
vertex 30.99997329711914 19.814973831176758 0
vertex 39.74997329711914 28.814973831176758 0
endloop
endfacet
facet normal 0 0 -1
outer loop
vertex 40.449974060058594 33.36497497558594 0
vertex 30.900861740112305 30.559223175048828 0
vertex 32.900482177734375 33.414974212646484 0
endloop
endfacet
facet normal 0 0 -1
outer loop
vertex 39.74997329711914 28.814973831176758 0
vertex 40.449974060058594 33.36497497558594 0
vertex 40.449974060058594 28.814973831176758 0
endloop
endfacet
facet normal 0 0 -1
outer loop
vertex 40.449974060058594 33.36497497558594 0
vertex 32.900482177734375 33.414974212646484 0
vertex 34.37382507324219 36.57456970214844 0
endloop
endfacet
facet normal 0 0 -1
outer loop
vertex -17.962488174438477 -40.494937896728516 0
vertex -40.45002746582031 -32.98502731323242 0
vertex -17.856216430664062 -40.296119689941406 0
endloop
endfacet
facet normal 0 0 -1
outer loop
vertex -17.713199615478516 -40.12185287475586 0
vertex -35.550025939941406 -32.98502731323242 0
vertex -31.00002670288086 -33.68502426147461 0
endloop
endfacet
facet normal 0 0 -1
outer loop
vertex -35.550025939941406 -32.98502731323242 0
vertex -40.45002746582031 -32.98502731323242 0
vertex -40.45002746582031 -18.885025024414062 0
endloop
endfacet
facet normal 0 0 -1
outer loop
vertex -35.550025939941406 -32.98502731323242 0
vertex -31.00002670288086 -32.98502731323242 0
vertex -31.00002670288086 -33.68502426147461 0
endloop
endfacet
facet normal 0 0 -1
outer loop
vertex 40.449974060058594 33.36497497558594 0
vertex 34.37382507324219 36.57456970214844 0
vertex 35.27613067626953 39.942012786865234 0
endloop
endfacet
facet normal 0 0 -1
outer loop
vertex 40.449974060058594 33.36497497558594 0
vertex 35.27613067626953 39.942012786865234 0
vertex 35.57997512817383 43.414974212646484 0
endloop
endfacet
facet normal 0 0 -1
outer loop
vertex 35.57997512817383 43.414974212646484 0
vertex 36.097110748291016 45.56746292114258 0
vertex 40.449974060058594 33.36497497558594 0
endloop
endfacet
facet normal 0 0 -1
outer loop
vertex 35.57997512817383 43.414974212646484 0
vertex 35.34846496582031 46.06114959716797 0
vertex 35.87488555908203 45.64501953125 0
endloop
endfacet
facet normal 0 0 -1
outer loop
vertex 35.87488555908203 45.64501953125 0
vertex 36.097110748291016 45.56746292114258 0
vertex 35.57997512817383 43.414974212646484 0
endloop
endfacet
facet normal -0.9999986685447895 0.0016318421027044384 0
outer loop
vertex -81.66069793701172 -18.545066833496094 0.20000000298023224
vertex -81.66187286376953 -19.265066146850586 0.20000000298023224
vertex -81.66187286376953 -19.265066146850586 4.5
endloop
endfacet
facet normal 0 0 -1
outer loop
vertex 79.70191955566406 42.0908203125 0
vertex 79.63594818115234 23.09093475341797 0
vertex 73.54997253417969 33.36497497558594 0
endloop
endfacet
facet normal 0 0 -1
outer loop
vertex 73.54997253417969 28.814973831176758 0
vertex 73.54997253417969 33.36497497558594 0
vertex 74.2499771118164 28.814973831176758 0
endloop
endfacet
facet normal 0 0 -1
outer loop
vertex 79.63594818115234 23.09093475341797 0
vertex 74.2499771118164 28.814973831176758 0
vertex 73.54997253417969 33.36497497558594 0
endloop
endfacet
facet normal 0 0 -1
outer loop
vertex 79.63594818115234 23.09093475341797 0
vertex 74.2499771118164 23.814973831176758 0
vertex 74.2499771118164 28.814973831176758 0
endloop
endfacet
facet normal 0 0 -1
outer loop
vertex 59.449974060058594 33.36497497558594 0
vertex 36.097110748291016 45.56746292114258 0
vertex 77.71602630615234 45.45711135864258 0
endloop
endfacet
facet normal 0 0 -1
outer loop
vertex 59.449974060058594 33.36497497558594 0
vertex 54.54997253417969 33.36497497558594 0
vertex 36.097110748291016 45.56746292114258 0
endloop
endfacet
facet normal 0 0 -1
outer loop
vertex 54.54997253417969 33.36497497558594 0
vertex 40.449974060058594 33.36497497558594 0
vertex 36.097110748291016 45.56746292114258 0
endloop
endfacet
facet normal -0.9999986771756739 0.0016265444667072566 0
outer loop
vertex -81.6325912475586 -1.2650890350341797 0.20000000298023224
vertex -81.66069793701172 -18.545066833496094 0.20000000298023224
vertex -81.6325912475586 -1.2650890350341797 4.5
endloop
endfacet
facet normal 0.0016267008450191259 0.9999986769213052 0
outer loop
vertex -80.9325942993164 -1.2662277221679688 0.20000000298023224
vertex -81.6325912475586 -1.2650890350341797 0.20000000298023224
vertex -80.9325942993164 -1.2662277221679688 4.5
endloop
endfacet
facet normal 0 0 -1
outer loop
vertex -64.0000228881836 -33.68502426147461 0
vertex -17.340112686157227 -41.99748611450195 0
vertex -17.124380111694336 -42.06292724609375 0
endloop
endfacet
facet normal 0 0 -1
outer loop
vertex -17.713199615478516 -41.748199462890625 0
vertex -54.550025939941406 -32.98502731323242 0
vertex -17.856216430664062 -41.57393264770508 0
endloop
endfacet
facet normal 0 0 -1
outer loop
vertex -17.340112686157227 -41.99748611450195 0
vertex -54.550025939941406 -32.98502731323242 0
vertex -17.53893280029297 -41.89121627807617 0
endloop
endfacet
facet normal 0 0 -1
outer loop
vertex -17.713199615478516 -40.12185287475586 0
vertex -40.45002746582031 -32.98502731323242 0
vertex -35.550025939941406 -32.98502731323242 0
endloop
endfacet
facet normal 0 0 -1
outer loop
vertex -17.962488174438477 -41.3751106262207 0
vertex -45.00002670288086 -33.68502426147461 0
vertex -40.45002746582031 -32.98502731323242 0
endloop
endfacet
facet normal 0 0 -1
outer loop
vertex -50.00002670288086 -33.68502426147461 0
vertex -45.00002670288086 -33.68502426147461 0
vertex -17.856216430664062 -41.57393264770508 0
endloop
endfacet
facet normal 0 0 -1
outer loop
vertex -54.550025939941406 -32.98502731323242 0
vertex -17.713199615478516 -41.748199462890625 0
vertex -17.53893280029297 -41.89121627807617 0
endloop
endfacet
facet normal 0 0 -1
outer loop
vertex -1.0122462511062622 -45.53706741333008 0
vertex -64.0000228881836 -33.68502426147461 0
vertex -17.124380111694336 -42.06292724609375 0
endloop
endfacet
facet normal 0 0 -1
outer loop
vertex -17.856216430664062 -41.57393264770508 0
vertex -45.00002670288086 -33.68502426147461 0
vertex -17.962488174438477 -41.3751106262207 0
endloop
endfacet
facet normal 0.6201351968019216 0.7844949570822249 0
outer loop
vertex 35.87488555908203 45.64501953125 0
vertex 35.34846496582031 46.06114959716797 0
vertex 35.34846496582031 46.06114959716797 5
endloop
endfacet
facet normal 0.3295092500942054 0.9441523468711788 0
outer loop
vertex 36.097110748291016 45.56746292114258 0
vertex 35.87488555908203 45.64501953125 0
vertex 36.097110748291016 45.56746292114258 5
endloop
endfacet
facet normal 0 0 -1
outer loop
vertex 35.54997253417969 0.11497443169355392 0
vertex 35.54997253417969 5.014974594116211 0
vertex 59.449974060058594 19.26497459411621 0
endloop
endfacet
facet normal 0 0 -1
outer loop
vertex 59.512474060058594 4.607614994049072 0
vertex 35.54997253417969 0.11497443169355392 0
vertex 62.873313903808594 6.9584059715271 0
endloop
endfacet
facet normal 0 0 -1
outer loop
vertex 59.512474060058594 4.607614994049072 0
vertex 60.81247329711914 4.746853828430176 0
vertex 60.81247329711914 4.607614994049072 0
endloop
endfacet
facet normal 0 0 -1
outer loop
vertex 60.81247329711914 4.746853828430176 0
vertex 59.512474060058594 4.607614994049072 0
vertex 60.91904067993164 5.004133224487305 0
endloop
endfacet
facet normal 0 0 -1
outer loop
vertex 58.74997329711914 28.814973831176758 0
vertex 59.449974060058594 33.36497497558594 0
vertex 59.449974060058594 28.814973831176758 0
endloop
endfacet
facet normal 1 0 0
outer loop
vertex 60.81247329711914 4.607614994049072 0.20000000298023224
vertex 60.81247329711914 4.607614994049072 0
vertex 60.81247329711914 4.746853828430176 0
endloop
endfacet
facet normal 0 0 -1
outer loop
vertex 59.449974060058594 33.36497497558594 0
vertex 55.24997329711914 28.814973831176758 0
vertex 54.54997253417969 33.36497497558594 0
endloop
endfacet
facet normal 0 0 -1
outer loop
vertex 58.74997329711914 28.814973831176758 0
vertex 55.24997329711914 28.814973831176758 0
vertex 59.449974060058594 33.36497497558594 0
endloop
endfacet
facet normal 0 0 -1
outer loop
vertex 60.91904067993164 5.004133224487305 0
vertex 59.512474060058594 4.607614994049072 0
vertex 62.873313903808594 6.9584059715271 0
endloop
endfacet
facet normal 0 0 -1
outer loop
vertex 62.873313903808594 6.9584059715271 0
vertex 35.54997253417969 0.11497443169355392 0
vertex 73.54997253417969 19.26497459411621 0
endloop
endfacet
facet normal 0 0 -1
outer loop
vertex 35.54997253417969 5.014974594116211 0
vertex 40.449974060058594 19.26497459411621 0
vertex 54.54997253417969 19.26497459411621 0
endloop
endfacet
facet normal 0 0 -1
outer loop
vertex 59.449974060058594 19.26497459411621 0
vertex 35.54997253417969 5.014974594116211 0
vertex 54.54997253417969 19.26497459411621 0
endloop
endfacet
facet normal 0 0 -1
outer loop
vertex 73.54997253417969 19.26497459411621 0
vertex 35.54997253417969 0.11497443169355392 0
vertex 59.449974060058594 19.26497459411621 0
endloop
endfacet
facet normal 0 0 -1
outer loop
vertex 54.54997253417969 19.26497459411621 0
vertex 54.54997253417969 23.814973831176758 0
vertex 55.24997329711914 23.814973831176758 0
endloop
endfacet
facet normal 0 0 -1
outer loop
vertex 59.449974060058594 19.26497459411621 0
vertex 54.54997253417969 19.26497459411621 0
vertex 58.74997329711914 23.814973831176758 0
endloop
endfacet
facet normal 0 0 -1
outer loop
vertex 58.74997329711914 23.814973831176758 0
vertex 54.54997253417969 19.26497459411621 0
vertex 55.24997329711914 23.814973831176758 0
endloop
endfacet
facet normal 0 0 -1
outer loop
vertex 58.74997329711914 23.814973831176758 0
vertex 59.449974060058594 23.814973831176758 0
vertex 59.449974060058594 19.26497459411621 0
endloop
endfacet
facet normal 0 0 -1
outer loop
vertex -17.856216430664062 -41.57393264770508 0
vertex -54.550025939941406 -32.98502731323242 0
vertex -50.00002670288086 -33.68502426147461 0
endloop
endfacet
facet normal 0 0 -1
outer loop
vertex -18.027929306030273 -40.710670471191406 0
vertex -40.45002746582031 -32.98502731323242 0
vertex -17.962488174438477 -40.494937896728516 0
endloop
endfacet
facet normal 0 0 -1
outer loop
vertex 62.873313903808594 6.9584059715271 0
vertex 73.54997253417969 19.26497459411621 0
vertex 63.13059616088867 7.064974308013916 0
endloop
endfacet
facet normal 0 0 -1
outer loop
vertex 63.13059616088867 7.064974308013916 0
vertex 80.93594360351562 23.086421966552734 0
vertex 77.39617919921875 7.064974308013916 0
endloop
endfacet
facet normal 0 0 -1
outer loop
vertex 80.93594360351562 23.086421966552734 0
vertex 63.13059616088867 7.064974308013916 0
vertex 73.54997253417969 19.26497459411621 0
endloop
endfacet
facet normal 0 0 -1
outer loop
vertex 77.39617919921875 7.064974308013916 0
vertex 80.93594360351562 23.086421966552734 0
vertex 78.19573974609375 7.373640060424805 0
endloop
endfacet
facet normal 0 0 -1
outer loop
vertex 78.19573974609375 7.373640060424805 0
vertex 80.93594360351562 23.086421966552734 0
vertex 80.49771118164062 9.462215423583984 0
endloop
endfacet
facet normal 0 0 -1
outer loop
vertex 80.49771118164062 9.462215423583984 0
vertex 80.93594360351562 23.086421966552734 0
vertex 80.89170837402344 10.34753131866455 0
endloop
endfacet
facet normal 0 0 -1
outer loop
vertex 73.54997253417969 19.26497459411621 0
vertex 73.54997253417969 23.814973831176758 0
vertex 74.2499771118164 23.814973831176758 0
endloop
endfacet
facet normal 0 0 -1
outer loop
vertex 73.54997253417969 19.26497459411621 0
vertex 74.2499771118164 23.814973831176758 0
vertex 79.63594818115234 23.09093475341797 0
endloop
endfacet
facet normal 0.9999939710813046 -0.0034724344547944264 0
outer loop
vertex 80.89170837402344 10.34753131866455 0
vertex 80.93594360351562 23.086421966552734 0
vertex 80.93594360351562 23.086421966552734 0.20000000298023224
endloop
endfacet
facet normal 0 0 -1
outer loop
vertex 80.93594360351562 23.086421966552734 0
vertex 73.54997253417969 19.26497459411621 0
vertex 79.63594818115234 23.09093475341797 0
endloop
endfacet
facet normal 0 0 -1
outer loop
vertex 54.54997253417969 28.814973831176758 0
vertex 54.54997253417969 33.36497497558594 0
vertex 55.24997329711914 28.814973831176758 0
endloop
endfacet
facet normal 0 0 -1
outer loop
vertex 58.74997329711914 28.814973831176758 0
vertex 55.24997329711914 23.814973831176758 0
vertex 55.24997329711914 28.814973831176758 0
endloop
endfacet
facet normal 0 0 -1
outer loop
vertex 58.74997329711914 23.814973831176758 0
vertex 55.24997329711914 23.814973831176758 0
vertex 58.74997329711914 28.814973831176758 0
endloop
endfacet
facet normal 0 0 -1
outer loop
vertex -18.050025939941406 -40.93502426147461 0
vertex -40.45002746582031 -32.98502731323242 0
vertex -18.027929306030273 -40.710670471191406 0
endloop
endfacet
facet normal 1 0 0
outer loop
vertex 60.81247329711914 4.607614994049072 0.20000000298023224
vertex 60.81247329711914 4.746853828430176 0
vertex 60.81247329711914 4.107614994049072 4.5
endloop
endfacet
facet normal 1 0 0
outer loop
vertex 60.81247329711914 4.107614994049072 0.20000000298023224
vertex 60.81247329711914 4.607614994049072 0.20000000298023224
vertex 60.81247329711914 4.107614994049072 4.5
endloop
endfacet
facet normal 0.9238810970965938 -0.3826796551001819 0
outer loop
vertex 60.81247329711914 4.746853828430176 0
vertex 60.91904067993164 5.004133224487305 0
vertex 60.81247329711914 4.746853828430176 5
endloop
endfacet
facet normal 0 0 -1
outer loop
vertex -18.027929306030273 -41.15937805175781 0
vertex -40.45002746582031 -32.98502731323242 0
vertex -18.050025939941406 -40.93502426147461 0
endloop
endfacet
facet normal 0 1 0
outer loop
vertex 61.512474060058594 4.107614994049072 0.20000000298023224
vertex 60.81247329711914 4.107614994049072 0.20000000298023224
vertex 61.512474060058594 4.107614994049072 4.5
endloop
endfacet
facet normal 0.7071066949205009 -0.7071068674525836 0
outer loop
vertex 60.91904067993164 5.004133224487305 0
vertex 62.873313903808594 6.9584059715271 0
vertex 60.91904067993164 5.004133224487305 5
endloop
endfacet
facet normal 0.3826789458873132 -0.9238813908584667 0
outer loop
vertex 62.873313903808594 6.9584059715271 0
vertex 63.13059616088867 7.064974308013916 0
vertex 62.873313903808594 6.9584059715271 5
endloop
endfacet
facet normal 0 -1 0
outer loop
vertex 63.13059616088867 7.064974308013916 0
vertex 77.39617919921875 7.064974308013916 0
vertex 63.13059616088867 7.064974308013916 5
endloop
endfacet
facet normal 0.36014001174260085 -0.9328982645187197 0
outer loop
vertex 77.39617919921875 7.064974308013916 0
vertex 78.19573974609375 7.373640060424805 0
vertex 77.39617919921875 7.064974308013916 5
endloop
endfacet
facet normal 0.6719456941066979 -0.7406004213956863 0
outer loop
vertex 78.19573974609375 7.373640060424805 0
vertex 80.49771118164062 9.462215423583984 0
vertex 78.19573974609375 7.373640060424805 5
endloop
endfacet
facet normal 0.9136109539258878 -0.4065895041274792 0
outer loop
vertex 80.49771118164062 9.462215423583984 0
vertex 80.89170837402344 10.34753131866455 0
vertex 80.49771118164062 9.462215423583984 5
endloop
endfacet
facet normal 0 0 -1
outer loop
vertex -40.45002746582031 -32.98502731323242 0
vertex -18.027929306030273 -41.15937805175781 0
vertex -17.962488174438477 -41.3751106262207 0
endloop
endfacet
facet normal 0.9999939710813046 -0.0034724344547944264 0
outer loop
vertex 80.93594360351562 23.086421966552734 0.20000000298023224
vertex 80.89170837402344 10.34753131866455 5
vertex 80.89170837402344 10.34753131866455 0
endloop
endfacet
facet normal 0 0 -1
outer loop
vertex -1.0122462511062622 -45.53706741333008 0
vertex -12.000025749206543 -33.68502426147461 0
vertex -7.000026226043701 -33.68502426147461 0
endloop
endfacet
facet normal 0 0 1
outer loop
vertex 61.512474060058594 -27.90013885498047 4.5
vertex 60.81247329711914 -46.40013885498047 4.5
vertex 61.512474060058594 -46.40013885498047 4.5
endloop
endfacet
facet normal 1 0 0
outer loop
vertex 59.512474060058594 -27.90013885498047 5
vertex 59.512474060058594 -46.90013885498047 5
vertex 59.512474060058594 -27.90013885498047 4.5
endloop
endfacet
facet normal 0 0 1
outer loop
vertex 59.512474060058594 -27.90013885498047 4.5
vertex 59.512474060058594 -46.90013885498047 4.5
vertex 61.512474060058594 -27.90013885498047 4.5
endloop
endfacet
facet normal 1 0 0
outer loop
vertex 59.512474060058594 -46.90013885498047 5
vertex 59.512474060058594 -46.90013885498047 4.5
vertex 59.512474060058594 -27.90013885498047 4.5
endloop
endfacet
facet normal 0 0 1
outer loop
vertex 60.81247329711914 -46.40013885498047 4.5
vertex 61.512474060058594 -27.90013885498047 4.5
vertex 59.512474060058594 -46.90013885498047 4.5
endloop
endfacet
facet normal 0 1 0
outer loop
vertex 60.754798889160156 -46.90013885498047 5
vertex 59.512474060058594 -46.90013885498047 4.5
vertex 59.512474060058594 -46.90013885498047 5
endloop
endfacet
facet normal 0 1 0
outer loop
vertex 60.754798889160156 -46.90013885498047 4.5
vertex 59.512474060058594 -46.90013885498047 4.5
vertex 60.754798889160156 -46.90013885498047 5
endloop
endfacet
facet normal 0 0 1
outer loop
vertex 59.512474060058594 -46.90013885498047 4.5
vertex 60.81247329711914 -46.760902404785156 4.5
vertex 60.81247329711914 -46.40013885498047 4.5
endloop
endfacet
facet normal 0 0 1
outer loop
vertex 59.512474060058594 -46.90013885498047 4.5
vertex 60.754798889160156 -46.90013885498047 4.5
vertex 60.81247329711914 -46.760902404785156 4.5
endloop
endfacet
facet normal 0 0 1
outer loop
vertex 79.63594818115234 23.09093475341797 4.5
vertex 80.93594360351562 23.086421966552734 4.5
vertex 80.93767547607422 23.58641815185547 4.5
endloop
endfacet
facet normal 0 0 1
outer loop
vertex 81.7001724243164 41.58388137817383 4.5
vertex 81.00017547607422 41.58631134033203 4.5
vertex 81.67991638183594 35.750579833984375 4.5
endloop
endfacet
facet normal 0.0034713658195417957 0.9999939747915219 0
outer loop
vertex 80.93594360351562 23.086421966552734 4.5
vertex 79.63594818115234 23.09093475341797 4.5
vertex 79.63594818115234 23.09093475341797 5
endloop
endfacet
facet normal 0.9999939719732261 -0.003472177589141976 0
outer loop
vertex 79.63594818115234 23.09093475341797 5
vertex 79.63594818115234 23.09093475341797 4.5
vertex 79.70191955566406 42.0908203125 5
endloop
endfacet
facet normal 0.0034713658195417957 0.9999939747915219 0
outer loop
vertex 80.93594360351562 23.086421966552734 5
vertex 80.93594360351562 23.086421966552734 4.5
vertex 79.63594818115234 23.09093475341797 5
endloop
endfacet
facet normal 0 0 1
outer loop
vertex 79.63594818115234 23.09093475341797 4.5
vertex 81.67991638183594 35.750579833984375 4.5
vertex 79.70191955566406 42.0908203125 4.5
endloop
endfacet
facet normal -0.003472222498293686 -0.9999939718172917 0
outer loop
vertex 79.70191955566406 42.0908203125 5
vertex 80.95105743408203 42.086483001708984 4.5
vertex 80.95105743408203 42.086483001708984 5
endloop
endfacet
facet normal 0 0 1
outer loop
vertex 81.67991638183594 35.750579833984375 4.5
vertex 80.93767547607422 23.58641815185547 4.5
vertex 81.6376724243164 23.583988189697266 4.5
endloop
endfacet
facet normal 0 0 1
outer loop
vertex 79.63594818115234 23.09093475341797 4.5
vertex 80.93767547607422 23.58641815185547 4.5
vertex 81.67991638183594 35.750579833984375 4.5
endloop
endfacet
facet normal 0 0 1
outer loop
vertex 79.70191955566406 42.0908203125 4.5
vertex 81.67991638183594 35.750579833984375 4.5
vertex 81.00017547607422 41.58631134033203 4.5
endloop
endfacet
facet normal -0.003472222498293686 -0.9999939718172917 0
outer loop
vertex 79.70191955566406 42.0908203125 5
vertex 79.70191955566406 42.0908203125 4.5
vertex 80.95105743408203 42.086483001708984 4.5
endloop
endfacet
facet normal 0 0 1
outer loop
vertex 79.70191955566406 42.0908203125 4.5
vertex 81.00145721435547 41.95525360107422 4.5
vertex 80.95105743408203 42.086483001708984 4.5
endloop
endfacet
facet normal 0 0 1
outer loop
vertex 79.70191955566406 42.0908203125 4.5
vertex 81.00017547607422 41.58631134033203 4.5
vertex 81.00145721435547 41.95525360107422 4.5
endloop
endfacet
facet normal 0.9999939719732261 -0.003472177589141976 0
outer loop
vertex 79.70191955566406 42.0908203125 5
vertex 79.63594818115234 23.09093475341797 4.5
vertex 79.70191955566406 42.0908203125 4.5
endloop
endfacet
facet normal -0.9999986769759781 0.0016266672350290813 0
outer loop
vertex -79.59242248535156 23.42496681213379 4.5
vertex -79.62332916259766 4.424992084503174 5
vertex -79.59242248535156 23.42496681213379 5
endloop
endfacet
facet normal 0 0 1
outer loop
vertex -80.82710266113281 23.42697525024414 4.5
vertex -80.89266204833984 23.27928352355957 4.5
vertex -79.59242248535156 23.42496681213379 4.5
endloop
endfacet
facet normal -0.0016266847824065204 -0.999998676947434 0
outer loop
vertex -80.82710266113281 23.42697525024414 4.5
vertex -79.59242248535156 23.42496681213379 4.5
vertex -80.82710266113281 23.42697525024414 5
endloop
endfacet
facet normal 0 0 1
outer loop
vertex -80.89266204833984 23.27928352355957 4.5
vertex -80.89323425292969 22.927082061767578 4.5
vertex -79.59242248535156 23.42496681213379 4.5
endloop
endfacet
facet normal 0 0 1
outer loop
vertex -80.89323425292969 22.927082061767578 4.5
vertex -81.61302947998047 10.76156997680664 4.5
vertex -79.59242248535156 23.42496681213379 4.5
endloop
endfacet
facet normal 0 0 1
outer loop
vertex -80.92251586914062 4.927105903625488 4.5
vertex -80.92333221435547 4.4271063804626465 4.5
vertex -79.62332916259766 4.424992084503174 4.5
endloop
endfacet
facet normal 0.0016263755383901445 0.9999986774504296 0
outer loop
vertex -79.62332916259766 4.424992084503174 4.5
vertex -80.92333221435547 4.4271063804626465 4.5
vertex -80.92333221435547 4.4271063804626465 5
endloop
endfacet
facet normal 0 0 1
outer loop
vertex -81.5932388305664 22.928220748901367 4.5
vertex -81.61302947998047 10.76156997680664 4.5
vertex -80.89323425292969 22.927082061767578 4.5
endloop
endfacet
facet normal 0 0 1
outer loop
vertex -81.61302947998047 10.76156997680664 4.5
vertex -81.62251281738281 4.928244590759277 4.5
vertex -80.92251586914062 4.927105903625488 4.5
endloop
endfacet
facet normal 0 0 1
outer loop
vertex -81.61302947998047 10.76156997680664 4.5
vertex -79.62332916259766 4.424992084503174 4.5
vertex -79.59242248535156 23.42496681213379 4.5
endloop
endfacet
facet normal -0.0016266847824065204 -0.999998676947434 0
outer loop
vertex -80.82710266113281 23.42697525024414 5
vertex -79.59242248535156 23.42496681213379 4.5
vertex -79.59242248535156 23.42496681213379 5
endloop
endfacet
facet normal 0 0 1
outer loop
vertex -81.61302947998047 10.76156997680664 4.5
vertex -80.92251586914062 4.927105903625488 4.5
vertex -79.62332916259766 4.424992084503174 4.5
endloop
endfacet
facet normal -0.9999986769759781 0.0016266672350290813 0
outer loop
vertex -79.59242248535156 23.42496681213379 4.5
vertex -79.62332916259766 4.424992084503174 4.5
vertex -79.62332916259766 4.424992084503174 5
endloop
endfacet
facet normal 0.0016263755383901445 0.9999986774504296 0
outer loop
vertex -80.92333221435547 4.4271063804626465 5
vertex -79.62332916259766 4.424992084503174 5
vertex -79.62332916259766 4.424992084503174 4.5
endloop
endfacet
facet normal 0 0 1
outer loop
vertex -81.001220703125 -43.45951461791992 4.5
vertex -81.0015640258789 -43.67058181762695 4.5
vertex -80.71453857421875 -43.95998001098633 4.5
endloop
endfacet
facet normal -0.0016271186785135735 -0.9999986762415269 0
outer loop
vertex -80.97113037109375 -24.959537506103516 5
vertex -80.97113037109375 -24.959537506103516 4.5
vertex -79.67113494873047 -24.961652755737305 5
endloop
endfacet
facet normal 0 0 1
outer loop
vertex -81.69173431396484 -37.62504959106445 4.5
vertex -81.70122528076172 -43.4583740234375 4.5
vertex -81.001220703125 -43.45951461791992 4.5
endloop
endfacet
facet normal 0 0 1
outer loop
vertex -81.001220703125 -43.45951461791992 4.5
vertex -80.71453857421875 -43.95998001098633 4.5
vertex -81.69173431396484 -37.62504959106445 4.5
endloop
endfacet
facet normal 0.0016276069165590298 0.9999986754469855 0
outer loop
vertex -80.71453857421875 -43.95998001098633 4.5
vertex -80.71453857421875 -43.95998001098633 5
vertex -79.70204162597656 -43.96162796020508 4.5
endloop
endfacet
facet normal 0.0016276069165590298 0.9999986754469855 0
outer loop
vertex -79.70204162597656 -43.96162796020508 4.5
vertex -80.71453857421875 -43.95998001098633 5
vertex -79.70204162597656 -43.96162796020508 5
endloop
endfacet
facet normal 0 0 1
outer loop
vertex -81.69173431396484 -37.62504959106445 4.5
vertex -79.70204162597656 -43.96162796020508 4.5
vertex -79.67113494873047 -24.961652755737305 4.5
endloop
endfacet
facet normal -0.9999986769760444 0.0016266671942051685 0
outer loop
vertex -79.70204162597656 -43.96162796020508 5
vertex -79.67113494873047 -24.961652755737305 4.5
vertex -79.70204162597656 -43.96162796020508 4.5
endloop
endfacet
facet normal 0 0 1
outer loop
vertex -81.67194366455078 -25.458398818969727 4.5
vertex -81.69173431396484 -37.62504959106445 4.5
vertex -80.9719467163086 -25.459537506103516 4.5
endloop
endfacet
facet normal 0 0 1
outer loop
vertex -80.9719467163086 -25.459537506103516 4.5
vertex -81.69173431396484 -37.62504959106445 4.5
vertex -79.67113494873047 -24.961652755737305 4.5
endloop
endfacet
facet normal -0.9999986769760444 0.0016266671942051685 0
outer loop
vertex -79.67113494873047 -24.961652755737305 4.5
vertex -79.70204162597656 -43.96162796020508 5
vertex -79.67113494873047 -24.961652755737305 5
endloop
endfacet
facet normal 0 0 1
outer loop
vertex -80.97113037109375 -24.959537506103516 4.5
vertex -80.9719467163086 -25.459537506103516 4.5
vertex -79.67113494873047 -24.961652755737305 4.5
endloop
endfacet
facet normal -0.0016271186785135735 -0.9999986762415269 0
outer loop
vertex -80.97113037109375 -24.959537506103516 4.5
vertex -79.67113494873047 -24.961652755737305 4.5
vertex -79.67113494873047 -24.961652755737305 5
endloop
endfacet
facet normal 0 0 1
outer loop
vertex -81.69173431396484 -37.62504959106445 4.5
vertex -80.71453857421875 -43.95998001098633 4.5
vertex -79.70204162597656 -43.96162796020508 4.5
endloop
endfacet
facet normal 0 -1 0
outer loop
vertex 59.512474060058594 4.607614994049072 5
vertex 60.81247329711914 4.607614994049072 4.5
vertex 60.81247329711914 4.607614994049072 5
endloop
endfacet
facet normal 0 -1 0
outer loop
vertex 59.512474060058594 4.607614994049072 5
vertex 59.512474060058594 4.607614994049072 4.5
vertex 60.81247329711914 4.607614994049072 4.5
endloop
endfacet
facet normal 0 0 1
outer loop
vertex 59.512474060058594 4.607614994049072 4.5
vertex 60.81247329711914 4.107614994049072 4.5
vertex 60.81247329711914 4.607614994049072 4.5
endloop
endfacet
facet normal 0 0 1
outer loop
vertex 59.512474060058594 -14.39238452911377 4.5
vertex 61.512474060058594 -14.39238452911377 4.5
vertex 59.512474060058594 4.607614994049072 4.5
endloop
endfacet
facet normal 1 0 0
outer loop
vertex 59.512474060058594 -14.39238452911377 5
vertex 59.512474060058594 -14.39238452911377 4.5
vertex 59.512474060058594 4.607614994049072 5
endloop
endfacet
facet normal 0 0 1
outer loop
vertex 59.512474060058594 4.607614994049072 4.5
vertex 61.512474060058594 -14.39238452911377 4.5
vertex 60.81247329711914 4.107614994049072 4.5
endloop
endfacet
facet normal 1 0 0
outer loop
vertex 59.512474060058594 4.607614994049072 5
vertex 59.512474060058594 -14.39238452911377 4.5
vertex 59.512474060058594 4.607614994049072 4.5
endloop
endfacet
facet normal 0 0 1
outer loop
vertex 61.512474060058594 4.107614994049072 4.5
vertex 60.81247329711914 4.107614994049072 4.5
vertex 61.512474060058594 -14.39238452911377 4.5
endloop
endfacet
facet normal 0 0 1
outer loop
vertex 61.512474060058594 -27.90013885498047 4.5
vertex 59.512474060058594 -14.39238452911377 4.5
vertex 59.512474060058594 -27.90013885498047 4.5
endloop
endfacet
facet normal 1 0 0
outer loop
vertex 59.512474060058594 -27.90013885498047 5
vertex 59.512474060058594 -27.90013885498047 4.5
vertex 59.512474060058594 -14.39238452911377 5
endloop
endfacet
facet normal 0 0 1
outer loop
vertex 59.512474060058594 -14.39238452911377 4.5
vertex 61.512474060058594 -27.90013885498047 4.5
vertex 61.512474060058594 -14.39238452911377 4.5
endloop
endfacet
facet normal 1 0 0
outer loop
vertex 59.512474060058594 -14.39238452911377 5
vertex 59.512474060058594 -27.90013885498047 4.5
vertex 59.512474060058594 -14.39238452911377 4.5
endloop
endfacet
facet normal 0 0 1
outer loop
vertex -81.6325912475586 -1.2650890350341797 4.5
vertex -81.65238189697266 -13.431739807128906 4.5
vertex -80.9325942993164 -1.2662277221679688 4.5
endloop
endfacet
facet normal 0.0016271186785135735 0.9999986762415269 0
outer loop
vertex -79.66268920898438 -19.76831817626953 4.5
vertex -80.96268463134766 -19.766202926635742 5
vertex -79.66268920898438 -19.76831817626953 5
endloop
endfacet
facet normal 0 0 1
outer loop
vertex -80.93177795410156 -0.7662283778190613 4.5
vertex -80.9325942993164 -1.2662277221679688 4.5
vertex -79.63178253173828 -0.7683430314064026 4.5
endloop
endfacet
facet normal -0.9999986769760362 0.0016266671993081575 0
outer loop
vertex -79.63178253173828 -0.7683430314064026 4.5
vertex -79.66268920898438 -19.76831817626953 5
vertex -79.63178253173828 -0.7683430314064026 5
endloop
endfacet
facet normal 0 0 1
outer loop
vertex -80.9325942993164 -1.2662277221679688 4.5
vertex -81.65238189697266 -13.431739807128906 4.5
vertex -79.63178253173828 -0.7683430314064026 4.5
endloop
endfacet
facet normal -0.001626660181451887 -0.9999986769874519 0
outer loop
vertex -80.93177795410156 -0.7662283778190613 5
vertex -79.63178253173828 -0.7683430314064026 4.5
vertex -79.63178253173828 -0.7683430314064026 5
endloop
endfacet
facet normal -0.001626660181451887 -0.9999986769874519 0
outer loop
vertex -80.93177795410156 -0.7662283778190613 4.5
vertex -79.63178253173828 -0.7683430314064026 4.5
vertex -80.93177795410156 -0.7662283778190613 5
endloop
endfacet
facet normal 0.0016271186785135735 0.9999986762415269 0
outer loop
vertex -79.66268920898438 -19.76831817626953 4.5
vertex -80.96268463134766 -19.766202926635742 4.5
vertex -80.96268463134766 -19.766202926635742 5
endloop
endfacet
facet normal 0 0 1
outer loop
vertex -80.96186828613281 -19.266204833984375 4.5
vertex -80.96268463134766 -19.766202926635742 4.5
vertex -79.66268920898438 -19.76831817626953 4.5
endloop
endfacet
facet normal 0 0 1
outer loop
vertex -81.65238189697266 -13.431739807128906 4.5
vertex -81.66187286376953 -19.265066146850586 4.5
vertex -80.96186828613281 -19.266204833984375 4.5
endloop
endfacet
facet normal 0 0 1
outer loop
vertex -81.65238189697266 -13.431739807128906 4.5
vertex -80.96186828613281 -19.266204833984375 4.5
vertex -79.66268920898438 -19.76831817626953 4.5
endloop
endfacet
facet normal 0 0 1
outer loop
vertex -81.65238189697266 -13.431739807128906 4.5
vertex -79.66268920898438 -19.76831817626953 4.5
vertex -79.63178253173828 -0.7683430314064026 4.5
endloop
endfacet
facet normal -0.9999986769760362 0.0016266671993081575 0
outer loop
vertex -79.66268920898438 -19.76831817626953 5
vertex -79.63178253173828 -0.7683430314064026 4.5
vertex -79.66268920898438 -19.76831817626953 4.5
endloop
endfacet
facet normal 0 0 -1
outer loop
vertex 60.81247329711914 -46.40013885498047 0.20000000298023224
vertex 61.512474060058594 -27.90013885498047 0.20000000298023224
vertex 61.512474060058594 -46.40013885498047 0.20000000298023224
endloop
endfacet
facet normal 0 1 0
outer loop
vertex 60.754798889160156 -46.90013885498047 0
vertex 59.512474060058594 -46.90013885498047 0
vertex 59.512474060058594 -46.90013885498047 0.20000000298023224
endloop
endfacet
facet normal 0 1 0
outer loop
vertex 60.754798889160156 -46.90013885498047 0.20000000298023224
vertex 60.754798889160156 -46.90013885498047 0
vertex 59.512474060058594 -46.90013885498047 0.20000000298023224
endloop
endfacet
facet normal 0 0 -1
outer loop
vertex 60.754798889160156 -46.90013885498047 0.20000000298023224
vertex 59.512474060058594 -46.90013885498047 0.20000000298023224
vertex 60.81247329711914 -46.760902404785156 0.20000000298023224
endloop
endfacet
facet normal 0 0 -1
outer loop
vertex 60.81247329711914 -46.760902404785156 0.20000000298023224
vertex 59.512474060058594 -46.90013885498047 0.20000000298023224
vertex 60.81247329711914 -46.40013885498047 0.20000000298023224
endloop
endfacet
facet normal 1 0 0
outer loop
vertex 59.512474060058594 -46.90013885498047 0.20000000298023224
vertex 59.512474060058594 -46.90013885498047 0
vertex 59.512474060058594 -27.90013885498047 0.20000000298023224
endloop
endfacet
facet normal 0 0 -1
outer loop
vertex 60.81247329711914 -46.40013885498047 0.20000000298023224
vertex 59.512474060058594 -46.90013885498047 0.20000000298023224
vertex 61.512474060058594 -27.90013885498047 0.20000000298023224
endloop
endfacet
facet normal 1 0 0
outer loop
vertex 59.512474060058594 -27.90013885498047 0.20000000298023224
vertex 59.512474060058594 -46.90013885498047 0
vertex 59.512474060058594 -27.90013885498047 0
endloop
endfacet
facet normal 0 0 -1
outer loop
vertex 61.512474060058594 -27.90013885498047 0.20000000298023224
vertex 59.512474060058594 -46.90013885498047 0.20000000298023224
vertex 59.512474060058594 -27.90013885498047 0.20000000298023224
endloop
endfacet
facet normal 0 0 -1
outer loop
vertex 80.93594360351562 23.086421966552734 0.20000000298023224
vertex 79.63594818115234 23.09093475341797 0.20000000298023224
vertex 80.93767547607422 23.58641815185547 0.20000000298023224
endloop
endfacet
facet normal 0 0 -1
outer loop
vertex 80.93767547607422 23.58641815185547 0.20000000298023224
vertex 81.69766998291016 40.86388397216797 0.20000000298023224
vertex 81.6376724243164 23.583988189697266 0.20000000298023224
endloop
endfacet
facet normal 0 0 -1
outer loop
vertex 81.00145721435547 41.95525360107422 0.20000000298023224
vertex 79.70191955566406 42.0908203125 0.20000000298023224
vertex 80.95105743408203 42.086483001708984 0.20000000298023224
endloop
endfacet
facet normal 0 0 -1
outer loop
vertex 81.00017547607422 41.58631134033203 0.20000000298023224
vertex 79.70191955566406 42.0908203125 0.20000000298023224
vertex 81.00145721435547 41.95525360107422 0.20000000298023224
endloop
endfacet
facet normal 0.0034713658195417957 0.9999939747915219 0
outer loop
vertex 80.93594360351562 23.086421966552734 0
vertex 79.63594818115234 23.09093475341797 0
vertex 79.63594818115234 23.09093475341797 0.20000000298023224
endloop
endfacet
facet normal -0.003472222498293686 -0.9999939718172917 0
outer loop
vertex 79.70191955566406 42.0908203125 0.20000000298023224
vertex 79.70191955566406 42.0908203125 0
vertex 80.95105743408203 42.086483001708984 0.20000000298023224
endloop
endfacet
facet normal 0.0034713658195417957 0.9999939747915219 0
outer loop
vertex 80.93594360351562 23.086421966552734 0.20000000298023224
vertex 80.93594360351562 23.086421966552734 0
vertex 79.63594818115234 23.09093475341797 0.20000000298023224
endloop
endfacet
facet normal 0 0 -1
outer loop
vertex 81.69766998291016 40.86388397216797 0.20000000298023224
vertex 79.70191955566406 42.0908203125 0.20000000298023224
vertex 81.00017547607422 41.58631134033203 0.20000000298023224
endloop
endfacet
facet normal 0.9999939719732261 -0.0034721775891419756 0
outer loop
vertex 79.70191955566406 42.0908203125 0
vertex 79.70191955566406 42.0908203125 0.20000000298023224
vertex 79.63594818115234 23.09093475341797 0.20000000298023224
endloop
endfacet
facet normal -0.003472222498293686 -0.9999939718172917 0
outer loop
vertex 80.95105743408203 42.086483001708984 0
vertex 80.95105743408203 42.086483001708984 0.20000000298023224
vertex 79.70191955566406 42.0908203125 0
endloop
endfacet
facet normal 0 0 -1
outer loop
vertex 81.00017547607422 41.58631134033203 0.20000000298023224
vertex 81.7001724243164 41.58388137817383 0.20000000298023224
vertex 81.69766998291016 40.86388397216797 0.20000000298023224
endloop
endfacet
facet normal 0 0 -1
outer loop
vertex 81.69766998291016 40.86388397216797 0.20000000298023224
vertex 79.63594818115234 23.09093475341797 0.20000000298023224
vertex 79.70191955566406 42.0908203125 0.20000000298023224
endloop
endfacet
facet normal 0.9999939719732261 -0.0034721775891419756 0
outer loop
vertex 79.63594818115234 23.09093475341797 0.20000000298023224
vertex 79.63594818115234 23.09093475341797 0
vertex 79.70191955566406 42.0908203125 0
endloop
endfacet
facet normal 0 0 -1
outer loop
vertex 80.93767547607422 23.58641815185547 0.20000000298023224
vertex 79.63594818115234 23.09093475341797 0.20000000298023224
vertex 81.69766998291016 40.86388397216797 0.20000000298023224
endloop
endfacet
facet normal 0 0 -1
outer loop
vertex -81.62134552001953 5.648243427276611 0.20000000298023224
vertex -80.92251586914062 4.927105903625488 0.20000000298023224
vertex -81.62251281738281 4.928244590759277 0.20000000298023224
endloop
endfacet
facet normal 0 0 -1
outer loop
vertex -80.82710266113281 23.42697525024414 0.20000000298023224
vertex -80.89323425292969 22.927082061767578 0.20000000298023224
vertex -80.89266204833984 23.27928352355957 0.20000000298023224
endloop
endfacet
facet normal 0.0016263755383901445 0.9999986774504296 0
outer loop
vertex -79.62332916259766 4.424992084503174 0
vertex -80.92333221435547 4.4271063804626465 0
vertex -80.92333221435547 4.4271063804626465 0.20000000298023224
endloop
endfacet
facet normal 0 0 -1
outer loop
vertex -79.62332916259766 4.424992084503174 0.20000000298023224
vertex -80.92251586914062 4.927105903625488 0.20000000298023224
vertex -81.62134552001953 5.648243427276611 0.20000000298023224
endloop
endfacet
facet normal 0.0016263755383901445 0.9999986774504296 0
outer loop
vertex -79.62332916259766 4.424992084503174 0
vertex -80.92333221435547 4.4271063804626465 0.20000000298023224
vertex -79.62332916259766 4.424992084503174 0.20000000298023224
endloop
endfacet
facet normal -0.999998676975978 0.0016266672350290813 0
outer loop
vertex -79.62332916259766 4.424992084503174 0
vertex -79.62332916259766 4.424992084503174 0.20000000298023224
vertex -79.59242248535156 23.42496681213379 0
endloop
endfacet
facet normal 0 0 -1
outer loop
vertex -79.62332916259766 4.424992084503174 0.20000000298023224
vertex -81.62134552001953 5.648243427276611 0.20000000298023224
vertex -79.59242248535156 23.42496681213379 0.20000000298023224
endloop
endfacet
facet normal 0 0 -1
outer loop
vertex -79.62332916259766 4.424992084503174 0.20000000298023224
vertex -80.92333221435547 4.4271063804626465 0.20000000298023224
vertex -80.92251586914062 4.927105903625488 0.20000000298023224
endloop
endfacet
facet normal -0.999998676975978 0.0016266672350290813 0
outer loop
vertex -79.59242248535156 23.42496681213379 0
vertex -79.62332916259766 4.424992084503174 0.20000000298023224
vertex -79.59242248535156 23.42496681213379 0.20000000298023224
endloop
endfacet
facet normal 0 0 -1
outer loop
vertex -81.62134552001953 5.648243427276611 0.20000000298023224
vertex -81.5932388305664 22.928220748901367 0.20000000298023224
vertex -80.89323425292969 22.927082061767578 0.20000000298023224
endloop
endfacet
facet normal -0.0016266847824065204 -0.999998676947434 0
outer loop
vertex -79.59242248535156 23.42496681213379 0.20000000298023224
vertex -80.82710266113281 23.42697525024414 0.20000000298023224
vertex -80.82710266113281 23.42697525024414 0
endloop
endfacet
facet normal -0.0016266847824065204 -0.999998676947434 0
outer loop
vertex -79.59242248535156 23.42496681213379 0
vertex -79.59242248535156 23.42496681213379 0.20000000298023224
vertex -80.82710266113281 23.42697525024414 0
endloop
endfacet
facet normal 0 0 -1
outer loop
vertex -81.62134552001953 5.648243427276611 0.20000000298023224
vertex -80.89323425292969 22.927082061767578 0.20000000298023224
vertex -80.82710266113281 23.42697525024414 0.20000000298023224
endloop
endfacet
facet normal 0 0 -1
outer loop
vertex -79.59242248535156 23.42496681213379 0.20000000298023224
vertex -81.62134552001953 5.648243427276611 0.20000000298023224
vertex -80.82710266113281 23.42697525024414 0.20000000298023224
endloop
endfacet
facet normal 0 0 -1
outer loop
vertex -79.67113494873047 -24.961652755737305 0.20000000298023224
vertex -80.9719467163086 -25.459537506103516 0.20000000298023224
vertex -80.97113037109375 -24.959537506103516 0.20000000298023224
endloop
endfacet
facet normal -0.0016271186785135733 -0.9999986762415267 0
outer loop
vertex -80.97113037109375 -24.959537506103516 0
vertex -79.67113494873047 -24.961652755737305 0
vertex -79.67113494873047 -24.961652755737305 0.20000000298023224
endloop
endfacet
facet normal -0.0016271186785135733 -0.9999986762415267 0
outer loop
vertex -80.97113037109375 -24.959537506103516 0
vertex -79.67113494873047 -24.961652755737305 0.20000000298023224
vertex -80.97113037109375 -24.959537506103516 0.20000000298023224
endloop
endfacet
facet normal -0.9999986769760444 0.0016266671942051685 0
outer loop
vertex -79.67113494873047 -24.961652755737305 0
vertex -79.70204162597656 -43.96162796020508 0
vertex -79.67113494873047 -24.961652755737305 0.20000000298023224
endloop
endfacet
facet normal 0 0 -1
outer loop
vertex -81.69173431396484 -37.62504959106445 0.20000000298023224
vertex -81.67194366455078 -25.458398818969727 0.20000000298023224
vertex -80.9719467163086 -25.459537506103516 0.20000000298023224
endloop
endfacet
facet normal 0 0 -1
outer loop
vertex -79.67113494873047 -24.961652755737305 0.20000000298023224
vertex -81.69173431396484 -37.62504959106445 0.20000000298023224
vertex -80.9719467163086 -25.459537506103516 0.20000000298023224
endloop
endfacet
facet normal 0 0 -1
outer loop
vertex -79.67113494873047 -24.961652755737305 0.20000000298023224
vertex -79.70204162597656 -43.96162796020508 0.20000000298023224
vertex -81.69173431396484 -37.62504959106445 0.20000000298023224
endloop
endfacet
facet normal -0.9999986769760444 0.0016266671942051685 0
outer loop
vertex -79.70204162597656 -43.96162796020508 0
vertex -79.70204162597656 -43.96162796020508 0.20000000298023224
vertex -79.67113494873047 -24.961652755737305 0.20000000298023224
endloop
endfacet
facet normal 0.0016276069165590298 0.9999986754469854 0
outer loop
vertex -80.71453857421875 -43.95998001098633 0.20000000298023224
vertex -79.70204162597656 -43.96162796020508 0.20000000298023224
vertex -79.70204162597656 -43.96162796020508 0
endloop
endfacet
facet normal 0 0 -1
outer loop
vertex -80.71453857421875 -43.95998001098633 0.20000000298023224
vertex -81.001220703125 -43.45951461791992 0.20000000298023224
vertex -81.69173431396484 -37.62504959106445 0.20000000298023224
endloop
endfacet
facet normal 0 0 -1
outer loop
vertex -81.70122528076172 -43.4583740234375 0.20000000298023224
vertex -81.69173431396484 -37.62504959106445 0.20000000298023224
vertex -81.001220703125 -43.45951461791992 0.20000000298023224
endloop
endfacet
facet normal 0 0 -1
outer loop
vertex -79.70204162597656 -43.96162796020508 0.20000000298023224
vertex -80.71453857421875 -43.95998001098633 0.20000000298023224
vertex -81.69173431396484 -37.62504959106445 0.20000000298023224
endloop
endfacet
facet normal 0 0 -1
outer loop
vertex -81.0015640258789 -43.67058181762695 0.20000000298023224
vertex -81.001220703125 -43.45951461791992 0.20000000298023224
vertex -80.71453857421875 -43.95998001098633 0.20000000298023224
endloop
endfacet
facet normal 0.0016276069165590298 0.9999986754469854 0
outer loop
vertex -79.70204162597656 -43.96162796020508 0
vertex -80.71453857421875 -43.95998001098633 0
vertex -80.71453857421875 -43.95998001098633 0.20000000298023224
endloop
endfacet
facet normal 0 0 -1
outer loop
vertex 61.512474060058594 -14.39238452911377 0.20000000298023224
vertex 59.512474060058594 4.607614994049072 0.20000000298023224
vertex 60.81247329711914 4.107614994049072 0.20000000298023224
endloop
endfacet
facet normal 1 0 0
outer loop
vertex 59.512474060058594 4.607614994049072 0.20000000298023224
vertex 59.512474060058594 -14.39238452911377 0
vertex 59.512474060058594 4.607614994049072 0
endloop
endfacet
facet normal 0 -1 0
outer loop
vertex 59.512474060058594 4.607614994049072 0
vertex 60.81247329711914 4.607614994049072 0
vertex 60.81247329711914 4.607614994049072 0.20000000298023224
endloop
endfacet
facet normal 0 -1 0
outer loop
vertex 59.512474060058594 4.607614994049072 0.20000000298023224
vertex 59.512474060058594 4.607614994049072 0
vertex 60.81247329711914 4.607614994049072 0.20000000298023224
endloop
endfacet
facet normal 0 0 -1
outer loop
vertex 59.512474060058594 4.607614994049072 0.20000000298023224
vertex 60.81247329711914 4.607614994049072 0.20000000298023224
vertex 60.81247329711914 4.107614994049072 0.20000000298023224
endloop
endfacet
facet normal 0 0 -1
outer loop
vertex 61.512474060058594 -14.39238452911377 0.20000000298023224
vertex 59.512474060058594 -14.39238452911377 0.20000000298023224
vertex 59.512474060058594 4.607614994049072 0.20000000298023224
endloop
endfacet
facet normal 1 0 0
outer loop
vertex 59.512474060058594 -14.39238452911377 0.20000000298023224
vertex 59.512474060058594 -14.39238452911377 0
vertex 59.512474060058594 4.607614994049072 0.20000000298023224
endloop
endfacet
facet normal 0 0 -1
outer loop
vertex 61.512474060058594 -14.39238452911377 0.20000000298023224
vertex 60.81247329711914 4.107614994049072 0.20000000298023224
vertex 61.512474060058594 4.107614994049072 0.20000000298023224
endloop
endfacet
facet normal 0 0 -1
outer loop
vertex 61.512474060058594 -14.39238452911377 0.20000000298023224
vertex 59.512474060058594 -27.90013885498047 0.20000000298023224
vertex 59.512474060058594 -14.39238452911377 0.20000000298023224
endloop
endfacet
facet normal 1 0 0
outer loop
vertex 59.512474060058594 -14.39238452911377 0.20000000298023224
vertex 59.512474060058594 -27.90013885498047 0
vertex 59.512474060058594 -14.39238452911377 0
endloop
endfacet
facet normal 0 0 -1
outer loop
vertex 61.512474060058594 -27.90013885498047 0.20000000298023224
vertex 59.512474060058594 -27.90013885498047 0.20000000298023224
vertex 61.512474060058594 -14.39238452911377 0.20000000298023224
endloop
endfacet
facet normal 1 0 0
outer loop
vertex 59.512474060058594 -27.90013885498047 0.20000000298023224
vertex 59.512474060058594 -27.90013885498047 0
vertex 59.512474060058594 -14.39238452911377 0.20000000298023224
endloop
endfacet
facet normal 0 0 -1
outer loop
vertex -79.66268920898438 -19.76831817626953 0.20000000298023224
vertex -80.96186828613281 -19.266204833984375 0.20000000298023224
vertex -81.66069793701172 -18.545066833496094 0.20000000298023224
endloop
endfacet
facet normal 0 0 -1
outer loop
vertex -81.66187286376953 -19.265066146850586 0.20000000298023224
vertex -81.66069793701172 -18.545066833496094 0.20000000298023224
vertex -80.96186828613281 -19.266204833984375 0.20000000298023224
endloop
endfacet
facet normal -0.9999986769760362 0.0016266671993081575 0
outer loop
vertex -79.63178253173828 -0.7683430314064026 0
vertex -79.66268920898438 -19.76831817626953 0.20000000298023224
vertex -79.63178253173828 -0.7683430314064026 0.20000000298023224
endloop
endfacet
facet normal 0 0 -1
outer loop
vertex -81.66069793701172 -18.545066833496094 0.20000000298023224
vertex -81.6325912475586 -1.2650890350341797 0.20000000298023224
vertex -80.9325942993164 -1.2662277221679688 0.20000000298023224
endloop
endfacet
facet normal 0 0 -1
outer loop
vertex -79.63178253173828 -0.7683430314064026 0.20000000298023224
vertex -81.66069793701172 -18.545066833496094 0.20000000298023224
vertex -80.9325942993164 -1.2662277221679688 0.20000000298023224
endloop
endfacet
facet normal 0 0 -1
outer loop
vertex -79.66268920898438 -19.76831817626953 0.20000000298023224
vertex -80.96268463134766 -19.766202926635742 0.20000000298023224
vertex -80.96186828613281 -19.266204833984375 0.20000000298023224
endloop
endfacet
facet normal -0.001626660181451887 -0.9999986769874519 0
outer loop
vertex -79.63178253173828 -0.7683430314064026 0
vertex -79.63178253173828 -0.7683430314064026 0.20000000298023224
vertex -80.93177795410156 -0.7662283778190613 0
endloop
endfacet
facet normal -0.001626660181451887 -0.9999986769874519 0
outer loop
vertex -80.93177795410156 -0.7662283778190613 0
vertex -79.63178253173828 -0.7683430314064026 0.20000000298023224
vertex -80.93177795410156 -0.7662283778190613 0.20000000298023224
endloop
endfacet
facet normal 0 0 -1
outer loop
vertex -79.63178253173828 -0.7683430314064026 0.20000000298023224
vertex -80.9325942993164 -1.2662277221679688 0.20000000298023224
vertex -80.93177795410156 -0.7662283778190613 0.20000000298023224
endloop
endfacet
facet normal 0 0 -1
outer loop
vertex -81.66069793701172 -18.545066833496094 0.20000000298023224
vertex -79.63178253173828 -0.7683430314064026 0.20000000298023224
vertex -79.66268920898438 -19.76831817626953 0.20000000298023224
endloop
endfacet
facet normal 0.0016271186785135733 0.9999986762415267 0
outer loop
vertex -79.66268920898438 -19.76831817626953 0
vertex -80.96268463134766 -19.766202926635742 0.20000000298023224
vertex -79.66268920898438 -19.76831817626953 0.20000000298023224
endloop
endfacet
facet normal 0.0016271186785135733 0.9999986762415267 0
outer loop
vertex -79.66268920898438 -19.76831817626953 0
vertex -80.96268463134766 -19.766202926635742 0
vertex -80.96268463134766 -19.766202926635742 0.20000000298023224
endloop
endfacet
facet normal -0.9999986769760362 0.0016266671993081575 0
outer loop
vertex -79.66268920898438 -19.76831817626953 0
vertex -79.66268920898438 -19.76831817626953 0.20000000298023224
vertex -79.63178253173828 -0.7683430314064026 0
endloop
endfacet
facet normal -0.9951844376610333 0.09802007466480116 0
outer loop
vertex -15.750025749206543 -40.93502426147461 5
vertex -15.750025749206543 -40.93502426147461 0
vertex -15.772123336791992 -41.15937805175781 5
endloop
endfacet
facet normal -0.7730110275979483 -0.6343925844553703 0
outer loop
vertex -16.08685302734375 -40.12185287475586 0
vertex -15.943836212158203 -40.296119689941406 0
vertex -15.943836212158203 -40.296119689941406 5
endloop
endfacet
facet normal 0.8819228148211526 0.4713938360839425 0
outer loop
vertex -17.856216430664062 -41.57393264770508 5
vertex -17.856216430664062 -41.57393264770508 0
vertex -17.962488174438477 -41.3751106262207 5
endloop
endfacet
facet normal 0.956941111292252 0.2902821205633403 0
outer loop
vertex -17.962488174438477 -41.3751106262207 5
vertex -17.962488174438477 -41.3751106262207 0
vertex -18.027929306030273 -41.15937805175781 5
endloop
endfacet
facet normal 0.9951848503090435 0.09801588501547505 0
outer loop
vertex -18.027929306030273 -41.15937805175781 5
vertex -18.027929306030273 -41.15937805175781 0
vertex -18.050025939941406 -40.93502426147461 5
endloop
endfacet
facet normal 0.6343925844553703 0.7730110275979483 0
outer loop
vertex -17.53893280029297 -41.89121627807617 5
vertex -17.53893280029297 -41.89121627807617 0
vertex -17.713199615478516 -41.748199462890625 5
endloop
endfacet
facet normal 0.4713907728797535 0.8819244521181102 0
outer loop
vertex -17.340112686157227 -41.99748611450195 5
vertex -17.340112686157227 -41.99748611450195 0
vertex -17.53893280029297 -41.89121627807617 5
endloop
endfacet
facet normal 0.2902821205633403 0.956941111292252 0
outer loop
vertex -17.124380111694336 -42.06292724609375 5
vertex -17.124380111694336 -42.06292724609375 0
vertex -17.340112686157227 -41.99748611450195 5
endloop
endfacet
facet normal 0.0980242643089155 0.9951840249957271 0
outer loop
vertex -16.900026321411133 -42.085025787353516 5
vertex -16.900026321411133 -42.085025787353516 0
vertex -17.124380111694336 -42.06292724609375 5
endloop
endfacet
facet normal -0.0980242643089155 0.9951840249957271 0
outer loop
vertex -16.67567253112793 -42.06292724609375 5
vertex -16.67567253112793 -42.06292724609375 0
vertex -16.900026321411133 -42.085025787353516 5
endloop
endfacet
facet normal 0.7730110275979483 0.6343925844553703 0
outer loop
vertex -17.713199615478516 -41.748199462890625 5
vertex -17.713199615478516 -41.748199462890625 0
vertex -17.856216430664062 -41.57393264770508 5
endloop
endfacet
facet normal -0.2902821205633403 0.956941111292252 0
outer loop
vertex -16.45993995666504 -41.99748611450195 5
vertex -16.45993995666504 -41.99748611450195 0
vertex -16.67567253112793 -42.06292724609375 5
endloop
endfacet
facet normal -0.4713907728797535 0.8819244521181102 0
outer loop
vertex -16.261119842529297 -41.89121627807617 5
vertex -16.261119842529297 -41.89121627807617 0
vertex -16.45993995666504 -41.99748611450195 5
endloop
endfacet
facet normal -0.6343925844553703 0.7730110275979483 0
outer loop
vertex -16.08685302734375 -41.748199462890625 5
vertex -16.08685302734375 -41.748199462890625 0
vertex -16.261119842529297 -41.89121627807617 5
endloop
endfacet
facet normal -0.7730110275979483 0.6343925844553703 0
outer loop
vertex -15.943836212158203 -41.57393264770508 5
vertex -15.943836212158203 -41.57393264770508 0
vertex -16.08685302734375 -41.748199462890625 5
endloop
endfacet
facet normal -0.8819228148211526 0.4713938360839425 0
outer loop
vertex -15.837564468383789 -41.3751106262207 5
vertex -15.837564468383789 -41.3751106262207 0
vertex -15.943836212158203 -41.57393264770508 5
endloop
endfacet
facet normal -0.956941111292252 0.2902821205633403 0
outer loop
vertex -15.772123336791992 -41.15937805175781 5
vertex -15.772123336791992 -41.15937805175781 0
vertex -15.837564468383789 -41.3751106262207 5
endloop
endfacet
facet normal -0.6343925844553703 0.7730110275979483 0
outer loop
vertex -16.08685302734375 -41.748199462890625 0
vertex -16.261119842529297 -41.89121627807617 0
vertex -16.261119842529297 -41.89121627807617 5
endloop
endfacet
facet normal 0.9951848503090435 -0.09801588501547505 0
outer loop
vertex -18.050025939941406 -40.93502426147461 5
vertex -18.050025939941406 -40.93502426147461 0
vertex -18.027929306030273 -40.710670471191406 5
endloop
endfacet
facet normal 0.956941111292252 -0.2902821205633403 0
outer loop
vertex -18.027929306030273 -40.710670471191406 5
vertex -18.027929306030273 -40.710670471191406 0
vertex -17.962488174438477 -40.494937896728516 5
endloop
endfacet
facet normal 0.8819190546839591 -0.4714008707940113 0
outer loop
vertex -17.962488174438477 -40.494937896728516 5
vertex -17.962488174438477 -40.494937896728516 0
vertex -17.856216430664062 -40.296119689941406 5
endloop
endfacet
facet normal 0.7730110275979483 -0.6343925844553703 0
outer loop
vertex -17.856216430664062 -40.296119689941406 5
vertex -17.856216430664062 -40.296119689941406 0
vertex -17.713199615478516 -40.12185287475586 5
endloop
endfacet
facet normal 0.6343925844553703 -0.7730110275979483 0
outer loop
vertex -17.713199615478516 -40.12185287475586 5
vertex -17.713199615478516 -40.12185287475586 0
vertex -17.53893280029297 -39.97883605957031 5
endloop
endfacet
facet normal 0.47140393387447393 -0.8819174174080421 0
outer loop
vertex -17.53893280029297 -39.97883605957031 5
vertex -17.53893280029297 -39.97883605957031 0
vertex -17.340112686157227 -39.872562408447266 5
endloop
endfacet
facet normal 0.2902821205633403 -0.956941111292252 0
outer loop
vertex -17.340112686157227 -39.872562408447266 5
vertex -17.340112686157227 -39.872562408447266 0
vertex -17.124380111694336 -39.80712127685547 5
endloop
endfacet
facet normal -0.7730110275979483 0.6343925844553703 0
outer loop
vertex -15.943836212158203 -41.57393264770508 0
vertex -16.08685302734375 -41.748199462890625 0
vertex -16.08685302734375 -41.748199462890625 5
endloop
endfacet
facet normal -0.8819228148211526 0.4713938360839425 0
outer loop
vertex -15.837564468383789 -41.3751106262207 0
vertex -15.943836212158203 -41.57393264770508 0
vertex -15.943836212158203 -41.57393264770508 5
endloop
endfacet
facet normal 0.09800750570118845 -0.9951856755531762 0
outer loop
vertex -17.124380111694336 -39.80712127685547 5
vertex -17.124380111694336 -39.80712127685547 0
vertex -16.900026321411133 -39.78502655029297 5
endloop
endfacet
facet normal -0.956941111292252 0.2902821205633403 0
outer loop
vertex -15.772123336791992 -41.15937805175781 0
vertex -15.837564468383789 -41.3751106262207 0
vertex -15.837564468383789 -41.3751106262207 5
endloop
endfacet
facet normal -0.09800750570118845 -0.9951856755531762 0
outer loop
vertex -16.900026321411133 -39.78502655029297 5
vertex -16.900026321411133 -39.78502655029297 0
vertex -16.67567253112793 -39.80712127685547 5
endloop
endfacet
facet normal -0.2902821205633403 -0.956941111292252 0
outer loop
vertex -16.67567253112793 -39.80712127685547 5
vertex -16.67567253112793 -39.80712127685547 0
vertex -16.45993995666504 -39.872562408447266 5
endloop
endfacet
facet normal -0.9951844376610333 -0.09802007466480116 0
outer loop
vertex -15.772123336791992 -40.710670471191406 5
vertex -15.772123336791992 -40.710670471191406 0
vertex -15.750025749206543 -40.93502426147461 5
endloop
endfacet
facet normal -0.956941111292252 -0.2902821205633403 0
outer loop
vertex -15.837564468383789 -40.494937896728516 5
vertex -15.837564468383789 -40.494937896728516 0
vertex -15.772123336791992 -40.710670471191406 5
endloop
endfacet
facet normal -0.8819190546839591 -0.4714008707940113 0
outer loop
vertex -15.943836212158203 -40.296119689941406 5
vertex -15.943836212158203 -40.296119689941406 0
vertex -15.837564468383789 -40.494937896728516 5
endloop
endfacet
facet normal -0.47140393387447393 -0.8819174174080421 0
outer loop
vertex -16.45993995666504 -39.872562408447266 5
vertex -16.45993995666504 -39.872562408447266 0
vertex -16.261119842529297 -39.97883605957031 5
endloop
endfacet
facet normal -0.7730110275979483 -0.6343925844553703 0
outer loop
vertex -16.08685302734375 -40.12185287475586 5
vertex -16.08685302734375 -40.12185287475586 0
vertex -15.943836212158203 -40.296119689941406 5
endloop
endfacet
facet normal -0.6343925844553703 -0.7730110275979483 0
outer loop
vertex -16.261119842529297 -39.97883605957031 5
vertex -16.261119842529297 -39.97883605957031 0
vertex -16.08685302734375 -40.12185287475586 5
endloop
endfacet
facet normal -0.9951844376610333 0.09802007466480116 0
outer loop
vertex -15.750025749206543 -40.93502426147461 0
vertex -15.772123336791992 -41.15937805175781 0
vertex -15.772123336791992 -41.15937805175781 5
endloop
endfacet
facet normal 0.9951848503090435 -0.09801588501547505 0
outer loop
vertex -18.050025939941406 -40.93502426147461 0
vertex -18.027929306030273 -40.710670471191406 0
vertex -18.027929306030273 -40.710670471191406 5
endloop
endfacet
facet normal 0.956941111292252 0.2902821205633403 0
outer loop
vertex -17.962488174438477 -41.3751106262207 0
vertex -18.027929306030273 -41.15937805175781 0
vertex -18.027929306030273 -41.15937805175781 5
endloop
endfacet
facet normal 0.956941111292252 -0.2902821205633403 0
outer loop
vertex -18.027929306030273 -40.710670471191406 0
vertex -17.962488174438477 -40.494937896728516 0
vertex -17.962488174438477 -40.494937896728516 5
endloop
endfacet
facet normal 0.8819190546839591 -0.4714008707940113 0
outer loop
vertex -17.962488174438477 -40.494937896728516 0
vertex -17.856216430664062 -40.296119689941406 0
vertex -17.856216430664062 -40.296119689941406 5
endloop
endfacet
facet normal 0.7730110275979483 -0.6343925844553703 0
outer loop
vertex -17.856216430664062 -40.296119689941406 0
vertex -17.713199615478516 -40.12185287475586 0
vertex -17.713199615478516 -40.12185287475586 5
endloop
endfacet
facet normal 0.6343925844553703 -0.7730110275979483 0
outer loop
vertex -17.713199615478516 -40.12185287475586 0
vertex -17.53893280029297 -39.97883605957031 0
vertex -17.53893280029297 -39.97883605957031 5
endloop
endfacet
facet normal 0.9951848503090435 0.09801588501547505 0
outer loop
vertex -18.050025939941406 -40.93502426147461 0
vertex -18.050025939941406 -40.93502426147461 5
vertex -18.027929306030273 -41.15937805175781 0
endloop
endfacet
facet normal 0.47140393387447393 -0.8819174174080421 0
outer loop
vertex -17.53893280029297 -39.97883605957031 0
vertex -17.340112686157227 -39.872562408447266 0
vertex -17.340112686157227 -39.872562408447266 5
endloop
endfacet
facet normal 0.2902821205633403 -0.956941111292252 0
outer loop
vertex -17.340112686157227 -39.872562408447266 0
vertex -17.124380111694336 -39.80712127685547 0
vertex -17.124380111694336 -39.80712127685547 5
endloop
endfacet
facet normal 0.09800750570118845 -0.9951856755531762 0
outer loop
vertex -17.124380111694336 -39.80712127685547 0
vertex -16.900026321411133 -39.78502655029297 0
vertex -16.900026321411133 -39.78502655029297 5
endloop
endfacet
facet normal 0.6343925844553703 0.7730110275979483 0
outer loop
vertex -17.53893280029297 -41.89121627807617 0
vertex -17.713199615478516 -41.748199462890625 0
vertex -17.713199615478516 -41.748199462890625 5
endloop
endfacet
facet normal 0.2902821205633403 0.956941111292252 0
outer loop
vertex -17.124380111694336 -42.06292724609375 0
vertex -17.340112686157227 -41.99748611450195 0
vertex -17.340112686157227 -41.99748611450195 5
endloop
endfacet
facet normal 0.4713907728797535 0.8819244521181102 0
outer loop
vertex -17.340112686157227 -41.99748611450195 0
vertex -17.53893280029297 -41.89121627807617 0
vertex -17.53893280029297 -41.89121627807617 5
endloop
endfacet
facet normal 0.0980242643089155 0.9951840249957271 0
outer loop
vertex -16.900026321411133 -42.085025787353516 0
vertex -17.124380111694336 -42.06292724609375 0
vertex -17.124380111694336 -42.06292724609375 5
endloop
endfacet
facet normal -0.0980242643089155 0.9951840249957271 0
outer loop
vertex -16.67567253112793 -42.06292724609375 0
vertex -16.900026321411133 -42.085025787353516 0
vertex -16.900026321411133 -42.085025787353516 5
endloop
endfacet
facet normal -0.2902821205633403 0.956941111292252 0
outer loop
vertex -16.45993995666504 -41.99748611450195 0
vertex -16.67567253112793 -42.06292724609375 0
vertex -16.67567253112793 -42.06292724609375 5
endloop
endfacet
facet normal 0.7730110275979483 0.6343925844553703 0
outer loop
vertex -17.713199615478516 -41.748199462890625 0
vertex -17.856216430664062 -41.57393264770508 0
vertex -17.856216430664062 -41.57393264770508 5
endloop
endfacet
facet normal -0.4713907728797535 0.8819244521181102 0
outer loop
vertex -16.261119842529297 -41.89121627807617 0
vertex -16.45993995666504 -41.99748611450195 0
vertex -16.45993995666504 -41.99748611450195 5
endloop
endfacet
facet normal -0.2902821205633403 -0.956941111292252 0
outer loop
vertex -16.67567253112793 -39.80712127685547 0
vertex -16.45993995666504 -39.872562408447266 0
vertex -16.45993995666504 -39.872562408447266 5
endloop
endfacet
facet normal -0.6343925844553703 -0.7730110275979483 0
outer loop
vertex -16.261119842529297 -39.97883605957031 0
vertex -16.08685302734375 -40.12185287475586 0
vertex -16.08685302734375 -40.12185287475586 5
endloop
endfacet
facet normal -0.47140393387447393 -0.8819174174080421 0
outer loop
vertex -16.45993995666504 -39.872562408447266 0
vertex -16.261119842529297 -39.97883605957031 0
vertex -16.261119842529297 -39.97883605957031 5
endloop
endfacet
facet normal -0.8819190546839591 -0.4714008707940113 0
outer loop
vertex -15.943836212158203 -40.296119689941406 0
vertex -15.837564468383789 -40.494937896728516 0
vertex -15.837564468383789 -40.494937896728516 5
endloop
endfacet
facet normal -0.09800750570118845 -0.9951856755531762 0
outer loop
vertex -16.900026321411133 -39.78502655029297 0
vertex -16.67567253112793 -39.80712127685547 0
vertex -16.67567253112793 -39.80712127685547 5
endloop
endfacet
facet normal -0.956941111292252 -0.2902821205633403 0
outer loop
vertex -15.837564468383789 -40.494937896728516 0
vertex -15.772123336791992 -40.710670471191406 0
vertex -15.772123336791992 -40.710670471191406 5
endloop
endfacet
facet normal -0.9951844376610333 -0.09802007466480116 0
outer loop
vertex -15.772123336791992 -40.710670471191406 0
vertex -15.750025749206543 -40.93502426147461 0
vertex -15.750025749206543 -40.93502426147461 5
endloop
endfacet
facet normal 0.8819228148211526 0.4713938360839425 0
outer loop
vertex -17.856216430664062 -41.57393264770508 0
vertex -17.962488174438477 -41.3751106262207 0
vertex -17.962488174438477 -41.3751106262207 5
endloop
endfacet
facet normal 1 0 0
outer loop
vertex -11.720026016235352 30.414974212646484 5
vertex -11.720026016235352 47.77910232543945 0
vertex -11.720026016235352 47.77910232543945 5
endloop
endfacet
facet normal 0 1 0
outer loop
vertex -11.720026016235352 30.414974212646484 5
vertex 0.40333274006843567 30.414974212646484 0
vertex -11.720026016235352 30.414974212646484 0
endloop
endfacet
facet normal 1 0 0
outer loop
vertex -11.720026016235352 30.414974212646484 5
vertex -11.720026016235352 30.414974212646484 0
vertex -11.720026016235352 47.77910232543945 0
endloop
endfacet
facet normal 0 1 0
outer loop
vertex 0.40333274006843567 30.414974212646484 0
vertex -2.194323778152466 30.414974212646484 5
vertex 0.40333274006843567 30.414974212646484 5
endloop
endfacet
facet normal 0 1 0
outer loop
vertex 0.40333274006843567 30.414974212646484 0
vertex -11.720026016235352 30.414974212646484 5
vertex -2.194323778152466 30.414974212646484 5
endloop
endfacet
facet normal 0.08715558560708386 0.9961947118397518 0
outer loop
vertex 15.579974174499512 23.414974212646484 0
vertex 12.107009887695312 23.71881866455078 0
vertex 12.107009887695312 23.71881866455078 5
endloop
endfacet
facet normal 0.2588193295150879 0.9659257500809058 0
outer loop
vertex 12.107009887695312 23.71881866455078 5
vertex 12.107009887695312 23.71881866455078 0
vertex 8.739570617675781 24.621122360229492 5
endloop
endfacet
facet normal 0.422618394241502 0.9063077252504993 0
outer loop
vertex 8.739570617675781 24.621122360229492 0
vertex 5.5799736976623535 26.094467163085938 5
vertex 8.739570617675781 24.621122360229492 5
endloop
endfacet
facet normal -0.08715563310928018 0.9961947076838545 0
outer loop
vertex 15.579974174499512 23.414974212646484 5
vertex 19.052936553955078 23.71881866455078 5
vertex 19.052936553955078 23.71881866455078 0
endloop
endfacet
facet normal -0.2588193295150879 0.9659257500809058 0
outer loop
vertex 19.052936553955078 23.71881866455078 5
vertex 22.42037582397461 24.621122360229492 5
vertex 22.42037582397461 24.621122360229492 0
endloop
endfacet
facet normal 0.5735763321698928 0.8191521172374108 0
outer loop
vertex 2.724221706390381 28.094085693359375 5
vertex 5.5799736976623535 26.094467163085938 0
vertex 2.724221706390381 28.094085693359375 0
endloop
endfacet
facet normal -0.42261834185274183 0.9063077496797868 0
outer loop
vertex 22.42037582397461 24.621122360229492 5
vertex 25.579973220825195 26.094467163085938 5
vertex 25.579973220825195 26.094467163085938 0
endloop
endfacet
facet normal 0.7071056354889788 0.7071079268822601 0
outer loop
vertex 2.724221706390381 28.094085693359375 5
vertex 2.724221706390381 28.094085693359375 0
vertex 2.429924488067627 28.388381958007812 0
endloop
endfacet
facet normal -0.5735762036412672 0.8191522072340839 0
outer loop
vertex 25.579973220825195 26.094467163085938 5
vertex 28.435726165771484 28.094085693359375 5
vertex 28.435726165771484 28.094085693359375 0
endloop
endfacet
facet normal -0.7071070547411511 0.707106507631838 0
outer loop
vertex 28.435726165771484 28.094085693359375 5
vertex 30.900861740112305 30.559223175048828 5
vertex 30.900861740112305 30.559223175048828 0
endloop
endfacet
facet normal -0.8191517701832939 0.5735768278143533 0
outer loop
vertex 30.900861740112305 30.559223175048828 5
vertex 32.900482177734375 33.414974212646484 5
vertex 32.900482177734375 33.414974212646484 0
endloop
endfacet
facet normal 0.422618394241502 0.9063077252504993 0
outer loop
vertex 5.5799736976623535 26.094467163085938 5
vertex 8.739570617675781 24.621122360229492 0
vertex 5.5799736976623535 26.094467163085938 0
endloop
endfacet
facet normal 0.2588193295150879 0.9659257500809058 0
outer loop
vertex 12.107009887695312 23.71881866455078 0
vertex 8.739570617675781 24.621122360229492 0
vertex 8.739570617675781 24.621122360229492 5
endloop
endfacet
facet normal 0.7071068695733959 0.7071066927996732 -1.4527470134541732e-7
outer loop
vertex 2.724221706390381 28.094085693359375 5
vertex 2.429924488067627 28.388381958007812 0
vertex 0.40333274006843567 30.414974212646484 0
endloop
endfacet
facet normal -0.08715563310928018 0.9961947076838545 0
outer loop
vertex 15.579974174499512 23.414974212646484 5
vertex 19.052936553955078 23.71881866455078 0
vertex 15.579974174499512 23.414974212646484 0
endloop
endfacet
facet normal -0.2588193295150879 0.9659257500809058 0
outer loop
vertex 19.052936553955078 23.71881866455078 0
vertex 19.052936553955078 23.71881866455078 5
vertex 22.42037582397461 24.621122360229492 0
endloop
endfacet
facet normal -0.42261834185274183 0.9063077496797868 0
outer loop
vertex 22.42037582397461 24.621122360229492 5
vertex 25.579973220825195 26.094467163085938 0
vertex 22.42037582397461 24.621122360229492 0
endloop
endfacet
facet normal -0.5735762036412672 0.8191522072340839 0
outer loop
vertex 25.579973220825195 26.094467163085938 5
vertex 28.435726165771484 28.094085693359375 0
vertex 25.579973220825195 26.094467163085938 0
endloop
endfacet
facet normal -0.7071070547411511 0.707106507631838 0
outer loop
vertex 30.900861740112305 30.559223175048828 0
vertex 28.435726165771484 28.094085693359375 0
vertex 28.435726165771484 28.094085693359375 5
endloop
endfacet
facet normal -0.8191517701832939 0.5735768278143533 0
outer loop
vertex 30.900861740112305 30.559223175048828 5
vertex 32.900482177734375 33.414974212646484 0
vertex 30.900861740112305 30.559223175048828 0
endloop
endfacet
facet normal -0.9063078615177219 0.42261810201548855 0
outer loop
vertex 34.37382507324219 36.57456970214844 5
vertex 34.37382507324219 36.57456970214844 0
vertex 32.900482177734375 33.414974212646484 0
endloop
endfacet
facet normal -0.9659256866024032 0.2588195664196893 0
outer loop
vertex 34.37382507324219 36.57456970214844 5
vertex 35.27613067626953 39.942012786865234 0
vertex 34.37382507324219 36.57456970214844 0
endloop
endfacet
facet normal -0.9961947056059034 0.08715565686039768 0
outer loop
vertex 35.27613067626953 39.942012786865234 5
vertex 35.57997512817383 43.414974212646484 0
vertex 35.27613067626953 39.942012786865234 0
endloop
endfacet
facet normal -0.9961947041548392 -0.08715567344615166 0
outer loop
vertex 35.34846496582031 46.06114959716797 5
vertex 35.34846496582031 46.06114959716797 0
vertex 35.57997512817383 43.414974212646484 0
endloop
endfacet
facet normal -0.9063078615177219 0.42261810201548855 0
outer loop
vertex 34.37382507324219 36.57456970214844 5
vertex 32.900482177734375 33.414974212646484 0
vertex 32.900482177734375 33.414974212646484 5
endloop
endfacet
facet normal -0.9659256866024032 0.2588195664196893 0
outer loop
vertex 34.37382507324219 36.57456970214844 5
vertex 35.27613067626953 39.942012786865234 5
vertex 35.27613067626953 39.942012786865234 0
endloop
endfacet
facet normal -0.9961947056059034 0.08715565686039768 0
outer loop
vertex 35.57997512817383 43.414974212646484 0
vertex 35.27613067626953 39.942012786865234 5
vertex 35.57997512817383 43.414974212646484 5
endloop
endfacet
facet normal -0.9961947041548392 -0.08715567344615166 0
outer loop
vertex 35.34846496582031 46.06114959716797 5
vertex 35.57997512817383 43.414974212646484 0
vertex 35.57997512817383 43.414974212646484 5
endloop
endfacet
facet normal 0.08715558560708386 0.9961947118397518 0
outer loop
vertex 15.579974174499512 23.414974212646484 0
vertex 12.107009887695312 23.71881866455078 5
vertex 15.579974174499512 23.414974212646484 5
endloop
endfacet
facet normal 0.7071067130873376 0.7071068492857507 0
outer loop
vertex 0.40333274006843567 30.414974212646484 0
vertex 0.40333274006843567 30.414974212646484 5
vertex 2.724221706390381 28.094085693359375 5
endloop
endfacet
facet normal 0.5735763321698928 0.8191521172374108 0
outer loop
vertex 5.5799736976623535 26.094467163085938 0
vertex 2.724221706390381 28.094085693359375 5
vertex 5.5799736976623535 26.094467163085938 5
endloop
endfacet
endsolid auto-kdk-case
