solid auto-kdk-case
facet normal -0.7100025633432405 -0.7041990911991616 5.500605260223139e-7
outer loop
vertex -79.95805358886719 -45.71674728393555 -15.404240608215332
vertex -80.8361587524414 -44.83139419555664 -1
vertex -80.95697021484375 -44.70958709716797 -1
endloop
endfacet
facet normal -0.7100040731051271 -0.7041975688590255 0.000013680907384468614
outer loop
vertex -80.02661895751953 -45.64761734008789 -15.444634437561035
vertex -79.9867935180664 -45.68777084350586 -15.428207397460938
vertex -79.95805358886719 -45.71674728393555 -15.404240608215332
endloop
endfacet
facet normal 0 -1 0
outer loop
vertex 48.927589416503906 -50.88502502441406 -1.6661099195480347
vertex 54.527587890625 -50.88502502441406 -4
vertex 49.67371368408203 -50.88502502441406 -1.6591570377349854
endloop
endfacet
facet normal 0 -1 0
outer loop
vertex 47.38146209716797 -50.88502502441406 -1.6591570377349854
vertex 48.127586364746094 -50.88502502441406 -4
vertex 48.127586364746094 -50.88502502441406 -1.6661099195480347
endloop
endfacet
facet normal 0 -1 0
outer loop
vertex 45.48667526245117 -50.88502502441406 -1.5949000120162964
vertex 48.127586364746094 -50.88502502441406 -4
vertex 46.161781311035156 -50.88502502441406 -1.6254053115844727
endloop
endfacet
facet normal 0 -1 0
outer loop
vertex 44.774810791015625 -50.88502502441406 -1.5589157342910767
vertex 48.127586364746094 -50.88502502441406 -4
vertex 45.48667526245117 -50.88502502441406 -1.5949000120162964
endloop
endfacet
facet normal -0.7100059762457583 -0.7041956498640481 0.0000201955052395024
outer loop
vertex -81.70203399658203 -43.9583740234375 -15.290901184082031
vertex -80.02661895751953 -45.64761734008789 -15.444634437561035
vertex -79.95805358886719 -45.71674728393555 -15.404240608215332
endloop
endfacet
facet normal 0 -1 0
outer loop
vertex 46.161781311035156 -50.88502502441406 -1.6254053115844727
vertex 48.127586364746094 -50.88502502441406 -4
vertex 47.38146209716797 -50.88502502441406 -1.6591570377349854
endloop
endfacet
facet normal -0.710006627239474 -0.7041949937879611 0
outer loop
vertex -79.95805358886719 -45.71674728393555 -15.404240608215332
vertex -81.70203399658203 -43.9583740234375 -1
vertex -81.70203399658203 -43.9583740234375 -15.290901184082031
endloop
endfacet
facet normal -0.006590854491917751 -0.9999782800826292 -2.304473230372561e-7
outer loop
vertex -79.95805358886719 -45.71674728393555 -15.404240608215332
vertex -1.7263444662094116 -46.23237228393555 -15.451166152954102
vertex -76.95805358886719 -45.73652267456055 -5
endloop
endfacet
facet normal 0.6201293260991078 0.7844995977762218 9.016146921418034e-7
outer loop
vertex 36.21665573120117 46.267147064208984 -1
vertex 35.715301513671875 46.6634635925293 -7.326434135437012
vertex 35.57669448852539 46.77302932739258 -7.319594860076904
endloop
endfacet
facet normal 0.0026547990344580907 0.9999964760147173 4.834515214421199e-7
outer loop
vertex 36.91040802001953 46.26530838012695 -7.4025115966796875
vertex 36.477909088134766 46.266456604003906 -7.448191165924072
vertex 36.21665573120117 46.267147064208984 -1
endloop
endfacet
facet normal 0.6201362778114916 0.7844941025540654 6.463084015274231e-9
outer loop
vertex 36.21665573120117 46.267147064208984 -1
vertex 36.0564079284668 46.393821716308594 -7.43656587600708
vertex 35.715301513671875 46.6634635925293 -7.326434135437012
endloop
endfacet
facet normal 0.0026428666863232645 0.9999965076217409 0
outer loop
vertex 36.477909088134766 46.266456604003906 -7.448191165924072
vertex 36.21665573120117 46.267147064208984 -7.53125
vertex 36.21665573120117 46.267147064208984 -1
endloop
endfacet
facet normal -0.999998681735306 0.0016233217009820567 0.000036800882596179904
outer loop
vertex -81.70203399658203 -43.9583740234375 -15.290901184082031
vertex -81.59242248535156 23.428220748901367 -9.278950691223145
vertex -81.70174407958984 -43.77741622924805 -15.395140647888184
endloop
endfacet
facet normal 0.6201364375763276 0.7844939762612212 0
outer loop
vertex 36.21665573120117 46.267147064208984 -7.53125
vertex 36.0564079284668 46.393821716308594 -7.43656587600708
vertex 36.21665573120117 46.267147064208984 -1
endloop
endfacet
facet normal 0.9723687530915691 0.23345022598210982 2.2121256496077324e-7
outer loop
vertex 34.587913513183594 47.554649353027344 -1
vertex 34.4388542175293 48.17551803588867 -7.025277614593506
vertex 34.41227722167969 48.286216735839844 -7.008119106292725
endloop
endfacet
facet normal 0.9723686193833347 0.23345078290395244 2.8190782408654576e-7
outer loop
vertex 34.587913513183594 47.554649353027344 -1
vertex 34.53350830078125 47.78126525878906 -7.169916152954102
vertex 34.4388542175293 48.17551803588867 -7.025277614593506
endloop
endfacet
facet normal 0.9723700621732572 0.2334447733168264 -4.809896133064726e-7
outer loop
vertex 34.41227722167969 48.286216735839844 -7.008119106292725
vertex 34.1619987487793 49.328704833984375 -6.792933464050293
vertex 34.587913513183594 47.554649353027344 -1
endloop
endfacet
facet normal 0.9723703616567487 0.2334435258719414 0
outer loop
vertex 34.587913513183594 47.554649353027344 -7.300117492675781
vertex 34.53350830078125 47.78126525878906 -7.169916152954102
vertex 34.587913513183594 47.554649353027344 -1
endloop
endfacet
facet normal 0.9510589193744938 0.30900959835937136 0
outer loop
vertex 34.1619987487793 49.328704833984375 -6.792933464050293
vertex 34.08915328979492 49.55290603637695 -6.767012119293213
vertex 34.1619987487793 49.328704833984375 -1
endloop
endfacet
facet normal 0 -1 0
outer loop
vertex 44.027587890625 -50.88502502441406 -1.5076520442962646
vertex 48.127586364746094 -50.88502502441406 -4
vertex 44.774810791015625 -50.88502502441406 -1.5589157342910767
endloop
endfacet
facet normal 0.9238795022513363 0.38268350541906443 0
outer loop
vertex 34.08915328979492 49.55290603637695 -6.767012119293213
vertex 33.008113861083984 52.16276550292969 -6.693057060241699
vertex 34.08915328979492 49.55290603637695 -1
endloop
endfacet
facet normal 0.8526369964257462 0.5225037342699879 0
outer loop
vertex 32.90108871459961 52.3728141784668 -6.7066731452941895
vertex 32.81053161621094 52.52058792114258 -6.731170177459717
vertex 32.90108871459961 52.3728141784668 -1
endloop
endfacet
facet normal 0.8910065230462396 0.4539905019810998 0
outer loop
vertex 32.90108871459961 52.3728141784668 -6.7066731452941895
vertex 33.008113861083984 52.16276550292969 -1
vertex 33.008113861083984 52.16276550292969 -6.693057060241699
endloop
endfacet
facet normal 0.40621315573356365 0.9137783495514543 0
outer loop
vertex 79.02163696289062 45.64276123046875 -1
vertex 77.86548614501953 46.15671920776367 -7.392673969268799
vertex 77.86548614501953 46.15671920776367 -1
endloop
endfacet
facet normal 0.852640279013586 0.52249837760858 -1.8998485488046342e-7
outer loop
vertex 32.90108871459961 52.3728141784668 -1
vertex 32.81053161621094 52.52058792114258 -6.731170177459717
vertex 31.425086975097656 54.781429290771484 -6.508495807647705
endloop
endfacet
facet normal 0.7604095544560886 0.6494438462961158 0
outer loop
vertex 31.286521911621094 54.972145080566406 -6.509167194366455
vertex 31.184926986694336 55.09109878540039 -6.523193359375
vertex 31.286521911621094 54.972145080566406 -1
endloop
endfacet
facet normal 0.8090130983132019 0.5877906147240474 0
outer loop
vertex 31.286521911621094 54.972145080566406 -6.509167194366455
vertex 31.425086975097656 54.781429290771484 -1
vertex 31.425086975097656 54.781429290771484 -6.508495807647705
endloop
endfacet
facet normal 0.7406005259330767 0.6719455788883875 0
outer loop
vertex 79.02163696289062 45.64276123046875 -7.387791633605957
vertex 79.02163696289062 45.64276123046875 -1
vertex 81.29917907714844 43.13251495361328 -1
endloop
endfacet
facet normal 0.9335228209652067 0.3585179810512333 3.321758980883206e-7
outer loop
vertex 81.701904296875 42.08387756347656 -1
vertex 81.29917907714844 43.13251495361328 -7.553075313568115
vertex 81.41348266601562 42.83488082885742 -1
endloop
endfacet
facet normal 0.9335252686964024 0.3585116074903426 0
outer loop
vertex 81.41348266601562 42.83488082885742 -1
vertex 81.29917907714844 43.13251495361328 -7.553075313568115
vertex 81.29917907714844 43.13251495361328 -1
endloop
endfacet
facet normal 0.9999939724148605 -0.00347205039527831 0
outer loop
vertex 81.701904296875 42.08387756347656 -7.5802226066589355
vertex 81.701904296875 42.08387756347656 -1
vertex 81.63333129882812 22.333995819091797 -1
endloop
endfacet
facet normal 0.76040579302387 0.6494482503908316 1.640402114868002e-7
outer loop
vertex 31.286521911621094 54.972145080566406 -1
vertex 31.184926986694336 55.09109878540039 -6.523193359375
vertex 29.451902389526367 57.120208740234375 -6.321280479431152
endloop
endfacet
facet normal 0 -1 0
outer loop
vertex 48.927589416503906 -50.88502502441406 -4
vertex 54.527587890625 -50.88502502441406 -4
vertex 48.927589416503906 -50.88502502441406 -1.6661099195480347
endloop
endfacet
facet normal -0.006597107015761675 -0.9999782388526585 -3.9767791089231373e-7
outer loop
vertex -1.7263444662094116 -46.23237228393555 -15.451166152954102
vertex -1.374781608581543 -46.23469161987305 -15.48216724395752
vertex -1.83936607837677 -46.23162841796875 -11.010660171508789
endloop
endfacet
facet normal 0.9238790342145956 -0.38268463535750447 0
outer loop
vertex 61.512474060058594 -46.90013885498047 -15.611845970153809
vertex 61.512474060058594 -46.90013885498047 -1
vertex 61.201812744140625 -47.65013885498047 -1
endloop
endfacet
facet normal 0.9238812550985379 -0.3826792736449758 3.224251839319459e-7
outer loop
vertex 61.201812744140625 -47.65013885498047 -1
vertex 61.05575180053711 -48.00276565551758 -1
vertex 61.512474060058594 -46.90013885498047 -15.611845970153809
endloop
endfacet
facet normal 0.7071067811865475 -0.7071067811865475 0
outer loop
vertex 58.63021469116211 -50.42830276489258 -1
vertex 61.05575180053711 -48.00276565551758 -15.658499717712402
vertex 61.05575180053711 -48.00276565551758 -1
endloop
endfacet
facet normal 0.3826853217228268 -0.9238787499114246 0
outer loop
vertex 58.21772384643555 -50.59916305541992 -1
vertex 58.63021469116211 -50.42830276489258 -15.844841957092285
vertex 58.63021469116211 -50.42830276489258 -1
endloop
endfacet
facet normal 0.38268148554210835 -0.9238803389093576 -1.248841906785099e-7
outer loop
vertex 57.527587890625 -50.88502502441406 -1
vertex 58.63021469116211 -50.42830276489258 -15.844841957092285
vertex 58.21772384643555 -50.59916305541992 -1
endloop
endfacet
facet normal -0.006590813905654336 -0.9999782803501587 -1.0304329265330697e-8
outer loop
vertex -1.7263444662094116 -46.23237228393555 -15.451166152954102
vertex -15.474051475524902 -46.141761779785156 -11.335819244384766
vertex -70.55805206298828 -45.77870559692383 -1.6658291816711426
endloop
endfacet
facet normal 0.00044073116461788864 -0.9999998057560217 -0.00044073116461788864
outer loop
vertex 54.527587890625 -50.88502502441406 -4
vertex 57.54344177246094 -50.87845993041992 -15.880058288574219
vertex 57.527587890625 -50.88502502441406 -1
endloop
endfacet
facet normal -0.006594997158161615 -0.9999782526719722 -0.000013985465847418196
outer loop
vertex -1.7263444662094116 -46.23237228393555 -15.451166152954102
vertex -14.900026321411133 -46.145545959472656 -11.449999809265137
vertex -15.474051475524902 -46.141761779785156 -11.335819244384766
endloop
endfacet
facet normal 0.0026513369029004877 0.9999964852001366 0
outer loop
vertex 77.86548614501953 46.15671920776367 -7.392673969268799
vertex 49.52732467651367 46.23185348510742 -3.5
vertex 77.86548614501953 46.15671920776367 -1
endloop
endfacet
facet normal 0.002651394221520271 0.9999964850079565 -0.000008967373854980579
outer loop
vertex 77.86548614501953 46.15671920776367 -1
vertex 49.72758483886719 46.2313232421875 -1.100000023841858
vertex 36.21665573120117 46.267147064208984 -1
endloop
endfacet
facet normal 0.0026513623524662827 0.9999964851326609 0
outer loop
vertex 77.86548614501953 46.15671920776367 -1
vertex 49.72758483886719 46.2313232421875 -2.5
vertex 49.72758483886719 46.2313232421875 -1.100000023841858
endloop
endfacet
facet normal 0.002811479254156548 0.9999915363035472 -0.0030038151865501004
outer loop
vertex 77.86548614501953 46.15671920776367 -1
vertex 47.527587890625 46.23450469970703 -3.5
vertex 49.72758483886719 46.2313232421875 -2.5
endloop
endfacet
facet normal 0.0021768556091713055 -0.9999976306470215 0
outer loop
vertex 54.527587890625 -50.88502502441406 -5
vertex 57.54344177246094 -50.87845993041992 -15.880058288574219
vertex 54.527587890625 -50.88502502441406 -4
endloop
endfacet
facet normal 0 -0.9999998179505638 -0.000603406031920192
outer loop
vertex 57.54344177246094 -50.87845993041992 -15.880058288574219
vertex 54.527587890625 -50.88502502441406 -5
vertex 42.527587890625 -50.88502502441406 -5
endloop
endfacet
facet normal -0.006591017925545674 -0.9999782790050614 -8.834284881669879e-7
outer loop
vertex -1.7263444662094116 -46.23237228393555 -15.451166152954102
vertex -2.900026321411133 -46.224639892578125 -11.449999809265137
vertex -14.900026321411133 -46.145545959472656 -11.449999809265137
endloop
endfacet
facet normal -0.006585704614291476 -0.9999783140119977 6.752189565362155e-7
outer loop
vertex -2.900026321411133 -46.224639892578125 -11.449999809265137
vertex -1.7263444662094116 -46.23237228393555 -15.451166152954102
vertex -2.3260011672973633 -46.22842025756836 -11.335819244384766
endloop
endfacet
facet normal -0.0065922124498439824 -0.9999782711313988 -2.730939683765076e-7
outer loop
vertex -2.3260011672973633 -46.22842025756836 -11.335819244384766
vertex -1.7263444662094116 -46.23237228393555 -15.451166152954102
vertex -1.83936607837677 -46.23162841796875 -11.010660171508789
endloop
endfacet
facet normal -0.006593140668343915 -0.9999782650118587 1.4438968978033484e-8
outer loop
vertex -1.83936607837677 -46.23162841796875 -11.010660171508789
vertex -1.374781608581543 -46.23469161987305 -15.48216724395752
vertex -1.514206886291504 -46.23377227783203 -10.524024963378906
endloop
endfacet
facet normal -0.006582997077190873 -0.9999783318399412 2.996938832823318e-7
outer loop
vertex -1.514206886291504 -46.23377227783203 -10.524024963378906
vertex -1.374781608581543 -46.23469161987305 -15.48216724395752
vertex -1.4000262022018433 -46.23452377319336 -9.949999809265137
endloop
endfacet
facet normal 0.0026512120228841508 0.9999964849672819 -0.00003358408197602593
outer loop
vertex 47.32759094238281 46.23768615722656 -1.100000023841858
vertex 36.21665573120117 46.267147064208984 -1
vertex 49.72758483886719 46.2313232421875 -1.100000023841858
endloop
endfacet
facet normal 0.0013256309821564288 0.9998862558777855 0.01502391457652897
outer loop
vertex 49.52732467651367 46.23185348510742 -3.5
vertex 47.527587890625 46.23450469970703 -3.5
vertex 77.86548614501953 46.15671920776367 -1
endloop
endfacet
facet normal 0.0026512027068429068 0.9999929710995046 -0.0026512027068429068
outer loop
vertex 47.527587890625 46.23450469970703 -3.5
vertex 47.32759094238281 46.23768615722656 -2.5
vertex 49.72758483886719 46.2313232421875 -2.5
endloop
endfacet
facet normal 0 -1 0
outer loop
vertex 44.027587890625 -50.88502502441406 -1
vertex 4.222360134124756 -50.88502502441406 -1
vertex 44.027587890625 -50.88502502441406 -1.5076520442962646
endloop
endfacet
facet normal 0 -1 0
outer loop
vertex 48.127586364746094 -50.88502502441406 -4
vertex 44.027587890625 -50.88502502441406 -1.5076520442962646
vertex 4.222360134124756 -50.88502502441406 -1
endloop
endfacet
facet normal -0.7604060083413031 0.6494479982865782 -5.308699751006962e-8
outer loop
vertex 1.7080446481704712 57.120208740234375 -1
vertex -0.28627467155456543 54.785160064697266 -6.556148529052734
vertex -0.5587660670280457 54.46611404418945 -1
endloop
endfacet
facet normal -0.7071085510593331 0.7071050113093321 0
outer loop
vertex 1.8747384548187256 57.286903381347656 -6.3242011070251465
vertex 1.7080446481704712 57.120208740234375 -6.320841312408447
vertex 1.8747384548187256 57.286903381347656 -1
endloop
endfacet
facet normal 0.0026515926619446557 0.9999964845219983 0
outer loop
vertex 47.32759094238281 46.23768615722656 -2.5
vertex 36.91040802001953 46.26530838012695 -7.4025115966796875
vertex 47.32759094238281 46.23768615722656 -1.100000023841858
endloop
endfacet
facet normal 0.003791908050314518 0.9999898750669926 -0.002423055269409112
outer loop
vertex 47.527587890625 46.23450469970703 -3.5
vertex 36.91040802001953 46.26530838012695 -7.4025115966796875
vertex 47.32759094238281 46.23768615722656 -2.5
endloop
endfacet
facet normal 0 -1 0
outer loop
vertex 42.527587890625 -50.88502502441406 -4
vertex 48.127586364746094 -50.88502502441406 -4
vertex 4.222360134124756 -50.88502502441406 -1
endloop
endfacet
facet normal 0.40621505652775036 0.913777504565519 -4.117044023276503e-7
outer loop
vertex 79.02163696289062 45.64276123046875 -1
vertex 78.91252136230469 45.69126510620117 -7.435033321380615
vertex 77.86548614501953 46.15671920776367 -7.392673969268799
endloop
endfacet
facet normal 0.4061947826505049 0.9137865169433773 0
outer loop
vertex 79.02163696289062 45.64276123046875 -7.387791633605957
vertex 78.91252136230469 45.69126510620117 -7.435033321380615
vertex 79.02163696289062 45.64276123046875 -1
endloop
endfacet
facet normal 0.7406012359096057 0.6719447963700964 -5.606499518269573e-7
outer loop
vertex 81.29917907714844 43.13251495361328 -1
vertex 81.18618774414062 43.25704574584961 -7.604908466339111
vertex 79.02163696289062 45.64276123046875 -7.387791633605957
endloop
endfacet
facet normal 0.7405864381332761 0.6719611057591557 0
outer loop
vertex 81.29917907714844 43.13251495361328 -7.553075313568115
vertex 81.18618774414062 43.25704574584961 -7.604908466339111
vertex 81.29917907714844 43.13251495361328 -1
endloop
endfacet
facet normal 0.9335226349006889 0.35851846553266653 4.2113843729979907e-7
outer loop
vertex 81.29917907714844 43.13251495361328 -7.553075313568115
vertex 81.701904296875 42.08387756347656 -1
vertex 81.63449096679688 42.25941848754883 -7.632533073425293
endloop
endfacet
facet normal 0 -1 0
outer loop
vertex 42.527587890625 -50.88502502441406 -5
vertex 42.527587890625 -50.88502502441406 -4
vertex 4.222360134124756 -50.88502502441406 -1
endloop
endfacet
facet normal -0.6494560164196675 0.7603991601177548 0.0000053394270530819545
outer loop
vertex 1.979858160018921 57.376686096191406 -6.338429927825928
vertex 1.8747384548187256 57.286903381347656 -6.3242011070251465
vertex 4.022802352905273 59.121524810791016 -1
endloop
endfacet
facet normal -0.6494479488938726 0.7604060505266523 0
outer loop
vertex 1.979858160018921 57.376686096191406 -6.338429927825928
vertex 4.022802352905273 59.121524810791016 -1
vertex 4.022802352905273 59.121524810791016 -6.162071704864502
endloop
endfacet
facet normal 0.9335279603516792 0.35850459863387174 0
outer loop
vertex 81.63449096679688 42.25941848754883 -7.632533073425293
vertex 81.701904296875 42.08387756347656 -1
vertex 81.701904296875 42.08387756347656 -7.5802226066589355
endloop
endfacet
facet normal -0.5877858053939946 0.8090165925228809 0
outer loop
vertex 4.213520526885986 59.26008987426758 -6.167930603027344
vertex 4.022802352905273 59.121524810791016 -6.162071704864502
vertex 4.213520526885986 59.26008987426758 -1
endloop
endfacet
facet normal -0.5224832849216067 0.8526495275856231 -0.000009248830328915945
outer loop
vertex 4.312234878540039 59.320579528808594 -6.181267738342285
vertex 4.213520526885986 59.26008987426758 -6.167930603027344
vertex 6.622135639190674 60.736087799072266 -1
endloop
endfacet
facet normal -0.5224983671050599 0.8526402854501692 0
outer loop
vertex 4.312234878540039 59.320579528808594 -6.181267738342285
vertex 6.622135639190674 60.736087799072266 -1
vertex 6.622135639190674 60.736087799072266 -6.034562110900879
endloop
endfacet
facet normal -0.4539937747956207 0.8910048554563681 0
outer loop
vertex 6.83218240737915 60.84311294555664 -6.04347038269043
vertex 6.622135639190674 60.736087799072266 -6.034562110900879
vertex 6.83218240737915 60.84311294555664 -1
endloop
endfacet
facet normal -0.3826836880421013 0.9238794266063566 7.453555518336371e-8
outer loop
vertex 6.915178298950195 60.87749099731445 -6.055103778839111
vertex 6.83218240737915 60.84311294555664 -6.04347038269043
vertex 9.442041397094727 61.92415237426758 -1
endloop
endfacet
facet normal -0.3826835607672849 0.9238794793253456 0
outer loop
vertex 9.442041397094727 61.92415237426758 -5.9416584968566895
vertex 6.915178298950195 60.87749099731445 -6.055103778839111
vertex 9.442041397094727 61.92415237426758 -1
endloop
endfacet
facet normal -0.30902304604125835 0.9510545499682876 0
outer loop
vertex 9.666243553161621 61.99700164794922 -5.953817844390869
vertex 9.442041397094727 61.92415237426758 -5.9416584968566895
vertex 9.666243553161621 61.99700164794922 -1
endloop
endfacet
facet normal 0.6201306969277032 0.7844985141641825 0.0000014666654255435647
outer loop
vertex 34.94594192504883 47.27163314819336 -7.274218559265137
vertex 34.75167465209961 47.42519760131836 -7.264632701873779
vertex 36.21665573120117 46.267147064208984 -1
endloop
endfacet
facet normal 0.6201355019222796 0.7844947158876145 -1.1458151521456556e-7
outer loop
vertex 35.57669448852539 46.77302932739258 -7.319594860076904
vertex 34.94594192504883 47.27163314819336 -7.274218559265137
vertex 36.21665573120117 46.267147064208984 -1
endloop
endfacet
facet normal -0.5583079296921324 -0.8296338081604834 -1.388085409414709e-7
outer loop
vertex -0.6970155835151672 -46.521087646484375 -15.50407600402832
vertex -0.1966688185930252 -46.8577995300293 -15.534719467163086
vertex -1.1201034784317017 -46.23637008666992 -1
endloop
endfacet
facet normal -0.0065903984169063574 -0.9999782830885411 0
outer loop
vertex -1.374781608581543 -46.23469161987305 -15.48216724395752
vertex -1.1201034784317017 -46.23637008666992 -15.54941463470459
vertex -1.1201034784317017 -46.23637008666992 -1
endloop
endfacet
facet normal -0.5582971690140853 -0.8296410495333858 0
outer loop
vertex -1.1201034784317017 -46.23637008666992 -15.54941463470459
vertex -1.0129873752593994 -46.30845260620117 -15.520559310913086
vertex -1.1201034784317017 -46.23637008666992 -1
endloop
endfacet
facet normal -0.5583071880964584 -0.8296343072220521 -1.073793244579991e-7
outer loop
vertex -1.0129873752593994 -46.30845260620117 -15.520559310913086
vertex -0.6970155835151672 -46.521087646484375 -15.50407600402832
vertex -1.1201034784317017 -46.23637008666992 -1
endloop
endfacet
facet normal -0.5583075256996195 -0.8296340800299601 -1.0151794256437064e-7
outer loop
vertex 0.09982551634311676 -47.05732727050781 -15.585053443908691
vertex -1.1201034784317017 -46.23637008666992 -1
vertex -0.1966688185930252 -46.8577995300293 -15.534719467163086
endloop
endfacet
facet normal -0.5583099910492088 -0.8296324209518766 -4.0111118944809927e-7
outer loop
vertex -1.1201034784317017 -46.23637008666992 -1
vertex 0.09982551634311676 -47.05732727050781 -15.585053443908691
vertex 0.38094496726989746 -47.24650955200195 -15.69458293914795
endloop
endfacet
facet normal 0 -1 0
outer loop
vertex 49.67371368408203 -50.88502502441406 -1.6591570377349854
vertex 54.527587890625 -50.88502502441406 -4
vertex 50.893394470214844 -50.88502502441406 -1.6254053115844727
endloop
endfacet
facet normal 0 -1 0
outer loop
vertex 50.893394470214844 -50.88502502441406 -1.6254053115844727
vertex 54.527587890625 -50.88502502441406 -4
vertex 51.56850051879883 -50.88502502441406 -1.5949000120162964
endloop
endfacet
facet normal -0.006602403846700414 -0.999978203894165 2.1113230397211168e-7
outer loop
vertex -1.4000262022018433 -46.23452377319336 -9.949999809265137
vertex -1.374781608581543 -46.23469161987305 -15.48216724395752
vertex -1.1201034784317017 -46.23637008666992 -1
endloop
endfacet
facet normal 0 -1 0
outer loop
vertex 51.56850051879883 -50.88502502441406 -1.5949000120162964
vertex 54.527587890625 -50.88502502441406 -4
vertex 52.280364990234375 -50.88502502441406 -1.5589157342910767
endloop
endfacet
facet normal 0 -1 0
outer loop
vertex 52.280364990234375 -50.88502502441406 -1.5589157342910767
vertex 54.527587890625 -50.88502502441406 -4
vertex 53.027587890625 -50.88502502441406 -1.5076520442962646
endloop
endfacet
facet normal 0 -1 0
outer loop
vertex 53.027587890625 -50.88502502441406 -1.5076520442962646
vertex 54.527587890625 -50.88502502441406 -4
vertex 53.027587890625 -50.88502502441406 -1
endloop
endfacet
facet normal 0.6201360238531606 0.7844943033058186 -5.574327775444734e-7
outer loop
vertex 34.75167465209961 47.42519760131836 -7.264632701873779
vertex 34.587913513183594 47.554649353027344 -7.300117492675781
vertex 36.21665573120117 46.267147064208984 -1
endloop
endfacet
facet normal 0.002651328412291768 0.9999964850298775 0.00001963518022137013
outer loop
vertex 77.82246398925781 46.15683364868164 -7.411754608154297
vertex 49.52732467651367 46.23185348510742 -7.4049272537231445
vertex 77.86548614501953 46.15671920776367 -7.392673969268799
endloop
endfacet
facet normal 0 -1 0
outer loop
vertex 53.027587890625 -50.88502502441406 -1
vertex 54.527587890625 -50.88502502441406 -4
vertex 57.527587890625 -50.88502502441406 -1
endloop
endfacet
facet normal 0.002651336902900488 0.9999964852001367 0
outer loop
vertex 49.52732467651367 46.23185348510742 -7.4049272537231445
vertex 49.52732467651367 46.23185348510742 -3.5
vertex 77.86548614501953 46.15671920776367 -7.392673969268799
endloop
endfacet
facet normal -0.00007362038636708381 -0.9999997487694389 -0.0007050114168281727
outer loop
vertex 4.222360134124756 -50.88502502441406 -1
vertex 57.54344177246094 -50.87845993041992 -15.880058288574219
vertex 42.527587890625 -50.88502502441406 -5
endloop
endfacet
facet normal 0.002651644393196934 0.9999962537287707 0.0006791983777270432
outer loop
vertex 47.52784729003906 46.23715591430664 -7.404444694519043
vertex 36.91040802001953 46.26530838012695 -7.4025115966796875
vertex 47.527587890625 46.23450469970703 -3.5
endloop
endfacet
facet normal -0.9238794980152707 -0.3826835156458289 0
outer loop
vertex 0.38094496726989746 -47.24650955200195 -1
vertex 0.6941965818405151 -48.00276565551758 -15.658499717712402
vertex 0.6941965818405151 -48.00276565551758 -1
endloop
endfacet
facet normal -0.5583036057062564 -0.8296367180009532 0
outer loop
vertex 0.20686154067516327 -47.12936019897461 -1
vertex 0.38094496726989746 -47.24650955200195 -15.69458293914795
vertex 0.38094496726989746 -47.24650955200195 -1
endloop
endfacet
facet normal -0.3826844902652305 -0.9238790943139912 0
outer loop
vertex 3.5322213172912598 -50.599159240722656 -1
vertex 4.222360134124756 -50.88502502441406 -15.874587059020996
vertex 4.222360134124756 -50.88502502441406 -1
endloop
endfacet
facet normal -0.38268048330612153 -0.9238807540459677 2.1780897767978064e-7
outer loop
vertex 3.1197335720062256 -50.42830276489258 -1
vertex 4.222360134124756 -50.88502502441406 -15.874587059020996
vertex 3.5322213172912598 -50.599159240722656 -1
endloop
endfacet
facet normal -0.7071067985628429 -0.7071067638102518 0
outer loop
vertex 0.6941965818405151 -48.00276565551758 -1
vertex 3.1197335720062256 -50.42830276489258 -15.844841957092285
vertex 3.1197335720062256 -50.42830276489258 -1
endloop
endfacet
facet normal 1 0 0
outer loop
vertex 61.512474060058594 3.9658143520355225 -11.049871444702148
vertex 61.512474060058594 -46.90013885498047 -1
vertex 61.512474060058594 -46.71932601928711 -15.662580490112305
endloop
endfacet
facet normal 1 0 0
outer loop
vertex 61.512474060058594 -46.71932601928711 -15.662580490112305
vertex 61.512474060058594 -46.90013885498047 -1
vertex 61.512474060058594 -46.90013885498047 -15.611845970153809
endloop
endfacet
facet normal 0.9238802054174051 -0.3826818078219601 9.838338896546926e-8
outer loop
vertex 61.05575180053711 -48.00276565551758 -1
vertex 61.10980987548828 -47.87226104736328 -15.697732925415039
vertex 61.512474060058594 -46.90013885498047 -15.611845970153809
endloop
endfacet
facet normal 0.9238762879689885 -0.3826912652891917 0
outer loop
vertex 61.05575180053711 -48.00276565551758 -15.658499717712402
vertex 61.10980987548828 -47.87226104736328 -15.697732925415039
vertex 61.05575180053711 -48.00276565551758 -1
endloop
endfacet
facet normal 0.7071067811865475 -0.7071067811865475 0
outer loop
vertex 58.63021469116211 -50.42830276489258 -1
vertex 58.68955993652344 -50.36895751953125 -15.86929702758789
vertex 61.05575180053711 -48.00276565551758 -15.658499717712402
endloop
endfacet
facet normal 0.7071067811865476 -0.7071067811865476 0
outer loop
vertex 58.63021469116211 -50.42830276489258 -15.844841957092285
vertex 58.68955993652344 -50.36895751953125 -15.86929702758789
vertex 58.63021469116211 -50.42830276489258 -1
endloop
endfacet
facet normal 0.38268421536807967 -0.9238792081804333 1.1266689650814815e-7
outer loop
vertex 57.54344177246094 -50.87845993041992 -15.880058288574219
vertex 58.63021469116211 -50.42830276489258 -15.844841957092285
vertex 57.527587890625 -50.88502502441406 -1
endloop
endfacet
facet normal -0.707108551059333 0.707105011309332 0
outer loop
vertex 1.8747384548187256 57.286903381347656 -1
vertex 1.7080446481704712 57.120208740234375 -6.320841312408447
vertex 1.7080446481704712 57.120208740234375 -1
endloop
endfacet
facet normal -0.6494483641503974 0.7604056958639729 0
outer loop
vertex 1.8747384548187256 57.286903381347656 -6.3242011070251465
vertex 1.8747384548187256 57.286903381347656 -1
vertex 4.022802352905273 59.121524810791016 -1
endloop
endfacet
facet normal 0.0001231237953668753 -0.9999999924202655 0
outer loop
vertex 57.54344177246094 -50.87845993041992 -15.880058288574219
vertex 4.222360134124756 -50.88502502441406 -1
vertex 4.222360134124756 -50.88502502441406 -15.874587059020996
endloop
endfacet
facet normal -0.9238834834997183 -0.3826738936959585 0
outer loop
vertex 0.38094496726989746 -47.24650955200195 -15.69458293914795
vertex 0.4000430703163147 -47.29261779785156 -15.684847831726074
vertex 0.38094496726989746 -47.24650955200195 -1
endloop
endfacet
facet normal -0.9238788081223167 -0.3826851811900819 4.15215329740237e-8
outer loop
vertex 0.4000430703163147 -47.29261779785156 -15.684847831726074
vertex 0.5488734245300293 -47.65192413330078 -15.680530548095703
vertex 0.38094496726989746 -47.24650955200195 -1
endloop
endfacet
facet normal -0.9238796803581175 -0.3826830754310698 -2.6608063387761617e-8
outer loop
vertex 0.5488734245300293 -47.65192413330078 -15.680530548095703
vertex 0.6941965818405151 -48.00276565551758 -15.658499717712402
vertex 0.38094496726989746 -47.24650955200195 -1
endloop
endfacet
facet normal -0.38269422447541634 -0.9238750621984596 -9.755667875338984e-7
outer loop
vertex 4.177087783813477 -50.86627197265625 -15.884700775146484
vertex 4.222360134124756 -50.88502502441406 -15.874587059020996
vertex 3.1197335720062256 -50.42830276489258 -1
endloop
endfacet
facet normal -0.38268250234573536 -0.9238799177373682 0
outer loop
vertex 4.177087783813477 -50.86627197265625 -15.884700775146484
vertex 3.1197335720062256 -50.42830276489258 -1
vertex 3.1197335720062256 -50.42830276489258 -15.844841957092285
endloop
endfacet
facet normal -0.7071067985628428 -0.7071067638102517 0
outer loop
vertex 0.6941965818405151 -48.00276565551758 -15.658499717712402
vertex 3.1197335720062256 -50.42830276489258 -15.844841957092285
vertex 0.6941965818405151 -48.00276565551758 -1
endloop
endfacet
facet normal -0.5877858053939945 0.8090165925228809 0
outer loop
vertex 4.213520526885986 59.26008987426758 -1
vertex 4.022802352905273 59.121524810791016 -6.162071704864502
vertex 4.022802352905273 59.121524810791016 -1
endloop
endfacet
facet normal -0.5224977819921717 0.8526406440073456 0
outer loop
vertex 4.213520526885986 59.26008987426758 -6.167930603027344
vertex 4.213520526885986 59.26008987426758 -1
vertex 5.700525283813477 60.17132568359375 -1
endloop
endfacet
facet normal -0.923880200974582 -0.38268181783039074 0.000023434884578619974
outer loop
vertex 0.5488734245300293 -47.65192413330078 -15.680530548095703
vertex 0.6348488926887512 -47.85948944091797 -15.699153900146484
vertex 0.6941965818405151 -48.00276565551758 -15.658499717712402
endloop
endfacet
facet normal -0.5224975984363269 0.8526407564902498 -7.264936263915876e-8
outer loop
vertex 6.622135639190674 60.736087799072266 -1
vertex 4.213520526885986 59.26008987426758 -6.167930603027344
vertex 5.700525283813477 60.17132568359375 -1
endloop
endfacet
facet normal -0.7071059028561208 -0.7071076591315726 0.00002331304426335643
outer loop
vertex 0.6941965818405151 -48.00276565551758 -15.658499717712402
vertex 3.060387372970581 -50.36895751953125 -15.86929702758789
vertex 3.1197335720062256 -50.42830276489258 -15.844841957092285
endloop
endfacet
facet normal -0.45399377479562064 0.891004855456368 0
outer loop
vertex 6.83218240737915 60.84311294555664 -1
vertex 6.622135639190674 60.736087799072266 -6.034562110900879
vertex 6.622135639190674 60.736087799072266 -1
endloop
endfacet
facet normal -0.3826835650983255 0.9238794775313691 0
outer loop
vertex 9.442041397094727 61.92415237426758 -1
vertex 6.83218240737915 60.84311294555664 -6.04347038269043
vertex 6.83218240737915 60.84311294555664 -1
endloop
endfacet
facet normal -0.3090230460412584 0.9510545499682876 0
outer loop
vertex 9.666243553161621 61.99700164794922 -1
vertex 9.442041397094727 61.92415237426758 -5.9416584968566895
vertex 9.442041397094727 61.92415237426758 -1
endloop
endfacet
facet normal -0.2334090298099159 0.9723786424764923 -0.00002141887310359945
outer loop
vertex 9.725632667541504 62.01125717163086 -5.962632656097412
vertex 9.666243553161621 61.99700164794922 -5.953817844390869
vertex 12.413082122802734 62.65645980834961 -1
endloop
endfacet
facet normal -0.23344642656089884 0.9723696652641662 0
outer loop
vertex 12.413082122802734 62.65645980834961 -5.88543701171875
vertex 9.725632667541504 62.01125717163086 -5.962632656097412
vertex 12.413082122802734 62.65645980834961 -1
endloop
endfacet
facet normal -0.14745027262150012 0.9890693731803973 -0.0004383382041279707
outer loop
vertex 12.676830291748047 62.695770263671875 -5.905905246734619
vertex 12.413082122802734 62.65645980834961 -5.88543701171875
vertex 12.645920753479004 62.693336486816406 -1
endloop
endfacet
facet normal -0.07844134407394765 0.9969187306117063 -0.000009768131785436293
outer loop
vertex 15.462712287902832 62.914974212646484 -5.886009216308594
vertex 12.676830291748047 62.695770263671875 -5.905905246734619
vertex 15.462103843688965 62.914974212646484 -1
endloop
endfacet
facet normal 0 1 0
outer loop
vertex 15.697844505310059 62.914974212646484 -5.867123126983643
vertex 15.462712287902832 62.914974212646484 -5.886009216308594
vertex 15.697844505310059 62.914974212646484 -1
endloop
endfacet
facet normal 0.07845899585822315 0.9969173415930304 -6.783374842080154e-8
outer loop
vertex 18.483728408813477 62.69572067260742 -5.905807971954346
vertex 15.697844505310059 62.914974212646484 -5.867123126983643
vertex 18.514026641845703 62.693336486816406 -1
endloop
endfacet
facet normal 0.14757020415479538 0.9890515835110483 0
outer loop
vertex 18.483728408813477 62.69572067260742 -5.905807971954346
vertex 18.746864318847656 62.65645980834961 -1
vertex 18.746864318847656 62.65645980834961 -5.88543701171875
endloop
endfacet
facet normal 1 0 0
outer loop
vertex 61.512474060058594 4.607614994049072 -1
vertex 61.512474060058594 3.9658143520355225 -11.049871444702148
vertex 61.512474060058594 4.36555290222168 -11.052836418151855
endloop
endfacet
facet normal 1 0 0
outer loop
vertex 61.512474060058594 4.607614994049072 -11.100157737731934
vertex 61.512474060058594 4.607614994049072 -1
vertex 61.512474060058594 4.36555290222168 -11.052836418151855
endloop
endfacet
facet normal 0.7071106368672623 -0.7071029254848085 0
outer loop
vertex 61.512474060058594 4.607614994049072 -1
vertex 61.512474060058594 4.607614994049072 -11.100157737731934
vertex 61.643646240234375 4.738788604736328 -11.002423286437988
endloop
endfacet
facet normal 0.7071049969285377 -0.7071085654400397 -1.4792578838102024e-7
outer loop
vertex 61.512474060058594 4.607614994049072 -1
vertex 61.643646240234375 4.738788604736328 -11.002423286437988
vertex 61.921504974365234 5.016645908355713 -10.86732292175293
endloop
endfacet
facet normal -0.41865904148734334 0.908143494708242 0
outer loop
vertex -0.5587660670280457 54.46611404418945 -1
vertex -1.7542831897735596 53.914974212646484 -6.754022598266602
vertex -1.7542831897735596 53.914974212646484 -1
endloop
endfacet
facet normal 0 1 0
outer loop
vertex -10.662667274475098 53.914974212646484 -6.642305374145508
vertex -10.662667274475098 53.914974212646484 -1
vertex -1.7542831897735596 53.914974212646484 -1
endloop
endfacet
facet normal -0.7071067811865476 0.7071067811865476 0
outer loop
vertex -10.662667274475098 53.914974212646484 -1
vertex -12.420025825500488 52.157615661621094 -6.664073944091797
vertex -12.420025825500488 52.157615661621094 -1
endloop
endfacet
facet normal -1 0 0
outer loop
vertex -12.420025825500488 47.91850280761719 -1
vertex -12.420025825500488 52.157615661621094 -1
vertex -12.420025825500488 48.11380386352539 -7.197555065155029
endloop
endfacet
facet normal -0.23344555303334164 0.9723698749801731 0
outer loop
vertex 12.413082122802734 62.65645980834961 -1
vertex 9.666243553161621 61.99700164794922 -5.953817844390869
vertex 9.666243553161621 61.99700164794922 -1
endloop
endfacet
facet normal 0.7071061365647457 -0.7071074258077595 -5.344309220131428e-8
outer loop
vertex 61.512474060058594 4.607614994049072 -1
vertex 61.921504974365234 5.016645908355713 -10.86732292175293
vertex 62.18064880371094 5.275789260864258 -10.809771537780762
endloop
endfacet
facet normal 0.7071073493470907 -0.7071062130255389 1.1176976696523256e-7
outer loop
vertex 62.76886749267578 5.864008903503418 -10.756595611572266
vertex 61.512474060058594 4.607614994049072 -1
vertex 62.18064880371094 5.275789260864258 -10.809771537780762
endloop
endfacet
facet normal -0.1564289292879829 0.9876892173562568 0
outer loop
vertex 12.645920753479004 62.693336486816406 -1
vertex 12.413082122802734 62.65645980834961 -5.88543701171875
vertex 12.413082122802734 62.65645980834961 -1
endloop
endfacet
facet normal -0.07845885293904646 0.9969173528409636 2.338941820377381e-7
outer loop
vertex 15.462103843688965 62.914974212646484 -1
vertex 12.676830291748047 62.695770263671875 -5.905905246734619
vertex 12.645920753479004 62.693336486816406 -1
endloop
endfacet
facet normal 0 1 0
outer loop
vertex 15.697844505310059 62.914974212646484 -1
vertex 15.462712287902832 62.914974212646484 -5.886009216308594
vertex 15.462103843688965 62.914974212646484 -1
endloop
endfacet
facet normal 0.07846004566074796 0.9969172589713318 0
outer loop
vertex 15.697844505310059 62.914974212646484 -5.867123126983643
vertex 15.697844505310059 62.914974212646484 -1
vertex 16.87594985961914 62.8222541809082 -1
endloop
endfacet
facet normal 0.0784580405298956 0.9969174167783261 4.883556879007161e-7
outer loop
vertex 18.514026641845703 62.693336486816406 -1
vertex 15.697844505310059 62.914974212646484 -5.867123126983643
vertex 16.87594985961914 62.8222541809082 -1
endloop
endfacet
facet normal 0.15642953584167665 0.9876890016725373 -0.0004860982044052738
outer loop
vertex 18.746864318847656 62.65645980834961 -1
vertex 18.483728408813477 62.69572067260742 -5.905807971954346
vertex 18.514026641845703 62.693336486816406 -1
endloop
endfacet
facet normal -0.006591653666993246 -0.9999782748149754 0
outer loop
vertex -76.95805358886719 -45.73652267456055 -5
vertex -76.95805358886719 -45.73652267456055 -4
vertex -79.95805358886719 -45.71674728393555 -15.404240608215332
endloop
endfacet
facet normal -0.006591653666993246 -0.9999782748149754 0
outer loop
vertex -76.95805358886719 -45.73652267456055 -4
vertex -79.95805358886719 -45.71674728393555 -1
vertex -79.95805358886719 -45.71674728393555 -15.404240608215332
endloop
endfacet
facet normal -0.7064695477503977 0.7077434408748294 -7.111235727545541e-8
outer loop
vertex -12.420025825500488 47.91850280761719 -1
vertex -14.118520736694336 46.22306442260742 -7.533753395080566
vertex -14.181206703186035 46.160491943359375 -1
endloop
endfacet
facet normal -0.7100070378078108 -0.7041945798310136 0
outer loop
vertex -79.95805358886719 -45.71674728393555 -15.404240608215332
vertex -79.95805358886719 -45.71674728393555 -1
vertex -80.8361587524414 -44.83139419555664 -1
endloop
endfacet
facet normal -0.7100068023095931 -0.7041948172729648 -4.274422539362316e-8
outer loop
vertex -81.70203399658203 -43.9583740234375 -1
vertex -79.95805358886719 -45.71674728393555 -15.404240608215332
vertex -80.95697021484375 -44.70958709716797 -1
endloop
endfacet
facet normal 0.0018003401745271903 0.9999983793863069 1.2556320392678858e-7
outer loop
vertex -15.013476371765137 46.161991119384766 -7.411714553833008
vertex -69.9582290649414 46.26091003417969 -3.5
vertex -14.181206703186035 46.160491943359375 -1
endloop
endfacet
facet normal -0.7604057371446301 0.6494483158169954 0
outer loop
vertex 1.7080446481704712 57.120208740234375 -6.320841312408447
vertex -0.18185587227344513 54.90742111206055 -6.548059940338135
vertex 1.7080446481704712 57.120208740234375 -1
endloop
endfacet
facet normal -0.7604055517806114 0.6494485328501589 0
outer loop
vertex -0.28627467155456543 54.785160064697266 -6.556148529052734
vertex -0.5587660670280457 54.46611404418945 -6.666374683380127
vertex -0.5587660670280457 54.46611404418945 -1
endloop
endfacet
facet normal -0.41865988328523296 0.9081431066344088 0
outer loop
vertex -0.5587660670280457 54.46611404418945 -6.666374683380127
vertex -0.8766226768493652 54.319580078125 -6.656169414520264
vertex -0.5587660670280457 54.46611404418945 -1
endloop
endfacet
facet normal -0.4186576958290293 0.9081441150627503 -1.4905253991430682e-7
outer loop
vertex -0.8766226768493652 54.319580078125 -6.656169414520264
vertex -1.278486728668213 54.13431930541992 -6.673029899597168
vertex -0.5587660670280457 54.46611404418945 -1
endloop
endfacet
facet normal -0.9999986775463598 0.0016263165532667374 0
outer loop
vertex -81.66991424560547 -24.20840072631836 -1
vertex -81.70203399658203 -43.9583740234375 -15.290901184082031
vertex -81.70203399658203 -43.9583740234375 -1
endloop
endfacet
facet normal -0.9999986751562996 0.0016277842398530118 -0.000002028342879306315
outer loop
vertex -81.70203399658203 -43.9583740234375 -15.290901184082031
vertex -81.66991424560547 -24.20840072631836 -1
vertex -81.66390228271484 -20.515064239501953 -1
endloop
endfacet
facet normal -0.0065907000548201915 -0.9999782811001501 8.813014683006188e-7
outer loop
vertex -76.95805358886719 -45.73652267456055 -5
vertex -1.7263444662094116 -46.23237228393555 -15.451166152954102
vertex -64.95805358886719 -45.81561279296875 -5
endloop
endfacet
facet normal -0.00659084571319741 -0.9999782801405163 0
outer loop
vertex -64.95805358886719 -45.81561279296875 -5
vertex -1.7263444662094116 -46.23237228393555 -15.451166152954102
vertex -64.95805358886719 -45.81561279296875 -4
endloop
endfacet
facet normal -0.006591165568122738 -0.999978278030745 -0.0000017662701419914196
outer loop
vertex -64.95805358886719 -45.81561279296875 -4
vertex -1.7263444662094116 -46.23237228393555 -15.451166152954102
vertex -70.55805206298828 -45.77870559692383 -1.6658291816711426
endloop
endfacet
facet normal -0.418664962493794 0.9081407650684621 9.68776797202421e-7
outer loop
vertex -1.278486728668213 54.13431930541992 -6.673029899597168
vertex -1.3595446348190308 54.09695053100586 -6.670813083648682
vertex -0.5587660670280457 54.46611404418945 -1
endloop
endfacet
facet normal -0.006590429389865869 -0.9999782828836625 0.000001224330314523592
outer loop
vertex -79.95805358886719 -45.71674728393555 -1
vertex -76.95805358886719 -45.73652267456055 -4
vertex -71.3580551147461 -45.77342987060547 -4
endloop
endfacet
facet normal 0.9999939727415944 -0.003471956279019747 2.824839664367359e-7
outer loop
vertex 81.59119415283203 10.197641372680664 -1
vertex 81.701904296875 42.08387756347656 -7.5802226066589355
vertex 81.63333129882812 22.333995819091797 -1
endloop
endfacet
facet normal -0.4186584835579011 0.9081437519165008 -1.4055765406597124e-7
outer loop
vertex -1.3595446348190308 54.09695053100586 -6.670813083648682
vertex -1.7542831897735596 53.914974212646484 -6.754022598266602
vertex -0.5587660670280457 54.46611404418945 -1
endloop
endfacet
facet normal 0 1 0
outer loop
vertex -1.7542831897735596 53.914974212646484 -1
vertex -1.7542831897735596 53.914974212646484 -6.754022598266602
vertex -2.1947429180145264 53.914974212646484 -6.705708980560303
endloop
endfacet
facet normal 0 1 0
outer loop
vertex -2.1947429180145264 53.914974212646484 -6.705708980560303
vertex -10.662667274475098 53.914974212646484 -6.642305374145508
vertex -1.7542831897735596 53.914974212646484 -1
endloop
endfacet
facet normal -0.7071067811865475 0.7071067811865475 0
outer loop
vertex -10.662667274475098 53.914974212646484 -6.642305374145508
vertex -12.420025825500488 52.157615661621094 -6.664073944091797
vertex -10.662667274475098 53.914974212646484 -1
endloop
endfacet
facet normal -1 0 0
outer loop
vertex -12.420025825500488 52.157615661621094 -6.664073944091797
vertex -12.420025825500488 48.923885345458984 -6.958366394042969
vertex -12.420025825500488 52.157615661621094 -1
endloop
endfacet
facet normal -1 0 0
outer loop
vertex -12.420025825500488 48.923885345458984 -6.958366394042969
vertex -12.420025825500488 48.53125 -7.033443450927734
vertex -12.420025825500488 52.157615661621094 -1
endloop
endfacet
facet normal -1 0 0
outer loop
vertex -12.420025825500488 48.53125 -7.033443450927734
vertex -12.420025825500488 48.11380386352539 -7.197555065155029
vertex -12.420025825500488 52.157615661621094 -1
endloop
endfacet
facet normal 1 0 0
outer loop
vertex 61.512474060058594 -27.15013885498047 -1
vertex 61.512474060058594 -46.90013885498047 -1
vertex 61.512474060058594 3.9658143520355225 -11.049871444702148
endloop
endfacet
facet normal 1 0 0
outer loop
vertex 61.512474060058594 3.9658143520355225 -11.049871444702148
vertex 61.512474060058594 -15.14238452911377 -1
vertex 61.512474060058594 -27.15013885498047 -1
endloop
endfacet
facet normal 1 0 0
outer loop
vertex 61.512474060058594 3.9658143520355225 -11.049871444702148
vertex 61.512474060058594 4.607614994049072 -1
vertex 61.512474060058594 -15.14238452911377 -1
endloop
endfacet
facet normal 0 1 0
outer loop
vertex -10.662667274475098 53.914974212646484 -6.642305374145508
vertex -2.1947429180145264 53.914974212646484 -6.705708980560303
vertex -10.579276084899902 53.914974212646484 -6.705708980560303
endloop
endfacet
facet normal -0.7071068139739641 0.7071067483793011 0.000005295402603459978
outer loop
vertex -10.662667274475098 53.914974212646484 -6.642305374145508
vertex -12.282430648803711 52.29521179199219 -6.789715766906738
vertex -12.420025825500488 52.157615661621094 -6.664073944091797
endloop
endfacet
facet normal -1 0 0
outer loop
vertex -12.420025825500488 48.11380386352539 -7.197555065155029
vertex -12.420025825500488 47.91850280761719 -7.31280517578125
vertex -12.420025825500488 47.91850280761719 -1
endloop
endfacet
facet normal -0.0065904293898708085 -0.9999782828844119 0
outer loop
vertex -70.55805206298828 -45.77870559692383 -1.6658291816711426
vertex -70.55805206298828 -45.77870559692383 -4
vertex -64.95805358886719 -45.81561279296875 -4
endloop
endfacet
facet normal -0.706472813058585 0.7077401814288052 4.5987011925803743e-7
outer loop
vertex -12.605752944946289 47.73311233520508 -7.249495029449463
vertex -12.906657218933105 47.43274688720703 -7.23262882232666
vertex -12.420025825500488 47.91850280761719 -1
endloop
endfacet
facet normal -0.706465062024994 0.7077479184978372 0
outer loop
vertex -12.420025825500488 47.91850280761719 -7.31280517578125
vertex -12.605752944946289 47.73311233520508 -7.249495029449463
vertex -12.420025825500488 47.91850280761719 -1
endloop
endfacet
facet normal -0.7064687212862285 0.7077442658504339 -1.7793729465181406e-7
outer loop
vertex -12.906657218933105 47.43274688720703 -7.23262882232666
vertex -13.496140480041504 46.84432601928711 -7.285918235778809
vertex -12.420025825500488 47.91850280761719 -1
endloop
endfacet
facet normal -0.7064685664735888 0.7077444203840108 -2.3084802607709047e-7
outer loop
vertex -13.496140480041504 46.84432601928711 -7.285918235778809
vertex -13.796639442443848 46.544368743896484 -7.358763217926025
vertex -12.420025825500488 47.91850280761719 -1
endloop
endfacet
facet normal -0.7064725943576796 0.7077403997365485 0.0000015100170358163922
outer loop
vertex -13.796639442443848 46.544368743896484 -7.358763217926025
vertex -14.118520736694336 46.22306442260742 -7.533753395080566
vertex -12.420025825500488 47.91850280761719 -1
endloop
endfacet
facet normal 0.0018006631363614782 0.999998378804817 8.364115510734913e-8
outer loop
vertex -14.570709228515625 46.16119384765625 -7.4599785804748535
vertex -15.013476371765137 46.161991119384766 -7.411714553833008
vertex -14.181206703186035 46.160491943359375 -1
endloop
endfacet
facet normal -0.7064658350269142 0.7077471468962094 0
outer loop
vertex -14.118520736694336 46.22306442260742 -7.533753395080566
vertex -14.181206703186035 46.160491943359375 -7.585811614990234
vertex -14.181206703186035 46.160491943359375 -1
endloop
endfacet
facet normal 0.0018020503374227108 0.9999983763059725 0
outer loop
vertex -14.181206703186035 46.160491943359375 -1
vertex -14.181206703186035 46.160491943359375 -7.585811614990234
vertex -14.570709228515625 46.16119384765625 -7.4599785804748535
endloop
endfacet
facet normal 0.23344547640041569 0.9723698933781233 0
outer loop
vertex 21.493703842163086 61.99700164794922 -1
vertex 18.746864318847656 62.65645980834961 -5.88543701171875
vertex 18.746864318847656 62.65645980834961 -1
endloop
endfacet
facet normal -0.006590781693134063 -0.9999782805624469 2.143506007215791e-7
outer loop
vertex -79.95805358886719 -45.71674728393555 -1
vertex -71.3580551147461 -45.77342987060547 -4
vertex -75.45805358886719 -45.74640655517578 -1.5105581283569336
endloop
endfacet
facet normal -0.006592939771471414 -0.9999782663308306 -0.0000033400615654821704
outer loop
vertex -75.45805358886719 -45.74640655517578 -1.5105581283569336
vertex -71.3580551147461 -45.77342987060547 -4
vertex -74.69660186767578 -45.751426696777344 -1.5623060464859009
endloop
endfacet
facet normal -0.0065906317032511244 -0.9999782815510146 -1.7890651415460724e-7
outer loop
vertex -74.04256439208984 -45.7557373046875 -1.5949000120162964
vertex -74.69660186767578 -45.751426696777344 -1.5623060464859009
vertex -71.3580551147461 -45.77342987060547 -4
endloop
endfacet
facet normal -0.0065933606460507 -0.9999782635562587 -0.0000032250129849078378
outer loop
vertex -74.04256439208984 -45.7557373046875 -1.5949000120162964
vertex -71.3580551147461 -45.77342987060547 -4
vertex -73.31819915771484 -45.76051330566406 -1.6271685361862183
endloop
endfacet
facet normal -0.006588065731650522 -0.999978298458819 0.0000011491896919403276
outer loop
vertex -73.31819915771484 -45.76051330566406 -1.6271685361862183
vertex -71.3580551147461 -45.77342987060547 -4
vertex -72.10284423828125 -45.76852035522461 -1.65997314453125
endloop
endfacet
facet normal -0.006591676173650826 -0.9999782746666158 0
outer loop
vertex -72.10284423828125 -45.76852035522461 -1.65997314453125
vertex -71.3580551147461 -45.77342987060547 -4
vertex -71.3580551147461 -45.77342987060547 -1.6663907766342163
endloop
endfacet
facet normal 0.0018003934289878185 0.9999983792544543 -0.000008483246651183434
outer loop
vertex -69.758056640625 46.26055145263672 -1.100000023841858
vertex -72.77265167236328 46.2659797668457 -1
vertex -14.181206703186035 46.160491943359375 -1
endloop
endfacet
facet normal 0.0018003781651051373 0.999998379317918 0
outer loop
vertex -14.181206703186035 46.160491943359375 -1
vertex -69.758056640625 46.26055145263672 -2.5
vertex -69.758056640625 46.26055145263672 -1.100000023841858
endloop
endfacet
facet normal 0.0018520717921279406 0.9999964504510478 -0.0019154413021605081
outer loop
vertex -14.181206703186035 46.160491943359375 -1
vertex -71.95805358886719 46.26271057128906 -3.5
vertex -69.758056640625 46.26055145263672 -2.5
endloop
endfacet
facet normal 0.0009001657310791093 0.9997980576109627 0.020075699215785732
outer loop
vertex -69.9582290649414 46.26091003417969 -3.5
vertex -71.95805358886719 46.26271057128906 -3.5
vertex -14.181206703186035 46.160491943359375 -1
endloop
endfacet
facet normal 0.0018008566604370395 0.9999983784413069 0.000005481346413259513
outer loop
vertex -69.758056640625 46.26055145263672 -1.100000023841858
vertex -72.15805053710938 46.26487350463867 -1.100000023841858
vertex -72.77265167236328 46.2659797668457 -1
endloop
endfacet
facet normal 0.9999939779293049 -0.0034704150483430996 -0.00001801436021928083
outer loop
vertex 81.59119415283203 10.197641372680664 -10.411487579345703
vertex 81.5918197631836 10.378190994262695 -10.465641021728516
vertex 81.701904296875 42.08387756347656 -7.5802226066589355
endloop
endfacet
facet normal 0.0017999648088806006 0.9999983800620312 0
outer loop
vertex -72.15805053710938 46.26487350463867 -1.100000023841858
vertex -72.15805053710938 46.26487350463867 -2.5
vertex -72.77265167236328 46.2659797668457 -1
endloop
endfacet
facet normal -0.006796046895789917 0.9999707039956932 -0.0035220586235734245
outer loop
vertex -71.95805358886719 46.26271057128906 -3.5
vertex -72.77265167236328 46.2659797668457 -1
vertex -72.15805053710938 46.26487350463867 -2.5
endloop
endfacet
facet normal -0.006590806011731471 -0.9999782804021873 0
outer loop
vertex -79.95805358886719 -45.71674728393555 -1
vertex -75.45805358886719 -45.74640655517578 -1.5105581283569336
vertex -75.45805358886719 -45.74640655517578 -1
endloop
endfacet
facet normal 0.0018008537341169153 0.9999967534838946 -0.00180276107655749
outer loop
vertex -71.95805358886719 46.26271057128906 -3.5
vertex -72.15805053710938 46.26487350463867 -2.5
vertex -69.758056640625 46.26055145263672 -2.5
endloop
endfacet
facet normal -0.3592992969749256 0.9332223824969718 0
outer loop
vertex -73.81852722167969 45.86330795288086 -7.3821120262146
vertex -73.81852722167969 45.86330795288086 -1
vertex -72.77265167236328 46.2659797668457 -1
endloop
endfacet
facet normal -0.6719464166081875 0.7405997658704843 0
outer loop
vertex -76.3256607055664 43.588584899902344 -7.521259307861328
vertex -76.3256607055664 43.588584899902344 -1
vertex -73.81852722167969 45.86330795288086 -1
endloop
endfacet
facet normal -0.9130196736159545 0.40791552506351114 -0.0000015414605001606763
outer loop
vertex -76.3256607055664 43.588584899902344 -1
vertex -76.83939361572266 42.43869400024414 -7.549725532531738
vertex -76.50562286376953 43.18578338623047 -1
endloop
endfacet
facet normal -0.9130247066491675 0.4079042596592998 0
outer loop
vertex -76.83939361572266 42.43869400024414 -7.549725532531738
vertex -76.83939361572266 42.43869400024414 -1
vertex -76.50562286376953 43.18578338623047 -1
endloop
endfacet
facet normal 0.00401322970912406 0.9999919469612252 0
outer loop
vertex -71.95805358886719 46.26271057128906 -3.5
vertex -72.77265167236328 46.2659797668457 -7.3870038986206055
vertex -72.77265167236328 46.2659797668457 -1
endloop
endfacet
facet normal 0.0018003312352601012 0.9999983794024085 0
outer loop
vertex -69.9582290649414 46.26091003417969 -7.402283191680908
vertex -69.9582290649414 46.26091003417969 -3.5
vertex -15.013476371765137 46.161991119384766 -7.411714553833008
endloop
endfacet
facet normal -0.3592992969749256 0.9332223824969718 0
outer loop
vertex -72.77265167236328 46.2659797668457 -7.3870038986206055
vertex -73.81852722167969 45.86330795288086 -7.3821120262146
vertex -72.77265167236328 46.2659797668457 -1
endloop
endfacet
facet normal -0.6719464166081877 0.7405997658704843 0
outer loop
vertex -73.81852722167969 45.86330795288086 -7.3821120262146
vertex -76.3256607055664 43.588584899902344 -7.521259307861328
vertex -73.81852722167969 45.86330795288086 -1
endloop
endfacet
facet normal -0.9130229436105759 0.40790820590014987 0
outer loop
vertex -76.3256607055664 43.588584899902344 -7.521259307861328
vertex -76.83939361572266 42.43869400024414 -7.549725532531738
vertex -76.3256607055664 43.588584899902344 -1
endloop
endfacet
facet normal 0.00411735234999361 0.999991523668889 0
outer loop
vertex -72.7353744506836 46.26591110229492 -7.401828289031982
vertex -71.95805358886719 46.26271057128906 -3.5
vertex -71.95805358886719 46.26271057128906 -7.404116153717041
endloop
endfacet
facet normal 0.9136114397512474 -0.40658841247095706 0
outer loop
vertex 81.20327758789062 9.3259859085083 -1
vertex 81.59119415283203 10.197641372680664 -10.411487579345703
vertex 81.59119415283203 10.197641372680664 -1
endloop
endfacet
facet normal 0.9136109164883748 -0.4065895882499391 -1.304635956912544e-7
outer loop
vertex 81.07728576660156 9.04288101196289 -1
vertex 81.59119415283203 10.197641372680664 -10.411487579345703
vertex 81.20327758789062 9.3259859085083 -1
endloop
endfacet
facet normal 0.6719456124293716 -0.7406004955013984 0
outer loop
vertex 78.56951141357422 6.767581462860107 -1
vertex 81.07728576660156 9.04288101196289 -10.461549758911133
vertex 81.07728576660156 9.04288101196289 -1
endloop
endfacet
facet normal 0.3601387945771938 -0.9328987343975153 0
outer loop
vertex 77.52660369873047 6.364974498748779 -1
vertex 78.56951141357422 6.767581462860107 -10.638201713562012
vertex 78.56951141357422 6.767581462860107 -1
endloop
endfacet
facet normal 0.002009028909026107 0.9999978936888368 0.0004200246807820271
outer loop
vertex -72.7353744506836 46.26591110229492 -7.401828289031982
vertex -72.77265167236328 46.2659797668457 -7.3870038986206055
vertex -71.95805358886719 46.26271057128906 -3.5
endloop
endfacet
facet normal 0 -0.9999998221744764 -0.0005963648343796938
outer loop
vertex 63.269832611083984 6.364974498748779 -1
vertex 77.54153442382812 6.37074089050293 -10.669233322143555
vertex 77.52660369873047 6.364974498748779 -1
endloop
endfacet
facet normal -0.999979793695498 0.0063570591242461056 0
outer loop
vertex -76.83939361572266 42.43869400024414 -7.549725532531738
vertex -76.92245483398438 29.372976303100586 -8.738799095153809
vertex -76.83939361572266 42.43869400024414 -1
endloop
endfacet
facet normal -0.35929964010353044 0.9332222465590705 -0.00008455007512023792
outer loop
vertex -72.77265167236328 46.2659797668457 -7.3870038986206055
vertex -73.71900177001953 45.9016227722168 -7.420162677764893
vertex -73.81852722167969 45.86330795288086 -7.3821120262146
endloop
endfacet
facet normal -0.6719479331702791 0.7405983882128765 0.00004984655853518206
outer loop
vertex -76.20586395263672 43.69728088378906 -7.579236030578613
vertex -76.3256607055664 43.588584899902344 -7.521259307861328
vertex -73.81852722167969 45.86330795288086 -7.3821120262146
endloop
endfacet
facet normal -0.7604122807839313 0.6494406541055542 0.000005284832522314581
outer loop
vertex -0.18185587227344513 54.90742111206055 -6.548059940338135
vertex -0.28627467155456543 54.785160064697266 -6.556148529052734
vertex 1.7080446481704712 57.120208740234375 -1
endloop
endfacet
facet normal -0.9130231249616475 0.40790779950572886 0.00001968913217953173
outer loop
vertex -76.83939361572266 42.43869400024414 -7.549725532531738
vertex -76.3256607055664 43.588584899902344 -7.521259307861328
vertex -76.7624740600586 42.61086654663086 -7.610238552093506
endloop
endfacet
facet normal 0.7071071158981042 -0.7071064464748325 0
outer loop
vertex 63.269832611083984 6.364974498748779 -1
vertex 62.262474060058594 5.357614994049072 -1
vertex 63.269832611083984 6.364974498748779 -10.83620834350586
endloop
endfacet
facet normal 0.7071067811865458 -0.7071067811865458 -6.855787846538726e-8
outer loop
vertex 62.262474060058594 5.357614994049072 -1
vertex 61.512474060058594 4.607614994049072 -1
vertex 63.269832611083984 6.364974498748779 -10.83620834350586
endloop
endfacet
facet normal 0.6201337008834202 0.7844961395881007 0
outer loop
vertex 34.587913513183594 47.554649353027344 -7.300117492675781
vertex 34.587913513183594 47.554649353027344 -1
vertex 35.79679489135742 46.59904479980469 -1
endloop
endfacet
facet normal 0.6201375644949761 0.7844930854384812 -0.0000012046136209222555
outer loop
vertex 36.21665573120117 46.267147064208984 -1
vertex 34.587913513183594 47.554649353027344 -7.300117492675781
vertex 35.79679489135742 46.59904479980469 -1
endloop
endfacet
facet normal -0.9999797930769169 0.006357156425595694 -1.642843197956147e-7
outer loop
vertex -76.92707824707031 28.64591407775879 -1
vertex -76.83939361572266 42.43869400024414 -1
vertex -76.92245483398438 29.372976303100586 -8.738799095153809
endloop
endfacet
facet normal 0.9999939725392363 -0.0034720145732934186 0
outer loop
vertex 81.59119415283203 10.197641372680664 -10.411487579345703
vertex 81.701904296875 42.08387756347656 -7.5802226066589355
vertex 81.59119415283203 10.197641372680664 -1
endloop
endfacet
facet normal 0.9136113439883319 -0.4065886276518734 1.0742177647950002e-8
outer loop
vertex 81.07728576660156 9.04288101196289 -1
vertex 81.13282012939453 9.167667388916016 -10.502151489257812
vertex 81.59119415283203 10.197641372680664 -10.411487579345703
endloop
endfacet
facet normal 0.9136110401349774 -0.40658931041467966 0
outer loop
vertex 81.07728576660156 9.04288101196289 -10.461549758911133
vertex 81.13282012939453 9.167667388916016 -10.502151489257812
vertex 81.07728576660156 9.04288101196289 -1
endloop
endfacet
facet normal 0.6719456781664326 -0.740600435858265 3.176643548937916e-8
outer loop
vertex 78.56951141357422 6.767581462860107 -1
vertex 78.6276626586914 6.82034158706665 -10.659667015075684
vertex 81.07728576660156 9.04288101196289 -10.461549758911133
endloop
endfacet
facet normal 0.6719427838776629 -0.740603061831867 0
outer loop
vertex 78.56951141357422 6.767581462860107 -10.638201713562012
vertex 78.6276626586914 6.82034158706665 -10.659667015075684
vertex 78.56951141357422 6.767581462860107 -1
endloop
endfacet
facet normal 0.3601368315665795 -0.9328994922011297 -2.440637783293475e-7
outer loop
vertex 77.52660369873047 6.364974498748779 -1
vertex 77.54153442382812 6.37074089050293 -10.669233322143555
vertex 78.56951141357422 6.767581462860107 -10.638201713562012
endloop
endfacet
facet normal 0.0004290327960305032 -0.9999999072852227 0.00003688368058073649
outer loop
vertex 63.269832611083984 6.364974498748779 -1
vertex 64.10067749023438 6.364974498748779 -10.6644287109375
vertex 77.54153442382812 6.37074089050293 -10.669233322143555
endloop
endfacet
facet normal 0 -1 0
outer loop
vertex 63.269832611083984 6.364974498748779 -1
vertex 63.736549377441406 6.364974498748779 -10.697436332702637
vertex 64.10067749023438 6.364974498748779 -10.6644287109375
endloop
endfacet
facet normal 0 -1 0
outer loop
vertex 63.269832611083984 6.364974498748779 -1
vertex 63.34636688232422 6.364974498748779 -10.802522659301758
vertex 63.736549377441406 6.364974498748779 -10.697436332702637
endloop
endfacet
facet normal 0 -1 0
outer loop
vertex 63.269832611083984 6.364974498748779 -10.83620834350586
vertex 63.34636688232422 6.364974498748779 -10.802522659301758
vertex 63.269832611083984 6.364974498748779 -1
endloop
endfacet
facet normal 0.7071098257779962 -0.7071037365812549 0.000001019351658628355
outer loop
vertex 63.269832611083984 6.364974498748779 -10.83620834350586
vertex 61.512474060058594 4.607614994049072 -1
vertex 63.036808013916016 6.131947994232178 -10.767302513122559
endloop
endfacet
facet normal 0.7071048831301056 -0.7071086792377009 -5.233977658624518e-7
outer loop
vertex 63.036808013916016 6.131947994232178 -10.767302513122559
vertex 61.512474060058594 4.607614994049072 -1
vertex 62.76886749267578 5.864008903503418 -10.756595611572266
endloop
endfacet
facet normal -0.8563853949304907 0.5163371527884725 2.0323692846901322e-7
outer loop
vertex -76.92707824707031 28.64591407775879 -1
vertex -77.56280517578125 27.591514587402344 -9.001300811767578
vertex -77.77816772460938 27.234315872192383 -1
endloop
endfacet
facet normal -0.4724011953906647 0.8813836341761009 0
outer loop
vertex -77.77816772460938 27.234315872192383 -1
vertex -78.71018981933594 26.734773635864258 -8.921435356140137
vertex -78.71018981933594 26.734773635864258 -1
endloop
endfacet
facet normal -0.6719453615688635 0.740600723106646 4.743881800559171e-8
outer loop
vertex -78.71018981933594 26.734773635864258 -1
vertex -81.07840728759766 24.586095809936523 -9.250195503234863
vertex -80.06869506835938 25.50220489501953 -1
endloop
endfacet
facet normal -0.6719451489660933 0.7406009160006047 0
outer loop
vertex -81.07840728759766 24.586095809936523 -9.250195503234863
vertex -81.07840728759766 24.586095809936523 -1
vertex -80.06869506835938 25.50220489501953 -1
endloop
endfacet
facet normal -0.9139888870050318 0.4057392197337588 0.0000010695419639166148
outer loop
vertex -81.07840728759766 24.586095809936523 -1
vertex -81.59242248535156 23.428220748901367 -9.278950691223145
vertex -81.25971221923828 24.17767906188965 -1
endloop
endfacet
facet normal -0.9139845055667633 0.4057490894430688 0
outer loop
vertex -81.59242248535156 23.428220748901367 -9.278950691223145
vertex -81.59242248535156 23.428220748901367 -1
vertex -81.25971221923828 24.17767906188965 -1
endloop
endfacet
facet normal 0.0026515154327114102 0.9999964847267683 1.2765017510508797e-7
outer loop
vertex 36.91040802001953 46.26530838012695 -7.4025115966796875
vertex 36.21665573120117 46.267147064208984 -1
vertex 47.32759094238281 46.23768615722656 -1.100000023841858
endloop
endfacet
facet normal -0.99997974616963 0.0063645306380776655 5.285529205982452e-7
outer loop
vertex -76.92245483398438 29.372976303100586 -8.738799095153809
vertex -76.92487335205078 28.992990493774414 -8.810233116149902
vertex -76.92707824707031 28.64591407775879 -1
endloop
endfacet
facet normal -0.999979821797142 0.006352637133987822 0
outer loop
vertex -76.92487335205078 28.992990493774414 -8.810233116149902
vertex -76.92707824707031 28.64591407775879 -8.944491386413574
vertex -76.92707824707031 28.64591407775879 -1
endloop
endfacet
facet normal -0.8563793422420861 0.5163471915107236 0
outer loop
vertex -76.92707824707031 28.64591407775879 -8.944491386413574
vertex -76.9622573852539 28.587568283081055 -8.932537078857422
vertex -76.92707824707031 28.64591407775879 -1
endloop
endfacet
facet normal -0.8563920138000256 0.5163261747185516 2.1077946588744008e-7
outer loop
vertex -76.9622573852539 28.587568283081055 -8.932537078857422
vertex -77.12411499023438 28.319107055664062 -8.940439224243164
vertex -76.92707824707031 28.64591407775879 -1
endloop
endfacet
facet normal -0.8563831302340259 0.5163409089450415 -6.160812919237894e-7
outer loop
vertex -77.12411499023438 28.319107055664062 -8.940439224243164
vertex -77.51036834716797 27.678482055664062 -8.998741149902344
vertex -76.92707824707031 28.64591407775879 -1
endloop
endfacet
facet normal -0.8563772346377961 0.516350687023029 -0.0000022286436230476453
outer loop
vertex -77.51036834716797 27.678482055664062 -8.998741149902344
vertex -77.56280517578125 27.591514587402344 -9.001300811767578
vertex -76.92707824707031 28.64591407775879 -1
endloop
endfacet
facet normal -0.8563874079852142 0.5163338139657002 0
outer loop
vertex -77.56280517578125 27.591514587402344 -9.001300811767578
vertex -77.77816772460938 27.234315872192383 -9.09925365447998
vertex -77.77816772460938 27.234315872192383 -1
endloop
endfacet
facet normal -0.47239208331544486 0.881388517976547 0
outer loop
vertex -77.77816772460938 27.234315872192383 -9.09925365447998
vertex -77.98808288574219 27.121809005737305 -9.059724807739258
vertex -77.77816772460938 27.234315872192383 -1
endloop
endfacet
facet normal -0.4724037858561764 0.881382245741652 3.923471697176362e-7
outer loop
vertex -77.98808288574219 27.121809005737305 -9.059724807739258
vertex -78.71018981933594 26.734773635864258 -8.921435356140137
vertex -77.77816772460938 27.234315872192383 -1
endloop
endfacet
facet normal -0.6719452709236552 0.7406008053488301 0
outer loop
vertex -78.71018981933594 26.734773635864258 -8.921435356140137
vertex -81.07840728759766 24.586095809936523 -9.250195503234863
vertex -78.71018981933594 26.734773635864258 -1
endloop
endfacet
facet normal -0.9139860510370631 0.40574560812124044 0
outer loop
vertex -81.07840728759766 24.586095809936523 -9.250195503234863
vertex -81.59242248535156 23.428220748901367 -9.278950691223145
vertex -81.07840728759766 24.586095809936523 -1
endloop
endfacet
facet normal -0.671944405443794 0.7406015905084186 -0.000011366035562360073
outer loop
vertex -78.71018981933594 26.734773635864258 -8.921435356140137
vertex -80.96194458007812 24.691761016845703 -9.306896209716797
vertex -81.07840728759766 24.586095809936523 -9.250195503234863
endloop
endfacet
facet normal -0.9139857520890416 0.40574628023921944 -0.00003240780316635153
outer loop
vertex -81.07840728759766 24.586095809936523 -9.250195503234863
vertex -81.5158462524414 23.600711822509766 -9.339872360229492
vertex -81.59242248535156 23.428220748901367 -9.278950691223145
endloop
endfacet
facet normal -0.006586147198453234 -0.99997831109313 -0.000002900339109981511
outer loop
vertex -1.1201034784317017 -46.23637008666992 -1
vertex -2.900026321411133 -46.224639892578125 -3.450000047683716
vertex -2.3260011672973633 -46.22842025756836 -3.564180612564087
endloop
endfacet
facet normal -0.006592375597446072 -0.9999782700558956 2.8915620747394596e-8
outer loop
vertex -2.3260011672973633 -46.22842025756836 -3.564180612564087
vertex -1.83936607837677 -46.23162841796875 -3.8893399238586426
vertex -1.1201034784317017 -46.23637008666992 -1
endloop
endfacet
facet normal -0.006592885731182576 -0.9999782666926873 1.559121232449605e-7
outer loop
vertex -1.83936607837677 -46.23162841796875 -3.8893399238586426
vertex -1.514206886291504 -46.23377227783203 -4.375974655151367
vertex -1.1201034784317017 -46.23637008666992 -1
endloop
endfacet
facet normal -0.006585210896996727 -0.9999783172633766 -7.400690346023514e-7
outer loop
vertex -1.514206886291504 -46.23377227783203 -4.375974655151367
vertex -1.4000262022018433 -46.23452377319336 -4.949999809265137
vertex -1.1201034784317017 -46.23637008666992 -1
endloop
endfacet
facet normal -0.0065908376394669625 -0.9999782801936012 5.074100324498079e-7
outer loop
vertex -1.1201034784317017 -46.23637008666992 -1
vertex -66.45805358886719 -45.805728912353516 -1
vertex -2.900026321411133 -46.224639892578125 -3.450000047683716
endloop
endfacet
facet normal -0.006591017925490947 -0.9999782789967583 -0.000004169783916939843
outer loop
vertex -14.900026321411133 -46.145545959472656 -3.450000047683716
vertex -2.900026321411133 -46.224639892578125 -3.450000047683716
vertex -66.45805358886719 -45.805728912353516 -1
endloop
endfacet
facet normal -0.006591042301073545 -0.9999782788273959 -0.000005897834157964145
outer loop
vertex -14.900026321411133 -46.145545959472656 -3.450000047683716
vertex -66.45805358886719 -45.805728912353516 -1.5047460794448853
vertex -15.474051475524902 -46.141761779785156 -3.564180612564087
endloop
endfacet
facet normal -0.006590447826917975 -0.999978282724006 0.000008819788813550938
outer loop
vertex -15.960686683654785 -46.13855743408203 -3.8893399238586426
vertex -15.474051475524902 -46.141761779785156 -3.564180612564087
vertex -66.45805358886719 -45.805728912353516 -1.5047460794448853
endloop
endfacet
facet normal -0.006590983750699327 -0.9999782792296644 -0.0000014413622422051128
outer loop
vertex -15.960686683654785 -46.13855743408203 -3.8893399238586426
vertex -67.1909408569336 -45.80089569091797 -1.55549955368042
vertex -16.285844802856445 -46.13641357421875 -4.375974655151367
endloop
endfacet
facet normal -0.006591160143437448 -0.9999782780569575 -0.000004712297984631547
outer loop
vertex -16.285844802856445 -46.13641357421875 -4.375974655151367
vertex -67.95952606201172 -45.79582977294922 -1.5949000120162964
vertex -16.400026321411133 -46.135658264160156 -4.949999809265137
endloop
endfacet
facet normal -0.00659565358431142 -0.9999782484403327 0
outer loop
vertex -1.4000262022018433 -46.23452377319336 -4.949999809265137
vertex -1.4000262022018433 -46.23452377319336 -9.949999809265137
vertex -1.1201034784317017 -46.23637008666992 -1
endloop
endfacet
facet normal -0.5583077714531036 -0.8296339146485417 -7.169978291795436e-8
outer loop
vertex -1.1201034784317017 -46.23637008666992 -1
vertex 0.38094496726989746 -47.24650955200195 -15.69458293914795
vertex 0.20686154067516327 -47.12936019897461 -1
endloop
endfacet
facet normal 0.23340602396631807 0.9723793642278894 0
outer loop
vertex 21.434314727783203 62.01125717163086 -5.962632656097412
vertex 21.493703842163086 61.99700164794922 -1
vertex 21.493703842163086 61.99700164794922 -5.953817844390869
endloop
endfacet
facet normal 0.3090218570998755 0.9510549362863032 0
outer loop
vertex 21.717906951904297 61.92415237426758 -5.9416584968566895
vertex 21.493703842163086 61.99700164794922 -5.953817844390869
vertex 21.717906951904297 61.92415237426758 -1
endloop
endfacet
facet normal 0.23344633437756068 0.9723696873953958 -5.102025707368536e-7
outer loop
vertex 21.434314727783203 62.01125717163086 -5.962632656097412
vertex 18.746864318847656 62.65645980834961 -5.88543701171875
vertex 21.493703842163086 61.99700164794922 -1
endloop
endfacet
facet normal 0.382689326995233 0.923877090853505 0
outer loop
vertex 24.3277645111084 60.84311294555664 -6.04347038269043
vertex 24.244770050048828 60.87749099731445 -6.055103778839111
vertex 24.3277645111084 60.84311294555664 -1
endloop
endfacet
facet normal 0.45399377479562064 0.891004855456368 0
outer loop
vertex 24.537811279296875 60.736087799072266 -6.034562110900879
vertex 24.3277645111084 60.84311294555664 -6.04347038269043
vertex 24.537811279296875 60.736087799072266 -1
endloop
endfacet
facet normal 0.3826835650144291 0.9238794775661134 1.1083116105128983e-7
outer loop
vertex 24.244770050048828 60.87749099731445 -6.055103778839111
vertex 21.717906951904297 61.92415237426758 -5.9416584968566895
vertex 24.3277645111084 60.84311294555664 -1
endloop
endfacet
facet normal 0.5224878811033675 0.852646711188235 0
outer loop
vertex 26.946426391601562 59.26008987426758 -6.167930603027344
vertex 26.847713470458984 59.320579528808594 -6.181267738342285
vertex 26.946426391601562 59.26008987426758 -1
endloop
endfacet
facet normal 0.5877829198237685 0.8090186890075194 0
outer loop
vertex 27.13714599609375 59.121524810791016 -6.162071704864502
vertex 26.946426391601562 59.26008987426758 -6.167930603027344
vertex 27.13714599609375 59.121524810791016 -1
endloop
endfacet
facet normal 0.6494510957161093 0.7604033628760101 0
outer loop
vertex 29.28520965576172 57.286903381347656 -6.324370384216309
vertex 29.180150985717773 57.37663269042969 -6.338435173034668
vertex 29.28520965576172 57.286903381347656 -1
endloop
endfacet
facet normal 0.7071108266165665 0.707102735733384 0
outer loop
vertex 29.451902389526367 57.120208740234375 -6.321280479431152
vertex 29.28520965576172 57.286903381347656 -6.324370384216309
vertex 29.451902389526367 57.120208740234375 -1
endloop
endfacet
facet normal 0.649448272302788 0.7604057743092925 9.60956299397296e-8
outer loop
vertex 29.180150985717773 57.37663269042969 -6.338435173034668
vertex 27.13714599609375 59.121524810791016 -6.162071704864502
vertex 29.28520965576172 57.286903381347656 -1
endloop
endfacet
facet normal 0.5224981194747808 0.852640437198029 -2.6830712487884316e-7
outer loop
vertex 26.847713470458984 59.320579528808594 -6.181267738342285
vertex 24.537811279296875 60.736087799072266 -6.034562110900879
vertex 26.946426391601562 59.26008987426758 -1
endloop
endfacet
facet normal 0.30902185709987545 0.9510549362863031 0
outer loop
vertex 21.717906951904297 61.92415237426758 -1
vertex 21.493703842163086 61.99700164794922 -5.953817844390869
vertex 21.493703842163086 61.99700164794922 -1
endloop
endfacet
facet normal -0.006588680490487145 -0.9999782943127891 0.000013880897886261196
outer loop
vertex -16.400026321411133 -46.135658264160156 -9.949999809265137
vertex -69.81059265136719 -45.78363037109375 -1.6583391427993774
vertex -70.55805206298828 -45.77870559692383 -1.6658291816711426
endloop
endfacet
facet normal -0.006591168316613754 -0.999978278011888 -0.0000021450764112513326
outer loop
vertex -69.81059265136719 -45.78363037109375 -1.6583391427993774
vertex -16.400026321411133 -46.135658264160156 -9.949999809265137
vertex -68.58655548095703 -45.79169845581055 -1.623633623123169
endloop
endfacet
facet normal -0.006589513826767886 -0.999978288706129 0.000020588553828700436
outer loop
vertex -67.95952606201172 -45.79582977294922 -1.5949000120162964
vertex -68.58655548095703 -45.79169845581055 -1.623633623123169
vertex -16.400026321411133 -46.135658264160156 -4.949999809265137
endloop
endfacet
facet normal -0.006590996283143816 -0.9999782791467096 -0.0000016675628291032958
outer loop
vertex -67.1909408569336 -45.80089569091797 -1.55549955368042
vertex -67.95952606201172 -45.79582977294922 -1.5949000120162964
vertex -16.285844802856445 -46.13641357421875 -4.375974655151367
endloop
endfacet
facet normal -0.0065923888047939696 -0.9999782694476479 -0.00003228519472032743
outer loop
vertex -66.45805358886719 -45.805728912353516 -1.5047460794448853
vertex -67.1909408569336 -45.80089569091797 -1.55549955368042
vertex -15.960686683654785 -46.13855743408203 -3.8893399238586426
endloop
endfacet
facet normal -0.0065908197890492464 -0.9999782803113817 0
outer loop
vertex -66.45805358886719 -45.805728912353516 -1
vertex -66.45805358886719 -45.805728912353516 -1.5047460794448853
vertex -14.900026321411133 -46.145545959472656 -3.450000047683716
endloop
endfacet
facet normal 0.3826837441362109 0.9238794033713985 0
outer loop
vertex 21.717906951904297 61.92415237426758 -5.9416584968566895
vertex 21.717906951904297 61.92415237426758 -1
vertex 24.3277645111084 60.84311294555664 -1
endloop
endfacet
facet normal 0.4539937747956207 0.8910048554563681 0
outer loop
vertex 24.537811279296875 60.736087799072266 -1
vertex 24.3277645111084 60.84311294555664 -6.04347038269043
vertex 24.3277645111084 60.84311294555664 -1
endloop
endfacet
facet normal 0.5224977117580589 0.8526406870467725 0
outer loop
vertex 26.946426391601562 59.26008987426758 -1
vertex 24.537811279296875 60.736087799072266 -6.034562110900879
vertex 24.537811279296875 60.736087799072266 -1
endloop
endfacet
facet normal 0.5877829198237685 0.8090186890075193 0
outer loop
vertex 27.13714599609375 59.121524810791016 -1
vertex 26.946426391601562 59.26008987426758 -6.167930603027344
vertex 26.946426391601562 59.26008987426758 -1
endloop
endfacet
facet normal 0.6494484058304508 0.7604056602658125 0
outer loop
vertex 27.13714599609375 59.121524810791016 -6.162071704864502
vertex 27.13714599609375 59.121524810791016 -1
vertex 29.28520965576172 57.286903381347656 -1
endloop
endfacet
facet normal -0.9999986768645076 0.0016267357311906326 -3.083268912605415e-7
outer loop
vertex -81.70203399658203 -43.9583740234375 -15.290901184082031
vertex -81.66390228271484 -20.515064239501953 -1
vertex -81.63055419921875 -0.015090744942426682 -1
endloop
endfacet
facet normal -0.9999986785151525 0.0016257183013432249 0.0000028201900169790484
outer loop
vertex -81.62454986572266 3.678246259689331 -1
vertex -81.70203399658203 -43.9583740234375 -15.290901184082031
vertex -81.63055419921875 -0.015090744942426682 -1
endloop
endfacet
facet normal -0.999998677077351 0.0016266049144230048 0
outer loop
vertex -81.70203399658203 -43.9583740234375 -15.290901184082031
vertex -81.59242248535156 23.428220748901367 -1
vertex -81.59242248535156 23.428220748901367 -9.278950691223145
endloop
endfacet
facet normal -0.9999986769180957 0.0016267027525269442 -4.61342082963331e-7
outer loop
vertex -81.62454986572266 3.678246259689331 -1
vertex -81.59242248535156 23.428220748901367 -1
vertex -81.70203399658203 -43.9583740234375 -15.290901184082031
endloop
endfacet
facet normal 0.7071108266165665 0.707102735733384 0
outer loop
vertex 29.28520965576172 57.286903381347656 -6.324370384216309
vertex 29.28520965576172 57.286903381347656 -1
vertex 29.451902389526367 57.120208740234375 -1
endloop
endfacet
facet normal -0.006590826084330382 -0.9999782802698897 0
outer loop
vertex -68.58655548095703 -45.79169845581055 -1.623633623123169
vertex -16.400026321411133 -46.135658264160156 -9.949999809265137
vertex -16.400026321411133 -46.135658264160156 -4.949999809265137
endloop
endfacet
facet normal -0.006590049080399478 -0.9999782853786277 0.000004933313377611001
outer loop
vertex -70.55805206298828 -45.77870559692383 -1.6658291816711426
vertex -16.285844802856445 -46.13641357421875 -10.524024963378906
vertex -16.400026321411133 -46.135658264160156 -9.949999809265137
endloop
endfacet
facet normal -0.006590574357095379 -0.9999782819275139 0.0000017149198240759187
outer loop
vertex -70.55805206298828 -45.77870559692383 -1.6658291816711426
vertex -15.960686683654785 -46.13855743408203 -11.010660171508789
vertex -16.285844802856445 -46.13641357421875 -10.524024963378906
endloop
endfacet
facet normal -0.006593041875099351 -0.9999782655825509 -0.000012702233782489564
outer loop
vertex -70.55805206298828 -45.77870559692383 -1.6658291816711426
vertex -15.474051475524902 -46.141761779785156 -11.335819244384766
vertex -15.960686683654785 -46.13855743408203 -11.010660171508789
endloop
endfacet
facet normal 0.7604059937062994 0.6494480154219701 0
outer loop
vertex 31.286521911621094 54.972145080566406 -1
vertex 29.451902389526367 57.120208740234375 -6.321280479431152
vertex 29.451902389526367 57.120208740234375 -1
endloop
endfacet
facet normal 0.9723697056532884 0.2334462583288435 0
outer loop
vertex 34.587913513183594 47.554649353027344 -1
vertex 34.1619987487793 49.328704833984375 -6.792933464050293
vertex 34.1619987487793 49.328704833984375 -1
endloop
endfacet
facet normal 0.9510589193744938 0.30900959835937136 0
outer loop
vertex 34.1619987487793 49.328704833984375 -1
vertex 34.08915328979492 49.55290603637695 -6.767012119293213
vertex 34.08915328979492 49.55290603637695 -1
endloop
endfacet
facet normal 0.8526400854447728 0.5224986934842331 0
outer loop
vertex 32.90108871459961 52.3728141784668 -1
vertex 31.425086975097656 54.781429290771484 -6.508495807647705
vertex 31.425086975097656 54.781429290771484 -1
endloop
endfacet
facet normal 0.809013098313202 0.5877906147240474 0
outer loop
vertex 31.425086975097656 54.781429290771484 -1
vertex 31.286521911621094 54.972145080566406 -6.509167194366455
vertex 31.286521911621094 54.972145080566406 -1
endloop
endfacet
facet normal 0.8910065230462396 0.4539905019810998 0
outer loop
vertex 33.008113861083984 52.16276550292969 -1
vertex 32.90108871459961 52.3728141784668 -6.7066731452941895
vertex 32.90108871459961 52.3728141784668 -1
endloop
endfacet
facet normal 0.9238795022513363 0.3826835054190644 0
outer loop
vertex 34.08915328979492 49.55290603637695 -1
vertex 33.008113861083984 52.16276550292969 -6.693057060241699
vertex 33.008113861083984 52.16276550292969 -1
endloop
endfacet
facet normal -0.000002344772163054481 0.09063105107761592 -0.9958845377728629
outer loop
vertex 33.52528381347656 47.888282775878906 -8.04434871673584
vertex 33.80137252807617 47.37388229370117 -8.09116268157959
vertex 26.367401123046875 58.730735778808594 -7.057608127593994
endloop
endfacet
facet normal 8.353804033667378e-9 0.09063262728275592 -0.9958843943309007
outer loop
vertex 60.58222579956055 4.635791301727295 -11.980633735656738
vertex -75.93597412109375 29.456165313720703 -9.721802711486816
vertex -75.85306549072266 42.498016357421875 -8.534900665283203
endloop
endfacet
facet normal 1.962798744076673e-7 0.09063268528979197 -0.9958843890518231
outer loop
vertex 11.81775188446045 53.75159454345703 -7.510745525360107
vertex 9.96780776977539 61.328399658203125 -6.821201801300049
vertex 13.669843673706055 54.247859954833984 -7.46558141708374
endloop
endfacet
facet normal -1.219551287777257e-7 0.09063245725431984 -0.9958844098046866
outer loop
vertex 60.75224304199219 5.193947792053223 -11.929837226867676
vertex 25.916593551635742 39.65275192260742 -8.793840408325195
vertex 26.412858963012695 41.504844665527344 -8.625287055969238
endloop
endfacet
facet normal 1.2102269652248975e-7 0.09063269728250402 -0.9958843879604116
outer loop
vertex 33.464412689208984 48.047359466552734 -8.029871940612793
vertex 26.367401123046875 58.730735778808594 -7.057608127593994
vertex 28.587486267089844 56.85769271850586 -7.2280683517456055
endloop
endfacet
facet normal 3.1325776615070526e-8 0.09063261295956902 -0.995884395634413
outer loop
vertex 21.079973220825195 52.941253662109375 -7.584492206573486
vertex 18.364364624023438 61.989234924316406 -6.761061191558838
vertex 22.650636672973633 51.84146499633789 -7.6845808029174805
endloop
endfacet
facet normal 3.296935580861959e-7 0.09063273795060886 -0.9958843842592711
outer loop
vertex 18.364364624023438 61.989234924316406 -6.761061191558838
vertex 24.00646209716797 50.48563766479492 -7.8079705238342285
vertex 22.650636672973633 51.84146499633789 -7.6845808029174805
endloop
endfacet
facet normal 2.803454754207805e-7 0.09063271394597829 -0.9958843864438823
outer loop
vertex 18.364364624023438 61.989234924316406 -6.761061191558838
vertex 25.106252670288086 48.914974212646484 -7.950911998748779
vertex 24.00646209716797 50.48563766479492 -7.8079705238342285
endloop
endfacet
facet normal 0.0000011847371876121602 0.09063344194373807 -0.9958843201898641
outer loop
vertex 30.487424850463867 54.660186767578125 -7.428056716918945
vertex 32.00415802001953 52.21835708618164 -7.650280952453613
vertex 28.587486267089844 56.85769271850586 -7.2280683517456055
endloop
endfacet
facet normal 2.3798412766722792e-7 0.09063260287430185 -0.9958843965522164
outer loop
vertex 80.713623046875 42.175071716308594 -8.564291000366211
vertex 80.60426330566406 10.677789688110352 -11.430768966674805
vertex 77.65380859375 45.44491958618164 -8.266712188720703
endloop
endfacet
facet normal -0.000001992517722556668 0.09063241514115022 -0.9958844136352933
outer loop
vertex 80.60426330566406 10.677789688110352 -11.430768966674805
vertex 80.25852966308594 9.900932312011719 -11.50146770477295
vertex 77.65380859375 45.44491958618164 -8.266712188720703
endloop
endfacet
facet normal -6.226026287904766e-8 0.09063258083896339 -0.9958843985576162
outer loop
vertex -79.54268646240234 -44.46554946899414 -16.44920539855957
vertex -80.71372985839844 -43.284847259521484 -16.341753005981445
vertex -80.60511016845703 23.490964889526367 -10.264678001403809
endloop
endfacet
facet normal -1.500114333931465e-9 0.0906325712871165 -0.9958843994269043
outer loop
vertex -79.54268646240234 -44.46554946899414 -16.44920539855957
vertex -80.27204132080078 24.241235733032227 -10.196398735046387
vertex -8.861966133117676 -24.626367568969727 -14.643698692321777
endloop
endfacet
facet normal 2.3598643536916665e-7 0.09063257710827193 -0.9958843988971097
outer loop
vertex 80.25852966308594 9.900932312011719 -11.50146770477295
vertex 78.04064178466797 7.888643741607666 -11.684600830078125
vertex 77.65380859375 45.44491958618164 -8.266712188720703
endloop
endfacet
facet normal -0.0000021099139406607247 0.09063254908895979 -0.9958844014448592
outer loop
vertex -80.27204132080078 24.241235733032227 -10.196398735046387
vertex -79.54268646240234 -44.46554946899414 -16.44920539855957
vertex -80.60511016845703 23.490964889526367 -10.264678001403809
endloop
endfacet
facet normal -2.491000180031963e-7 0.09063257215287736 -0.9958843993480827
outer loop
vertex 78.04064178466797 7.888643741607666 -11.684600830078125
vertex 77.34187316894531 7.6188883781433105 -11.709150314331055
vertex 77.65380859375 45.44491958618164 -8.266712188720703
endloop
endfacet
facet normal 0 0.09063257011553066 -0.9958843995335269
outer loop
vertex 77.34187316894531 7.6188883781433105 -11.709150314331055
vertex 64.10067749023438 7.6188883781433105 -11.709150314331055
vertex 77.65380859375 45.44491958618164 -8.266712188720703
endloop
endfacet
facet normal 8.618290567492071e-9 0.0906325355345584 -0.9958844026806409
outer loop
vertex -1.718706727027893 -44.97848892211914 -16.495885848999023
vertex -79.54268646240234 -44.46554946899414 -16.44920539855957
vertex -8.861966133117676 -24.626367568969727 -14.643698692321777
endloop
endfacet
facet normal -5.385065535201795e-9 0.09063257202915952 -0.9958843993593729
outer loop
vertex 49.226036071777344 45.520294189453125 -8.259852409362793
vertex 77.65380859375 45.44491958618164 -8.266712188720703
vertex 64.10067749023438 7.6188883781433105 -11.709150314331055
endloop
endfacet
facet normal 0.0000024747044489956744 0.09063353736016752 -0.9958843115038307
outer loop
vertex 49.08315658569336 45.403038024902344 -8.270524024963379
vertex 49.226036071777344 45.520294189453125 -8.259852409362793
vertex 64.10067749023438 7.6188883781433105 -11.709150314331055
endloop
endfacet
facet normal -0.0000026688302659172682 0.09063150982620251 -0.9958844960232588
outer loop
vertex 48.91027069091797 45.31062698364258 -8.27893352508545
vertex 49.08315658569336 45.403038024902344 -8.270524024963379
vertex 64.10067749023438 7.6188883781433105 -11.709150314331055
endloop
endfacet
facet normal -0.000002603922162242157 0.09063153577040435 -0.9958844936623512
outer loop
vertex 64.10067749023438 7.6188883781433105 -11.709150314331055
vertex 48.722679138183594 45.253719329833984 -8.284111976623535
vertex 48.91027069091797 45.31062698364258 -8.27893352508545
endloop
endfacet
facet normal 0.0000018164477085806622 0.09063332714475628 -0.9958843306365314
outer loop
vertex 64.10067749023438 7.6188883781433105 -11.709150314331055
vertex 48.527587890625 45.23450469970703 -8.285861015319824
vertex 48.722679138183594 45.253719329833984 -8.284111976623535
endloop
endfacet
facet normal -0.000001970878653815534 0.09063177204878094 -0.99588447216101
outer loop
vertex 64.10067749023438 7.6188883781433105 -11.709150314331055
vertex 48.332496643066406 45.253719329833984 -8.284111976623535
vertex 48.527587890625 45.23450469970703 -8.285861015319824
endloop
endfacet
facet normal -0.00000922346878691558 0.0906286570319598 -0.995884755601526
outer loop
vertex 47.972015380859375 45.403038024902344 -8.270524024963379
vertex 64.10067749023438 7.6188883781433105 -11.709150314331055
vertex 47.82461166381836 45.524009704589844 -8.259513854980469
endloop
endfacet
facet normal 0.000004192260835601918 0.09063433667606875 -0.995884238753538
outer loop
vertex 48.14490509033203 45.31062698364258 -8.27893352508545
vertex 64.10067749023438 7.6188883781433105 -11.709150314331055
vertex 47.972015380859375 45.403038024902344 -8.270524024963379
endloop
endfacet
facet normal 0.000003352842779267475 0.09063398425049911 -0.9958842708305211
outer loop
vertex 64.10067749023438 7.6188883781433105 -11.709150314331055
vertex 48.14490509033203 45.31062698364258 -8.27893352508545
vertex 48.332496643066406 45.253719329833984 -8.284111976623535
endloop
endfacet
facet normal 4.64662688093554e-7 0.09063290066460662 -0.995884369451044
outer loop
vertex 36.333404541015625 45.61011505126953 -8.251678466796875
vertex 64.10067749023438 7.6188883781433105 -11.709150314331055
vertex 63.51781463623047 7.561717510223389 -11.714353561401367
endloop
endfacet
facet normal -4.998631933597557e-7 0.09063221720116663 -0.995884431651058
outer loop
vertex 62.95735168457031 7.392402648925781 -11.729762077331543
vertex 36.333404541015625 45.61011505126953 -8.251678466796875
vertex 63.51781463623047 7.561717510223389 -11.714353561401367
endloop
endfacet
facet normal -8.545852587649843e-7 0.09063308069804799 -0.9958843530663843
outer loop
vertex -0.5951539278030396 -45.20491027832031 -16.51649284362793
vertex -1.155617117881775 -45.03559494018555 -16.501083374023438
vertex 10.599973678588867 -24.935026168823242 -14.671788215637207
endloop
endfacet
facet normal 8.503960745091531e-7 0.09063213524719317 -0.9958844391091827
outer loop
vertex -0.06571531295776367 -45.488502502441406 -16.542301177978516
vertex -0.5951539278030396 -45.20491027832031 -16.51649284362793
vertex 10.791315078735352 -24.89696502685547 -14.66832447052002
endloop
endfacet
facet normal -4.132787896914192e-7 0.09063279605551654 -0.9958843789712681
outer loop
vertex 0.43463143706321716 -45.82521438598633 -16.57294464111328
vertex -0.06571531295776367 -45.488502502441406 -16.542301177978516
vertex 10.791315078735352 -24.89696502685547 -14.66832447052002
endloop
endfacet
facet normal 0 0.09063258500899339 -0.9958843981781157
outer loop
vertex 10.599973678588867 -24.935026168823242 -14.671788215637207
vertex -1.155617117881775 -45.03559494018555 -16.501083374023438
vertex -8.400026321411133 -24.935026168823242 -14.671788215637207
endloop
endfacet
facet normal -5.344155846199266e-7 0.09063290531978407 -0.9958843690273531
outer loop
vertex 10.791315078735352 -24.89696502685547 -14.66832447052002
vertex -0.5951539278030396 -45.20491027832031 -16.51649284362793
vertex 10.599973678588867 -24.935026168823242 -14.671788215637207
endloop
endfacet
facet normal -8.15386223574959e-9 0.09062730677795491 -0.9958848785206925
outer loop
vertex -15.014898300170898 45.45016098022461 -8.2662353515625
vertex -70.40248107910156 45.43124008178711 -8.267956733703613
vertex -70.25888061523438 45.549095153808594 -8.257231712341309
endloop
endfacet
facet normal -9.17980592677969e-9 0.09063028538587062 -0.9958846074575485
outer loop
vertex -15.014898300170898 45.45016098022461 -8.2662353515625
vertex -70.57537078857422 45.33883285522461 -8.276366233825684
vertex -70.40248107910156 45.43124008178711 -8.267956733703613
endloop
endfacet
facet normal -1.6603019870593117e-7 0.09063244785193192 -0.9958844106603633
outer loop
vertex 62.440826416015625 7.11745023727417 -11.75478458404541
vertex 36.333404541015625 45.61011505126953 -8.251678466796875
vertex 62.95735168457031 7.392402648925781 -11.729762077331543
endloop
endfacet
facet normal -2.9915438056603335e-8 0.09063253941263115 -0.9958844023277084
outer loop
vertex 61.983734130859375 6.743083477020264 -11.788854598999023
vertex 36.333404541015625 45.61011505126953 -8.251678466796875
vertex 62.440826416015625 7.11745023727417 -11.75478458404541
endloop
endfacet
facet normal 0 0.09063256574895727 -0.9958843999309163
outer loop
vertex -80.27204132080078 24.241235733032227 -10.196398735046387
vertex 10.599973678588867 -9.935025215148926 -13.306681632995605
vertex -8.400026321411133 -9.935025215148926 -13.306681632995605
endloop
endfacet
facet normal 1.8769658039912981e-7 0.09062909043908861 -0.9958847162027079
outer loop
vertex 4.4195661544799805 -49.63111114501953 -16.919307708740234
vertex 3.680701494216919 -49.32506561279297 -16.891456604003906
vertex 60.52482223510742 -46.43490982055664 -16.62843132019043
endloop
endfacet
facet normal -8.674498566444415e-7 0.09063223057479339 -0.9958844304337151
outer loop
vertex -1.155617117881775 -45.03559494018555 -16.501083374023438
vertex -1.718706727027893 -44.97848892211914 -16.495885848999023
vertex -8.861966133117676 -24.626367568969727 -14.643698692321777
endloop
endfacet
facet normal 6.993158552328536e-9 0.09063261535365645 -0.9958843954165344
outer loop
vertex 60.52482223510742 -46.43490982055664 -16.62843132019043
vertex 3.680701494216919 -49.32506561279297 -16.891456604003906
vertex 1.5324208736419678 -47.17678451538086 -16.695947647094727
endloop
endfacet
facet normal 2.5034801095102797e-9 0.09063290242664832 -0.9958843692907935
outer loop
vertex 0.8744572997093201 -46.18659591674805 -16.605833053588867
vertex 0.43463143706321716 -45.82521438598633 -16.57294464111328
vertex 60.52482223510742 -46.43490982055664 -16.62843132019043
endloop
endfacet
facet normal -1.929726475561834e-9 0.09063184622239093 -0.9958844654126908
outer loop
vertex 60.52482223510742 -46.43490982055664 -16.62843132019043
vertex 1.2460103034973145 -46.637474060058594 -16.646865844726562
vertex 0.8744572997093201 -46.18659591674805 -16.605833053588867
endloop
endfacet
facet normal -8.897646614352898e-9 0.09063386857917177 -0.9958842813632383
outer loop
vertex 60.52482223510742 -46.43490982055664 -16.62843132019043
vertex 1.5324208736419678 -47.17678451538086 -16.695947647094727
vertex 1.2460103034973145 -46.637474060058594 -16.646865844726562
endloop
endfacet
facet normal 4.663716504254593e-7 0.09063288339047323 -0.995884371023118
outer loop
vertex 4.5799736976623535 43.414974212646484 -8.451451301574707
vertex -2.1947429180145264 53.20261764526367 -7.56070613861084
vertex -1.6118807792663574 53.259788513183594 -7.555502891540527
endloop
endfacet
facet normal -6.565457287597114e-10 0.09063259354001044 -0.9958843974017322
outer loop
vertex 60.52482223510742 -46.43490982055664 -16.62843132019043
vertex 0.43463143706321716 -45.82521438598633 -16.57294464111328
vertex 10.791315078735352 -24.89696502685547 -14.66832447052002
endloop
endfacet
facet normal -5.809070250412857e-7 0.09063223011954073 -0.9958844304753545
outer loop
vertex 4.5799736976623535 43.414974212646484 -8.451451301574707
vertex -1.6118807792663574 53.259788513183594 -7.555502891540527
vertex -1.051417589187622 53.42910385131836 -7.540094375610352
endloop
endfacet
facet normal 0 0.09062864101807881 -0.9958847571015514
outer loop
vertex 4.4195661544799805 -49.63111114501953 -16.919307708740234
vertex 58.069244384765625 -49.32506561279297 -16.891456604003906
vertex 57.330379486083984 -49.63111114501953 -16.919307708740234
endloop
endfacet
facet normal -1.028214233862552e-8 0.0906325443034292 -0.9958844018826116
outer loop
vertex -8.400026321411133 -9.935025215148926 -13.306681632995605
vertex -8.591367721557617 -9.973085403442383 -13.310145378112793
vertex -80.27204132080078 24.241235733032227 -10.196398735046387
endloop
endfacet
facet normal -3.314728623414314e-7 0.09063183592316403 -0.995884466349931
outer loop
vertex 60.52482223510742 -46.43490982055664 -16.62843132019043
vertex 10.791315078735352 -24.89696502685547 -14.66832447052002
vertex 10.953527450561523 -24.788578033447266 -14.65846061706543
endloop
endfacet
facet normal -7.997976851798096e-7 0.09063077224303265 -0.9958845631507659
outer loop
vertex 60.52482223510742 -46.43490982055664 -16.62843132019043
vertex 10.953527450561523 -24.788578033447266 -14.65846061706543
vertex 11.06191349029541 -24.626367568969727 -14.643698692321777
endloop
endfacet
facet normal 0.000008026127260401792 0.09063556112523467 -0.9958841272934794
outer loop
vertex -1.155617117881775 -45.03559494018555 -16.501083374023438
vertex -8.861966133117676 -24.626367568969727 -14.643698692321777
vertex -8.753579139709473 -24.788578033447266 -14.65846061706543
endloop
endfacet
facet normal 0.0000011060342444986695 0.09063298560294535 -0.9958843617205128
outer loop
vertex -1.155617117881775 -45.03559494018555 -16.501083374023438
vertex -8.753579139709473 -24.788578033447266 -14.65846061706543
vertex -8.591367721557617 -24.89696502685547 -14.66832447052002
endloop
endfacet
facet normal -5.7511870892738684e-8 0.09063253829670263 -0.9958844024292646
outer loop
vertex 26.367401123046875 58.730735778808594 -7.057608127593994
vertex 60.75224304199219 5.193947792053223 -11.929837226867676
vertex 23.88188362121582 60.233272552490234 -6.9208664894104
endloop
endfacet
facet normal 3.643325769424492e-8 0.09063260048159591 -0.9958843967699976
outer loop
vertex 64.10067749023438 7.6188883781433105 -11.709150314331055
vertex 36.9083137512207 45.5537223815918 -8.256810188293457
vertex 47.82461166381836 45.524009704589844 -8.259513854980469
endloop
endfacet
facet normal 5.064829841598366e-7 0.09063276605014864 -0.9958843817019335
outer loop
vertex -1.155617117881775 -45.03559494018555 -16.501083374023438
vertex -8.591367721557617 -24.89696502685547 -14.66832447052002
vertex -8.400026321411133 -24.935026168823242 -14.671788215637207
endloop
endfacet
facet normal -6.128379287906058e-7 0.09063119279443202 -0.9958845248784032
outer loop
vertex 60.52482223510742 -46.43490982055664 -16.62843132019043
vertex 11.06191349029541 -24.626367568969727 -14.643698692321777
vertex 11.099973678588867 -24.435026168823242 -14.626285552978516
endloop
endfacet
facet normal 7.698260600000307e-7 0.09063312187224826 -0.9958843493192859
outer loop
vertex 64.10067749023438 7.6188883781433105 -11.709150314331055
vertex 36.333404541015625 45.61011505126953 -8.251678466796875
vertex 36.9083137512207 45.5537223815918 -8.256810188293457
endloop
endfacet
facet normal 2.2752849686956466e-7 0.0906327183225533 -0.9958843860455956
outer loop
vertex 35.77294158935547 45.7794303894043 -8.236268997192383
vertex 60.75224304199219 5.193947792053223 -11.929837226867676
vertex 35.25641632080078 46.05438232421875 -8.211246490478516
endloop
endfacet
facet normal 0.0000026988214968095767 0.09063522448631599 -0.9958841579596652
outer loop
vertex 5.243354797363281 47.17719650268555 -8.109062194824219
vertex -1.051417589187622 53.42910385131836 -7.540094375610352
vertex -0.943662166595459 53.4864616394043 -7.534873962402344
endloop
endfacet
facet normal -6.718514968084544e-7 0.09063194627514506 -0.9958844563070196
outer loop
vertex 5.243354797363281 47.17719650268555 -8.109062194824219
vertex -0.943662166595459 53.4864616394043 -7.534873962402344
vertex -0.5417981147766113 53.67172622680664 -7.518013954162598
endloop
endfacet
facet normal 2.2726546160675463e-8 0.09063260892229606 -0.9958843960018339
outer loop
vertex 60.52482223510742 -46.43490982055664 -16.62843132019043
vertex 11.099973678588867 -24.435026168823242 -14.626285552978516
vertex 11.099973678588867 -10.435025215148926 -13.352185249328613
endloop
endfacet
facet normal -3.429828907720265e-7 0.09063185300462595 -0.995884464795405
outer loop
vertex -8.591367721557617 -9.973085403442383 -13.310145378112793
vertex -8.753579139709473 -10.081472396850586 -13.320009231567383
vertex -80.27204132080078 24.241235733032227 -10.196398735046387
endloop
endfacet
facet normal 0.0000010841191109370865 0.09063480224015567 -0.9958841963911831
outer loop
vertex -8.753579139709473 -10.081472396850586 -13.320009231567383
vertex -8.861966133117676 -10.243683815002441 -13.334772109985352
vertex -80.27204132080078 24.241235733032227 -10.196398735046387
endloop
endfacet
facet normal -8.695165168301357e-7 0.09063203456983014 -0.9958844482714734
outer loop
vertex 35.05881881713867 46.197853088378906 -8.198189735412598
vertex 60.75224304199219 5.193947792053223 -11.929837226867676
vertex 34.42806625366211 46.69645690917969 -8.152812957763672
endloop
endfacet
facet normal 9.85276280784655e-7 0.09063318725317905 -0.9958843433689272
outer loop
vertex 35.25641632080078 46.05438232421875 -8.211246490478516
vertex 60.75224304199219 5.193947792053223 -11.929837226867676
vertex 35.05881881713867 46.197853088378906 -8.198189735412598
endloop
endfacet
facet normal -0.0000012373334873113566 0.09063182414413094 -0.9958844674211845
outer loop
vertex 36.333404541015625 45.61011505126953 -8.251678466796875
vertex 60.75224304199219 5.193947792053223 -11.929837226867676
vertex 35.77294158935547 45.7794303894043 -8.236268997192383
endloop
endfacet
facet normal 0.0000024707774047821666 0.09063413584493822 -0.9958842570366983
outer loop
vertex 60.75224304199219 5.193947792053223 -11.929837226867676
vertex 34.17292404174805 46.92300796508789 -8.132195472717285
vertex 34.42806625366211 46.69645690917969 -8.152812957763672
endloop
endfacet
facet normal -6.680641412291854e-7 0.09063120368937819 -0.9958845238868651
outer loop
vertex -8.861966133117676 -10.243683815002441 -13.334772109985352
vertex -8.900026321411133 -10.435025215148926 -13.352185249328613
vertex -80.27204132080078 24.241235733032227 -10.196398735046387
endloop
endfacet
facet normal 2.0326136252392442e-8 0.09063260892229606 -0.995884396001834
outer loop
vertex -8.900026321411133 -24.435026168823242 -14.626285552978516
vertex -80.27204132080078 24.241235733032227 -10.196398735046387
vertex -8.900026321411133 -10.435025215148926 -13.352185249328613
endloop
endfacet
facet normal -1.7941048030000026e-7 0.09063246167450331 -0.9958844094024102
outer loop
vertex 34.17292404174805 46.92300796508789 -8.132195472717285
vertex 60.75224304199219 5.193947792053223 -11.929837226867676
vertex 33.80137252807617 47.37388229370117 -8.09116268157959
endloop
endfacet
facet normal 4.434162952802901e-8 0.09063258801609599 -0.9958843979044467
outer loop
vertex 61.395530700683594 6.154880523681641 -11.842385292053223
vertex 36.333404541015625 45.61011505126953 -8.251678466796875
vertex 61.983734130859375 6.743083477020264 -11.788854598999023
endloop
endfacet
facet normal 4.858595153358342e-7 0.0906328661663239 -0.9958843725906342
outer loop
vertex 61.395530700683594 6.154880523681641 -11.842385292053223
vertex 61.0283317565918 5.708347797393799 -11.883023262023926
vertex 36.333404541015625 45.61011505126953 -8.251678466796875
endloop
endfacet
facet normal -1.6175620263322148e-7 0.0906324686537739 -0.9958844087672508
outer loop
vertex 61.0283317565918 5.708347797393799 -11.883023262023926
vertex 60.75224304199219 5.193947792053223 -11.929837226867676
vertex 36.333404541015625 45.61011505126953 -8.251678466796875
endloop
endfacet
facet normal 3.2718512713000543e-7 0.09063299262886226 -0.9958843610816618
outer loop
vertex 60.75224304199219 5.193947792053223 -11.929837226867676
vertex 60.58222579956055 4.635791301727295 -11.980633735656738
vertex 22.650636672973633 34.988487243652344 -9.218321800231934
endloop
endfacet
facet normal 1.3259090608290126e-7 0.09063265939025962 -0.9958843914088782
outer loop
vertex 60.75224304199219 5.193947792053223 -11.929837226867676
vertex 26.367401123046875 58.730735778808594 -7.057608127593994
vertex 33.80137252807617 47.37388229370117 -8.09116268157959
endloop
endfacet
facet normal -0.0000011993200526650255 0.09063083529440474 -0.995884557412354
outer loop
vertex -8.900026321411133 -24.435026168823242 -14.626285552978516
vertex -8.861966133117676 -24.626367568969727 -14.643698692321777
vertex -80.27204132080078 24.241235733032227 -10.196398735046387
endloop
endfacet
facet normal -4.190318315786751e-8 0.09063254913984857 -0.9958844014424623
outer loop
vertex 60.75224304199219 5.193947792053223 -11.929837226867676
vertex 25.106252670288086 48.914974212646484 -7.950911998748779
vertex 18.364364624023438 61.989234924316406 -6.761061191558838
endloop
endfacet
facet normal 4.241072418442676e-7 0.09063115556191684 -0.9958845282668729
outer loop
vertex 11.099973678588867 -10.435025215148926 -13.352185249328613
vertex 11.06191349029541 -10.243683815002441 -13.334772109985352
vertex 60.52482223510742 4.055327892303467 -12.033459663391113
endloop
endfacet
facet normal 1.9474209473218828e-7 0.0906329608813537 -0.9958843639709588
outer loop
vertex 10.079974174499512 33.888694763183594 -9.318410873413086
vertex -13.34964656829834 45.95106887817383 -8.220648765563965
vertex 8.509309768676758 34.988487243652344 -9.218321800231934
endloop
endfacet
facet normal -3.0103457735334167e-7 0.0906315215696205 -0.9958844949580673
outer loop
vertex 60.58222579956055 4.635791301727295 -11.980633735656738
vertex -75.85306549072266 42.498016357421875 -8.534900665283203
vertex -75.50746154785156 43.2715950012207 -8.464500427246094
endloop
endfacet
facet normal 2.4854038870529623e-7 0.09063171282562929 -0.9958844775526079
outer loop
vertex 10.791315078735352 -9.973085403442383 -13.310145378112793
vertex 60.52482223510742 4.055327892303467 -12.033459663391113
vertex 10.953527450561523 -10.081472396850586 -13.320009231567383
endloop
endfacet
facet normal -2.3220730357526833e-7 0.09062983747115105 -0.9958846482198122
outer loop
vertex -72.58924102783203 45.55329132080078 -8.25684928894043
vertex -71.51362609863281 45.43124008178711 -8.267956733703613
vertex -71.34073638916016 45.33883285522461 -8.276366233825684
endloop
endfacet
facet normal -1.6602413549276331e-7 0.0906390320795681 -0.9958838114276441
outer loop
vertex -71.15314483642578 45.281925201416016 -8.281545639038086
vertex -73.29000091552734 45.28349304199219 -8.281402587890625
vertex -71.34073638916016 45.33883285522461 -8.276366233825684
endloop
endfacet
facet normal 5.0455861098642966e-8 0.09063146952383223 -0.9958844996945921
outer loop
vertex -73.29000091552734 45.28349304199219 -8.281402587890625
vertex -72.58924102783203 45.55329132080078 -8.25684928894043
vertex -71.34073638916016 45.33883285522461 -8.276366233825684
endloop
endfacet
facet normal 5.086279456342532e-7 0.09063298917697524 -0.9958843613957333
outer loop
vertex 5.243354797363281 47.17719650268555 -8.109062194824219
vertex -0.5417981147766113 53.67172622680664 -7.518013954162598
vertex -0.13302771747112274 53.88931655883789 -7.49821138381958
endloop
endfacet
facet normal -3.3988159690027925e-7 0.0906323151069342 -0.9958844227410336
outer loop
vertex 5.243354797363281 47.17719650268555 -8.109062194824219
vertex -0.13302771747112274 53.88931655883789 -7.49821138381958
vertex 0.31971094012260437 54.259342193603516 -7.464536666870117
endloop
endfacet
facet normal -8.27607967404293e-8 0.09063244683856772 -0.995884410752597
outer loop
vertex 4.747088432312012 45.325103759765625 -8.277615547180176
vertex -1.051417589187622 53.42910385131836 -7.540094375610352
vertex 5.243354797363281 47.17719650268555 -8.109062194824219
endloop
endfacet
facet normal 4.414549884626847e-8 0.09063257989689504 -0.9958843986433521
outer loop
vertex 6.053694248199463 48.914974212646484 -7.950911998748779
vertex 5.243354797363281 47.17719650268555 -8.109062194824219
vertex 0.31971094012260437 54.259342193603516 -7.464536666870117
endloop
endfacet
facet normal -7.109159125431787e-7 0.09063504956405528 -0.995884173882694
outer loop
vertex 11.06191349029541 -10.243683815002441 -13.334772109985352
vertex 10.953527450561523 -10.081472396850586 -13.320009231567383
vertex 60.52482223510742 4.055327892303467 -12.033459663391113
endloop
endfacet
facet normal -7.769925995344805e-9 0.09063252465426543 -0.9958844036708246
outer loop
vertex 6.053694248199463 48.914974212646484 -7.950911998748779
vertex 0.31971094012260437 54.259342193603516 -7.464536666870117
vertex 7.15348482131958 50.48563766479492 -7.8079705238342285
endloop
endfacet
facet normal -2.6299878550977714e-7 0.09063205566134697 -0.9958844463523514
outer loop
vertex -13.34964656829834 45.95106887817383 -8.220648765563965
vertex 7.15348482131958 36.34431076049805 -9.094932556152344
vertex 8.509309768676758 34.988487243652344 -9.218321800231934
endloop
endfacet
facet normal -0.000007620552377087238 0.09062759676205386 -0.9958848521024213
outer loop
vertex 26.367401123046875 58.730735778808594 -7.057608127593994
vertex 33.464412689208984 48.047359466552734 -8.029871940612793
vertex 33.52528381347656 47.888282775878906 -8.04434871673584
endloop
endfacet
facet normal 2.989851214151233e-7 0.09063279498373064 -0.9958843790688494
outer loop
vertex 32.00415802001953 52.21835708618164 -7.650280952453613
vertex 33.464412689208984 48.047359466552734 -8.029871940612793
vertex 28.587486267089844 56.85769271850586 -7.2280683517456055
endloop
endfacet
facet normal 3.1951818780704884e-7 0.09063273230948736 -0.9958843847726576
outer loop
vertex 4.747088432312012 45.325103759765625 -8.277615547180176
vertex 4.5799736976623535 43.414974212646484 -8.451451301574707
vertex -1.051417589187622 53.42910385131836 -7.540094375610352
endloop
endfacet
facet normal 4.995258003405965e-8 0.09063262341518084 -0.9958843946828766
outer loop
vertex 60.75224304199219 5.193947792053223 -11.929837226867676
vertex 25.916593551635742 47.17719650268555 -8.109062194824219
vertex 25.106252670288086 48.914974212646484 -7.950911998748779
endloop
endfacet
facet normal -2.82601942513439e-7 0.09063234974429647 -0.9958844195888132
outer loop
vertex 60.75224304199219 5.193947792053223 -11.929837226867676
vertex 26.412858963012695 45.325103759765625 -8.277615547180176
vertex 25.916593551635742 47.17719650268555 -8.109062194824219
endloop
endfacet
facet normal -1.6196400527054632e-7 0.09063246889990019 -0.9958844087448515
outer loop
vertex 60.75224304199219 5.193947792053223 -11.929837226867676
vertex 21.192140579223633 61.328399658203125 -6.821201801300049
vertex 23.88188362121582 60.233272552490234 -6.9208664894104
endloop
endfacet
facet normal 4.7229753713721314e-8 0.09063261511576849 -0.9958843954381829
outer loop
vertex 60.75224304199219 5.193947792053223 -11.929837226867676
vertex 18.364364624023438 61.989234924316406 -6.761061191558838
vertex 21.192140579223633 61.328399658203125 -6.821201801300049
endloop
endfacet
facet normal 2.237354125373453e-7 0.09063277944756737 -0.9958843804827741
outer loop
vertex 60.75224304199219 5.193947792053223 -11.929837226867676
vertex 26.579973220825195 43.414974212646484 -8.451451301574707
vertex 26.412858963012695 45.325103759765625 -8.277615547180176
endloop
endfacet
facet normal 3.095527549422559e-8 0.09063264738052583 -0.9958843925018588
outer loop
vertex 10.599973678588867 -9.935025215148926 -13.306681632995605
vertex -80.27204132080078 24.241235733032227 -10.196398735046387
vertex 10.791315078735352 -9.973085403442383 -13.310145378112793
endloop
endfacet
facet normal 2.347598131552325e-7 0.09063310927154705 -0.9958843504663163
outer loop
vertex -12.894695281982422 46.32377624511719 -8.186729431152344
vertex 7.15348482131958 36.34431076049805 -9.094932556152344
vertex -13.34964656829834 45.95106887817383 -8.220648765563965
endloop
endfacet
facet normal -3.915661258819782e-8 0.09063256350916966 -0.995884400134752
outer loop
vertex 7.15348482131958 36.34431076049805 -9.094932556152344
vertex -12.894695281982422 46.32377624511719 -8.186729431152344
vertex -12.30522346496582 46.91218948364258 -8.133179664611816
endloop
endfacet
facet normal 2.0945126263355387e-7 0.09063301751236953 -0.9958843588171061
outer loop
vertex 7.15348482131958 36.34431076049805 -9.094932556152344
vertex -12.30522346496582 46.91218948364258 -8.133179664611816
vertex -11.935883522033691 47.36037826538086 -8.092391014099121
endloop
endfacet
facet normal -1.5918560581176364e-7 0.09063238396136063 -0.9958844164748514
outer loop
vertex 7.15348482131958 36.34431076049805 -9.094932556152344
vertex -11.935883522033691 47.36037826538086 -8.092391014099121
vertex -11.659794807434082 47.874778747558594 -8.045577049255371
endloop
endfacet
facet normal -3.993920097591583e-8 0.09063249011134017 -0.9958844068144738
outer loop
vertex -11.659794807434082 47.874778747558594 -8.045577049255371
vertex -11.489779472351074 48.43293380737305 -7.994781017303467
vertex 4.5799736976623535 43.414974212646484 -8.451451301574707
endloop
endfacet
facet normal -2.0912667971154658e-7 0.09063195274787406 -0.9958844557181639
outer loop
vertex 4.5799736976623535 43.414974212646484 -8.451451301574707
vertex -11.489779472351074 48.43293380737305 -7.994781017303467
vertex -11.432373046875 49.013397216796875 -7.941955089569092
endloop
endfacet
facet normal 6.374778250461683e-8 0.09063272679969882 -0.9958843852741377
outer loop
vertex 4.5799736976623535 43.414974212646484 -8.451451301574707
vertex -11.432373046875 49.013397216796875 -7.941955089569092
vertex -11.432373046875 52.02261734008789 -7.668094158172607
endloop
endfacet
facet normal 1.6173981696988172e-7 0.09063294613502644 -0.9958843653129913
outer loop
vertex -11.659794807434082 47.874778747558594 -8.045577049255371
vertex 5.243354797363281 39.65275192260742 -8.793840408325195
vertex 6.053694248199463 37.914974212646484 -8.951991081237793
endloop
endfacet
facet normal -1.0800266674272753e-7 0.09063239614356132 -0.9958844153661934
outer loop
vertex 5.243354797363281 39.65275192260742 -8.793840408325195
vertex -11.659794807434082 47.874778747558594 -8.045577049255371
vertex 4.747088432312012 41.504844665527344 -8.625287055969238
endloop
endfacet
facet normal 3.5658320231719717e-8 0.09063276312816942 -0.9958843819679832
outer loop
vertex 4.747088432312012 41.504844665527344 -8.625287055969238
vertex -11.659794807434082 47.874778747558594 -8.045577049255371
vertex 4.5799736976623535 43.414974212646484 -8.451451301574707
endloop
endfacet
facet normal 1.8385136038062244e-7 0.09063274408135114 -0.9958843837013664
outer loop
vertex 60.75224304199219 5.193947792053223 -11.929837226867676
vertex 26.412858963012695 41.504844665527344 -8.625287055969238
vertex 26.579973220825195 43.414974212646484 -8.451451301574707
endloop
endfacet
facet normal 2.0012686010622714e-7 0.09063289804053104 -0.9958843696899429
outer loop
vertex 7.15348482131958 50.48563766479492 -7.8079705238342285
vertex 0.31971094012260437 54.259342193603516 -7.464536666870117
vertex 0.46292588114738464 54.43313217163086 -7.448720455169678
endloop
endfacet
facet normal 1.9916832482058308e-7 0.09063277922297323 -0.9958843805032189
outer loop
vertex 60.75224304199219 5.193947792053223 -11.929837226867676
vertex 25.106252670288086 37.914974212646484 -8.951991081237793
vertex 25.916593551635742 39.65275192260742 -8.793840408325195
endloop
endfacet
facet normal 1.2862411154202017e-8 0.09063258325551383 -0.9958843983376947
outer loop
vertex 7.15348482131958 50.48563766479492 -7.8079705238342285
vertex 0.46292588114738464 54.43313217163086 -7.448720455169678
vertex 2.5728702545166016 56.858036041259766 -7.228036880493164
endloop
endfacet
facet normal -2.522661419470087e-8 0.09063253677716675 -0.9958844025675544
outer loop
vertex 60.75224304199219 5.193947792053223 -11.929837226867676
vertex 24.00646209716797 36.34431076049805 -9.094932556152344
vertex 25.106252670288086 37.914974212646484 -8.951991081237793
endloop
endfacet
facet normal -1.1555160165302516e-7 0.09063243110268064 -0.9958844121846694
outer loop
vertex 60.75224304199219 5.193947792053223 -11.929837226867676
vertex 22.650636672973633 34.988487243652344 -9.218321800231934
vertex 24.00646209716797 36.34431076049805 -9.094932556152344
endloop
endfacet
facet normal 3.687701947838186e-8 0.09063263281261187 -0.9958843938276435
outer loop
vertex 60.58222579956055 4.635791301727295 -11.980633735656738
vertex 21.079973220825195 33.888694763183594 -9.318410873413086
vertex 22.650636672973633 34.988487243652344 -9.218321800231934
endloop
endfacet
facet normal -4.17657490584253e-8 0.09063252748808055 -0.9958844034129265
outer loop
vertex 60.58222579956055 4.635791301727295 -11.980633735656738
vertex 19.342195510864258 33.07835388183594 -9.392157554626465
vertex 21.079973220825195 33.888694763183594 -9.318410873413086
endloop
endfacet
facet normal -1.3239321227607982e-7 0.0906324273171358 -0.9958844125291783
outer loop
vertex 7.15348482131958 36.34431076049805 -9.094932556152344
vertex -11.659794807434082 47.874778747558594 -8.045577049255371
vertex 6.053694248199463 37.914974212646484 -8.951991081237793
endloop
endfacet
facet normal -9.568835230524079e-8 0.09063250586787869 -0.9958844053805138
outer loop
vertex 7.15348482131958 50.48563766479492 -7.8079705238342285
vertex 2.5728702545166016 56.858036041259766 -7.228036880493164
vertex 8.509309768676758 51.84146499633789 -7.6845808029174805
endloop
endfacet
facet normal 1.6037808259925743e-7 0.09063281817708123 -0.9958843769581158
outer loop
vertex 60.58222579956055 4.635791301727295 -11.980633735656738
vertex 17.49010467529297 32.582088470458984 -9.437321662902832
vertex 19.342195510864258 33.07835388183594 -9.392157554626465
endloop
endfacet
facet normal -1.3436765832481546e-7 0.09063236128325723 -0.9958844185387192
outer loop
vertex 4.5799736976623535 43.414974212646484 -8.451451301574707
vertex -11.432373046875 52.02261734008789 -7.668094158172607
vertex -10.252373695373535 53.20261764526367 -7.56070613861084
endloop
endfacet
facet normal 0 0.0906325632334921 -0.9958844001598414
outer loop
vertex 4.5799736976623535 43.414974212646484 -8.451451301574707
vertex -10.252373695373535 53.20261764526367 -7.56070613861084
vertex -2.1947429180145264 53.20261764526367 -7.56070613861084
endloop
endfacet
facet normal -1.5771338752800337e-7 0.09063233172117521 -0.9958844212290692
outer loop
vertex 60.58222579956055 4.635791301727295 -11.980633735656738
vertex 15.579974174499512 32.414974212646484 -9.452529907226562
vertex 17.49010467529297 32.582088470458984 -9.437321662902832
endloop
endfacet
facet normal 3.491167030924567e-7 0.09063318118868602 -0.9958843439212692
outer loop
vertex 60.58222579956055 4.635791301727295 -11.980633735656738
vertex 10.079974174499512 33.888694763183594 -9.318410873413086
vertex 11.81775188446045 33.07835388183594 -9.392157554626465
endloop
endfacet
facet normal -4.119208452573998e-7 0.09063188711571715 -0.9958844616910508
outer loop
vertex 13.669843673706055 32.582088470458984 -9.437321662902832
vertex 60.58222579956055 4.635791301727295 -11.980633735656738
vertex 11.81775188446045 33.07835388183594 -9.392157554626465
endloop
endfacet
facet normal -2.3759198067337404e-8 0.09063277178741125 -0.9958843811799292
outer loop
vertex 58.069244384765625 -49.32506561279297 -16.891456604003906
vertex 4.4195661544799805 -49.63111114501953 -16.919307708740234
vertex 60.52482223510742 -46.43490982055664 -16.62843132019043
endloop
endfacet
facet normal 2.0980170635923113e-7 0.09063292220473639 -0.9958843674908178
outer loop
vertex 60.58222579956055 4.635791301727295 -11.980633735656738
vertex 13.669843673706055 32.582088470458984 -9.437321662902832
vertex 15.579974174499512 32.414974212646484 -9.452529907226562
endloop
endfacet
facet normal -9.61234305564457e-7 0.09063356175632746 -0.9958843092861932
outer loop
vertex 58.069244384765625 -49.32506561279297 -16.891456604003906
vertex 60.52482223510742 -46.43490982055664 -16.62843132019043
vertex 60.217525482177734 -47.17678451538086 -16.695947647094727
endloop
endfacet
facet normal -7.963269162443061e-8 0.09063244276768871 -0.9958844111230757
outer loop
vertex 60.58222579956055 4.635791301727295 -11.980633735656738
vertex -13.866172790527344 45.676116943359375 -8.245671272277832
vertex -13.34964656829834 45.95106887817383 -8.220648765563965
endloop
endfacet
facet normal 6.493855650940245e-7 0.09063375436584446 -0.995884291757396
outer loop
vertex 60.58222579956055 4.635791301727295 -11.980633735656738
vertex -14.4266357421875 45.50680160522461 -8.261080741882324
vertex -13.866172790527344 45.676116943359375 -8.245671272277832
endloop
endfacet
facet normal -1.302764484340812e-7 0.09063233523836478 -0.9958844209089847
outer loop
vertex 60.58222579956055 4.635791301727295 -11.980633735656738
vertex -15.014898300170898 45.45016098022461 -8.2662353515625
vertex -14.4266357421875 45.50680160522461 -8.261080741882324
endloop
endfacet
facet normal 2.5516889137915562e-11 0.09063256855299998 -0.9958843996757283
outer loop
vertex 8.509309768676758 51.84146499633789 -7.6845808029174805
vertex 4.792545795440674 58.730735778808594 -7.057608127593994
vertex 10.079974174499512 52.941253662109375 -7.584492206573486
endloop
endfacet
facet normal -1.0751008507196044e-8 0.0906325650159363 -0.9958843999976263
outer loop
vertex -13.34964656829834 45.95106887817383 -8.220648765563965
vertex 10.079974174499512 33.888694763183594 -9.318410873413086
vertex 60.58222579956055 4.635791301727295 -11.980633735656738
endloop
endfacet
facet normal 2.5885129940504335e-9 0.09063258150155755 -0.9958843984973172
outer loop
vertex 60.52482223510742 -46.43490982055664 -16.62843132019043
vertex 11.099973678588867 -10.435025215148926 -13.352185249328613
vertex 60.52482223510742 4.055327892303467 -12.033459663391113
endloop
endfacet
facet normal 1.9147975274455212e-7 0.09063191345524073 -0.9958844592940514
outer loop
vertex 60.52482223510742 4.055327892303467 -12.033459663391113
vertex 10.791315078735352 -9.973085403442383 -13.310145378112793
vertex 60.58222579956055 4.635791301727295 -11.980633735656738
endloop
endfacet
facet normal 2.0772829230291326e-8 0.09063262230934965 -0.9958843947835162
outer loop
vertex 18.364364624023438 61.989234924316406 -6.761061191558838
vertex 19.342195510864258 53.75159454345703 -7.510745525360107
vertex 15.465108871459961 62.19978713989258 -6.741899490356445
endloop
endfacet
facet normal -5.7052175045912613e-8 0.09063256000057528 -0.9958844004540582
outer loop
vertex 7.278063774108887 60.233272552490234 -6.9208664894104
vertex 11.81775188446045 53.75159454345703 -7.510745525360107
vertex 10.079974174499512 52.941253662109375 -7.584492206573486
endloop
endfacet
facet normal -1.2423810801235337e-8 0.09063260719972471 -0.9958843961586005
outer loop
vertex 19.342195510864258 53.75159454345703 -7.510745525360107
vertex 12.798518180847168 61.98992156982422 -6.760998725891113
vertex 15.465108871459961 62.19978713989258 -6.741899490356445
endloop
endfacet
facet normal 9.019035058069351e-8 0.09063263048171663 -0.9958843940397683
outer loop
vertex 21.079973220825195 52.941253662109375 -7.584492206573486
vertex 19.342195510864258 53.75159454345703 -7.510745525360107
vertex 18.364364624023438 61.989234924316406 -6.761061191558838
endloop
endfacet
facet normal -2.7279174479517777e-7 0.0906324020890743 -0.995884414825079
outer loop
vertex 19.342195510864258 53.75159454345703 -7.510745525360107
vertex 17.49010467529297 54.247859954833984 -7.46558141708374
vertex 12.798518180847168 61.98992156982422 -6.760998725891113
endloop
endfacet
facet normal -5.025740814281291e-8 0.09063259234925015 -0.9958843975100986
outer loop
vertex 15.579974174499512 54.414974212646484 -7.45037317276001
vertex 9.96780776977539 61.328399658203125 -6.821201801300049
vertex 12.798518180847168 61.98992156982422 -6.760998725891113
endloop
endfacet
facet normal 1.883700727636553e-7 0.09063267925147146 -0.9958843896013556
outer loop
vertex 17.49010467529297 54.247859954833984 -7.46558141708374
vertex 15.579974174499512 54.414974212646484 -7.45037317276001
vertex 12.798518180847168 61.98992156982422 -6.760998725891113
endloop
endfacet
facet normal -1.7205403297704525e-7 0.09063249428959268 -0.9958844064342093
outer loop
vertex 15.579974174499512 54.414974212646484 -7.45037317276001
vertex 13.669843673706055 54.247859954833984 -7.46558141708374
vertex 9.96780776977539 61.328399658203125 -6.821201801300049
endloop
endfacet
facet normal -0.0000018407316307732184 0.09063067365948185 -0.9958845721210066
outer loop
vertex 77.65380859375 45.44491958618164 -8.266712188720703
vertex 80.442626953125 42.88070297241211 -8.50007438659668
vertex 80.713623046875 42.175071716308594 -8.564291000366211
endloop
endfacet
facet normal 8.426643364403019e-8 0.09063265816537207 -0.995884391520357
outer loop
vertex 11.81775188446045 53.75159454345703 -7.510745525360107
vertex 7.278063774108887 60.233272552490234 -6.9208664894104
vertex 9.96780776977539 61.328399658203125 -6.821201801300049
endloop
endfacet
facet normal 2.5181483507281475e-8 0.09063259133876676 -0.9958843976020607
outer loop
vertex 7.278063774108887 60.233272552490234 -6.9208664894104
vertex 10.079974174499512 52.941253662109375 -7.584492206573486
vertex 4.792545795440674 58.730735778808594 -7.057608127593994
endloop
endfacet
facet normal 6.069809170233494e-7 0.09063331390207922 -0.9958843318431908
outer loop
vertex 80.442626953125 42.88070297241211 -8.50007438659668
vertex 77.65380859375 45.44491958618164 -8.266712188720703
vertex 78.42862701416016 45.10047912597656 -8.29805850982666
endloop
endfacet
facet normal -7.772399564769741e-8 0.09063252695166522 -0.9958844034617421
outer loop
vertex 4.792545795440674 58.730735778808594 -7.057608127593994
vertex 8.509309768676758 51.84146499633789 -7.6845808029174805
vertex 2.5728702545166016 56.858036041259766 -7.228036880493164
endloop
endfacet
facet normal -1.3753625791738653e-8 0.09063254929122812 -0.9958844014286863
outer loop
vertex 60.58222579956055 4.635791301727295 -11.980633735656738
vertex -70.57537078857422 45.33883285522461 -8.276366233825684
vertex -15.014898300170898 45.45016098022461 -8.2662353515625
endloop
endfacet
facet normal -8.239207834552589e-10 0.09063256349317252 -0.9958844001362087
outer loop
vertex 10.791315078735352 -9.973085403442383 -13.310145378112793
vertex -80.27204132080078 24.241235733032227 -10.196398735046387
vertex 60.58222579956055 4.635791301727295 -11.980633735656738
endloop
endfacet
facet normal 0.0000010798816572627 0.09063604436930567 -0.9958840833450042
outer loop
vertex 60.58222579956055 4.635791301727295 -11.980633735656738
vertex -70.7629623413086 45.281925201416016 -8.281545639038086
vertex -70.57537078857422 45.33883285522461 -8.276366233825684
endloop
endfacet
facet normal -0.0000022589796304431425 0.09062534369268178 -0.9958850571604538
outer loop
vertex 60.58222579956055 4.635791301727295 -11.980633735656738
vertex -70.95805358886719 45.26271057128906 -8.283293724060059
vertex -70.7629623413086 45.281925201416016 -8.281545639038086
endloop
endfacet
facet normal 0.000004374229028005015 0.0906466440179941 -0.9958831185983329
outer loop
vertex 60.58222579956055 4.635791301727295 -11.980633735656738
vertex -71.15314483642578 45.281925201416016 -8.281545639038086
vertex -70.95805358886719 45.26271057128906 -8.283293724060059
endloop
endfacet
facet normal -1.7120198227604083e-7 0.09063203315769712 -0.9958844484003518
outer loop
vertex 60.58222579956055 4.635791301727295 -11.980633735656738
vertex -73.29000091552734 45.28349304199219 -8.281402587890625
vertex -71.15314483642578 45.281925201416016 -8.281545639038086
endloop
endfacet
facet normal 8.440011692948403e-8 0.0906328680621379 -0.9958843724182161
outer loop
vertex 60.58222579956055 4.635791301727295 -11.980633735656738
vertex -75.50746154785156 43.2715950012207 -8.464500427246094
vertex -73.29000091552734 45.28349304199219 -8.281402587890625
endloop
endfacet
facet normal 3.46653927591422e-8 0.09063281636984566 -0.9958843771225998
outer loop
vertex -80.27204132080078 24.241235733032227 -10.196398735046387
vertex -77.44425964355469 26.528589248657227 -9.988232612609863
vertex 60.58222579956055 4.635791301727295 -11.980633735656738
endloop
endfacet
facet normal -1.3336614165710935e-7 0.0906317656914004 -0.9958844727415129
outer loop
vertex 60.58222579956055 4.635791301727295 -11.980633735656738
vertex -77.44425964355469 26.528589248657227 -9.988232612609863
vertex -77.19723510742188 26.73048210144043 -9.96985912322998
endloop
endfacet
facet normal -5.1765766533228456e-8 0.09063227036035376 -0.9958844268133352
outer loop
vertex 60.58222579956055 4.635791301727295 -11.980633735656738
vertex -77.19723510742188 26.73048210144043 -9.96985912322998
vertex -76.82567596435547 27.181358337402344 -9.928826332092285
endloop
endfacet
facet normal -4.5942221305941216e-8 0.09063230556142397 -0.9958844236097976
outer loop
vertex 60.58222579956055 4.635791301727295 -11.980633735656738
vertex -76.82567596435547 27.181358337402344 -9.928826332092285
vertex -76.75759887695312 27.308208465576172 -9.917282104492188
endloop
endfacet
facet normal 1.1263370978262003e-7 0.09063325825620096 -0.9958843369075809
outer loop
vertex 60.58222579956055 4.635791301727295 -11.980633735656738
vertex -76.75759887695312 27.308208465576172 -9.917282104492188
vertex -76.37134552001953 27.948833465576172 -9.858980178833008
endloop
endfacet
facet normal 2.2886366740461325e-8 0.0906327353619672 -0.9958843844949107
outer loop
vertex 60.58222579956055 4.635791301727295 -11.980633735656738
vertex -76.37134552001953 27.948833465576172 -9.858980178833008
vertex -76.16333770751953 28.336381912231445 -9.823710441589355
endloop
endfacet
facet normal -2.1202446002865176e-7 0.09063139112762068 -0.9958845068290937
outer loop
vertex 60.58222579956055 4.635791301727295 -11.980633735656738
vertex -76.16333770751953 28.336381912231445 -9.823710441589355
vertex -75.99332427978516 28.89453887939453 -9.77291488647461
endloop
endfacet
facet normal 5.210400080809708e-8 0.090632865943007 -0.9958843726110749
outer loop
vertex 60.58222579956055 4.635791301727295 -11.980633735656738
vertex -75.99332427978516 28.89453887939453 -9.77291488647461
vertex -75.93597412109375 29.456165313720703 -9.721802711486816
endloop
endfacet
facet normal -2.002481702229588e-7 0.0906301168076033 -0.9958846227989466
outer loop
vertex -71.51362609863281 45.43124008178711 -8.267956733703613
vertex -72.58924102783203 45.55329132080078 -8.25684928894043
vertex -71.6603012084961 45.55161666870117 -8.257001876831055
endloop
endfacet
facet normal 0.9238826016131794 -0.38267602281363744 0
outer loop
vertex -73.84346008300781 41.789920806884766 -4.099999904632568
vertex -73.84346008300781 41.789920806884766 -0.5
vertex -73.95002746582031 41.53263854980469 -0.5
endloop
endfacet
facet normal 0 0 1
outer loop
vertex 78.6999740600586 41.53263854980469 -4.099999904632568
vertex 77.22492218017578 9.471543312072754 -4.099999904632568
vertex 78.5934066772461 10.840028762817383 -4.099999904632568
endloop
endfacet
facet normal 0 -1 0
outer loop
vertex -3.4200263023376465 24.26497459411621 -4.099999904632568
vertex 34.5384521484375 24.26497459411621 -4.099999904632568
vertex 34.5384521484375 24.26497459411621 -0.5
endloop
endfacet
facet normal 0 0 1
outer loop
vertex 40.699974060058594 -18.10350227355957 -4.099999904632568
vertex 50.199974060058594 -41.532691955566406 -4.099999904632568
vertex 41.46149444580078 -18.865026473999023 -4.099999904632568
endloop
endfacet
facet normal 0.7071048101049965 -0.7071087522626042 0
outer loop
vertex -72.47496795654297 43.15840530395508 -4.099999904632568
vertex -72.47496795654297 43.15840530395508 -0.5
vertex -73.84346008300781 41.789920806884766 -0.5
endloop
endfacet
facet normal 0.3826808658763721 -0.923880595581545 0
outer loop
vertex -72.21768951416016 43.26497268676758 -4.099999904632568
vertex -72.21768951416016 43.26497268676758 -0.5
vertex -72.47496795654297 43.15840530395508 -0.5
endloop
endfacet
facet normal -0.9238815986068825 -0.3826784443309961 0
outer loop
vertex 50.093406677246094 -20.34008026123047 -0.5
vertex 50.093406677246094 -20.34008026123047 -4.099999904632568
vertex 50.199974060058594 -20.597360610961914 -4.099999904632568
endloop
endfacet
facet normal 1 0 0
outer loop
vertex -73.95002746582031 41.53263854980469 -4.099999904632568
vertex -73.95002746582031 41.53263854980469 -0.5
vertex -73.95002746582031 26.624061584472656 -0.5
endloop
endfacet
facet normal 0 0 1
outer loop
vertex 50.199974060058594 -41.532691955566406 -4.099999904632568
vertex 50.199974060058594 -20.597360610961914 -4.099999904632568
vertex 50.093406677246094 -20.34008026123047 -4.099999904632568
endloop
endfacet
facet normal -0.7071062884163314 -0.7071072739564201 0
outer loop
vertex 48.724918365478516 -18.971593856811523 -0.5
vertex 48.724918365478516 -18.971593856811523 -4.099999904632568
vertex 50.093406677246094 -20.34008026123047 -4.099999904632568
endloop
endfacet
facet normal 0.0026961358696617256 0.999996365419081 0
outer loop
vertex -77.4000244140625 -43.13742446899414 -0.5
vertex -77.4000244140625 -43.13742446899414 -4.099999904632568
vertex -78.28997802734375 -43.13502502441406 -4.099999904632568
endloop
endfacet
facet normal 0 0 1
outer loop
vertex 41.46149444580078 -18.865026473999023 -4.099999904632568
vertex 50.199974060058594 -41.532691955566406 -4.099999904632568
vertex 48.4676399230957 -18.865026473999023 -4.099999904632568
endloop
endfacet
facet normal 0 0 1
outer loop
vertex 48.4676399230957 -18.865026473999023 -4.099999904632568
vertex 50.199974060058594 -41.532691955566406 -4.099999904632568
vertex 48.724918365478516 -18.971593856811523 -4.099999904632568
endloop
endfacet
facet normal 0 0 1
outer loop
vertex 48.724918365478516 -18.971593856811523 -4.099999904632568
vertex 50.199974060058594 -41.532691955566406 -4.099999904632568
vertex 50.093406677246094 -20.34008026123047 -4.099999904632568
endloop
endfacet
facet normal -1 0 0
outer loop
vertex 50.199974060058594 -20.597360610961914 -4.099999904632568
vertex 50.199974060058594 -41.532691955566406 -4.099999904632568
vertex 50.199974060058594 -20.597360610961914 -0.5
endloop
endfacet
facet normal -1 0 0
outer loop
vertex 50.199974060058594 -41.532691955566406 -4.099999904632568
vertex 50.199974060058594 -41.532691955566406 -0.5
vertex 50.199974060058594 -20.597360610961914 -0.5
endloop
endfacet
facet normal 0 0 1
outer loop
vertex -78.70002746582031 22.53264045715332 -4.099999904632568
vertex -77.4000244140625 -10.435025215148926 -4.099999904632568
vertex -10.900026321411133 -10.435025215148926 -4.099999904632568
endloop
endfacet
facet normal 0 0 1
outer loop
vertex -73.95002746582031 25.02649688720703 -4.099999904632568
vertex 21.599973678588867 -10.435025215148926 -4.099999904632568
vertex -73.95002746582031 41.53263854980469 -4.099999904632568
endloop
endfacet
facet normal -0.38267117986296995 -0.9238846075686523 0
outer loop
vertex 77.22492218017578 43.15840530395508 -4.099999904632568
vertex 77.22492218017578 43.15840530395508 -0.5
vertex 76.96763610839844 43.26497268676758 -0.5
endloop
endfacet
facet normal 1 0 0
outer loop
vertex -78.70002746582031 22.53264045715332 -4.099999904632568
vertex -78.70002746582031 22.53264045715332 -0.5
vertex -78.70002746582031 -23.03722381591797 -0.5
endloop
endfacet
facet normal 1 0 0
outer loop
vertex -78.70002746582031 -23.03722381591797 -0.5
vertex -78.70002746582031 -42.7249755859375 -4.099999904632568
vertex -78.70002746582031 22.53264045715332 -4.099999904632568
endloop
endfacet
facet normal -0.923880595581545 0.3826808658763721 0
outer loop
vertex 50.093406677246094 -41.78997039794922 -4.099999904632568
vertex 50.093406677246094 -41.78997039794922 -0.5
vertex 50.199974060058594 -41.532691955566406 -0.5
endloop
endfacet
facet normal -0.7071067811865475 0.7071067811865475 0
outer loop
vertex 50.093406677246094 -41.78997039794922 -0.5
vertex 50.093406677246094 -41.78997039794922 -4.099999904632568
vertex 48.724918365478516 -43.1584587097168 -0.5
endloop
endfacet
facet normal 0.3826808658763721 -0.923880595581545 0
outer loop
vertex 37.03230667114258 43.26497268676758 -0.5
vertex 36.775028228759766 43.15840530395508 -4.099999904632568
vertex 37.03230667114258 43.26497268676758 -4.099999904632568
endloop
endfacet
facet normal 0.7071067811865476 -0.7071067811865476 0
outer loop
vertex 35.40654373168945 41.789920806884766 -0.5
vertex 35.40654373168945 41.789920806884766 -4.099999904632568
vertex 36.775028228759766 43.15840530395508 -4.099999904632568
endloop
endfacet
facet normal -0.3826770259502305 0.923882186109185 0
outer loop
vertex 76.96763610839844 9.364974021911621 -4.099999904632568
vertex 76.96763610839844 9.364974021911621 -0.5
vertex 77.22492218017578 9.471543312072754 -0.5
endloop
endfacet
facet normal -0.707107027571956 0.7071065348010531 0
outer loop
vertex 77.22492218017578 9.471543312072754 -4.099999904632568
vertex 77.22492218017578 9.471543312072754 -0.5
vertex 78.5934066772461 10.840028762817383 -0.5
endloop
endfacet
facet normal -0.3826808658763721 0.923880595581545 0
outer loop
vertex 48.4676399230957 -43.2650260925293 -4.099999904632568
vertex 48.4676399230957 -43.2650260925293 -0.5
vertex 48.724918365478516 -43.1584587097168 -0.5
endloop
endfacet
facet normal 0.7071076667154474 -0.7071058956565387 0
outer loop
vertex 34.5384521484375 24.26497459411621 -0.5
vertex 34.5384521484375 24.26497459411621 -4.099999904632568
vertex 35.29997253417969 25.02649688720703 -4.099999904632568
endloop
endfacet
facet normal 1 0 0
outer loop
vertex 35.29997253417969 25.02649688720703 -4.099999904632568
vertex 35.29997253417969 41.53263854980469 -4.099999904632568
vertex 35.29997253417969 25.02649688720703 -0.5
endloop
endfacet
facet normal -0.9238815986068825 0.3826784443309961 0
outer loop
vertex 78.5934066772461 10.840028762817383 -4.099999904632568
vertex 78.5934066772461 10.840028762817383 -0.5
vertex 78.6999740600586 11.097309112548828 -0.5
endloop
endfacet
facet normal 0.923880595581545 -0.3826808658763721 0
outer loop
vertex -78.70002746582031 22.53264045715332 -0.5
vertex -78.70002746582031 22.53264045715332 -4.099999904632568
vertex -78.59346008300781 22.789918899536133 -4.099999904632568
endloop
endfacet
facet normal 0.7071053028769295 -0.7071082594930749 0
outer loop
vertex -78.59346008300781 22.789918899536133 -0.5
vertex -78.59346008300781 22.789918899536133 -4.099999904632568
vertex -77.22496795654297 24.158405303955078 -4.099999904632568
endloop
endfacet
facet normal 0.3826867120608305 -0.9238781740100104 0
outer loop
vertex -77.22496795654297 24.158405303955078 -0.5
vertex -77.22496795654297 24.158405303955078 -4.099999904632568
vertex -76.96768951416016 24.26497459411621 -4.099999904632568
endloop
endfacet
facet normal 0 -1 0
outer loop
vertex -76.96768951416016 24.26497459411621 -0.5
vertex -76.96768951416016 24.26497459411621 -4.099999904632568
vertex -74.7115478515625 24.26497459411621 -4.099999904632568
endloop
endfacet
facet normal 0.7071076667154474 -0.7071058956565387 0
outer loop
vertex -74.7115478515625 24.26497459411621 -0.5
vertex -74.7115478515625 24.26497459411621 -4.099999904632568
vertex -73.95002746582031 25.02649688720703 -4.099999904632568
endloop
endfacet
facet normal 0 0 1
outer loop
vertex -78.70002746582031 22.53264045715332 -4.099999904632568
vertex -78.28997802734375 -43.13502502441406 -4.099999904632568
vertex -77.4000244140625 -10.435025215148926 -4.099999904632568
endloop
endfacet
facet normal 0 0 1
outer loop
vertex -78.70002746582031 -42.7249755859375 -4.099999904632568
vertex -78.28997802734375 -43.13502502441406 -4.099999904632568
vertex -78.70002746582031 22.53264045715332 -4.099999904632568
endloop
endfacet
facet normal -0.7071076667154474 0.7071058956565387 0
outer loop
vertex 41.46149444580078 9.364974021911621 -0.5
vertex 41.46149444580078 9.364974021911621 -4.099999904632568
vertex 40.699974060058594 8.6034517288208 -4.099999904632568
endloop
endfacet
facet normal 0 1 0
outer loop
vertex 41.46149444580078 9.364974021911621 -0.5
vertex 76.96763610839844 9.364974021911621 -4.099999904632568
vertex 41.46149444580078 9.364974021911621 -4.099999904632568
endloop
endfacet
facet normal 1 0 0
outer loop
vertex -73.95002746582031 26.624061584472656 -0.5
vertex -73.95002746582031 25.02649688720703 -4.099999904632568
vertex -73.95002746582031 41.53263854980469 -4.099999904632568
endloop
endfacet
facet normal 0.923880595581545 -0.3826808658763721 0
outer loop
vertex -78.59346008300781 22.789918899536133 -4.099999904632568
vertex -78.59346008300781 22.789918899536133 -0.5
vertex -78.70002746582031 22.53264045715332 -0.5
endloop
endfacet
facet normal 0.7071053028769295 -0.7071082594930749 0
outer loop
vertex -77.22496795654297 24.158405303955078 -4.099999904632568
vertex -77.22496795654297 24.158405303955078 -0.5
vertex -78.59346008300781 22.789918899536133 -0.5
endloop
endfacet
facet normal 0.3826867120608305 -0.9238781740100104 0
outer loop
vertex -76.96768951416016 24.26497459411621 -4.099999904632568
vertex -76.96768951416016 24.26497459411621 -0.5
vertex -77.22496795654297 24.158405303955078 -0.5
endloop
endfacet
facet normal 0 -1 0
outer loop
vertex -74.7115478515625 24.26497459411621 -4.099999904632568
vertex -74.7115478515625 24.26497459411621 -0.5
vertex -76.96768951416016 24.26497459411621 -0.5
endloop
endfacet
facet normal 0.7071076667154474 -0.7071058956565387 0
outer loop
vertex -73.95002746582031 25.02649688720703 -4.099999904632568
vertex -73.95002746582031 25.02649688720703 -0.5
vertex -74.7115478515625 24.26497459411621 -0.5
endloop
endfacet
facet normal 1 0 0
outer loop
vertex -73.95002746582031 26.624061584472656 -0.5
vertex -73.95002746582031 25.02649688720703 -0.5
vertex -73.95002746582031 25.02649688720703 -4.099999904632568
endloop
endfacet
facet normal -0.7071076667154474 0.7071058956565387 0
outer loop
vertex 40.699974060058594 8.6034517288208 -4.099999904632568
vertex 40.699974060058594 8.6034517288208 -0.5
vertex 41.46149444580078 9.364974021911621 -0.5
endloop
endfacet
facet normal 0 0 1
outer loop
vertex 35.29997253417969 25.02649688720703 -4.099999904632568
vertex 41.46149444580078 9.364974021911621 -4.099999904632568
vertex 76.96763610839844 43.26497268676758 -4.099999904632568
endloop
endfacet
facet normal -0.7071067811865476 -0.7071067811865476 0
outer loop
vertex 78.5934066772461 41.789920806884766 -4.099999904632568
vertex 78.5934066772461 41.789920806884766 -0.5
vertex 77.22492218017578 43.15840530395508 -0.5
endloop
endfacet
facet normal 0.9238777585578801 -0.3826877150393876 0
outer loop
vertex 35.29997253417969 41.53263854980469 -0.5
vertex 35.29997253417969 41.53263854980469 -4.099999904632568
vertex 35.40654373168945 41.789920806884766 -4.099999904632568
endloop
endfacet
facet normal 0 0 1
outer loop
vertex 34.5384521484375 24.26497459411621 -4.099999904632568
vertex 40.699974060058594 8.6034517288208 -4.099999904632568
vertex 41.46149444580078 9.364974021911621 -4.099999904632568
endloop
endfacet
facet normal 0 0 1
outer loop
vertex -3.4200263023376465 24.26497459411621 -4.099999904632568
vertex 40.699974060058594 8.6034517288208 -4.099999904632568
vertex 34.5384521484375 24.26497459411621 -4.099999904632568
endloop
endfacet
facet normal -0.9238826016131794 -0.38267602281363744 0
outer loop
vertex 78.6999740600586 41.53263854980469 -4.099999904632568
vertex 78.6999740600586 41.53263854980469 -0.5
vertex 78.5934066772461 41.789920806884766 -0.5
endloop
endfacet
facet normal 0.7071067811865475 0.7071067811865475 0
outer loop
vertex -78.28997802734375 -43.13502502441406 -0.5
vertex -78.28997802734375 -43.13502502441406 -4.099999904632568
vertex -78.70002746582031 -42.7249755859375 -4.099999904632568
endloop
endfacet
facet normal -0.3826808658763721 -0.923880595581545 0
outer loop
vertex 48.4676399230957 -18.865026473999023 -0.5
vertex 48.4676399230957 -18.865026473999023 -4.099999904632568
vertex 48.724918365478516 -18.971593856811523 -4.099999904632568
endloop
endfacet
facet normal 0.3826808658763721 -0.923880595581545 0
outer loop
vertex -72.47496795654297 43.15840530395508 -0.5
vertex -72.47496795654297 43.15840530395508 -4.099999904632568
vertex -72.21768951416016 43.26497268676758 -4.099999904632568
endloop
endfacet
facet normal 0.7071048101049965 -0.7071087522626042 0
outer loop
vertex -73.84346008300781 41.789920806884766 -0.5
vertex -73.84346008300781 41.789920806884766 -4.099999904632568
vertex -72.47496795654297 43.15840530395508 -4.099999904632568
endloop
endfacet
facet normal 0.9238826016131794 -0.38267602281363744 0
outer loop
vertex -73.95002746582031 41.53263854980469 -0.5
vertex -73.95002746582031 41.53263854980469 -4.099999904632568
vertex -73.84346008300781 41.789920806884766 -4.099999904632568
endloop
endfacet
facet normal 0 -1 0
outer loop
vertex 76.96763610839844 43.26497268676758 -4.099999904632568
vertex 76.96763610839844 43.26497268676758 -0.5
vertex 37.03230667114258 43.26497268676758 -0.5
endloop
endfacet
facet normal -0.38267117986296995 -0.9238846075686523 0
outer loop
vertex 76.96763610839844 43.26497268676758 -0.5
vertex 76.96763610839844 43.26497268676758 -4.099999904632568
vertex 77.22492218017578 43.15840530395508 -4.099999904632568
endloop
endfacet
facet normal -0.9238826016131794 -0.38267602281363744 0
outer loop
vertex 78.5934066772461 41.789920806884766 -0.5
vertex 78.5934066772461 41.789920806884766 -4.099999904632568
vertex 78.6999740600586 41.53263854980469 -4.099999904632568
endloop
endfacet
facet normal -0.7071067811865476 -0.7071067811865476 0
outer loop
vertex 77.22492218017578 43.15840530395508 -0.5
vertex 77.22492218017578 43.15840530395508 -4.099999904632568
vertex 78.5934066772461 41.789920806884766 -4.099999904632568
endloop
endfacet
facet normal 0 0 1
outer loop
vertex -73.84346008300781 41.789920806884766 -4.099999904632568
vertex 21.599973678588867 -10.435025215148926 -4.099999904632568
vertex -72.47496795654297 43.15840530395508 -4.099999904632568
endloop
endfacet
facet normal -0.923880595581545 0.3826808658763721 0
outer loop
vertex 50.199974060058594 -41.532691955566406 -0.5
vertex 50.199974060058594 -41.532691955566406 -4.099999904632568
vertex 50.093406677246094 -41.78997039794922 -4.099999904632568
endloop
endfacet
facet normal -0.7071067811865475 0.7071067811865475 0
outer loop
vertex 48.724918365478516 -43.1584587097168 -0.5
vertex 50.093406677246094 -41.78997039794922 -4.099999904632568
vertex 48.724918365478516 -43.1584587097168 -4.099999904632568
endloop
endfacet
facet normal 0 0 1
outer loop
vertex -10.900026321411133 -10.435025215148926 -4.099999904632568
vertex 21.599973678588867 -10.435025215148926 -4.099999904632568
vertex -73.95002746582031 25.02649688720703 -4.099999904632568
endloop
endfacet
facet normal -0.3826808658763721 0.923880595581545 0
outer loop
vertex 48.724918365478516 -43.1584587097168 -0.5
vertex 48.724918365478516 -43.1584587097168 -4.099999904632568
vertex 48.4676399230957 -43.2650260925293 -4.099999904632568
endloop
endfacet
facet normal 0 -1 0
outer loop
vertex -72.21768951416016 43.26497268676758 -4.099999904632568
vertex -13.282360076904297 43.26497268676758 -4.099999904632568
vertex -72.21768951416016 43.26497268676758 -0.5
endloop
endfacet
facet normal -0.7071056666575679 -0.7071078957137704 0
outer loop
vertex -12.420025825500488 42.55335235595703 -4.099999904632568
vertex -12.420025825500488 42.55335235595703 -0.5
vertex -13.025080680847168 43.15840530395508 -0.5
endloop
endfacet
facet normal -0.382679655100182 -0.9238810970965939 0
outer loop
vertex -13.025080680847168 43.15840530395508 -4.099999904632568
vertex -13.025080680847168 43.15840530395508 -0.5
vertex -13.282360076904297 43.26497268676758 -0.5
endloop
endfacet
facet normal -0.7071062884163314 -0.7071072739564201 0
outer loop
vertex 50.093406677246094 -20.34008026123047 -4.099999904632568
vertex 50.093406677246094 -20.34008026123047 -0.5
vertex 48.724918365478516 -18.971593856811523 -0.5
endloop
endfacet
facet normal 0 -1 0
outer loop
vertex 48.4676399230957 -18.865026473999023 -4.099999904632568
vertex 48.4676399230957 -18.865026473999023 -0.5
vertex 41.46149444580078 -18.865026473999023 -0.5
endloop
endfacet
facet normal -0.9238815986068825 -0.3826784443309961 0
outer loop
vertex 50.199974060058594 -20.597360610961914 -4.099999904632568
vertex 50.199974060058594 -20.597360610961914 -0.5
vertex 50.093406677246094 -20.34008026123047 -0.5
endloop
endfacet
facet normal 0 0 1
outer loop
vertex -3.4200263023376465 24.26497459411621 -4.099999904632568
vertex -10.788503646850586 24.26497459411621 -4.099999904632568
vertex 40.699974060058594 8.6034517288208 -4.099999904632568
endloop
endfacet
facet normal 0 0 1
outer loop
vertex 35.29997253417969 41.53263854980469 -4.099999904632568
vertex 35.29997253417969 25.02649688720703 -4.099999904632568
vertex 76.96763610839844 43.26497268676758 -4.099999904632568
endloop
endfacet
facet normal 0.7071076667154474 -0.7071058956565387 0
outer loop
vertex 35.29997253417969 25.02649688720703 -4.099999904632568
vertex 35.29997253417969 25.02649688720703 -0.5
vertex 34.5384521484375 24.26497459411621 -0.5
endloop
endfacet
facet normal 0 0 1
outer loop
vertex 21.599973678588867 -43.2650260925293 -4.099999904632568
vertex 48.4676399230957 -43.2650260925293 -4.099999904632568
vertex 48.724918365478516 -43.1584587097168 -4.099999904632568
endloop
endfacet
facet normal 1 0 0
outer loop
vertex 35.29997253417969 41.53263854980469 -4.099999904632568
vertex 35.29997253417969 41.53263854980469 -0.5
vertex 35.29997253417969 25.02649688720703 -0.5
endloop
endfacet
facet normal 0 0 1
outer loop
vertex 21.599973678588867 -43.2650260925293 -4.099999904632568
vertex 48.724918365478516 -43.1584587097168 -4.099999904632568
vertex 50.093406677246094 -41.78997039794922 -4.099999904632568
endloop
endfacet
facet normal 0 0 1
outer loop
vertex 50.093406677246094 -41.78997039794922 -4.099999904632568
vertex 50.199974060058594 -41.532691955566406 -4.099999904632568
vertex 21.599973678588867 -43.2650260925293 -4.099999904632568
endloop
endfacet
facet normal 0 -1 0
outer loop
vertex -3.4200263023376465 24.26497459411621 -4.099999904632568
vertex 34.5384521484375 24.26497459411621 -0.5
vertex -3.4200263023376465 24.26497459411621 -0.5
endloop
endfacet
facet normal 0 1 0
outer loop
vertex 24.87651824951172 -43.2650260925293 -0.5
vertex 48.4676399230957 -43.2650260925293 -4.099999904632568
vertex 21.599973678588867 -43.2650260925293 -4.099999904632568
endloop
endfacet
facet normal 0 0 1
outer loop
vertex 35.40654373168945 41.789920806884766 -4.099999904632568
vertex 35.29997253417969 41.53263854980469 -4.099999904632568
vertex 76.96763610839844 43.26497268676758 -4.099999904632568
endloop
endfacet
facet normal 0 -1 0
outer loop
vertex 41.46149444580078 -18.865026473999023 -0.5
vertex 41.46149444580078 -18.865026473999023 -4.099999904632568
vertex 48.4676399230957 -18.865026473999023 -4.099999904632568
endloop
endfacet
facet normal -0.7071085522410203 -0.7071050101276388 0
outer loop
vertex 40.699974060058594 -18.10350227355957 -0.5
vertex 40.699974060058594 -18.10350227355957 -4.099999904632568
vertex 41.46149444580078 -18.865026473999023 -4.099999904632568
endloop
endfacet
facet normal 0.9238777585578801 -0.3826877150393876 0
outer loop
vertex 35.40654373168945 41.789920806884766 -4.099999904632568
vertex 35.40654373168945 41.789920806884766 -0.5
vertex 35.29997253417969 41.53263854980469 -0.5
endloop
endfacet
facet normal 0 0 1
outer loop
vertex 36.775028228759766 43.15840530395508 -4.099999904632568
vertex 35.40654373168945 41.789920806884766 -4.099999904632568
vertex 76.96763610839844 43.26497268676758 -4.099999904632568
endloop
endfacet
facet normal 0 1 0
outer loop
vertex 21.599973678588867 -43.2650260925293 -4.099999904632568
vertex 21.599973678588867 -43.2650260925293 -0.5
vertex 24.87651824951172 -43.2650260925293 -0.5
endloop
endfacet
facet normal 0.7071067811865476 -0.7071067811865476 0
outer loop
vertex 36.775028228759766 43.15840530395508 -4.099999904632568
vertex 36.775028228759766 43.15840530395508 -0.5
vertex 35.40654373168945 41.789920806884766 -0.5
endloop
endfacet
facet normal 0.3826808658763721 -0.923880595581545 0
outer loop
vertex 36.775028228759766 43.15840530395508 -0.5
vertex 36.775028228759766 43.15840530395508 -4.099999904632568
vertex 37.03230667114258 43.26497268676758 -0.5
endloop
endfacet
facet normal 0 0 1
outer loop
vertex 37.03230667114258 43.26497268676758 -4.099999904632568
vertex 36.775028228759766 43.15840530395508 -4.099999904632568
vertex 76.96763610839844 43.26497268676758 -4.099999904632568
endloop
endfacet
facet normal 0 -1 0
outer loop
vertex 37.03230667114258 43.26497268676758 -0.5
vertex 37.03230667114258 43.26497268676758 -4.099999904632568
vertex 76.96763610839844 43.26497268676758 -4.099999904632568
endloop
endfacet
facet normal -0.3826808658763721 -0.923880595581545 0
outer loop
vertex 48.724918365478516 -18.971593856811523 -4.099999904632568
vertex 48.724918365478516 -18.971593856811523 -0.5
vertex 48.4676399230957 -18.865026473999023 -0.5
endloop
endfacet
facet normal -0.382679655100182 -0.9238810970965939 0
outer loop
vertex -13.282360076904297 43.26497268676758 -0.5
vertex -13.282360076904297 43.26497268676758 -4.099999904632568
vertex -13.025080680847168 43.15840530395508 -4.099999904632568
endloop
endfacet
facet normal 1 0 0
outer loop
vertex -78.70002746582031 -23.03722381591797 -0.5
vertex -78.70002746582031 -42.7249755859375 -0.5
vertex -78.70002746582031 -42.7249755859375 -4.099999904632568
endloop
endfacet
facet normal 0 0 1
outer loop
vertex -78.70002746582031 22.53264045715332 -4.099999904632568
vertex -10.900026321411133 -10.435025215148926 -4.099999904632568
vertex -78.59346008300781 22.789918899536133 -4.099999904632568
endloop
endfacet
facet normal 0 0 1
outer loop
vertex -77.22496795654297 24.158405303955078 -4.099999904632568
vertex -78.59346008300781 22.789918899536133 -4.099999904632568
vertex -10.900026321411133 -10.435025215148926 -4.099999904632568
endloop
endfacet
facet normal 0 0 1
outer loop
vertex -76.96768951416016 24.26497459411621 -4.099999904632568
vertex -77.22496795654297 24.158405303955078 -4.099999904632568
vertex -10.900026321411133 -10.435025215148926 -4.099999904632568
endloop
endfacet
facet normal 0 0 1
outer loop
vertex -74.7115478515625 24.26497459411621 -4.099999904632568
vertex -76.96768951416016 24.26497459411621 -4.099999904632568
vertex -10.900026321411133 -10.435025215148926 -4.099999904632568
endloop
endfacet
facet normal 0 0 1
outer loop
vertex -73.95002746582031 25.02649688720703 -4.099999904632568
vertex -74.7115478515625 24.26497459411621 -4.099999904632568
vertex -10.900026321411133 -10.435025215148926 -4.099999904632568
endloop
endfacet
facet normal 0 0 1
outer loop
vertex -72.21768951416016 43.26497268676758 -4.099999904632568
vertex 21.599973678588867 -10.435025215148926 -4.099999904632568
vertex -11.550025939941406 25.02649688720703 -4.099999904632568
endloop
endfacet
facet normal 0 0 1
outer loop
vertex -73.95002746582031 41.53263854980469 -4.099999904632568
vertex 21.599973678588867 -10.435025215148926 -4.099999904632568
vertex -73.84346008300781 41.789920806884766 -4.099999904632568
endloop
endfacet
facet normal 0 0 1
outer loop
vertex -78.28997802734375 -43.13502502441406 -4.099999904632568
vertex -77.4000244140625 -43.13742446899414 -4.099999904632568
vertex -77.4000244140625 -10.435025215148926 -4.099999904632568
endloop
endfacet
facet normal 0 0 1
outer loop
vertex -72.47496795654297 43.15840530395508 -4.099999904632568
vertex 21.599973678588867 -10.435025215148926 -4.099999904632568
vertex -72.21768951416016 43.26497268676758 -4.099999904632568
endloop
endfacet
facet normal 0 1 0
outer loop
vertex 48.4676399230957 -43.2650260925293 -4.099999904632568
vertex 24.87651824951172 -43.2650260925293 -0.5
vertex 48.4676399230957 -43.2650260925293 -0.5
endloop
endfacet
facet normal 0 0 1
outer loop
vertex 21.599973678588867 -43.2650260925293 -4.099999904632568
vertex 40.699974060058594 -18.10350227355957 -4.099999904632568
vertex 21.599973678588867 -10.435025215148926 -4.099999904632568
endloop
endfacet
facet normal 0 0 1
outer loop
vertex 34.5384521484375 24.26497459411621 -4.099999904632568
vertex 41.46149444580078 9.364974021911621 -4.099999904632568
vertex 35.29997253417969 25.02649688720703 -4.099999904632568
endloop
endfacet
facet normal -0.7071056666575679 -0.7071078957137704 0
outer loop
vertex -13.025080680847168 43.15840530395508 -0.5
vertex -13.025080680847168 43.15840530395508 -4.099999904632568
vertex -12.420025825500488 42.55335235595703 -4.099999904632568
endloop
endfacet
facet normal 0 0 1
outer loop
vertex -13.025080680847168 43.15840530395508 -4.099999904632568
vertex -11.550025939941406 25.02649688720703 -4.099999904632568
vertex -12.420025825500488 42.55335235595703 -4.099999904632568
endloop
endfacet
facet normal 0 0 1
outer loop
vertex -13.282360076904297 43.26497268676758 -4.099999904632568
vertex -11.550025939941406 25.02649688720703 -4.099999904632568
vertex -13.025080680847168 43.15840530395508 -4.099999904632568
endloop
endfacet
facet normal 0 0 1
outer loop
vertex -11.550025939941406 25.02649688720703 -4.099999904632568
vertex 21.599973678588867 -10.435025215148926 -4.099999904632568
vertex -10.788503646850586 24.26497459411621 -4.099999904632568
endloop
endfacet
facet normal 0 1 0
outer loop
vertex 41.46149444580078 9.364974021911621 -0.5
vertex 76.96763610839844 9.364974021911621 -0.5
vertex 76.96763610839844 9.364974021911621 -4.099999904632568
endloop
endfacet
facet normal -0.9238815986068825 0.3826784443309961 0
outer loop
vertex 78.6999740600586 11.097309112548828 -0.5
vertex 78.6999740600586 11.097309112548828 -4.099999904632568
vertex 78.5934066772461 10.840028762817383 -4.099999904632568
endloop
endfacet
facet normal -0.707107027571956 0.7071065348010531 0
outer loop
vertex 78.5934066772461 10.840028762817383 -0.5
vertex 78.5934066772461 10.840028762817383 -4.099999904632568
vertex 77.22492218017578 9.471543312072754 -4.099999904632568
endloop
endfacet
facet normal -0.3826770259502305 0.923882186109185 0
outer loop
vertex 77.22492218017578 9.471543312072754 -0.5
vertex 77.22492218017578 9.471543312072754 -4.099999904632568
vertex 76.96763610839844 9.364974021911621 -4.099999904632568
endloop
endfacet
facet normal 0 -1 0
outer loop
vertex -13.282360076904297 43.26497268676758 -4.099999904632568
vertex -13.282360076904297 43.26497268676758 -0.5
vertex -72.21768951416016 43.26497268676758 -0.5
endloop
endfacet
facet normal 0.7071067811865475 0.7071067811865475 0
outer loop
vertex -78.70002746582031 -42.7249755859375 -4.099999904632568
vertex -78.70002746582031 -42.7249755859375 -0.5
vertex -78.28997802734375 -43.13502502441406 -0.5
endloop
endfacet
facet normal 0 0 1
outer loop
vertex -72.21768951416016 43.26497268676758 -4.099999904632568
vertex -11.550025939941406 25.02649688720703 -4.099999904632568
vertex -13.282360076904297 43.26497268676758 -4.099999904632568
endloop
endfacet
facet normal 0 0 1
outer loop
vertex 21.599973678588867 -10.435025215148926 -4.099999904632568
vertex 40.699974060058594 -18.10350227355957 -4.099999904632568
vertex -10.788503646850586 24.26497459411621 -4.099999904632568
endloop
endfacet
facet normal -1 0 0
outer loop
vertex 40.699974060058594 -18.10350227355957 -4.099999904632568
vertex 40.699974060058594 -18.10350227355957 -0.5
vertex 40.699974060058594 8.6034517288208 -0.5
endloop
endfacet
facet normal 0 0 1
outer loop
vertex -10.788503646850586 24.26497459411621 -4.099999904632568
vertex 40.699974060058594 -18.10350227355957 -4.099999904632568
vertex 40.699974060058594 8.6034517288208 -4.099999904632568
endloop
endfacet
facet normal -1 0 0
outer loop
vertex 40.699974060058594 8.6034517288208 -0.5
vertex 40.699974060058594 8.6034517288208 -4.099999904632568
vertex 40.699974060058594 -18.10350227355957 -4.099999904632568
endloop
endfacet
facet normal -0.7071085522410203 -0.7071050101276388 0
outer loop
vertex 41.46149444580078 -18.865026473999023 -4.099999904632568
vertex 41.46149444580078 -18.865026473999023 -0.5
vertex 40.699974060058594 -18.10350227355957 -0.5
endloop
endfacet
facet normal 0 0 1
outer loop
vertex 41.46149444580078 9.364974021911621 -4.099999904632568
vertex 76.96763610839844 9.364974021911621 -4.099999904632568
vertex 78.6999740600586 41.53263854980469 -4.099999904632568
endloop
endfacet
facet normal -1 0 0
outer loop
vertex 78.6999740600586 11.097309112548828 -0.5
vertex 78.6999740600586 41.53263854980469 -0.5
vertex 78.6999740600586 41.53263854980469 -4.099999904632568
endloop
endfacet
facet normal -1 0 0
outer loop
vertex 78.6999740600586 41.53263854980469 -4.099999904632568
vertex 78.6999740600586 11.097309112548828 -4.099999904632568
vertex 78.6999740600586 11.097309112548828 -0.5
endloop
endfacet
facet normal 0 0 1
outer loop
vertex 78.6999740600586 41.53263854980469 -4.099999904632568
vertex 78.5934066772461 10.840028762817383 -4.099999904632568
vertex 78.6999740600586 11.097309112548828 -4.099999904632568
endloop
endfacet
facet normal 0 0 1
outer loop
vertex 41.46149444580078 9.364974021911621 -4.099999904632568
vertex 78.6999740600586 41.53263854980469 -4.099999904632568
vertex 78.5934066772461 41.789920806884766 -4.099999904632568
endloop
endfacet
facet normal 0.0026961358696617256 0.999996365419081 0
outer loop
vertex -78.28997802734375 -43.13502502441406 -4.099999904632568
vertex -78.28997802734375 -43.13502502441406 -0.5
vertex -77.4000244140625 -43.13742446899414 -0.5
endloop
endfacet
facet normal 0 0 1
outer loop
vertex 76.96763610839844 43.26497268676758 -4.099999904632568
vertex 41.46149444580078 9.364974021911621 -4.099999904632568
vertex 77.22492218017578 43.15840530395508 -4.099999904632568
endloop
endfacet
facet normal 0 0 1
outer loop
vertex 77.22492218017578 43.15840530395508 -4.099999904632568
vertex 41.46149444580078 9.364974021911621 -4.099999904632568
vertex 78.5934066772461 41.789920806884766 -4.099999904632568
endloop
endfacet
facet normal 0 0 1
outer loop
vertex 78.6999740600586 41.53263854980469 -4.099999904632568
vertex 76.96763610839844 9.364974021911621 -4.099999904632568
vertex 77.22492218017578 9.471543312072754 -4.099999904632568
endloop
endfacet
facet normal 0 0 1
outer loop
vertex 40.699974060058594 -18.10350227355957 -4.099999904632568
vertex 21.599973678588867 -43.2650260925293 -4.099999904632568
vertex 50.199974060058594 -41.532691955566406 -4.099999904632568
endloop
endfacet
facet normal 0 -1 0
outer loop
vertex -77.4000244140625 -10.435025215148926 -11.899999618530273
vertex -10.900026321411133 -10.435025215148926 -11.899999618530273
vertex -10.900026321411133 -10.435025215148926 -8.199999809265137
endloop
endfacet
facet normal 0 1 0
outer loop
vertex -64.95805358886719 -43.43502426147461 -5
vertex -77.4000244140625 -43.43502426147461 -11.899999618530273
vertex -76.95805358886719 -43.43502426147461 -5
endloop
endfacet
facet normal 0 0 1
outer loop
vertex -77.4000244140625 -10.435025215148926 -11.899999618530273
vertex -16.400026321411133 -25.435026168823242 -11.899999618530273
vertex -10.900026321411133 -10.435025215148926 -11.899999618530273
endloop
endfacet
facet normal 1 0 0
outer loop
vertex -77.4000244140625 -43.13742446899414 -4.099999904632568
vertex -77.4000244140625 -43.43502426147461 -11.899999618530273
vertex -77.4000244140625 -10.435025215148926 -4.099999904632568
endloop
endfacet
facet normal 0 0 1
outer loop
vertex -16.400026321411133 -25.435026168823242 -11.899999618530273
vertex -77.4000244140625 -43.43502426147461 -11.899999618530273
vertex -16.400026321411133 -43.43502426147461 -11.899999618530273
endloop
endfacet
facet normal 1 0 0
outer loop
vertex -77.4000244140625 -43.43502426147461 -0.5
vertex -77.4000244140625 -43.43502426147461 -11.899999618530273
vertex -77.4000244140625 -43.13742446899414 -4.099999904632568
endloop
endfacet
facet normal 0 1 0
outer loop
vertex -77.4000244140625 -43.43502426147461 -11.899999618530273
vertex -77.4000244140625 -43.43502426147461 -0.5
vertex -76.95805358886719 -43.43502426147461 -5
endloop
endfacet
facet normal 0 1 0
outer loop
vertex -76.95805358886719 -43.43502426147461 -0.5
vertex -76.95805358886719 -43.43502426147461 -5
vertex -77.4000244140625 -43.43502426147461 -0.5
endloop
endfacet
facet normal -1 0 0
outer loop
vertex -10.900026321411133 -10.435025215148926 -8.199999809265137
vertex -10.900026321411133 -10.435025215148926 -11.899999618530273
vertex -10.900026321411133 -25.435026168823242 -11.899999618530273
endloop
endfacet
facet normal 0 1 0
outer loop
vertex -16.400026321411133 -43.43502426147461 -0.5
vertex -16.400026321411133 -43.43502426147461 -8.199999809265137
vertex -64.95805358886719 -43.43502426147461 -5
endloop
endfacet
facet normal 0 1 0
outer loop
vertex -77.4000244140625 -43.43502426147461 -11.899999618530273
vertex -64.95805358886719 -43.43502426147461 -5
vertex -16.400026321411133 -43.43502426147461 -11.899999618530273
endloop
endfacet
facet normal 0 0 1
outer loop
vertex -77.4000244140625 -43.43502426147461 -11.899999618530273
vertex -16.400026321411133 -25.435026168823242 -11.899999618530273
vertex -77.4000244140625 -10.435025215148926 -11.899999618530273
endloop
endfacet
facet normal 1 0 0
outer loop
vertex -77.4000244140625 -43.43502426147461 -11.899999618530273
vertex -77.4000244140625 -10.435025215148926 -11.899999618530273
vertex -77.4000244140625 -10.435025215148926 -4.099999904632568
endloop
endfacet
facet normal 0 1 0
outer loop
vertex -16.400026321411133 -43.43502426147461 -8.199999809265137
vertex -16.400026321411133 -43.43502426147461 -11.899999618530273
vertex -64.95805358886719 -43.43502426147461 -5
endloop
endfacet
facet normal 0 -1 0
outer loop
vertex -77.4000244140625 -10.435025215148926 -4.099999904632568
vertex -77.4000244140625 -10.435025215148926 -11.899999618530273
vertex -10.900026321411133 -10.435025215148926 -4.099999904632568
endloop
endfacet
facet normal 0 1 0
outer loop
vertex -64.95805358886719 -43.43502426147461 -5
vertex -64.95805358886719 -43.43502426147461 -0.5
vertex -16.400026321411133 -43.43502426147461 -0.5
endloop
endfacet
facet normal 0 0 1
outer loop
vertex -10.900026321411133 -10.435025215148926 -11.899999618530273
vertex -16.400026321411133 -25.435026168823242 -11.899999618530273
vertex -10.900026321411133 -25.435026168823242 -11.899999618530273
endloop
endfacet
facet normal -1 0 0
outer loop
vertex -16.400026321411133 -25.435026168823242 -11.899999618530273
vertex -16.400026321411133 -43.43502426147461 -11.899999618530273
vertex -16.400026321411133 -25.435026168823242 -8.199999809265137
endloop
endfacet
facet normal -1 0 0
outer loop
vertex -16.400026321411133 -25.435026168823242 -8.199999809265137
vertex -16.400026321411133 -43.43502426147461 -11.899999618530273
vertex -16.400026321411133 -43.43502426147461 -8.199999809265137
endloop
endfacet
facet normal 0 1 0
outer loop
vertex -16.400026321411133 -25.435026168823242 -11.899999618530273
vertex -10.900026321411133 -25.435026168823242 -8.199999809265137
vertex -10.900026321411133 -25.435026168823242 -11.899999618530273
endloop
endfacet
facet normal 0 1 0
outer loop
vertex -10.900026321411133 -25.435026168823242 -8.199999809265137
vertex -16.400026321411133 -25.435026168823242 -11.899999618530273
vertex -16.400026321411133 -25.435026168823242 -8.199999809265137
endloop
endfacet
facet normal -1 0 0
outer loop
vertex -10.900026321411133 -10.435025215148926 -8.199999809265137
vertex -10.900026321411133 -25.435026168823242 -11.899999618530273
vertex -10.900026321411133 -25.435026168823242 -8.199999809265137
endloop
endfacet
facet normal 0 -1 0
outer loop
vertex -10.900026321411133 -10.435025215148926 -4.099999904632568
vertex -77.4000244140625 -10.435025215148926 -11.899999618530273
vertex -10.900026321411133 -10.435025215148926 -8.199999809265137
endloop
endfacet
facet normal 1 0 0
outer loop
vertex -77.4000244140625 -43.43502426147461 -0.5
vertex -77.4000244140625 -43.13742446899414 -4.099999904632568
vertex -77.4000244140625 -43.13742446899414 -0.5
endloop
endfacet
facet normal 0 1 0
outer loop
vertex -13.650026321411133 -43.43502426147461 -8.199999809265137
vertex -16.400026321411133 -43.43502426147461 -0.5
vertex -13.650026321411133 -43.43502426147461 -6.699999809265137
endloop
endfacet
facet normal 0 1 0
outer loop
vertex -16.400026321411133 -43.43502426147461 -0.5
vertex -13.900026321411133 -43.43502426147461 -8.199999809265137
vertex -16.400026321411133 -43.43502426147461 -8.199999809265137
endloop
endfacet
facet normal 0 1 0
outer loop
vertex -16.400026321411133 -43.43502426147461 -0.5
vertex -12.650026321411133 -43.43502426147461 -5.699999809265137
vertex -13.032710075378418 -43.43502426147461 -5.776120662689209
endloop
endfacet
facet normal 0 1 0
outer loop
vertex -13.573905944824219 -43.43502426147461 -6.31731653213501
vertex -16.400026321411133 -43.43502426147461 -0.5
vertex -13.357132911682129 -43.43502426147461 -5.992893218994141
endloop
endfacet
facet normal 0 1 0
outer loop
vertex -16.400026321411133 -43.43502426147461 -0.5
vertex -5.150026321411133 -43.43502426147461 -5.699999809265137
vertex -12.650026321411133 -43.43502426147461 -5.699999809265137
endloop
endfacet
facet normal -1 0 0
outer loop
vertex 21.599973678588867 -43.2650260925293 -0.5
vertex 21.599973678588867 -43.43502426147461 -8.199999809265137
vertex 21.599973678588867 -43.43502426147461 -0.5
endloop
endfacet
facet normal 0 1 0
outer loop
vertex -13.650026321411133 -43.43502426147461 -6.699999809265137
vertex -16.400026321411133 -43.43502426147461 -0.5
vertex -13.573905944824219 -43.43502426147461 -6.31731653213501
endloop
endfacet
facet normal 0 0 1
outer loop
vertex -6.450026035308838 -22.335025787353516 -8.199999809265137
vertex -6.450026035308838 -12.535025596618652 -8.199999809265137
vertex -10.900026321411133 -25.435026168823242 -8.199999809265137
endloop
endfacet
facet normal 0 0 1
outer loop
vertex -10.900026321411133 -10.435025215148926 -8.199999809265137
vertex -10.900026321411133 -25.435026168823242 -8.199999809265137
vertex -6.450026035308838 -12.535025596618652 -8.199999809265137
endloop
endfacet
facet normal 0 1 0
outer loop
vertex -3.900026321411133 -43.43502426147461 -8.199999809265137
vertex -4.150026321411133 -43.43502426147461 -8.199999809265137
vertex -4.150026321411133 -43.43502426147461 -6.699999809265137
endloop
endfacet
facet normal 0 -1 0
outer loop
vertex -10.900026321411133 -10.435025215148926 -4.099999904632568
vertex -10.900026321411133 -10.435025215148926 -8.199999809265137
vertex 21.599973678588867 -10.435025215148926 -4.099999904632568
endloop
endfacet
facet normal -1 0 0
outer loop
vertex 21.599973678588867 -10.435025215148926 -8.199999809265137
vertex 21.599973678588867 -43.43502426147461 -8.199999809265137
vertex 21.599973678588867 -43.2650260925293 -4.099999904632568
endloop
endfacet
facet normal 0 0 1
outer loop
vertex -2.3500261306762695 -22.335025787353516 -8.199999809265137
vertex 21.599973678588867 -43.43502426147461 -8.199999809265137
vertex 21.599973678588867 -10.435025215148926 -8.199999809265137
endloop
endfacet
facet normal 0 0 1
outer loop
vertex -10.900026321411133 -10.435025215148926 -8.199999809265137
vertex -6.450026035308838 -12.535025596618652 -8.199999809265137
vertex 21.599973678588867 -10.435025215148926 -8.199999809265137
endloop
endfacet
facet normal 0 1 0
outer loop
vertex 21.599973678588867 -43.43502426147461 -8.199999809265137
vertex -16.400026321411133 -43.43502426147461 -0.5
vertex 21.599973678588867 -43.43502426147461 -0.5
endloop
endfacet
facet normal -1 0 0
outer loop
vertex 21.599973678588867 -43.43502426147461 -8.199999809265137
vertex 21.599973678588867 -43.2650260925293 -0.5
vertex 21.599973678588867 -43.2650260925293 -4.099999904632568
endloop
endfacet
facet normal 0 0 1
outer loop
vertex -2.3500261306762695 -22.335025787353516 -8.199999809265137
vertex -6.450026035308838 -22.335025787353516 -8.199999809265137
vertex 21.599973678588867 -43.43502426147461 -8.199999809265137
endloop
endfacet
facet normal 0 0 1
outer loop
vertex -6.450026035308838 -22.335025787353516 -8.199999809265137
vertex -10.900026321411133 -25.435026168823242 -8.199999809265137
vertex 21.599973678588867 -43.43502426147461 -8.199999809265137
endloop
endfacet
facet normal 0 0 1
outer loop
vertex 21.599973678588867 -43.43502426147461 -8.199999809265137
vertex -16.400026321411133 -25.435026168823242 -8.199999809265137
vertex -3.900026321411133 -34.43502426147461 -8.199999809265137
endloop
endfacet
facet normal 0 0 1
outer loop
vertex 21.599973678588867 -10.435025215148926 -8.199999809265137
vertex -6.450026035308838 -12.535025596618652 -8.199999809265137
vertex -2.3500261306762695 -12.535025596618652 -8.199999809265137
endloop
endfacet
facet normal 0 0 1
outer loop
vertex -10.900026321411133 -25.435026168823242 -8.199999809265137
vertex -16.400026321411133 -25.435026168823242 -8.199999809265137
vertex 21.599973678588867 -43.43502426147461 -8.199999809265137
endloop
endfacet
facet normal 0 0 1
outer loop
vertex -16.400026321411133 -43.43502426147461 -8.199999809265137
vertex -13.900026321411133 -43.43502426147461 -8.199999809265137
vertex -13.900026321411133 -34.43502426147461 -8.199999809265137
endloop
endfacet
facet normal 0 0 1
outer loop
vertex -16.400026321411133 -25.435026168823242 -8.199999809265137
vertex -13.900026321411133 -34.43502426147461 -8.199999809265137
vertex -3.900026321411133 -34.43502426147461 -8.199999809265137
endloop
endfacet
facet normal 0 1 0
outer loop
vertex -16.400026321411133 -43.43502426147461 -0.5
vertex 21.599973678588867 -43.43502426147461 -8.199999809265137
vertex -5.150026321411133 -43.43502426147461 -5.699999809265137
endloop
endfacet
facet normal 0 1 0
outer loop
vertex -16.400026321411133 -43.43502426147461 -0.5
vertex -13.650026321411133 -43.43502426147461 -8.199999809265137
vertex -13.900026321411133 -43.43502426147461 -8.199999809265137
endloop
endfacet
facet normal 0 1 0
outer loop
vertex -4.767342567443848 -43.43502426147461 -5.776120662689209
vertex -5.150026321411133 -43.43502426147461 -5.699999809265137
vertex 21.599973678588867 -43.43502426147461 -8.199999809265137
endloop
endfacet
facet normal -1 0 0
outer loop
vertex 21.599973678588867 -10.435025215148926 -8.199999809265137
vertex 21.599973678588867 -43.2650260925293 -4.099999904632568
vertex 21.599973678588867 -10.435025215148926 -4.099999904632568
endloop
endfacet
facet normal 0 -1 0
outer loop
vertex 21.599973678588867 -10.435025215148926 -4.099999904632568
vertex -10.900026321411133 -10.435025215148926 -8.199999809265137
vertex 21.599973678588867 -10.435025215148926 -8.199999809265137
endloop
endfacet
facet normal 0 1 0
outer loop
vertex -13.357132911682129 -43.43502426147461 -5.992893218994141
vertex -16.400026321411133 -43.43502426147461 -0.5
vertex -13.032710075378418 -43.43502426147461 -5.776120662689209
endloop
endfacet
facet normal 0 0 1
outer loop
vertex -2.3500261306762695 -12.535025596618652 -8.199999809265137
vertex -2.3500261306762695 -22.335025787353516 -8.199999809265137
vertex 21.599973678588867 -10.435025215148926 -8.199999809265137
endloop
endfacet
facet normal 0 1 0
outer loop
vertex 21.599973678588867 -43.43502426147461 -8.199999809265137
vertex -4.4429192543029785 -43.43502426147461 -5.992893218994141
vertex -4.767342567443848 -43.43502426147461 -5.776120662689209
endloop
endfacet
facet normal 0 1 0
outer loop
vertex -3.900026321411133 -43.43502426147461 -8.199999809265137
vertex -4.150026321411133 -43.43502426147461 -6.699999809265137
vertex 21.599973678588867 -43.43502426147461 -8.199999809265137
endloop
endfacet
facet normal 0 0 1
outer loop
vertex -3.900026321411133 -34.43502426147461 -8.199999809265137
vertex -3.900026321411133 -43.43502426147461 -8.199999809265137
vertex 21.599973678588867 -43.43502426147461 -8.199999809265137
endloop
endfacet
facet normal 0 0 1
outer loop
vertex -16.400026321411133 -25.435026168823242 -8.199999809265137
vertex -16.400026321411133 -43.43502426147461 -8.199999809265137
vertex -13.900026321411133 -34.43502426147461 -8.199999809265137
endloop
endfacet
facet normal 0 1 0
outer loop
vertex 21.599973678588867 -43.43502426147461 -8.199999809265137
vertex -4.150026321411133 -43.43502426147461 -6.699999809265137
vertex -4.226146697998047 -43.43502426147461 -6.31731653213501
endloop
endfacet
facet normal 0 1 0
outer loop
vertex 21.599973678588867 -43.43502426147461 -8.199999809265137
vertex -4.226146697998047 -43.43502426147461 -6.31731653213501
vertex -4.4429192543029785 -43.43502426147461 -5.992893218994141
endloop
endfacet
facet normal 0 1 0
outer loop
vertex -13.032710075378418 -43.43502426147461 -9.123879432678223
vertex -13.900026321411133 -43.43502426147461 -9.5
vertex -13.357132911682129 -43.43502426147461 -8.907106399536133
endloop
endfacet
facet normal 0 1 0
outer loop
vertex -4.226146697998047 -43.43502426147461 -8.582683563232422
vertex -4.150026321411133 -43.43502426147461 -8.199999809265137
vertex -3.900026321411133 -43.43502426147461 -9.5
endloop
endfacet
facet normal 0 1 0
outer loop
vertex -13.573905944824219 -43.43502426147461 -8.582683563232422
vertex -13.900026321411133 -43.43502426147461 -9.5
vertex -13.900026321411133 -43.43502426147461 -8.199999809265137
endloop
endfacet
facet normal 0 1 0
outer loop
vertex -4.4429192543029785 -43.43502426147461 -8.907106399536133
vertex -4.226146697998047 -43.43502426147461 -8.582683563232422
vertex -3.900026321411133 -43.43502426147461 -9.5
endloop
endfacet
facet normal 0 1 0
outer loop
vertex -4.767342567443848 -43.43502426147461 -9.123879432678223
vertex -4.4429192543029785 -43.43502426147461 -8.907106399536133
vertex -3.900026321411133 -43.43502426147461 -9.5
endloop
endfacet
facet normal 0 0 1
outer loop
vertex -13.900026321411133 -43.43502426147461 -9.5
vertex -3.900026321411133 -43.43502426147461 -9.5
vertex -13.900026321411133 -34.43502426147461 -9.5
endloop
endfacet
facet normal -1 0 0
outer loop
vertex -3.900026321411133 -43.43502426147461 -9.5
vertex -3.900026321411133 -43.43502426147461 -8.199999809265137
vertex -3.900026321411133 -34.43502426147461 -9.5
endloop
endfacet
facet normal 0 1 0
outer loop
vertex -13.357132911682129 -43.43502426147461 -8.907106399536133
vertex -13.900026321411133 -43.43502426147461 -9.5
vertex -13.573905944824219 -43.43502426147461 -8.582683563232422
endloop
endfacet
facet normal 0 1 0
outer loop
vertex -12.650026321411133 -43.43502426147461 -9.199999809265137
vertex -5.150026321411133 -43.43502426147461 -9.199999809265137
vertex -13.900026321411133 -43.43502426147461 -9.5
endloop
endfacet
facet normal 0 1 0
outer loop
vertex -13.650026321411133 -43.43502426147461 -8.199999809265137
vertex -13.573905944824219 -43.43502426147461 -8.582683563232422
vertex -13.900026321411133 -43.43502426147461 -8.199999809265137
endloop
endfacet
facet normal 0 1 0
outer loop
vertex -13.900026321411133 -43.43502426147461 -9.5
vertex -13.032710075378418 -43.43502426147461 -9.123879432678223
vertex -12.650026321411133 -43.43502426147461 -9.199999809265137
endloop
endfacet
facet normal 1 0 0
outer loop
vertex -13.900026321411133 -43.43502426147461 -8.199999809265137
vertex -13.900026321411133 -43.43502426147461 -9.5
vertex -13.900026321411133 -34.43502426147461 -8.199999809265137
endloop
endfacet
facet normal 0 1 0
outer loop
vertex -3.900026321411133 -43.43502426147461 -9.5
vertex -4.150026321411133 -43.43502426147461 -8.199999809265137
vertex -3.900026321411133 -43.43502426147461 -8.199999809265137
endloop
endfacet
facet normal 1 0 0
outer loop
vertex -13.900026321411133 -34.43502426147461 -8.199999809265137
vertex -13.900026321411133 -43.43502426147461 -9.5
vertex -13.900026321411133 -34.43502426147461 -9.5
endloop
endfacet
facet normal 0 -1 0
outer loop
vertex -13.900026321411133 -34.43502426147461 -8.199999809265137
vertex -13.900026321411133 -34.43502426147461 -9.5
vertex -3.900026321411133 -34.43502426147461 -8.199999809265137
endloop
endfacet
facet normal 0 1 0
outer loop
vertex -3.900026321411133 -43.43502426147461 -9.5
vertex -13.900026321411133 -43.43502426147461 -9.5
vertex -5.150026321411133 -43.43502426147461 -9.199999809265137
endloop
endfacet
facet normal -1 0 0
outer loop
vertex -3.900026321411133 -34.43502426147461 -8.199999809265137
vertex -3.900026321411133 -34.43502426147461 -9.5
vertex -3.900026321411133 -43.43502426147461 -8.199999809265137
endloop
endfacet
facet normal 0 0 1
outer loop
vertex -13.900026321411133 -34.43502426147461 -9.5
vertex -3.900026321411133 -43.43502426147461 -9.5
vertex -3.900026321411133 -34.43502426147461 -9.5
endloop
endfacet
facet normal 0 -1 0
outer loop
vertex -3.900026321411133 -34.43502426147461 -8.199999809265137
vertex -13.900026321411133 -34.43502426147461 -9.5
vertex -3.900026321411133 -34.43502426147461 -9.5
endloop
endfacet
facet normal 0 1 0
outer loop
vertex -3.900026321411133 -43.43502426147461 -9.5
vertex -5.150026321411133 -43.43502426147461 -9.199999809265137
vertex -4.767342567443848 -43.43502426147461 -9.123879432678223
endloop
endfacet
facet normal 0 -1 0
outer loop
vertex -6.450026035308838 -12.535025596618652 -8.199999809265137
vertex -6.450026035308838 -12.535025596618652 -10
vertex -2.3500261306762695 -12.535025596618652 -8.199999809265137
endloop
endfacet
facet normal 0 0 1
outer loop
vertex -6.450026035308838 -22.335025787353516 -10
vertex -5.650026321411133 -14.185025215148926 -10
vertex -6.450026035308838 -12.535025596618652 -10
endloop
endfacet
facet normal 0 0 1
outer loop
vertex -6.450026035308838 -22.335025787353516 -10
vertex -2.3500261306762695 -22.335025787353516 -10
vertex -3.150026321411133 -20.685026168823242 -10
endloop
endfacet
facet normal 1 0 0
outer loop
vertex -6.450026035308838 -12.535025596618652 -8.199999809265137
vertex -6.450026035308838 -22.335025787353516 -10
vertex -6.450026035308838 -12.535025596618652 -10
endloop
endfacet
facet normal 0 0 1
outer loop
vertex -2.3500261306762695 -12.535025596618652 -10
vertex -5.650026321411133 -14.185025215148926 -10
vertex -3.150026321411133 -14.185025215148926 -10
endloop
endfacet
facet normal 0 0 1
outer loop
vertex -6.450026035308838 -12.535025596618652 -10
vertex -5.650026321411133 -14.185025215148926 -10
vertex -2.3500261306762695 -12.535025596618652 -10
endloop
endfacet
facet normal 0 0 1
outer loop
vertex -3.150026321411133 -14.185025215148926 -10
vertex -3.150026321411133 -20.685026168823242 -10
vertex -2.3500261306762695 -12.535025596618652 -10
endloop
endfacet
facet normal -1 0 0
outer loop
vertex -2.3500261306762695 -12.535025596618652 -10
vertex -2.3500261306762695 -22.335025787353516 -10
vertex -2.3500261306762695 -22.335025787353516 -8.199999809265137
endloop
endfacet
facet normal 0 1 0
outer loop
vertex -2.3500261306762695 -22.335025787353516 -10
vertex -6.450026035308838 -22.335025787353516 -8.199999809265137
vertex -2.3500261306762695 -22.335025787353516 -8.199999809265137
endloop
endfacet
facet normal 0 1 0
outer loop
vertex -2.3500261306762695 -22.335025787353516 -10
vertex -6.450026035308838 -22.335025787353516 -10
vertex -6.450026035308838 -22.335025787353516 -8.199999809265137
endloop
endfacet
facet normal 1 0 0
outer loop
vertex -6.450026035308838 -22.335025787353516 -10
vertex -6.450026035308838 -12.535025596618652 -8.199999809265137
vertex -6.450026035308838 -22.335025787353516 -8.199999809265137
endloop
endfacet
facet normal 0 0 1
outer loop
vertex -3.150026321411133 -20.685026168823242 -10
vertex -2.3500261306762695 -22.335025787353516 -10
vertex -2.3500261306762695 -12.535025596618652 -10
endloop
endfacet
facet normal 0 0 1
outer loop
vertex -5.650026321411133 -20.685026168823242 -10
vertex -6.450026035308838 -22.335025787353516 -10
vertex -3.150026321411133 -20.685026168823242 -10
endloop
endfacet
facet normal -1 0 0
outer loop
vertex -2.3500261306762695 -12.535025596618652 -10
vertex -2.3500261306762695 -22.335025787353516 -8.199999809265137
vertex -2.3500261306762695 -12.535025596618652 -8.199999809265137
endloop
endfacet
facet normal 0 0 1
outer loop
vertex -6.450026035308838 -22.335025787353516 -10
vertex -5.650026321411133 -20.685026168823242 -10
vertex -5.650026321411133 -14.185025215148926 -10
endloop
endfacet
facet normal 0 -1 0
outer loop
vertex -6.450026035308838 -12.535025596618652 -10
vertex -2.3500261306762695 -12.535025596618652 -10
vertex -2.3500261306762695 -12.535025596618652 -8.199999809265137
endloop
endfacet
facet normal 1 0 0
outer loop
vertex -5.650026321411133 -14.185025215148926 -11.699999809265137
vertex -5.650026321411133 -20.685026168823242 -10
vertex -5.650026321411133 -20.685026168823242 -11.699999809265137
endloop
endfacet
facet normal 0 -1 0
outer loop
vertex -5.650026321411133 -14.185025215148926 -10
vertex -3.150026321411133 -14.185025215148926 -11.699999809265137
vertex -3.150026321411133 -14.185025215148926 -10
endloop
endfacet
facet normal -1 0 0
outer loop
vertex -3.150026321411133 -14.185025215148926 -10
vertex -3.150026321411133 -20.685026168823242 -11.699999809265137
vertex -3.150026321411133 -20.685026168823242 -10
endloop
endfacet
facet normal -1 0 0
outer loop
vertex -3.150026321411133 -20.685026168823242 -11.699999809265137
vertex -3.150026321411133 -14.185025215148926 -10
vertex -3.150026321411133 -14.185025215148926 -11.699999809265137
endloop
endfacet
facet normal 0 1 0
outer loop
vertex -3.150026321411133 -20.685026168823242 -10
vertex -5.650026321411133 -20.685026168823242 -11.699999809265137
vertex -5.650026321411133 -20.685026168823242 -10
endloop
endfacet
facet normal 1 0 0
outer loop
vertex -5.650026321411133 -20.685026168823242 -10
vertex -5.650026321411133 -14.185025215148926 -11.699999809265137
vertex -5.650026321411133 -14.185025215148926 -10
endloop
endfacet
facet normal 0 -1 0
outer loop
vertex -3.150026321411133 -14.185025215148926 -11.699999809265137
vertex -5.650026321411133 -14.185025215148926 -10
vertex -5.650026321411133 -14.185025215148926 -11.699999809265137
endloop
endfacet
facet normal 0 1 0
outer loop
vertex -3.150026321411133 -20.685026168823242 -11.699999809265137
vertex -5.650026321411133 -20.685026168823242 -11.699999809265137
vertex -3.150026321411133 -20.685026168823242 -10
endloop
endfacet
facet normal 0.5555730288971555 -0.8314677441500905 0
outer loop
vertex -8.753579139709473 -10.081472396850586 -11.699999809265137
vertex -8.753579139709473 -10.081472396850586 -13.320009231567383
vertex -8.591367721557617 -9.973085403442383 -11.699999809265137
endloop
endfacet
facet normal 0.8314677441500905 -0.5555730288971555 0
outer loop
vertex -8.861966133117676 -10.243683815002441 -11.699999809265137
vertex -8.861966133117676 -10.243683815002441 -13.334772109985352
vertex -8.753579139709473 -10.081472396850586 -11.699999809265137
endloop
endfacet
facet normal 0 0 -1
outer loop
vertex -8.400026321411133 -24.935026168823242 -11.699999809265137
vertex -8.591367721557617 -24.89696502685547 -11.699999809265137
vertex -8.400026321411133 -9.935025215148926 -11.699999809265137
endloop
endfacet
facet normal 0 0 -1
outer loop
vertex -8.591367721557617 -24.89696502685547 -11.699999809265137
vertex -8.753579139709473 -24.788578033447266 -11.699999809265137
vertex -8.591367721557617 -9.973085403442383 -11.699999809265137
endloop
endfacet
facet normal 0 0 -1
outer loop
vertex -8.861966133117676 -24.626367568969727 -11.699999809265137
vertex -8.900026321411133 -24.435026168823242 -11.699999809265137
vertex -8.861966133117676 -10.243683815002441 -11.699999809265137
endloop
endfacet
facet normal 0 0 -1
outer loop
vertex -8.753579139709473 -24.788578033447266 -11.699999809265137
vertex -8.861966133117676 -24.626367568969727 -11.699999809265137
vertex -8.753579139709473 -10.081472396850586 -11.699999809265137
endloop
endfacet
facet normal 0 0 -1
outer loop
vertex -5.650026321411133 -20.685026168823242 -11.699999809265137
vertex -8.400026321411133 -24.935026168823242 -11.699999809265137
vertex -5.650026321411133 -14.185025215148926 -11.699999809265137
endloop
endfacet
facet normal 0 0 -1
outer loop
vertex -5.650026321411133 -20.685026168823242 -11.699999809265137
vertex -3.150026321411133 -20.685026168823242 -11.699999809265137
vertex -8.400026321411133 -24.935026168823242 -11.699999809265137
endloop
endfacet
facet normal 0 0 -1
outer loop
vertex -8.753579139709473 -10.081472396850586 -11.699999809265137
vertex -8.861966133117676 -24.626367568969727 -11.699999809265137
vertex -8.861966133117676 -10.243683815002441 -11.699999809265137
endloop
endfacet
facet normal 0 0 -1
outer loop
vertex -8.591367721557617 -9.973085403442383 -11.699999809265137
vertex -8.753579139709473 -24.788578033447266 -11.699999809265137
vertex -8.753579139709473 -10.081472396850586 -11.699999809265137
endloop
endfacet
facet normal 0 0 -1
outer loop
vertex -8.400026321411133 -9.935025215148926 -11.699999809265137
vertex -8.591367721557617 -24.89696502685547 -11.699999809265137
vertex -8.591367721557617 -9.973085403442383 -11.699999809265137
endloop
endfacet
facet normal 1 0 0
outer loop
vertex -8.900026321411133 -24.435026168823242 -11.699999809265137
vertex -8.900026321411133 -24.435026168823242 -14.626285552978516
vertex -8.900026321411133 -10.435025215148926 -11.699999809265137
endloop
endfacet
facet normal -0.19509511019462944 0.980784327963159 0
outer loop
vertex 10.791315078735352 -24.89696502685547 -14.66832447052002
vertex 10.599973678588867 -24.935026168823242 -14.671788215637207
vertex 10.791315078735352 -24.89696502685547 -11.699999809265137
endloop
endfacet
facet normal 0 0 -1
outer loop
vertex -8.400026321411133 -24.935026168823242 -11.699999809265137
vertex -3.150026321411133 -20.685026168823242 -11.699999809265137
vertex 10.599973678588867 -9.935025215148926 -11.699999809265137
endloop
endfacet
facet normal 0 0 -1
outer loop
vertex -5.650026321411133 -14.185025215148926 -11.699999809265137
vertex -8.400026321411133 -9.935025215148926 -11.699999809265137
vertex 10.599973678588867 -9.935025215148926 -11.699999809265137
endloop
endfacet
facet normal -0.5555707707654927 0.831469252991977 0
outer loop
vertex 10.791315078735352 -24.89696502685547 -14.66832447052002
vertex 10.791315078735352 -24.89696502685547 -11.699999809265137
vertex 10.953527450561523 -24.788578033447266 -14.65846061706543
endloop
endfacet
facet normal -0.8314684934421214 0.5555719075089102 0
outer loop
vertex 10.953527450561523 -24.788578033447266 -14.65846061706543
vertex 10.953527450561523 -24.788578033447266 -11.699999809265137
vertex 11.06191349029541 -24.626367568969727 -14.643698692321777
endloop
endfacet
facet normal 0.19509511019462944 0.980784327963159 0
outer loop
vertex -8.400026321411133 -24.935026168823242 -14.671788215637207
vertex -8.591367721557617 -24.89696502685547 -14.66832447052002
vertex -8.591367721557617 -24.89696502685547 -11.699999809265137
endloop
endfacet
facet normal -0.9807852633251952 0.19509040787318935 0
outer loop
vertex 11.06191349029541 -24.626367568969727 -14.643698692321777
vertex 11.06191349029541 -24.626367568969727 -11.699999809265137
vertex 11.099973678588867 -24.435026168823242 -14.626285552978516
endloop
endfacet
facet normal 0.8314662352898057 0.5555752870430772 0
outer loop
vertex -8.753579139709473 -24.788578033447266 -14.65846061706543
vertex -8.861966133117676 -24.626367568969727 -14.643698692321777
vertex -8.861966133117676 -24.626367568969727 -11.699999809265137
endloop
endfacet
facet normal 0.5555730288971555 0.8314677441500905 0
outer loop
vertex -8.591367721557617 -24.89696502685547 -14.66832447052002
vertex -8.753579139709473 -24.788578033447266 -14.65846061706543
vertex -8.753579139709473 -24.788578033447266 -11.699999809265137
endloop
endfacet
facet normal 0.9807852633251953 0.19509040787318935 0
outer loop
vertex -8.861966133117676 -24.626367568969727 -14.643698692321777
vertex -8.900026321411133 -24.435026168823242 -14.626285552978516
vertex -8.900026321411133 -24.435026168823242 -11.699999809265137
endloop
endfacet
facet normal 0 1 0
outer loop
vertex -8.400026321411133 -24.935026168823242 -14.671788215637207
vertex -8.400026321411133 -24.935026168823242 -11.699999809265137
vertex 10.599973678588867 -24.935026168823242 -14.671788215637207
endloop
endfacet
facet normal 0.19509511019462947 0.9807843279631591 0
outer loop
vertex -8.400026321411133 -24.935026168823242 -14.671788215637207
vertex -8.591367721557617 -24.89696502685547 -11.699999809265137
vertex -8.400026321411133 -24.935026168823242 -11.699999809265137
endloop
endfacet
facet normal 0.5555730288971555 0.8314677441500905 0
outer loop
vertex -8.591367721557617 -24.89696502685547 -11.699999809265137
vertex -8.591367721557617 -24.89696502685547 -14.66832447052002
vertex -8.753579139709473 -24.788578033447266 -11.699999809265137
endloop
endfacet
facet normal 0.8314662352898056 0.5555752870430771 0
outer loop
vertex -8.753579139709473 -24.788578033447266 -11.699999809265137
vertex -8.753579139709473 -24.788578033447266 -14.65846061706543
vertex -8.861966133117676 -24.626367568969727 -11.699999809265137
endloop
endfacet
facet normal 0.9807852633251952 0.19509040787318935 0
outer loop
vertex -8.861966133117676 -24.626367568969727 -11.699999809265137
vertex -8.861966133117676 -24.626367568969727 -14.643698692321777
vertex -8.900026321411133 -24.435026168823242 -11.699999809265137
endloop
endfacet
facet normal 0 0 -1
outer loop
vertex 11.099973678588867 -10.435025215148926 -11.699999809265137
vertex 11.06191349029541 -24.626367568969727 -11.699999809265137
vertex 11.06191349029541 -10.243683815002441 -11.699999809265137
endloop
endfacet
facet normal 0 0 -1
outer loop
vertex -8.861966133117676 -10.243683815002441 -11.699999809265137
vertex -8.900026321411133 -24.435026168823242 -11.699999809265137
vertex -8.900026321411133 -10.435025215148926 -11.699999809265137
endloop
endfacet
facet normal 0 0 -1
outer loop
vertex 11.06191349029541 -10.243683815002441 -11.699999809265137
vertex 10.953527450561523 -24.788578033447266 -11.699999809265137
vertex 10.953527450561523 -10.081472396850586 -11.699999809265137
endloop
endfacet
facet normal 0 0 -1
outer loop
vertex 10.791315078735352 -9.973085403442383 -11.699999809265137
vertex 10.791315078735352 -24.89696502685547 -11.699999809265137
vertex 10.599973678588867 -9.935025215148926 -11.699999809265137
endloop
endfacet
facet normal 0 0 -1
outer loop
vertex 10.953527450561523 -10.081472396850586 -11.699999809265137
vertex 10.791315078735352 -24.89696502685547 -11.699999809265137
vertex 10.791315078735352 -9.973085403442383 -11.699999809265137
endloop
endfacet
facet normal -0.5555707707654928 -0.8314692529919772 0
outer loop
vertex 10.791315078735352 -9.973085403442383 -11.699999809265137
vertex 10.791315078735352 -9.973085403442383 -13.310145378112793
vertex 10.953527450561523 -10.081472396850586 -11.699999809265137
endloop
endfacet
facet normal 0.9807852633251952 -0.19509040787318935 0
outer loop
vertex -8.900026321411133 -10.435025215148926 -11.699999809265137
vertex -8.900026321411133 -10.435025215148926 -13.352185249328613
vertex -8.861966133117676 -10.243683815002441 -11.699999809265137
endloop
endfacet
facet normal -0.19509040787318935 -0.9807852633251953 0
outer loop
vertex 10.599973678588867 -9.935025215148926 -11.699999809265137
vertex 10.599973678588867 -9.935025215148926 -13.306681632995605
vertex 10.791315078735352 -9.973085403442383 -11.699999809265137
endloop
endfacet
facet normal -0.8314700022881474 -0.5555696493644593 0
outer loop
vertex 10.953527450561523 -10.081472396850586 -11.699999809265137
vertex 10.953527450561523 -10.081472396850586 -13.320009231567383
vertex 11.06191349029541 -10.243683815002441 -11.699999809265137
endloop
endfacet
facet normal -0.9807852633251952 -0.19509040787318935 0
outer loop
vertex 11.06191349029541 -10.243683815002441 -11.699999809265137
vertex 11.06191349029541 -10.243683815002441 -13.334772109985352
vertex 11.099973678588867 -10.435025215148926 -11.699999809265137
endloop
endfacet
facet normal -0.19509040787318935 -0.9807852633251952 0
outer loop
vertex 10.599973678588867 -9.935025215148926 -13.306681632995605
vertex 10.791315078735352 -9.973085403442383 -13.310145378112793
vertex 10.791315078735352 -9.973085403442383 -11.699999809265137
endloop
endfacet
facet normal 1 0 0
outer loop
vertex -8.900026321411133 -10.435025215148926 -13.352185249328613
vertex -8.900026321411133 -10.435025215148926 -11.699999809265137
vertex -8.900026321411133 -24.435026168823242 -14.626285552978516
endloop
endfacet
facet normal -0.0019830822154475202 0.9999176549520273 -0.01267874994488605
outer loop
vertex 10.599973678588867 -24.935026168823242 -14.671788215637207
vertex -8.400026321411133 -24.935026168823242 -11.699999809265137
vertex 10.791315078735352 -24.89696502685547 -11.699999809265137
endloop
endfacet
facet normal -0.5555707707654928 0.8314692529919772 0
outer loop
vertex 10.953527450561523 -24.788578033447266 -11.699999809265137
vertex 10.953527450561523 -24.788578033447266 -14.65846061706543
vertex 10.791315078735352 -24.89696502685547 -11.699999809265137
endloop
endfacet
facet normal -0.8314684934421213 0.5555719075089102 0
outer loop
vertex 11.06191349029541 -24.626367568969727 -11.699999809265137
vertex 11.06191349029541 -24.626367568969727 -14.643698692321777
vertex 10.953527450561523 -24.788578033447266 -11.699999809265137
endloop
endfacet
facet normal -0.9807852633251953 0.19509040787318935 0
outer loop
vertex 11.099973678588867 -24.435026168823242 -14.626285552978516
vertex 11.06191349029541 -24.626367568969727 -11.699999809265137
vertex 11.099973678588867 -24.435026168823242 -11.699999809265137
endloop
endfacet
facet normal -1 0 0
outer loop
vertex 11.099973678588867 -10.435025215148926 -13.352185249328613
vertex 11.099973678588867 -24.435026168823242 -14.626285552978516
vertex 11.099973678588867 -24.435026168823242 -11.699999809265137
endloop
endfacet
facet normal -0.5555707707654927 -0.831469252991977 0
outer loop
vertex 10.953527450561523 -10.081472396850586 -13.320009231567383
vertex 10.953527450561523 -10.081472396850586 -11.699999809265137
vertex 10.791315078735352 -9.973085403442383 -13.310145378112793
endloop
endfacet
facet normal -0.8314700022881474 -0.5555696493644592 0
outer loop
vertex 11.06191349029541 -10.243683815002441 -13.334772109985352
vertex 11.06191349029541 -10.243683815002441 -11.699999809265137
vertex 10.953527450561523 -10.081472396850586 -13.320009231567383
endloop
endfacet
facet normal 0 0 -1
outer loop
vertex -5.650026321411133 -14.185025215148926 -11.699999809265137
vertex -8.400026321411133 -24.935026168823242 -11.699999809265137
vertex -8.400026321411133 -9.935025215148926 -11.699999809265137
endloop
endfacet
facet normal -0.9807852633251952 -0.19509040787318935 0
outer loop
vertex 11.099973678588867 -10.435025215148926 -13.352185249328613
vertex 11.099973678588867 -10.435025215148926 -11.699999809265137
vertex 11.06191349029541 -10.243683815002441 -13.334772109985352
endloop
endfacet
facet normal -1 0 0
outer loop
vertex 11.099973678588867 -10.435025215148926 -13.352185249328613
vertex 11.099973678588867 -24.435026168823242 -11.699999809265137
vertex 11.099973678588867 -10.435025215148926 -11.699999809265137
endloop
endfacet
facet normal 0 0 -1
outer loop
vertex 11.099973678588867 -24.435026168823242 -11.699999809265137
vertex 11.06191349029541 -24.626367568969727 -11.699999809265137
vertex 11.099973678588867 -10.435025215148926 -11.699999809265137
endloop
endfacet
facet normal 0 0 -1
outer loop
vertex 10.791315078735352 -24.89696502685547 -11.699999809265137
vertex -8.400026321411133 -24.935026168823242 -11.699999809265137
vertex 10.599973678588867 -9.935025215148926 -11.699999809265137
endloop
endfacet
facet normal 0 -1 0
outer loop
vertex 10.599973678588867 -9.935025215148926 -11.699999809265137
vertex -8.400026321411133 -9.935025215148926 -13.306681632995605
vertex 10.599973678588867 -9.935025215148926 -13.306681632995605
endloop
endfacet
facet normal 0.5555730288971555 -0.8314677441500905 0
outer loop
vertex -8.753579139709473 -10.081472396850586 -13.320009231567383
vertex -8.591367721557617 -9.973085403442383 -13.310145378112793
vertex -8.591367721557617 -9.973085403442383 -11.699999809265137
endloop
endfacet
facet normal 0.19509040787318935 -0.9807852633251952 0
outer loop
vertex -8.591367721557617 -9.973085403442383 -11.699999809265137
vertex -8.591367721557617 -9.973085403442383 -13.310145378112793
vertex -8.400026321411133 -9.935025215148926 -11.699999809265137
endloop
endfacet
facet normal 0 0 -1
outer loop
vertex 10.599973678588867 -9.935025215148926 -11.699999809265137
vertex -3.150026321411133 -20.685026168823242 -11.699999809265137
vertex -3.150026321411133 -14.185025215148926 -11.699999809265137
endloop
endfacet
facet normal 0 0 -1
outer loop
vertex -3.150026321411133 -14.185025215148926 -11.699999809265137
vertex -5.650026321411133 -14.185025215148926 -11.699999809265137
vertex 10.599973678588867 -9.935025215148926 -11.699999809265137
endloop
endfacet
facet normal 0 0 -1
outer loop
vertex 10.953527450561523 -24.788578033447266 -11.699999809265137
vertex 10.791315078735352 -24.89696502685547 -11.699999809265137
vertex 10.953527450561523 -10.081472396850586 -11.699999809265137
endloop
endfacet
facet normal 0 0 -1
outer loop
vertex 11.06191349029541 -24.626367568969727 -11.699999809265137
vertex 10.953527450561523 -24.788578033447266 -11.699999809265137
vertex 11.06191349029541 -10.243683815002441 -11.699999809265137
endloop
endfacet
facet normal 0 -1 0
outer loop
vertex -8.400026321411133 -9.935025215148926 -11.699999809265137
vertex -8.400026321411133 -9.935025215148926 -13.306681632995605
vertex 10.599973678588867 -9.935025215148926 -11.699999809265137
endloop
endfacet
facet normal 0.8314677441500905 -0.5555730288971555 0
outer loop
vertex -8.861966133117676 -10.243683815002441 -13.334772109985352
vertex -8.753579139709473 -10.081472396850586 -13.320009231567383
vertex -8.753579139709473 -10.081472396850586 -11.699999809265137
endloop
endfacet
facet normal 0.9807852633251952 -0.19509040787318935 0
outer loop
vertex -8.900026321411133 -10.435025215148926 -13.352185249328613
vertex -8.861966133117676 -10.243683815002441 -13.334772109985352
vertex -8.861966133117676 -10.243683815002441 -11.699999809265137
endloop
endfacet
facet normal 0.19509040787318935 -0.9807852633251953 0
outer loop
vertex -8.591367721557617 -9.973085403442383 -13.310145378112793
vertex -8.400026321411133 -9.935025215148926 -13.306681632995605
vertex -8.400026321411133 -9.935025215148926 -11.699999809265137
endloop
endfacet
facet normal 0 0 1
outer loop
vertex 15.579974174499512 56.18278503417969 -4.099999904632568
vertex 15.579974174499512 59.914974212646484 -4.099999904632568
vertex 14.123866081237793 56.029624938964844 -4.099999904632568
endloop
endfacet
facet normal 0 0 1
outer loop
vertex 12.998805046081543 59.71183395385742 -4.099999904632568
vertex 14.123866081237793 56.029624938964844 -4.099999904632568
vertex 15.579974174499512 59.914974212646484 -4.099999904632568
endloop
endfacet
facet normal 1 0 0
outer loop
vertex -9.420025825500488 50.914974212646484 -4.099999904632568
vertex -9.420025825500488 50.914974212646484 -0.5
vertex -9.420025825500488 43.414974212646484 -0.5
endloop
endfacet
facet normal 0 0 1
outer loop
vertex 12.998805046081543 59.71183395385742 -4.099999904632568
vertex 12.022107124328613 55.62353515625 -4.099999904632568
vertex 14.123866081237793 56.029624938964844 -4.099999904632568
endloop
endfacet
facet normal 0 0 1
outer loop
vertex 10.481193542480469 59.10740661621094 -4.099999904632568
vertex 12.022107124328613 55.62353515625 -4.099999904632568
vertex 12.998805046081543 59.71183395385742 -4.099999904632568
endloop
endfacet
facet normal 0 0 1
outer loop
vertex 19.137840270996094 31.20641326904297 -4.099999904632568
vertex 17.036081314086914 30.800323486328125 -4.099999904632568
vertex 12.998805046081543 27.11811637878418 -4.099999904632568
endloop
endfacet
facet normal 0 0 1
outer loop
vertex 27.78853416442871 46.972843170166016 -4.099999904632568
vertex 28.194625854492188 44.8710823059082 -4.099999904632568
vertex 31.27240562438965 48.513755798339844 -4.099999904632568
endloop
endfacet
facet normal 0 0 1
outer loop
vertex 28.194625854492188 44.8710823059082 -4.099999904632568
vertex 31.8768310546875 45.99614334106445 -4.099999904632568
vertex 31.27240562438965 48.513755798339844 -4.099999904632568
endloop
endfacet
facet normal 0 0 1
outer loop
vertex 28.194625854492188 44.8710823059082 -4.099999904632568
vertex 28.347782135009766 43.414974212646484 -4.099999904632568
vertex 31.8768310546875 45.99614334106445 -4.099999904632568
endloop
endfacet
facet normal 0 0 1
outer loop
vertex 10.481193542480469 59.10740661621094 -4.099999904632568
vertex 8.58816146850586 54.11758041381836 -4.099999904632568
vertex 12.022107124328613 55.62353515625 -4.099999904632568
endloop
endfacet
facet normal 0 0 1
outer loop
vertex 12.022107124328613 31.20641326904297 -4.099999904632568
vertex 8.58816146850586 32.71236801147461 -4.099999904632568
vertex 10.481193542480469 27.72254180908203 -4.099999904632568
endloop
endfacet
facet normal 0 0 1
outer loop
vertex 17.036081314086914 30.800323486328125 -4.099999904632568
vertex 15.579974174499512 30.647165298461914 -4.099999904632568
vertex 12.998805046081543 27.11811637878418 -4.099999904632568
endloop
endfacet
facet normal 0 0 1
outer loop
vertex 14.123866081237793 30.800323486328125 -4.099999904632568
vertex 12.022107124328613 31.20641326904297 -4.099999904632568
vertex 12.998805046081543 27.11811637878418 -4.099999904632568
endloop
endfacet
facet normal 0 0 1
outer loop
vertex 10.481193542480469 27.72254180908203 -4.099999904632568
vertex 12.998805046081543 27.11811637878418 -4.099999904632568
vertex 12.022107124328613 31.20641326904297 -4.099999904632568
endloop
endfacet
facet normal 0 0 1
outer loop
vertex 28.347782135009766 43.414974212646484 -4.099999904632568
vertex 28.194625854492188 41.958866119384766 -4.099999904632568
vertex 31.8768310546875 45.99614334106445 -4.099999904632568
endloop
endfacet
facet normal 0 0 1
outer loop
vertex 5.101144313812256 36.07197189331055 -4.099999904632568
vertex 5.881516933441162 30.066194534301758 -4.099999904632568
vertex 8.236971855163574 32.9361457824707 -4.099999904632568
endloop
endfacet
facet normal 0 0 1
outer loop
vertex 8.58816146850586 32.71236801147461 -4.099999904632568
vertex 8.236971855163574 32.9361457824707 -4.099999904632568
vertex 5.881516933441162 30.066194534301758 -4.099999904632568
endloop
endfacet
facet normal 0 0 1
outer loop
vertex 28.194625854492188 41.958866119384766 -4.099999904632568
vertex 27.78853416442871 39.85710906982422 -4.099999904632568
vertex 32.07997512817383 43.414974212646484 -4.099999904632568
endloop
endfacet
facet normal 0 0 1
outer loop
vertex 32.07997512817383 43.414974212646484 -4.099999904632568
vertex 26.282581329345703 36.423160552978516 -4.099999904632568
vertex 31.8768310546875 40.833805084228516 -4.099999904632568
endloop
endfacet
facet normal 0 0 1
outer loop
vertex 27.78853416442871 39.85710906982422 -4.099999904632568
vertex 26.282581329345703 36.423160552978516 -4.099999904632568
vertex 32.07997512817383 43.414974212646484 -4.099999904632568
endloop
endfacet
facet normal 0 0 1
outer loop
vertex 31.27240562438965 38.316192626953125 -4.099999904632568
vertex 31.8768310546875 40.833805084228516 -4.099999904632568
vertex 26.282581329345703 36.423160552978516 -4.099999904632568
endloop
endfacet
facet normal 0 0 1
outer loop
vertex 31.27240562438965 38.316192626953125 -4.099999904632568
vertex 22.922975540161133 32.9361457824707 -4.099999904632568
vertex 30.28158187866211 35.924129486083984 -4.099999904632568
endloop
endfacet
facet normal 0 0 1
outer loop
vertex 26.282581329345703 36.423160552978516 -4.099999904632568
vertex 26.05880355834961 36.07197189331055 -4.099999904632568
vertex 31.27240562438965 38.316192626953125 -4.099999904632568
endloop
endfacet
facet normal 0 0 1
outer loop
vertex 15.579974174499512 59.914974212646484 -4.099999904632568
vertex 15.579974174499512 56.18278503417969 -4.099999904632568
vertex 17.036081314086914 56.029624938964844 -4.099999904632568
endloop
endfacet
facet normal 0 0 1
outer loop
vertex 26.05880355834961 36.07197189331055 -4.099999904632568
vertex 22.922975540161133 32.9361457824707 -4.099999904632568
vertex 31.27240562438965 38.316192626953125 -4.099999904632568
endloop
endfacet
facet normal 0 0 1
outer loop
vertex 5.881516933441162 30.066194534301758 -4.099999904632568
vertex 8.089130401611328 28.713367462158203 -4.099999904632568
vertex 8.58816146850586 32.71236801147461 -4.099999904632568
endloop
endfacet
facet normal 0 0 1
outer loop
vertex 31.8768310546875 45.99614334106445 -4.099999904632568
vertex 28.194625854492188 41.958866119384766 -4.099999904632568
vertex 32.07997512817383 43.414974212646484 -4.099999904632568
endloop
endfacet
facet normal -1 0 0
outer loop
vertex -3.4200263023376465 24.26497459411621 -4.099999904632568
vertex -3.4200263023376465 24.26497459411621 -0.5
vertex -3.4200263023376465 35.51497268676758 -0.5
endloop
endfacet
facet normal -1 0 0
outer loop
vertex -3.4200263023376465 35.51497268676758 -0.5
vertex -3.4200263023376465 35.51497268676758 -4.099999904632568
vertex -3.4200263023376465 24.26497459411621 -4.099999904632568
endloop
endfacet
facet normal 0 0 1
outer loop
vertex -9.420025825500488 35.51497268676758 -4.099999904632568
vertex -3.4200263023376465 24.26497459411621 -4.099999904632568
vertex -3.4200263023376465 35.51497268676758 -4.099999904632568
endloop
endfacet
facet normal 0 0 1
outer loop
vertex -9.420025825500488 35.51497268676758 -4.099999904632568
vertex -10.788503646850586 24.26497459411621 -4.099999904632568
vertex -3.4200263023376465 24.26497459411621 -4.099999904632568
endloop
endfacet
facet normal 0 0 1
outer loop
vertex 19.137840270996094 31.20641326904297 -4.099999904632568
vertex 12.998805046081543 27.11811637878418 -4.099999904632568
vertex 30.28158187866211 35.924129486083984 -4.099999904632568
endloop
endfacet
facet normal 0 0 1
outer loop
vertex 22.571786880493164 32.71236801147461 -4.099999904632568
vertex 19.137840270996094 31.20641326904297 -4.099999904632568
vertex 30.28158187866211 35.924129486083984 -4.099999904632568
endloop
endfacet
facet normal 0 0 1
outer loop
vertex 22.922975540161133 32.9361457824707 -4.099999904632568
vertex 22.571786880493164 32.71236801147461 -4.099999904632568
vertex 30.28158187866211 35.924129486083984 -4.099999904632568
endloop
endfacet
facet normal 0 0 1
outer loop
vertex 8.089130401611328 58.116580963134766 -4.099999904632568
vertex 8.58816146850586 54.11758041381836 -4.099999904632568
vertex 10.481193542480469 59.10740661621094 -4.099999904632568
endloop
endfacet
facet normal 0 0 1
outer loop
vertex 5.881516933441162 56.763755798339844 -4.099999904632568
vertex 8.236971855163574 53.893802642822266 -4.099999904632568
vertex 8.089130401611328 58.116580963134766 -4.099999904632568
endloop
endfacet
facet normal 0 0 1
outer loop
vertex 8.58816146850586 54.11758041381836 -4.099999904632568
vertex 8.089130401611328 58.116580963134766 -4.099999904632568
vertex 8.236971855163574 53.893802642822266 -4.099999904632568
endloop
endfacet
facet normal 0 0 1
outer loop
vertex 5.881516933441162 56.763755798339844 -4.099999904632568
vertex 5.101144313812256 50.75797653198242 -4.099999904632568
vertex 8.236971855163574 53.893802642822266 -4.099999904632568
endloop
endfacet
facet normal 0 0 1
outer loop
vertex 5.881516933441162 56.763755798339844 -4.099999904632568
vertex 4.877366065979004 50.40678787231445 -4.099999904632568
vertex 5.101144313812256 50.75797653198242 -4.099999904632568
endloop
endfacet
facet normal 0 0 1
outer loop
vertex 3.9127118587493896 55.082237243652344 -4.099999904632568
vertex 4.877366065979004 50.40678787231445 -4.099999904632568
vertex 5.881516933441162 56.763755798339844 -4.099999904632568
endloop
endfacet
facet normal 0 0 1
outer loop
vertex 3.9127118587493896 55.082237243652344 -4.099999904632568
vertex 3.371413230895996 46.972843170166016 -4.099999904632568
vertex 4.877366065979004 50.40678787231445 -4.099999904632568
endloop
endfacet
facet normal 0 0 1
outer loop
vertex 3.9127118587493896 55.082237243652344 -4.099999904632568
vertex 2.965322256088257 44.8710823059082 -4.099999904632568
vertex 3.371413230895996 46.972843170166016 -4.099999904632568
endloop
endfacet
facet normal 0 0 1
outer loop
vertex -10.788503646850586 24.26497459411621 -4.099999904632568
vertex -9.420025825500488 35.51497268676758 -4.099999904632568
vertex -11.550025939941406 25.02649688720703 -4.099999904632568
endloop
endfacet
facet normal 0 0 1
outer loop
vertex 22.922975540161133 53.893802642822266 -4.099999904632568
vertex 26.05880355834961 50.75797653198242 -4.099999904632568
vertex 25.278430938720703 56.763755798339844 -4.099999904632568
endloop
endfacet
facet normal 0 0 1
outer loop
vertex 15.579974174499512 59.914974212646484 -4.099999904632568
vertex 17.036081314086914 56.029624938964844 -4.099999904632568
vertex 18.161142349243164 59.71183395385742 -4.099999904632568
endloop
endfacet
facet normal 0 0 1
outer loop
vertex 22.571786880493164 54.11758041381836 -4.099999904632568
vertex 22.922975540161133 53.893802642822266 -4.099999904632568
vertex 25.278430938720703 56.763755798339844 -4.099999904632568
endloop
endfacet
facet normal 0 0 1
outer loop
vertex 26.282581329345703 50.40678787231445 -4.099999904632568
vertex 27.78853416442871 46.972843170166016 -4.099999904632568
vertex 28.928754806518555 53.11343002319336 -4.099999904632568
endloop
endfacet
facet normal 0 0 1
outer loop
vertex 26.05880355834961 50.75797653198242 -4.099999904632568
vertex 26.282581329345703 50.40678787231445 -4.099999904632568
vertex 28.928754806518555 53.11343002319336 -4.099999904632568
endloop
endfacet
facet normal 0 0 1
outer loop
vertex 27.78853416442871 46.972843170166016 -4.099999904632568
vertex 31.27240562438965 48.513755798339844 -4.099999904632568
vertex 30.28158187866211 50.905818939208984 -4.099999904632568
endloop
endfacet
facet normal 0 0 1
outer loop
vertex 28.928754806518555 53.11343002319336 -4.099999904632568
vertex 27.78853416442871 46.972843170166016 -4.099999904632568
vertex 30.28158187866211 50.905818939208984 -4.099999904632568
endloop
endfacet
facet normal 0 0 1
outer loop
vertex 8.089130401611328 28.713367462158203 -4.099999904632568
vertex 10.481193542480469 27.72254180908203 -4.099999904632568
vertex 8.58816146850586 32.71236801147461 -4.099999904632568
endloop
endfacet
facet normal 0 0 1
outer loop
vertex 26.05880355834961 50.75797653198242 -4.099999904632568
vertex 28.928754806518555 53.11343002319336 -4.099999904632568
vertex 27.247236251831055 55.082237243652344 -4.099999904632568
endloop
endfacet
facet normal 0 0 1
outer loop
vertex 17.036081314086914 56.029624938964844 -4.099999904632568
vertex 19.137840270996094 55.62353515625 -4.099999904632568
vertex 18.161142349243164 59.71183395385742 -4.099999904632568
endloop
endfacet
facet normal 0 0 1
outer loop
vertex 18.161142349243164 59.71183395385742 -4.099999904632568
vertex 19.137840270996094 55.62353515625 -4.099999904632568
vertex 20.678754806518555 59.10740661621094 -4.099999904632568
endloop
endfacet
facet normal 0 0 1
outer loop
vertex 25.278430938720703 56.763755798339844 -4.099999904632568
vertex 26.05880355834961 50.75797653198242 -4.099999904632568
vertex 27.247236251831055 55.082237243652344 -4.099999904632568
endloop
endfacet
facet normal 0 0 1
outer loop
vertex 5.101144313812256 36.07197189331055 -4.099999904632568
vertex 3.9127118587493896 31.747713088989258 -4.099999904632568
vertex 5.881516933441162 30.066194534301758 -4.099999904632568
endloop
endfacet
facet normal 0 0 1
outer loop
vertex 3.9127118587493896 31.747713088989258 -4.099999904632568
vertex 5.101144313812256 36.07197189331055 -4.099999904632568
vertex 2.2311933040618896 33.71651840209961 -4.099999904632568
endloop
endfacet
facet normal 0 0 1
outer loop
vertex 20.678754806518555 59.10740661621094 -4.099999904632568
vertex 19.137840270996094 55.62353515625 -4.099999904632568
vertex 22.571786880493164 54.11758041381836 -4.099999904632568
endloop
endfacet
facet normal 0 0 1
outer loop
vertex 20.678754806518555 59.10740661621094 -4.099999904632568
vertex 22.571786880493164 54.11758041381836 -4.099999904632568
vertex 23.070817947387695 58.116580963134766 -4.099999904632568
endloop
endfacet
facet normal 0 0 1
outer loop
vertex 23.070817947387695 58.116580963134766 -4.099999904632568
vertex 22.571786880493164 54.11758041381836 -4.099999904632568
vertex 25.278430938720703 56.763755798339844 -4.099999904632568
endloop
endfacet
facet normal 0 0 1
outer loop
vertex 3.9127118587493896 55.082237243652344 -4.099999904632568
vertex 0.8839774131774902 35.914974212646484 -4.099999904632568
vertex 2.965322256088257 44.8710823059082 -4.099999904632568
endloop
endfacet
facet normal 0 0 1
outer loop
vertex -12.420025825500488 42.55335235595703 -4.099999904632568
vertex -11.550025939941406 25.02649688720703 -4.099999904632568
vertex -9.420025825500488 43.414974212646484 -4.099999904632568
endloop
endfacet
facet normal 0 0 1
outer loop
vertex -12.420025825500488 42.55335235595703 -4.099999904632568
vertex -9.420025825500488 43.414974212646484 -4.099999904632568
vertex -12.420025825500488 43.414974212646484 -4.099999904632568
endloop
endfacet
facet normal 0 0 1
outer loop
vertex 2.2311933040618896 53.11343002319336 -4.099999904632568
vertex 0.8839774131774902 35.914974212646484 -4.099999904632568
vertex 3.9127118587493896 55.082237243652344 -4.099999904632568
endloop
endfacet
facet normal 0 0 1
outer loop
vertex 0.8839774131774902 50.914974212646484 -4.099999904632568
vertex 0.8839774131774902 35.914974212646484 -4.099999904632568
vertex 2.2311933040618896 53.11343002319336 -4.099999904632568
endloop
endfacet
facet normal 1 0 0
outer loop
vertex -12.420025825500488 43.414974212646484 -4.099999904632568
vertex -12.420025825500488 42.55335235595703 -0.5
vertex -12.420025825500488 42.55335235595703 -4.099999904632568
endloop
endfacet
facet normal 0 -1 0
outer loop
vertex -12.420025825500488 43.414974212646484 -0.5
vertex -12.420025825500488 43.414974212646484 -4.099999904632568
vertex -9.420025825500488 43.414974212646484 -4.099999904632568
endloop
endfacet
facet normal 0 0 1
outer loop
vertex 0.5799738168716431 50.914974212646484 -4.099999904632568
vertex 0.5799738168716431 35.914974212646484 -4.099999904632568
vertex 0.8839774131774902 50.914974212646484 -4.099999904632568
endloop
endfacet
facet normal 0 0 1
outer loop
vertex -9.420025825500488 43.414974212646484 -4.099999904632568
vertex -11.550025939941406 25.02649688720703 -4.099999904632568
vertex -9.420025825500488 35.51497268676758 -4.099999904632568
endloop
endfacet
facet normal 0 0 1
outer loop
vertex 2.812164783477783 43.414974212646484 -4.099999904632568
vertex 2.965322256088257 44.8710823059082 -4.099999904632568
vertex 0.8839774131774902 35.914974212646484 -4.099999904632568
endloop
endfacet
facet normal 0 0 1
outer loop
vertex 2.965322256088257 41.958866119384766 -4.099999904632568
vertex 2.812164783477783 43.414974212646484 -4.099999904632568
vertex 0.8839774131774902 35.914974212646484 -4.099999904632568
endloop
endfacet
facet normal 0 0 1
outer loop
vertex 0.5799738168716431 35.914974212646484 -4.099999904632568
vertex 0.8839774131774902 35.914974212646484 -4.099999904632568
vertex 0.8839774131774902 50.914974212646484 -4.099999904632568
endloop
endfacet
facet normal 0 0 1
outer loop
vertex 3.371413230895996 39.85710906982422 -4.099999904632568
vertex 2.965322256088257 41.958866119384766 -4.099999904632568
vertex 0.8839774131774902 35.914974212646484 -4.099999904632568
endloop
endfacet
facet normal 1 0 0
outer loop
vertex -9.420025825500488 43.414974212646484 -0.5
vertex -9.420025825500488 43.414974212646484 -4.099999904632568
vertex -9.420025825500488 50.914974212646484 -4.099999904632568
endloop
endfacet
facet normal 0 0 1
outer loop
vertex 3.371413230895996 39.85710906982422 -4.099999904632568
vertex 2.2311933040618896 33.71651840209961 -4.099999904632568
vertex 4.877366065979004 36.423160552978516 -4.099999904632568
endloop
endfacet
facet normal 0 0 1
outer loop
vertex 2.2311933040618896 33.71651840209961 -4.099999904632568
vertex 5.101144313812256 36.07197189331055 -4.099999904632568
vertex 4.877366065979004 36.423160552978516 -4.099999904632568
endloop
endfacet
facet normal 1 0 0
outer loop
vertex -12.420025825500488 42.55335235595703 -0.5
vertex -12.420025825500488 43.414974212646484 -4.099999904632568
vertex -12.420025825500488 43.414974212646484 -0.5
endloop
endfacet
facet normal 0 -1 0
outer loop
vertex -9.420025825500488 43.414974212646484 -4.099999904632568
vertex -9.420025825500488 43.414974212646484 -0.5
vertex -12.420025825500488 43.414974212646484 -0.5
endloop
endfacet
facet normal 0 0 1
outer loop
vertex 0.8839774131774902 35.914974212646484 -4.099999904632568
vertex 2.2311933040618896 33.71651840209961 -4.099999904632568
vertex 3.371413230895996 39.85710906982422 -4.099999904632568
endloop
endfacet
facet normal 0 0 1
outer loop
vertex 15.579974174499512 30.647165298461914 -4.099999904632568
vertex 14.123866081237793 30.800323486328125 -4.099999904632568
vertex 12.998805046081543 27.11811637878418 -4.099999904632568
endloop
endfacet
facet normal 0 0 1
outer loop
vertex -9.420025825500488 51.31497573852539 -4.900000095367432
vertex 0.5799738168716431 35.51497268676758 -4.900000095367432
vertex 0.5799738168716431 51.31497573852539 -4.900000095367432
endloop
endfacet
facet normal 0 1 0
outer loop
vertex 0.5799738168716431 35.51497268676758 -4.099999904632568
vertex -3.4200263023376465 35.51497268676758 -0.5
vertex -0.7412577271461487 35.51497268676758 -0.5
endloop
endfacet
facet normal 1 0 0
outer loop
vertex -9.420025825500488 35.51497268676758 -4.099999904632568
vertex -9.420025825500488 51.31497573852539 -4.900000095367432
vertex -9.420025825500488 43.414974212646484 -4.099999904632568
endloop
endfacet
facet normal 0 1 0
outer loop
vertex 0.5799738168716431 35.51497268676758 -4.900000095367432
vertex -3.4200263023376465 35.51497268676758 -0.5
vertex 0.5799738168716431 35.51497268676758 -4.099999904632568
endloop
endfacet
facet normal 0 1 0
outer loop
vertex -3.4200263023376465 35.51497268676758 -0.5
vertex 0.5799738168716431 35.51497268676758 -4.900000095367432
vertex -3.4200263023376465 35.51497268676758 -4.099999904632568
endloop
endfacet
facet normal -1 0 0
outer loop
vertex 0.5799738168716431 51.31497573852539 -4.900000095367432
vertex 0.5799738168716431 50.914974212646484 -4.099999904632568
vertex 0.5799738168716431 51.31497573852539 -4.099999904632568
endloop
endfacet
facet normal -1 0 0
outer loop
vertex 0.5799738168716431 51.31497573852539 -4.900000095367432
vertex 0.5799738168716431 35.914974212646484 -4.099999904632568
vertex 0.5799738168716431 50.914974212646484 -4.099999904632568
endloop
endfacet
facet normal 0 -1 0
outer loop
vertex -9.420025825500488 51.31497573852539 -4.900000095367432
vertex 0.5799738168716431 51.31497573852539 -4.900000095367432
vertex 0.5799738168716431 51.31497573852539 -4.099999904632568
endloop
endfacet
facet normal -1 0 0
outer loop
vertex 0.5799738168716431 35.51497268676758 -4.900000095367432
vertex 0.5799738168716431 35.51497268676758 -4.099999904632568
vertex 0.5799738168716431 35.914974212646484 -4.099999904632568
endloop
endfacet
facet normal 0 -1 0
outer loop
vertex -9.420025825500488 51.31497573852539 -0.5
vertex 0.5799738168716431 51.31497573852539 -4.099999904632568
vertex -0.7412577271461487 51.31497573852539 -0.5
endloop
endfacet
facet normal 1 0 0
outer loop
vertex -9.420025825500488 50.914974212646484 -0.5
vertex -9.420025825500488 51.31497573852539 -4.900000095367432
vertex -9.420025825500488 51.31497573852539 -0.5
endloop
endfacet
facet normal -1 0 0
outer loop
vertex 0.5799738168716431 51.31497573852539 -4.900000095367432
vertex 0.5799738168716431 35.51497268676758 -4.900000095367432
vertex 0.5799738168716431 35.914974212646484 -4.099999904632568
endloop
endfacet
facet normal 0 -1 0
outer loop
vertex -9.420025825500488 51.31497573852539 -0.5
vertex -9.420025825500488 51.31497573852539 -4.900000095367432
vertex 0.5799738168716431 51.31497573852539 -4.099999904632568
endloop
endfacet
facet normal 1 0 0
outer loop
vertex -9.420025825500488 51.31497573852539 -4.900000095367432
vertex -9.420025825500488 50.914974212646484 -0.5
vertex -9.420025825500488 50.914974212646484 -4.099999904632568
endloop
endfacet
facet normal 0 1 0
outer loop
vertex -9.420025825500488 35.51497268676758 -4.099999904632568
vertex -3.4200263023376465 35.51497268676758 -4.099999904632568
vertex -9.420025825500488 35.51497268676758 -4.900000095367432
endloop
endfacet
facet normal 0 1 0
outer loop
vertex 0.5799738168716431 35.51497268676758 -4.900000095367432
vertex -9.420025825500488 35.51497268676758 -4.900000095367432
vertex -3.4200263023376465 35.51497268676758 -4.099999904632568
endloop
endfacet
facet normal 0 0 1
outer loop
vertex -9.420025825500488 35.51497268676758 -4.900000095367432
vertex 0.5799738168716431 35.51497268676758 -4.900000095367432
vertex -9.420025825500488 51.31497573852539 -4.900000095367432
endloop
endfacet
facet normal 1 0 0
outer loop
vertex -9.420025825500488 35.51497268676758 -4.099999904632568
vertex -9.420025825500488 35.51497268676758 -4.900000095367432
vertex -9.420025825500488 51.31497573852539 -4.900000095367432
endloop
endfacet
facet normal 1 0 0
outer loop
vertex -9.420025825500488 43.414974212646484 -4.099999904632568
vertex -9.420025825500488 51.31497573852539 -4.900000095367432
vertex -9.420025825500488 50.914974212646484 -4.099999904632568
endloop
endfacet
facet normal 0.9063057821945009 0.422622561111938 0
outer loop
vertex 5.3212432861328125 39.485721588134766 -5.549038887023926
vertex 5.243354797363281 39.65275192260742 -8.793840408325195
vertex 5.243354797363281 39.65275192260742 -5.545279026031494
endloop
endfacet
facet normal -0.0871554804107434 -0.9961947210432167 0
outer loop
vertex 17.49010467529297 54.247859954833984 -7.46558141708374
vertex 15.579974174499512 54.414974212646484 -5.504171371459961
vertex 15.579974174499512 54.414974212646484 -7.45037317276001
endloop
endfacet
facet normal -0.8191519992174644 -0.5735765007198529 0
outer loop
vertex 24.00646209716797 50.48563766479492 -5.446519374847412
vertex 25.106252670288086 48.914974212646484 -7.950911998748779
vertex 25.106252670288086 48.914974212646484 -5.386653900146484
endloop
endfacet
facet normal -0.7071067811865475 -0.7071067811865475 0
outer loop
vertex 23.847911834716797 50.644187927246094 -5.481316566467285
vertex 24.00646209716797 50.48563766479492 -7.8079705238342285
vertex 24.00646209716797 50.48563766479492 -5.446519374847412
endloop
endfacet
facet normal -0.42261909197124475 -0.9063073998933258 0
outer loop
vertex 21.079973220825195 52.941253662109375 -7.584492206573486
vertex 21.079973220825195 52.941253662109375 -5.386653900146484
vertex 19.509227752685547 53.6737060546875 -5.549038887023926
endloop
endfacet
facet normal -0.5735758332359411 -0.8191524665944038 0
outer loop
vertex 21.079973220825195 52.941253662109375 -5.386653900146484
vertex 22.650636672973633 51.84146499633789 -7.6845808029174805
vertex 22.650636672973633 51.84146499633789 -5.446519374847412
endloop
endfacet
facet normal -0.258820762561754 -0.9659253660956172 0
outer loop
vertex 17.49010467529297 54.247859954833984 -5.442880630493164
vertex 17.49010467529297 54.247859954833984 -7.46558141708374
vertex 18.480484008789062 53.982486724853516 -5.536246299743652
endloop
endfacet
facet normal 0.0871554804107434 -0.9961947210432167 0
outer loop
vertex 13.669843673706055 54.247859954833984 -5.442880630493164
vertex 15.579974174499512 54.414974212646484 -7.45037317276001
vertex 15.579974174499512 54.414974212646484 -5.504171371459961
endloop
endfacet
facet normal 0.2588185406561341 -0.965925961454309 -0.0000010945185479798546
outer loop
vertex 11.81775188446045 53.75159454345703 -7.510745525360107
vertex 13.669843673706055 54.247859954833984 -7.46558141708374
vertex 12.679463386535645 53.982486724853516 -5.536246299743652
endloop
endfacet
facet normal 0.25882053002886035 -0.9659254284030315 0
outer loop
vertex 12.679463386535645 53.982486724853516 -5.536246299743652
vertex 13.669843673706055 54.247859954833984 -7.46558141708374
vertex 13.669843673706055 54.247859954833984 -5.442880630493164
endloop
endfacet
facet normal 0.2588161516740197 -0.9659266015762534 2.2935685311856438e-8
outer loop
vertex 12.03519058227539 53.80985641479492 -5.575359344482422
vertex 11.81775188446045 53.75159454345703 -7.510745525360107
vertex 12.679463386535645 53.982486724853516 -5.536246299743652
endloop
endfacet
facet normal 0.42261904440654596 -0.9063074220731605 0
outer loop
vertex 10.079974174499512 52.941253662109375 -7.584492206573486
vertex 11.81775188446045 53.75159454345703 -7.510745525360107
vertex 10.079974174499512 52.941253662109375 -5.386653900146484
endloop
endfacet
facet normal 0.4226205791053225 -0.9063067064281727 0
outer loop
vertex 11.650720596313477 53.6737060546875 -5.549038887023926
vertex 11.81775188446045 53.75159454345703 -7.510745525360107
vertex 11.81775188446045 53.75159454345703 -5.545279026031494
endloop
endfacet
facet normal -0.7071110343197141 -0.7071025280277989 0
outer loop
vertex 22.650636672973633 51.84146499633789 -7.6845808029174805
vertex 22.809188842773438 51.68291091918945 -5.481316566467285
vertex 22.650636672973633 51.84146499633789 -5.446519374847412
endloop
endfacet
facet normal -0.8191519992174644 -0.5735765007198529 0
outer loop
vertex 24.00646209716797 50.48563766479492 -7.8079705238342285
vertex 25.106252670288086 48.914974212646484 -7.950911998748779
vertex 24.00646209716797 50.48563766479492 -5.446519374847412
endloop
endfacet
facet normal -0.7071073029948691 -0.7071062593776369 -5.370351684945694e-7
outer loop
vertex 22.650636672973633 51.84146499633789 -7.6845808029174805
vertex 24.00646209716797 50.48563766479492 -7.8079705238342285
vertex 22.809188842773438 51.68291091918945 -5.481316566467285
endloop
endfacet
facet normal 0.8191519992174644 -0.5735765007198529 0
outer loop
vertex 6.053694248199463 48.914974212646484 -5.386653900146484
vertex 7.15348482131958 50.48563766479492 -7.8079705238342285
vertex 7.15348482131958 50.48563766479492 -5.446519374847412
endloop
endfacet
facet normal 0.7071057178816708 -0.7071078444898254 0
outer loop
vertex 7.15348482131958 50.48563766479492 -5.446519374847412
vertex 7.15348482131958 50.48563766479492 -7.8079705238342285
vertex 7.31203556060791 50.644187927246094 -5.481316566467285
endloop
endfacet
facet normal 0.7071064565809437 -0.70710710579086 -0.0000012709923300364022
outer loop
vertex 7.31203556060791 50.644187927246094 -5.481316566467285
vertex 8.509309768676758 51.84146499633789 -7.6845808029174805
vertex 8.350759506225586 51.68291091918945 -5.481316566467285
endloop
endfacet
facet normal 0.7071152874784619 -0.7070982747923037 0
outer loop
vertex 8.350759506225586 51.68291091918945 -5.481316566467285
vertex 8.509309768676758 51.84146499633789 -7.6845808029174805
vertex 8.509309768676758 51.84146499633789 -5.446519374847412
endloop
endfacet
facet normal -0.7071025279766339 0.7071110343708784 0
outer loop
vertex 22.650636672973633 34.988487243652344 -5.446519374847412
vertex 22.809188842773438 35.147037506103516 -5.481316566467285
vertex 22.650636672973633 34.988487243652344 -9.218321800231934
endloop
endfacet
facet normal -0.9063076087747968 -0.42261864402415233 -3.111464100514344e-7
outer loop
vertex 25.106252670288086 48.914974212646484 -5.386653900146484
vertex 25.916593551635742 47.17719650268555 -8.109062194824219
vertex 25.83870506286621 47.3442268371582 -5.549038887023926
endloop
endfacet
facet normal -0.906305782194501 -0.4226225611119381 0
outer loop
vertex 25.916593551635742 47.17719650268555 -8.109062194824219
vertex 25.916593551635742 47.17719650268555 -5.545279026031494
vertex 25.83870506286621 47.3442268371582 -5.549038887023926
endloop
endfacet
facet normal -0.965926266752479 -0.25881740126509845 0
outer loop
vertex 25.974855422973633 46.95975875854492 -5.575359344482422
vertex 25.916593551635742 47.17719650268555 -5.545279026031494
vertex 25.916593551635742 47.17719650268555 -8.109062194824219
endloop
endfacet
facet normal 0.25881634214584237 -0.965926550540074 0
outer loop
vertex 11.81775188446045 53.75159454345703 -5.545279026031494
vertex 11.81775188446045 53.75159454345703 -7.510745525360107
vertex 12.03519058227539 53.80985641479492 -5.575359344482422
endloop
endfacet
facet normal 0.9961946956732183 0.08715577039154773 0
outer loop
vertex 4.747088432312012 41.504844665527344 -5.442880630493164
vertex 4.5799736976623535 43.414974212646484 -8.451451301574707
vertex 4.5799736976623535 43.414974212646484 -5.504171371459961
endloop
endfacet
facet normal 0.9961946956732182 -0.08715577039154772 0
outer loop
vertex 4.5799736976623535 43.414974212646484 -5.504171371459961
vertex 4.747088432312012 45.325103759765625 -8.277615547180176
vertex 4.747088432312012 45.325103759765625 -5.442880630493164
endloop
endfacet
facet normal 0.4226190415706654 0.9063074233955527 -8.135577564049984e-8
outer loop
vertex 11.81775188446045 33.07835388183594 -9.392157554626465
vertex 10.079974174499512 33.888694763183594 -9.318410873413086
vertex 11.650720596313477 33.15624237060547 -5.549038887023926
endloop
endfacet
facet normal 0.25881850320610217 0.9659259714894557 -5.515007282783518e-7
outer loop
vertex 13.669843673706055 32.582088470458984 -9.437321662902832
vertex 11.81775188446045 33.07835388183594 -9.392157554626465
vertex 12.679463386535645 32.84746170043945 -5.536246299743652
endloop
endfacet
facet normal 0.0871554804107434 0.9961947210432168 0
outer loop
vertex 15.579974174499512 32.414974212646484 -9.452529907226562
vertex 13.669843673706055 32.582088470458984 -9.437321662902832
vertex 15.579974174499512 32.414974212646484 -5.504171371459961
endloop
endfacet
facet normal -0.08715548041074342 0.9961947210432168 0
outer loop
vertex 17.49010467529297 32.582088470458984 -9.437321662902832
vertex 15.579974174499512 32.414974212646484 -9.452529907226562
vertex 17.49010467529297 32.582088470458984 -5.442880630493164
endloop
endfacet
facet normal 0.4226188661299005 -0.9063075052050743 -1.7756784334284763e-7
outer loop
vertex 10.079974174499512 52.941253662109375 -5.386653900146484
vertex 11.81775188446045 53.75159454345703 -7.510745525360107
vertex 11.650720596313477 53.6737060546875 -5.549038887023926
endloop
endfacet
facet normal -0.2588186268749917 0.9659259383525252 -5.811222509761656e-7
outer loop
vertex 19.342195510864258 33.07835388183594 -9.392157554626465
vertex 17.49010467529297 32.582088470458984 -9.437321662902832
vertex 18.480484008789062 32.84746170043945 -5.536246299743652
endloop
endfacet
facet normal 0.9659257148945087 -0.25881946083231894 0
outer loop
vertex 4.747088432312012 45.325103759765625 -5.442880630493164
vertex 4.747088432312012 45.325103759765625 -8.277615547180176
vertex 5.012460231781006 46.31548309326172 -5.536246299743652
endloop
endfacet
facet normal 0.9659261759519958 -0.25881774013914 1.5061564125967836e-7
outer loop
vertex 5.012460231781006 46.31548309326172 -5.536246299743652
vertex 5.243354797363281 47.17719650268555 -8.109062194824219
vertex 5.185092449188232 46.95975875854492 -5.575359344482422
endloop
endfacet
facet normal 0.96592573718903 -0.2588193776281615 0
outer loop
vertex 5.185092449188232 46.95975875854492 -5.575359344482422
vertex 5.243354797363281 47.17719650268555 -8.109062194824219
vertex 5.243354797363281 47.17719650268555 -5.545279026031494
endloop
endfacet
facet normal 0.906305782194501 -0.4226225611119381 0
outer loop
vertex 5.243354797363281 47.17719650268555 -5.545279026031494
vertex 5.243354797363281 47.17719650268555 -8.109062194824219
vertex 5.3212432861328125 47.3442268371582 -5.549038887023926
endloop
endfacet
facet normal -0.5735758332359411 -0.8191524665944037 0
outer loop
vertex 22.650636672973633 51.84146499633789 -7.6845808029174805
vertex 21.079973220825195 52.941253662109375 -5.386653900146484
vertex 21.079973220825195 52.941253662109375 -7.584492206573486
endloop
endfacet
facet normal 0.42261888120830726 0.9063074981739027 0
outer loop
vertex 11.650720596313477 33.15624237060547 -5.549038887023926
vertex 10.079974174499512 33.888694763183594 -9.318410873413086
vertex 10.079974174499512 33.888694763183594 -5.386653900146484
endloop
endfacet
facet normal -0.9961947172651381 -0.08715552359450154 0
outer loop
vertex 26.412858963012695 45.325103759765625 -8.277615547180176
vertex 26.579973220825195 43.414974212646484 -8.451451301574707
vertex 26.412858963012695 45.325103759765625 -5.442880630493164
endloop
endfacet
facet normal -0.25881651884819235 -0.9659265031933232 -1.488111823486602e-7
outer loop
vertex 18.480484008789062 53.982486724853516 -5.536246299743652
vertex 19.342195510864258 53.75159454345703 -7.510745525360107
vertex 19.124755859375 53.80985641479492 -5.575359344482422
endloop
endfacet
facet normal -0.965926007233861 -0.25881836980629136 -2.5444176785317356e-7
outer loop
vertex 25.916593551635742 47.17719650268555 -8.109062194824219
vertex 26.412858963012695 45.325103759765625 -8.277615547180176
vertex 26.14748764038086 46.31548309326172 -5.536246299743652
endloop
endfacet
facet normal 0.906307912598174 -0.4226179924730378 0
outer loop
vertex 6.053694248199463 48.914974212646484 -7.950911998748779
vertex 6.053694248199463 48.914974212646484 -5.386653900146484
vertex 5.3212432861328125 47.3442268371582 -5.549038887023926
endloop
endfacet
facet normal -0.9659261731785918 -0.25881775048972205 -3.2121526848020226e-8
outer loop
vertex 26.14748764038086 46.31548309326172 -5.536246299743652
vertex 25.974855422973633 46.95975875854492 -5.575359344482422
vertex 25.916593551635742 47.17719650268555 -8.109062194824219
endloop
endfacet
facet normal 0.4226205791053225 0.9063067064281727 0
outer loop
vertex 11.81775188446045 33.07835388183594 -9.392157554626465
vertex 11.650720596313477 33.15624237060547 -5.549038887023926
vertex 11.81775188446045 33.07835388183594 -5.545279026031494
endloop
endfacet
facet normal -0.9659258311604719 -0.25881902692219383 0
outer loop
vertex 26.14748764038086 46.31548309326172 -5.536246299743652
vertex 26.412858963012695 45.325103759765625 -8.277615547180176
vertex 26.412858963012695 45.325103759765625 -5.442880630493164
endloop
endfacet
facet normal -0.996194717265138 -0.08715552359450154 0
outer loop
vertex 26.412858963012695 45.325103759765625 -5.442880630493164
vertex 26.579973220825195 43.414974212646484 -8.451451301574707
vertex 26.579973220825195 43.414974212646484 -5.504171371459961
endloop
endfacet
facet normal 0.25881634214584237 0.965926550540074 0
outer loop
vertex 11.81775188446045 33.07835388183594 -9.392157554626465
vertex 11.81775188446045 33.07835388183594 -5.545279026031494
vertex 12.03519058227539 33.02009201049805 -5.575359344482422
endloop
endfacet
facet normal -0.9961947172651381 0.08715552359450156 0
outer loop
vertex 26.579973220825195 43.414974212646484 -5.504171371459961
vertex 26.412858963012695 41.504844665527344 -8.625287055969238
vertex 26.412858963012695 41.504844665527344 -5.442880630493164
endloop
endfacet
facet normal 0.5735755995475459 -0.8191526302244737 0
outer loop
vertex 8.509309768676758 51.84146499633789 -7.6845808029174805
vertex 10.079974174499512 52.941253662109375 -7.584492206573486
vertex 8.509309768676758 51.84146499633789 -5.446519374847412
endloop
endfacet
facet normal -0.7071067811865015 0.7071067811865015 3.6090373654356524e-7
outer loop
vertex 23.847911834716797 36.185760498046875 -5.481316566467285
vertex 22.650636672973633 34.988487243652344 -9.218321800231934
vertex 22.809188842773438 35.147037506103516 -5.481316566467285
endloop
endfacet
facet normal -0.2588152830349433 -0.9659268343241854 0
outer loop
vertex 19.124755859375 53.80985641479492 -5.575359344482422
vertex 19.342195510864258 53.75159454345703 -7.510745525360107
vertex 19.342195510864258 53.75159454345703 -5.545279026031494
endloop
endfacet
facet normal -0.4226185971152761 -0.906307630648841 0
outer loop
vertex 19.342195510864258 53.75159454345703 -5.545279026031494
vertex 19.342195510864258 53.75159454345703 -7.510745525360107
vertex 19.509227752685547 53.6737060546875 -5.549038887023926
endloop
endfacet
facet normal -0.0871554804107434 -0.9961947210432167 0
outer loop
vertex 15.579974174499512 54.414974212646484 -5.504171371459961
vertex 17.49010467529297 54.247859954833984 -7.46558141708374
vertex 17.49010467529297 54.247859954833984 -5.442880630493164
endloop
endfacet
facet normal 0.25881615231662036 0.9659266014040713 1.1590775321596551e-8
outer loop
vertex 12.679463386535645 32.84746170043945 -5.536246299743652
vertex 11.81775188446045 33.07835388183594 -9.392157554626465
vertex 12.03519058227539 33.02009201049805 -5.575359344482422
endloop
endfacet
facet normal 0.25882053002886035 0.9659254284030315 0
outer loop
vertex 13.669843673706055 32.582088470458984 -9.437321662902832
vertex 12.679463386535645 32.84746170043945 -5.536246299743652
vertex 13.669843673706055 32.582088470458984 -5.442880630493164
endloop
endfacet
facet normal 0.08715548041074342 0.9961947210432168 0
outer loop
vertex 15.579974174499512 32.414974212646484 -5.504171371459961
vertex 13.669843673706055 32.582088470458984 -9.437321662902832
vertex 13.669843673706055 32.582088470458984 -5.442880630493164
endloop
endfacet
facet normal -0.965925831160472 0.2588190269221939 0
outer loop
vertex 26.412858963012695 41.504844665527344 -8.625287055969238
vertex 26.14748764038086 40.51446533203125 -5.536246299743652
vertex 26.412858963012695 41.504844665527344 -5.442880630493164
endloop
endfacet
facet normal -0.9659261732827441 0.2588177501010192 -2.5259063433290524e-8
outer loop
vertex 26.14748764038086 40.51446533203125 -5.536246299743652
vertex 25.916593551635742 39.65275192260742 -8.793840408325195
vertex 25.974855422973633 39.87018966674805 -5.575359344482422
endloop
endfacet
facet normal -0.0871554804107434 0.9961947210432168 0
outer loop
vertex 17.49010467529297 32.582088470458984 -5.442880630493164
vertex 15.579974174499512 32.414974212646484 -9.452529907226562
vertex 15.579974174499512 32.414974212646484 -5.504171371459961
endloop
endfacet
facet normal -0.8191519992174644 0.5735765007198529 0
outer loop
vertex 25.106252670288086 37.914974212646484 -5.386653900146484
vertex 24.00646209716797 36.34431076049805 -9.094932556152344
vertex 24.00646209716797 36.34431076049805 -5.446519374847412
endloop
endfacet
facet normal -0.9063075964543327 0.4226186704455572 0
outer loop
vertex 25.83870506286621 39.485721588134766 -5.549038887023926
vertex 25.106252670288086 37.914974212646484 -8.951991081237793
vertex 25.106252670288086 37.914974212646484 -5.386653900146484
endloop
endfacet
facet normal -0.9063057821945009 0.422622561111938 0
outer loop
vertex 25.916593551635742 39.65275192260742 -8.793840408325195
vertex 25.83870506286621 39.485721588134766 -5.549038887023926
vertex 25.916593551635742 39.65275192260742 -5.545279026031494
endloop
endfacet
facet normal -0.965926266752479 0.25881740126509845 0
outer loop
vertex 25.916593551635742 39.65275192260742 -8.793840408325195
vertex 25.916593551635742 39.65275192260742 -5.545279026031494
vertex 25.974855422973633 39.87018966674805 -5.575359344482422
endloop
endfacet
facet normal -0.5735771682026221 0.8191515318405141 0
outer loop
vertex 22.650636672973633 34.988487243652344 -5.446519374847412
vertex 21.079973220825195 33.888694763183594 -9.318410873413086
vertex 21.079973220825195 33.888694763183594 -5.386653900146484
endloop
endfacet
facet normal -0.258820762561754 0.9659253660956172 0
outer loop
vertex 18.480484008789062 32.84746170043945 -5.536246299743652
vertex 17.49010467529297 32.582088470458984 -9.437321662902832
vertex 17.49010467529297 32.582088470458984 -5.442880630493164
endloop
endfacet
facet normal -0.2588165146788715 0.9659265043104863 -7.520320079490305e-8
outer loop
vertex 19.342195510864258 33.07835388183594 -9.392157554626465
vertex 18.480484008789062 32.84746170043945 -5.536246299743652
vertex 19.124755859375 33.02009201049805 -5.575359344482422
endloop
endfacet
facet normal -0.9063074144265992 0.42261906080455525 -2.1936306418047704e-7
outer loop
vertex 25.916593551635742 39.65275192260742 -8.793840408325195
vertex 25.106252670288086 37.914974212646484 -8.951991081237793
vertex 25.83870506286621 39.485721588134766 -5.549038887023926
endloop
endfacet
facet normal -0.8191519992174643 0.5735765007198529 0
outer loop
vertex 25.106252670288086 37.914974212646484 -8.951991081237793
vertex 24.00646209716797 36.34431076049805 -9.094932556152344
vertex 25.106252670288086 37.914974212646484 -5.386653900146484
endloop
endfacet
facet normal -0.2588152830349432 0.9659268343241852 0
outer loop
vertex 19.124755859375 33.02009201049805 -5.575359344482422
vertex 19.342195510864258 33.07835388183594 -5.545279026031494
vertex 19.342195510864258 33.07835388183594 -9.392157554626465
endloop
endfacet
facet normal -0.42261859711527605 0.9063076306488409 0
outer loop
vertex 19.342195510864258 33.07835388183594 -9.392157554626465
vertex 19.342195510864258 33.07835388183594 -5.545279026031494
vertex 19.509227752685547 33.15624237060547 -5.549038887023926
endloop
endfacet
facet normal -0.4226190942047705 0.9063073988518127 2.6302672807654493e-8
outer loop
vertex 19.342195510864258 33.07835388183594 -9.392157554626465
vertex 19.509227752685547 33.15624237060547 -5.549038887023926
vertex 21.079973220825195 33.888694763183594 -5.386653900146484
endloop
endfacet
facet normal -0.7071067811865476 0.7071067811865476 0
outer loop
vertex 24.00646209716797 36.34431076049805 -9.094932556152344
vertex 23.847911834716797 36.185760498046875 -5.481316566467285
vertex 24.00646209716797 36.34431076049805 -5.446519374847412
endloop
endfacet
facet normal -0.70710628579215 0.7071072765805966 4.347162750554913e-8
outer loop
vertex 24.00646209716797 36.34431076049805 -9.094932556152344
vertex 22.650636672973633 34.988487243652344 -9.218321800231934
vertex 23.847911834716797 36.185760498046875 -5.481316566467285
endloop
endfacet
facet normal -0.5735771682026221 0.8191515318405143 0
outer loop
vertex 22.650636672973633 34.988487243652344 -9.218321800231934
vertex 21.079973220825195 33.888694763183594 -9.318410873413086
vertex 22.650636672973633 34.988487243652344 -5.446519374847412
endloop
endfacet
facet normal 0.8191519992174644 0.5735765007198529 0
outer loop
vertex 7.15348482131958 36.34431076049805 -9.094932556152344
vertex 6.053694248199463 37.914974212646484 -8.951991081237793
vertex 7.15348482131958 36.34431076049805 -5.446519374847412
endloop
endfacet
facet normal -0.9659259966172303 0.2588184094282423 -2.1218908351632657e-7
outer loop
vertex 26.412858963012695 41.504844665527344 -8.625287055969238
vertex 25.916593551635742 39.65275192260742 -8.793840408325195
vertex 26.14748764038086 40.51446533203125 -5.536246299743652
endloop
endfacet
facet normal -0.9063074220731606 -0.42261904440654596 0
outer loop
vertex 25.106252670288086 48.914974212646484 -7.950911998748779
vertex 25.916593551635742 47.17719650268555 -8.109062194824219
vertex 25.106252670288086 48.914974212646484 -5.386653900146484
endloop
endfacet
facet normal -0.996194717265138 0.08715552359450154 0
outer loop
vertex 26.579973220825195 43.414974212646484 -8.451451301574707
vertex 26.412858963012695 41.504844665527344 -8.625287055969238
vertex 26.579973220825195 43.414974212646484 -5.504171371459961
endloop
endfacet
facet normal 0.7071074134160873 -0.7071061489564048 -2.3108528983411514e-7
outer loop
vertex 7.15348482131958 50.48563766479492 -7.8079705238342285
vertex 8.509309768676758 51.84146499633789 -7.6845808029174805
vertex 7.31203556060791 50.644187927246094 -5.481316566467285
endloop
endfacet
facet normal 0.8191519992174644 -0.5735765007198529 0
outer loop
vertex 6.053694248199463 48.914974212646484 -5.386653900146484
vertex 6.053694248199463 48.914974212646484 -7.950911998748779
vertex 7.15348482131958 50.48563766479492 -7.8079705238342285
endloop
endfacet
facet normal 0.5735769345142163 0.8191516954711591 0
outer loop
vertex 10.079974174499512 33.888694763183594 -5.386653900146484
vertex 10.079974174499512 33.888694763183594 -9.318410873413086
vertex 8.509309768676758 34.988487243652344 -9.218321800231934
endloop
endfacet
facet normal 0.7071064067112282 0.7071071556616679 -3.1775788727100233e-8
outer loop
vertex 8.509309768676758 34.988487243652344 -9.218321800231934
vertex 7.15348482131958 36.34431076049805 -9.094932556152344
vertex 8.350759506225586 35.147037506103516 -5.481316566467285
endloop
endfacet
facet normal 0.9063077078302951 0.42261843159923396 0
outer loop
vertex 6.053694248199463 37.914974212646484 -8.951991081237793
vertex 5.243354797363281 39.65275192260742 -8.793840408325195
vertex 6.053694248199463 37.914974212646484 -5.386653900146484
endloop
endfacet
facet normal 0.9659258725034443 0.2588188726279808 -2.0212436043414218e-7
outer loop
vertex 5.243354797363281 39.65275192260742 -8.793840408325195
vertex 4.747088432312012 41.504844665527344 -8.625287055969238
vertex 5.012460231781006 40.51446533203125 -5.536246299743652
endloop
endfacet
facet normal 0.7071064565815134 0.7071071057914297 -6.482211484691692e-8
outer loop
vertex 8.350759506225586 35.147037506103516 -5.481316566467285
vertex 7.15348482131958 36.34431076049805 -9.094932556152344
vertex 7.31203556060791 36.185760498046875 -5.481316566467285
endloop
endfacet
facet normal 0.7071057178816706 0.7071078444898254 0
outer loop
vertex 7.31203556060791 36.185760498046875 -5.481316566467285
vertex 7.15348482131958 36.34431076049805 -9.094932556152344
vertex 7.15348482131958 36.34431076049805 -5.446519374847412
endloop
endfacet
facet normal 0.7071067811865476 0.7071067811865476 0
outer loop
vertex 8.509309768676758 34.988487243652344 -9.218321800231934
vertex 8.350759506225586 35.147037506103516 -5.481316566467285
vertex 8.509309768676758 34.988487243652344 -5.446519374847412
endloop
endfacet
facet normal 0.5735755995475459 -0.8191526302244736 0
outer loop
vertex 8.509309768676758 51.84146499633789 -5.446519374847412
vertex 10.079974174499512 52.941253662109375 -7.584492206573486
vertex 10.079974174499512 52.941253662109375 -5.386653900146484
endloop
endfacet
facet normal 0.5735769345142163 0.8191516954711592 0
outer loop
vertex 8.509309768676758 34.988487243652344 -5.446519374847412
vertex 10.079974174499512 33.888694763183594 -5.386653900146484
vertex 8.509309768676758 34.988487243652344 -9.218321800231934
endloop
endfacet
facet normal 0.9961946956732182 0.08715577039154773 0
outer loop
vertex 4.747088432312012 41.504844665527344 -5.442880630493164
vertex 4.747088432312012 41.504844665527344 -8.625287055969238
vertex 4.5799736976623535 43.414974212646484 -8.451451301574707
endloop
endfacet
facet normal 0.9961946956732183 -0.08715577039154773 0
outer loop
vertex 4.5799736976623535 43.414974212646484 -8.451451301574707
vertex 4.747088432312012 45.325103759765625 -8.277615547180176
vertex 4.5799736976623535 43.414974212646484 -5.504171371459961
endloop
endfacet
facet normal 0.9659258826165158 -0.25881883488541996 -2.4237288137533754e-7
outer loop
vertex 4.747088432312012 45.325103759765625 -8.277615547180176
vertex 5.243354797363281 47.17719650268555 -8.109062194824219
vertex 5.012460231781006 46.31548309326172 -5.536246299743652
endloop
endfacet
facet normal 0.9063077193325894 -0.42261840693236674 -3.2997932437977943e-7
outer loop
vertex 5.243354797363281 47.17719650268555 -8.109062194824219
vertex 6.053694248199463 48.914974212646484 -7.950911998748779
vertex 5.3212432861328125 47.3442268371582 -5.549038887023926
endloop
endfacet
facet normal 0.9659257148945088 0.25881946083231894 0
outer loop
vertex 5.012460231781006 40.51446533203125 -5.536246299743652
vertex 4.747088432312012 41.504844665527344 -8.625287055969238
vertex 4.747088432312012 41.504844665527344 -5.442880630493164
endloop
endfacet
facet normal 0.9659261754636381 0.25881774196174256 1.1843801984539716e-7
outer loop
vertex 5.185092449188232 39.87018966674805 -5.575359344482422
vertex 5.243354797363281 39.65275192260742 -8.793840408325195
vertex 5.012460231781006 40.51446533203125 -5.536246299743652
endloop
endfacet
facet normal 0.8191519992174643 0.5735765007198529 0
outer loop
vertex 7.15348482131958 36.34431076049805 -5.446519374847412
vertex 6.053694248199463 37.914974212646484 -8.951991081237793
vertex 6.053694248199463 37.914974212646484 -5.386653900146484
endloop
endfacet
facet normal -0.4226190427961286 -0.906307422824111 4.619968363500097e-8
outer loop
vertex 19.342195510864258 53.75159454345703 -7.510745525360107
vertex 21.079973220825195 52.941253662109375 -7.584492206573486
vertex 19.509227752685547 53.6737060546875 -5.549038887023926
endloop
endfacet
facet normal 0.0871554804107434 -0.9961947210432167 0
outer loop
vertex 15.579974174499512 54.414974212646484 -7.45037317276001
vertex 13.669843673706055 54.247859954833984 -5.442880630493164
vertex 13.669843673706055 54.247859954833984 -7.46558141708374
endloop
endfacet
facet normal -0.2588186663365045 -0.9659259277783484 -0.0000011533059788805578
outer loop
vertex 17.49010467529297 54.247859954833984 -7.46558141708374
vertex 19.342195510864258 53.75159454345703 -7.510745525360107
vertex 18.480484008789062 53.982486724853516 -5.536246299743652
endloop
endfacet
facet normal 0.9063079239960316 0.4226179680301358 -2.878467813903651e-7
outer loop
vertex 6.053694248199463 37.914974212646484 -5.386653900146484
vertex 5.243354797363281 39.65275192260742 -8.793840408325195
vertex 5.3212432861328125 39.485721588134766 -5.549038887023926
endloop
endfacet
facet normal 0.9659257371890301 0.2588193776281615 0
outer loop
vertex 5.243354797363281 39.65275192260742 -8.793840408325195
vertex 5.185092449188232 39.87018966674805 -5.575359344482422
vertex 5.243354797363281 39.65275192260742 -5.545279026031494
endloop
endfacet
facet normal -0.7071067811865476 -0.7071067811865476 0
outer loop
vertex 22.809188842773438 51.68291091918945 -5.481316566467285
vertex 24.00646209716797 50.48563766479492 -7.8079705238342285
vertex 23.847911834716797 50.644187927246094 -5.481316566467285
endloop
endfacet
facet normal -0.42261904440654596 0.9063074220731606 0
outer loop
vertex 21.079973220825195 33.888694763183594 -9.318410873413086
vertex 19.342195510864258 33.07835388183594 -9.392157554626465
vertex 21.079973220825195 33.888694763183594 -5.386653900146484
endloop
endfacet
facet normal -0.07624480310622514 0.5719085469845865 0.8167663949289735
outer loop
vertex 18.480484008789062 32.84746170043945 -5.536246299743652
vertex 17.49010467529297 32.582088470458984 -5.442880630493164
vertex 15.579974174499512 31.202009201049805 -4.654844284057617
endloop
endfacet
facet normal -0.12093081880385938 0.6258858727728672 0.770482064247296
outer loop
vertex 18.480484008789062 32.84746170043945 -5.536246299743652
vertex 15.579974174499512 31.202009201049805 -4.654844284057617
vertex 17.036081314086914 30.800323486328125 -4.099999904632568
endloop
endfacet
facet normal -0.12092873431082313 0.6258859677384145 0.7704823142721257
outer loop
vertex 19.124755859375 33.02009201049805 -5.575359344482422
vertex 18.480484008789062 32.84746170043945 -5.536246299743652
vertex 19.137840270996094 31.20641326904297 -4.099999904632568
endloop
endfacet
facet normal -0.07624300420375209 0.5719068368236102 0.8167677603238261
outer loop
vertex 17.49010467529297 32.582088470458984 -5.442880630493164
vertex 15.579974174499512 32.414974212646484 -5.504171371459961
vertex 15.579974174499512 31.202009201049805 -4.654844284057617
endloop
endfacet
facet normal 0.12093075701518052 0.6258858493370782 0.7704820929829191
outer loop
vertex 15.579974174499512 31.202009201049805 -4.654844284057617
vertex 12.679463386535645 32.84746170043945 -5.536246299743652
vertex 14.123866081237793 30.800323486328125 -4.099999904632568
endloop
endfacet
facet normal -0.2662441864437131 0.60710852219131 0.7486877022281112
outer loop
vertex 19.342195510864258 33.07835388183594 -5.545279026031494
vertex 19.124755859375 33.02009201049805 -5.575359344482422
vertex 19.137840270996094 31.20641326904297 -4.099999904632568
endloop
endfacet
facet normal -0.3132200952166575 0.49155429885226853 0.8125684852566722
outer loop
vertex 21.079973220825195 33.888694763183594 -5.386653900146484
vertex 19.509227752685547 33.15624237060547 -5.549038887023926
vertex 22.571786880493164 32.71236801147461 -4.099999904632568
endloop
endfacet
facet normal -0.31321993519488667 0.4915544615842218 0.8125684484972063
outer loop
vertex 21.079973220825195 33.888694763183594 -5.386653900146484
vertex 22.571786880493164 32.71236801147461 -4.099999904632568
vertex 22.650636672973633 34.988487243652344 -5.446519374847412
endloop
endfacet
facet normal 0.12092857012135905 0.6258860193607388 0.7704822981076025
outer loop
vertex 12.679463386535645 32.84746170043945 -5.536246299743652
vertex 12.03519058227539 33.02009201049805 -5.575359344482422
vertex 12.022107124328613 31.20641326904297 -4.099999904632568
endloop
endfacet
facet normal 0.26624753549802105 0.6071068013145944 0.7486879066999758
outer loop
vertex 11.81775188446045 33.07835388183594 -5.545279026031494
vertex 11.650720596313477 33.15624237060547 -5.549038887023926
vertex 8.58816146850586 32.71236801147461 -4.099999904632568
endloop
endfacet
facet normal -0.07624508300507014 -0.5719093777250476 0.8167657871064992
outer loop
vertex 15.579974174499512 55.62793731689453 -4.654844284057617
vertex 17.49010467529297 54.247859954833984 -5.442880630493164
vertex 18.480484008789062 53.982486724853516 -5.536246299743652
endloop
endfacet
facet normal -0.4915545833463696 -0.3132190802748662 0.8125687043831702
outer loop
vertex 26.05880355834961 50.75797653198242 -4.099999904632568
vertex 24.00646209716797 50.48563766479492 -5.446519374847412
vertex 26.282581329345703 50.40678787231445 -4.099999904632568
endloop
endfacet
facet normal -0.3132193693506861 -0.491555037011402 0.812568318513759
outer loop
vertex 22.571786880493164 54.11758041381836 -4.099999904632568
vertex 21.079973220825195 52.941253662109375 -5.386653900146484
vertex 22.922975540161133 53.893802642822266 -4.099999904632568
endloop
endfacet
facet normal 0.31322000664643856 -0.4915545417407938 0.8125683724649903
outer loop
vertex 8.58816146850586 54.11758041381836 -4.099999904632568
vertex 10.079974174499512 52.941253662109375 -5.386653900146484
vertex 11.650720596313477 53.6737060546875 -5.549038887023926
endloop
endfacet
facet normal 0.3132191951412217 -0.4915553669888544 0.8125681860493541
outer loop
vertex 8.509309768676758 51.84146499633789 -5.446519374847412
vertex 10.079974174499512 52.941253662109375 -5.386653900146484
vertex 8.58816146850586 54.11758041381836 -4.099999904632568
endloop
endfacet
facet normal -0.4549072405845079 -0.45490751727928386 0.7655837989316301
outer loop
vertex 22.922975540161133 53.893802642822266 -4.099999904632568
vertex 22.809188842773438 51.68291091918945 -5.481316566467285
vertex 26.05880355834961 50.75797653198242 -4.099999904632568
endloop
endfacet
facet normal -0.45490716812039284 0.45490744481512474 0.7655838850475231
outer loop
vertex 23.847911834716797 36.185760498046875 -5.481316566467285
vertex 22.922975540161133 32.9361457824707 -4.099999904632568
vertex 26.05880355834961 36.07197189331055 -4.099999904632568
endloop
endfacet
facet normal -0.49155474595825105 0.3132191838913224 0.8125685660720412
outer loop
vertex 25.106252670288086 37.914974212646484 -5.386653900146484
vertex 26.05880355834961 36.07197189331055 -4.099999904632568
vertex 26.282581329345703 36.423160552978516 -4.099999904632568
endloop
endfacet
facet normal 0.6071079994408174 -0.2662465742058857 0.7486872769979456
outer loop
vertex 3.371413230895996 46.972843170166016 -4.099999904632568
vertex 5.185092449188232 46.95975875854492 -5.575359344482422
vertex 4.877366065979004 50.40678787231445 -4.099999904632568
endloop
endfacet
facet normal -0.6071084505336957 0.2662464762645573 0.7486869460377159
outer loop
vertex 27.78853416442871 39.85710906982422 -4.099999904632568
vertex 25.974855422973633 39.87018966674805 -5.575359344482422
vertex 26.282581329345703 36.423160552978516 -4.099999904632568
endloop
endfacet
facet normal -0.6258857662986995 0.12093072730554486 0.7704821651005567
outer loop
vertex 26.14748764038086 40.51446533203125 -5.536246299743652
vertex 27.78853416442871 39.85710906982422 -4.099999904632568
vertex 28.194625854492188 41.958866119384766 -4.099999904632568
endloop
endfacet
facet normal -0.7051594357877171 0.07417004057384154 0.7051588297687432
outer loop
vertex 28.194625854492188 41.958866119384766 -4.099999904632568
vertex 28.347782135009766 43.414974212646484 -4.099999904632568
vertex 27.792938232421875 43.414974212646484 -4.654844284057617
endloop
endfacet
facet normal -0.7051594357877171 -0.07417004057384154 0.7051588297687432
outer loop
vertex 28.194625854492188 44.8710823059082 -4.099999904632568
vertex 27.792938232421875 43.414974212646484 -4.654844284057617
vertex 28.347782135009766 43.414974212646484 -4.099999904632568
endloop
endfacet
facet normal 0.3132189123158981 0.4915556546035643 0.8125681210796466
outer loop
vertex 8.58816146850586 32.71236801147461 -4.099999904632568
vertex 10.079974174499512 33.888694763183594 -5.386653900146484
vertex 8.236971855163574 32.9361457824707 -4.099999904632568
endloop
endfacet
facet normal 0.07624300420375209 0.5719068368236102 0.8167677603238261
outer loop
vertex 15.579974174499512 32.414974212646484 -5.504171371459961
vertex 13.669843673706055 32.582088470458984 -5.442880630493164
vertex 15.579974174499512 31.202009201049805 -4.654844284057617
endloop
endfacet
facet normal 0.07624469412961689 0.5719084433840076 0.8167664776441077
outer loop
vertex 13.669843673706055 32.582088470458984 -5.442880630493164
vertex 12.679463386535645 32.84746170043945 -5.536246299743652
vertex 15.579974174499512 31.202009201049805 -4.654844284057617
endloop
endfacet
facet normal 0.6258856393924632 -0.12093027029923478 0.770482339919379
outer loop
vertex 2.965322256088257 44.8710823059082 -4.099999904632568
vertex 5.012460231781006 46.31548309326172 -5.536246299743652
vertex 3.371413230895996 46.972843170166016 -4.099999904632568
endloop
endfacet
facet normal 0.4915544068713177 -0.313219635247834 0.8125685972153986
outer loop
vertex 4.877366065979004 50.40678787231445 -4.099999904632568
vertex 6.053694248199463 48.914974212646484 -5.386653900146484
vertex 5.101144313812256 50.75797653198242 -4.099999904632568
endloop
endfacet
facet normal 0.45490723911071385 -0.4549074466317952 0.7655838417858676
outer loop
vertex 5.101144313812256 50.75797653198242 -4.099999904632568
vertex 7.31203556060791 50.644187927246094 -5.481316566467285
vertex 8.236971855163574 53.893802642822266 -4.099999904632568
endloop
endfacet
facet normal 0.6071045059381834 -0.2662479466903673 0.7486896217744157
outer loop
vertex 4.877366065979004 50.40678787231445 -4.099999904632568
vertex 5.243354797363281 47.17719650268555 -5.545279026031494
vertex 5.3212432861328125 47.3442268371582 -5.549038887023926
endloop
endfacet
facet normal 0.6071060464690233 -0.26624731379978017 0.7486885976393345
outer loop
vertex 5.243354797363281 47.17719650268555 -5.545279026031494
vertex 4.877366065979004 50.40678787231445 -4.099999904632568
vertex 5.185092449188232 46.95975875854492 -5.575359344482422
endloop
endfacet
facet normal 0.3132187678278759 -0.49155542784872436 0.812568313948338
outer loop
vertex 8.236971855163574 53.893802642822266 -4.099999904632568
vertex 8.509309768676758 51.84146499633789 -5.446519374847412
vertex 8.58816146850586 54.11758041381836 -4.099999904632568
endloop
endfacet
facet normal 0.26624691420754587 -0.6071081744083137 0.7486870142065806
outer loop
vertex 8.58816146850586 54.11758041381836 -4.099999904632568
vertex 11.650720596313477 53.6737060546875 -5.549038887023926
vertex 12.022107124328613 55.62353515625 -4.099999904632568
endloop
endfacet
facet normal 0.1209300748506317 -0.6258858971477448 0.7704821612134723
outer loop
vertex 12.022107124328613 55.62353515625 -4.099999904632568
vertex 12.03519058227539 53.80985641479492 -5.575359344482422
vertex 14.123866081237793 56.029624938964844 -4.099999904632568
endloop
endfacet
facet normal -0.12093001093722365 -0.6258855663574034 0.7704824399557693
outer loop
vertex 17.036081314086914 56.029624938964844 -4.099999904632568
vertex 18.480484008789062 53.982486724853516 -5.536246299743652
vertex 19.137840270996094 55.62353515625 -4.099999904632568
endloop
endfacet
facet normal -0.6258856764654493 -0.12093049045907026 0.7704822752488959
outer loop
vertex 27.78853416442871 46.972843170166016 -4.099999904632568
vertex 26.14748764038086 46.31548309326172 -5.536246299743652
vertex 28.194625854492188 44.8710823059082 -4.099999904632568
endloop
endfacet
facet normal -0.6071079473518219 -0.2662465513623116 0.7486873273603161
outer loop
vertex 27.78853416442871 46.972843170166016 -4.099999904632568
vertex 26.282581329345703 50.40678787231445 -4.099999904632568
vertex 25.83870506286621 47.3442268371582 -5.549038887023926
endloop
endfacet
facet normal -0.266246788891218 -0.6071080572622067 0.7486871537647914
outer loop
vertex 19.137840270996094 55.62353515625 -4.099999904632568
vertex 19.124755859375 53.80985641479492 -5.575359344482422
vertex 22.571786880493164 54.11758041381836 -4.099999904632568
endloop
endfacet
facet normal 0.26624689176704575 0.6071081232384772 0.7486870636803076
outer loop
vertex 12.022107124328613 31.20641326904297 -4.099999904632568
vertex 12.03519058227539 33.02009201049805 -5.575359344482422
vertex 8.58816146850586 32.71236801147461 -4.099999904632568
endloop
endfacet
facet normal 0.12093001093722365 0.6258855663574034 0.7704824399557693
outer loop
vertex 14.123866081237793 30.800323486328125 -4.099999904632568
vertex 12.679463386535645 32.84746170043945 -5.536246299743652
vertex 12.022107124328613 31.20641326904297 -4.099999904632568
endloop
endfacet
facet normal 0.07417095917715846 0.7051593874771331 0.7051587814582009
outer loop
vertex 14.123866081237793 30.800323486328125 -4.099999904632568
vertex 15.579974174499512 30.647165298461914 -4.099999904632568
vertex 15.579974174499512 31.202009201049805 -4.654844284057617
endloop
endfacet
facet normal 0.3132197685727724 0.49155449754120567 0.8125684909730574
outer loop
vertex 10.079974174499512 33.888694763183594 -5.386653900146484
vertex 8.509309768676758 34.988487243652344 -5.446519374847412
vertex 8.236971855163574 32.9361457824707 -4.099999904632568
endloop
endfacet
facet normal -0.07417100748802802 0.7051593849363829 0.7051587789174528
outer loop
vertex 17.036081314086914 30.800323486328125 -4.099999904632568
vertex 15.579974174499512 31.202009201049805 -4.654844284057617
vertex 15.579974174499512 30.647165298461914 -4.099999904632568
endloop
endfacet
facet normal -0.12093001093722365 0.6258855663574034 0.7704824399557693
outer loop
vertex 19.137840270996094 31.20641326904297 -4.099999904632568
vertex 18.480484008789062 32.84746170043945 -5.536246299743652
vertex 17.036081314086914 30.800323486328125 -4.099999904632568
endloop
endfacet
facet normal -0.2662468766587116 0.607108257393644 0.7486869602670623
outer loop
vertex 19.137840270996094 31.20641326904297 -4.099999904632568
vertex 22.571786880493164 32.71236801147461 -4.099999904632568
vertex 19.509227752685547 33.15624237060547 -5.549038887023926
endloop
endfacet
facet normal 0.4915546214797805 -0.3132194242132642 0.8125685487375086
outer loop
vertex 4.877366065979004 50.40678787231445 -4.099999904632568
vertex 5.3212432861328125 47.3442268371582 -5.549038887023926
vertex 6.053694248199463 48.914974212646484 -5.386653900146484
endloop
endfacet
facet normal 0.4915546416211705 -0.3132194615267379 0.812568522170028
outer loop
vertex 6.053694248199463 48.914974212646484 -5.386653900146484
vertex 7.15348482131958 50.48563766479492 -5.446519374847412
vertex 5.101144313812256 50.75797653198242 -4.099999904632568
endloop
endfacet
facet normal 0.07417162420812205 -0.7051569284304425 0.7051611705481753
outer loop
vertex 14.123866081237793 56.029624938964844 -4.099999904632568
vertex 15.579974174499512 55.62793731689453 -4.654844284057617
vertex 15.579974174499512 56.18278503417969 -4.099999904632568
endloop
endfacet
facet normal 0.49155432770727553 -0.3132205987301543 0.8125682737120444
outer loop
vertex 5.101144313812256 50.75797653198242 -4.099999904632568
vertex 7.15348482131958 50.48563766479492 -5.446519374847412
vertex 7.31203556060791 50.644187927246094 -5.481316566467285
endloop
endfacet
facet normal 0.31322000664643856 0.4915545417407938 0.8125683724649903
outer loop
vertex 11.650720596313477 33.15624237060547 -5.549038887023926
vertex 10.079974174499512 33.888694763183594 -5.386653900146484
vertex 8.58816146850586 32.71236801147461 -4.099999904632568
endloop
endfacet
facet normal 0.3132295736635074 -0.49155244497543465 0.8125659530285831
outer loop
vertex 8.236971855163574 53.893802642822266 -4.099999904632568
vertex 8.350759506225586 51.68291091918945 -5.481316566467285
vertex 8.509309768676758 51.84146499633789 -5.446519374847412
endloop
endfacet
facet normal 0.12093011743219627 -0.625885606749875 0.7704823904289935
outer loop
vertex 14.123866081237793 56.029624938964844 -4.099999904632568
vertex 12.679463386535645 53.982486724853516 -5.536246299743652
vertex 15.579974174499512 55.62793731689453 -4.654844284057617
endloop
endfacet
facet normal 0.7051591042512012 -0.07417058300490308 0.7051591042512012
outer loop
vertex 2.812164783477783 43.414974212646484 -4.099999904632568
vertex 3.367009162902832 43.414974212646484 -4.654844284057617
vertex 2.965322256088257 44.8710823059082 -4.099999904632568
endloop
endfacet
facet normal 0.7051591042512012 0.07417058300490308 0.7051591042512012
outer loop
vertex 2.965322256088257 41.958866119384766 -4.099999904632568
vertex 3.367009162902832 43.414974212646484 -4.654844284057617
vertex 2.812164783477783 43.414974212646484 -4.099999904632568
endloop
endfacet
facet normal 0.49155456572577133 0.31321973647026913 0.812568462100052
outer loop
vertex 5.101144313812256 36.07197189331055 -4.099999904632568
vertex 7.15348482131958 36.34431076049805 -5.446519374847412
vertex 4.877366065979004 36.423160552978516 -4.099999904632568
endloop
endfacet
facet normal -0.07417167251941999 -0.7051569258896556 0.7051611680073732
outer loop
vertex 15.579974174499512 56.18278503417969 -4.099999904632568
vertex 15.579974174499512 55.62793731689453 -4.654844284057617
vertex 17.036081314086914 56.029624938964844 -4.099999904632568
endloop
endfacet
facet normal 0.4549071840769561 0.4549073915980123 0.7655839071876231
outer loop
vertex 5.101144313812256 36.07197189331055 -4.099999904632568
vertex 8.236971855163574 32.9361457824707 -4.099999904632568
vertex 8.350759506225586 35.147037506103516 -5.481316566467285
endloop
endfacet
facet normal 0.12092820569594567 -0.6258848816461869 0.7704832795031294
outer loop
vertex 12.03519058227539 53.80985641479492 -5.575359344482422
vertex 12.679463386535645 53.982486724853516 -5.536246299743652
vertex 14.123866081237793 56.029624938964844 -4.099999904632568
endloop
endfacet
facet normal 0.26624528286577304 -0.6071084106700066 0.7486874027559585
outer loop
vertex 11.81775188446045 53.75159454345703 -5.545279026031494
vertex 12.03519058227539 53.80985641479492 -5.575359344482422
vertex 12.022107124328613 55.62353515625 -4.099999904632568
endloop
endfacet
facet normal 0.6258857292255837 0.12093050714525416 0.7704822297712979
outer loop
vertex 3.371413230895996 39.85710906982422 -4.099999904632568
vertex 5.012460231781006 40.51446533203125 -5.536246299743652
vertex 2.965322256088257 41.958866119384766 -4.099999904632568
endloop
endfacet
facet normal 0.26624817779147625 -0.6071081162120079 0.7486866120428664
outer loop
vertex 11.650720596313477 53.6737060546875 -5.549038887023926
vertex 11.81775188446045 53.75159454345703 -5.545279026031494
vertex 12.022107124328613 55.62353515625 -4.099999904632568
endloop
endfacet
facet normal -0.3132161759770643 0.49155538504464935 0.8125693389120163
outer loop
vertex 22.650636672973633 34.988487243652344 -5.446519374847412
vertex 22.922975540161133 32.9361457824707 -4.099999904632568
vertex 22.809188842773438 35.147037506103516 -5.481316566467285
endloop
endfacet
facet normal 0.07624304321197392 -0.5719074385561427 0.8167673353446065
outer loop
vertex 15.579974174499512 55.62793731689453 -4.654844284057617
vertex 13.669843673706055 54.247859954833984 -5.442880630493164
vertex 15.579974174499512 54.414974212646484 -5.504171371459961
endloop
endfacet
facet normal 0.07624497402802383 -0.5719092741240333 0.8167658698221831
outer loop
vertex 13.669843673706055 54.247859954833984 -5.442880630493164
vertex 15.579974174499512 55.62793731689453 -4.654844284057617
vertex 12.679463386535645 53.982486724853516 -5.536246299743652
endloop
endfacet
facet normal 0.4549070234529213 -0.4549074411130174 0.7655839732081714
outer loop
vertex 7.31203556060791 50.644187927246094 -5.481316566467285
vertex 8.350759506225586 51.68291091918945 -5.481316566467285
vertex 8.236971855163574 53.893802642822266 -4.099999904632568
endloop
endfacet
facet normal -0.45490745208179106 0.45490745208179106 0.7655837120007885
outer loop
vertex 23.847911834716797 36.185760498046875 -5.481316566467285
vertex 22.809188842773438 35.147037506103516 -5.481316566467285
vertex 22.922975540161133 32.9361457824707 -4.099999904632568
endloop
endfacet
facet normal 0.6071080976773361 0.26624632151994404 0.7486872871978693
outer loop
vertex 5.3212432861328125 39.485721588134766 -5.549038887023926
vertex 3.371413230895996 39.85710906982422 -4.099999904632568
vertex 4.877366065979004 36.423160552978516 -4.099999904632568
endloop
endfacet
facet normal -0.4915545381148105 0.31321924413382246 0.8125686685831371
outer loop
vertex 24.00646209716797 36.34431076049805 -5.446519374847412
vertex 23.847911834716797 36.185760498046875 -5.481316566467285
vertex 26.05880355834961 36.07197189331055 -4.099999904632568
endloop
endfacet
facet normal -0.49155450565593656 0.3132193617215324 0.8125686428924659
outer loop
vertex 25.106252670288086 37.914974212646484 -5.386653900146484
vertex 24.00646209716797 36.34431076049805 -5.446519374847412
vertex 26.05880355834961 36.07197189331055 -4.099999904632568
endloop
endfacet
facet normal -0.49155422164593837 0.31321969947236183 0.8125686845088844
outer loop
vertex 25.83870506286621 39.485721588134766 -5.549038887023926
vertex 25.106252670288086 37.914974212646484 -5.386653900146484
vertex 26.282581329345703 36.423160552978516 -4.099999904632568
endloop
endfacet
facet normal -0.6071046779162538 0.2662480306976739 0.7486894524446115
outer loop
vertex 25.916593551635742 39.65275192260742 -5.545279026031494
vertex 25.83870506286621 39.485721588134766 -5.549038887023926
vertex 26.282581329345703 36.423160552978516 -4.099999904632568
endloop
endfacet
facet normal -0.6071085918410675 0.26624642275105365 0.748686850482245
outer loop
vertex 25.974855422973633 39.87018966674805 -5.575359344482422
vertex 25.916593551635742 39.65275192260742 -5.545279026031494
vertex 26.282581329345703 36.423160552978516 -4.099999904632568
endloop
endfacet
facet normal -0.6258860261419288 0.12092990085417288 0.770482083736971
outer loop
vertex 26.14748764038086 40.51446533203125 -5.536246299743652
vertex 25.974855422973633 39.87018966674805 -5.575359344482422
vertex 27.78853416442871 39.85710906982422 -4.099999904632568
endloop
endfacet
facet normal 0.6258857803075418 -0.12092982210967203 0.7704822957948759
outer loop
vertex 5.012460231781006 46.31548309326172 -5.536246299743652
vertex 5.185092449188232 46.95975875854492 -5.575359344482422
vertex 3.371413230895996 46.972843170166016 -4.099999904632568
endloop
endfacet
facet normal 0.5719073259553238 -0.07624355830739328 0.8167673661057094
outer loop
vertex 3.367009162902832 43.414974212646484 -4.654844284057617
vertex 4.747088432312012 45.325103759765625 -5.442880630493164
vertex 5.012460231781006 46.31548309326172 -5.536246299743652
endloop
endfacet
facet normal 0.6258856767707277 -0.12093036884742978 0.770482294088367
outer loop
vertex 5.012460231781006 46.31548309326172 -5.536246299743652
vertex 2.965322256088257 44.8710823059082 -4.099999904632568
vertex 3.367009162902832 43.414974212646484 -4.654844284057617
endloop
endfacet
facet normal 0.6258856767707277 0.12093036884742978 0.770482294088367
outer loop
vertex 2.965322256088257 41.958866119384766 -4.099999904632568
vertex 5.012460231781006 40.51446533203125 -5.536246299743652
vertex 3.367009162902832 43.414974212646484 -4.654844284057617
endloop
endfacet
facet normal 0.5719069793715488 -0.07624319373920597 0.8167676428180519
outer loop
vertex 3.367009162902832 43.414974212646484 -4.654844284057617
vertex 4.5799736976623535 43.414974212646484 -5.504171371459961
vertex 4.747088432312012 45.325103759765625 -5.442880630493164
endloop
endfacet
facet normal 0.5719069793715488 0.07624319373920597 0.8167676428180519
outer loop
vertex 3.367009162902832 43.414974212646484 -4.654844284057617
vertex 4.747088432312012 41.504844665527344 -5.442880630493164
vertex 4.5799736976623535 43.414974212646484 -5.504171371459961
endloop
endfacet
facet normal 0.5719073259553238 0.07624355830739328 0.8167673661057094
outer loop
vertex 4.747088432312012 41.504844665527344 -5.442880630493164
vertex 3.367009162902832 43.414974212646484 -4.654844284057617
vertex 5.012460231781006 40.51446533203125 -5.536246299743652
endloop
endfacet
facet normal -0.6071078087782903 -0.2662495600516556 0.74868636977891
outer loop
vertex 25.83870506286621 47.3442268371582 -5.549038887023926
vertex 25.916593551635742 47.17719650268555 -5.545279026031494
vertex 27.78853416442871 46.972843170166016 -4.099999904632568
endloop
endfacet
facet normal -0.6071081347960396 -0.26624635489630194 0.748687245229212
outer loop
vertex 25.916593551635742 47.17719650268555 -5.545279026031494
vertex 25.974855422973633 46.95975875854492 -5.575359344482422
vertex 27.78853416442871 46.972843170166016 -4.099999904632568
endloop
endfacet
facet normal -0.6258858768755751 -0.1209298530418838 0.7704822124948512
outer loop
vertex 25.974855422973633 46.95975875854492 -5.575359344482422
vertex 26.14748764038086 46.31548309326172 -5.536246299743652
vertex 27.78853416442871 46.972843170166016 -4.099999904632568
endloop
endfacet
facet normal 0.6258859295738509 0.12092986992194471 0.7704821670370692
outer loop
vertex 5.185092449188232 39.87018966674805 -5.575359344482422
vertex 5.012460231781006 40.51446533203125 -5.536246299743652
vertex 3.371413230895996 39.85710906982422 -4.099999904632568
endloop
endfacet
facet normal 0.607108148966506 0.26624762595006124 0.7486867817281264
outer loop
vertex 5.243354797363281 39.65275192260742 -5.545279026031494
vertex 5.185092449188232 39.87018966674805 -5.575359344482422
vertex 3.371413230895996 39.85710906982422 -4.099999904632568
endloop
endfacet
facet normal -0.5719069374046861 -0.07624314959467293 0.816767676324349
outer loop
vertex 26.14748764038086 46.31548309326172 -5.536246299743652
vertex 26.412858963012695 45.325103759765625 -5.442880630493164
vertex 27.792938232421875 43.414974212646484 -4.654844284057617
endloop
endfacet
facet normal -0.1209301792205309 -0.6258856301855646 0.770482361693575
outer loop
vertex 15.579974174499512 55.62793731689453 -4.654844284057617
vertex 18.480484008789062 53.982486724853516 -5.536246299743652
vertex 17.036081314086914 56.029624938964844 -4.099999904632568
endloop
endfacet
facet normal 0.4915546214797805 0.3132194242132642 0.8125685487375086
outer loop
vertex 4.877366065979004 36.423160552978516 -4.099999904632568
vertex 6.053694248199463 37.914974212646484 -5.386653900146484
vertex 5.3212432861328125 39.485721588134766 -5.549038887023926
endloop
endfacet
facet normal -0.6258855474120111 -0.12093015020828848 0.770482433486558
outer loop
vertex 26.14748764038086 46.31548309326172 -5.536246299743652
vertex 27.792938232421875 43.414974212646484 -4.654844284057617
vertex 28.194625854492188 44.8710823059082 -4.099999904632568
endloop
endfacet
facet normal 0.3132193402388229 0.49155461577829634 0.8125685845560409
outer loop
vertex 8.236971855163574 32.9361457824707 -4.099999904632568
vertex 8.509309768676758 34.988487243652344 -5.446519374847412
vertex 8.350759506225586 35.147037506103516 -5.481316566467285
endloop
endfacet
facet normal -0.3132190802748662 0.4915545833463696 0.8125687043831702
outer loop
vertex 22.650636672973633 34.988487243652344 -5.446519374847412
vertex 22.571786880493164 32.71236801147461 -4.099999904632568
vertex 22.922975540161133 32.9361457824707 -4.099999904632568
endloop
endfacet
facet normal -0.2662448697679221 -0.6071131248723499 0.7486837269034186
outer loop
vertex 19.124755859375 53.80985641479492 -5.575359344482422
vertex 19.342195510864258 53.75159454345703 -5.545279026031494
vertex 22.571786880493164 54.11758041381836 -4.099999904632568
endloop
endfacet
facet normal 0.49155432770727553 0.3132205987301543 0.8125682737120444
outer loop
vertex 5.101144313812256 36.07197189331055 -4.099999904632568
vertex 7.31203556060791 36.185760498046875 -5.481316566467285
vertex 7.15348482131958 36.34431076049805 -5.446519374847412
endloop
endfacet
facet normal -0.5719069374046861 0.07624314959467293 0.816767676324349
outer loop
vertex 26.412858963012695 41.504844665527344 -5.442880630493164
vertex 26.14748764038086 40.51446533203125 -5.536246299743652
vertex 27.792938232421875 43.414974212646484 -4.654844284057617
endloop
endfacet
facet normal -0.5719068351637838 0.07624304204847629 0.8167677579533479
outer loop
vertex 26.579973220825195 43.414974212646484 -5.504171371459961
vertex 26.412858963012695 41.504844665527344 -5.442880630493164
vertex 27.792938232421875 43.414974212646484 -4.654844284057617
endloop
endfacet
facet normal -0.5719068351637838 -0.07624304204847629 0.8167677579533479
outer loop
vertex 26.412858963012695 45.325103759765625 -5.442880630493164
vertex 26.579973220825195 43.414974212646484 -5.504171371459961
vertex 27.792938232421875 43.414974212646484 -4.654844284057617
endloop
endfacet
facet normal -0.6258855474120111 0.12093015020828848 0.770482433486558
outer loop
vertex 27.792938232421875 43.414974212646484 -4.654844284057617
vertex 26.14748764038086 40.51446533203125 -5.536246299743652
vertex 28.194625854492188 41.958866119384766 -4.099999904632568
endloop
endfacet
facet normal 0.49155460836184484 0.3132194371127479 0.8125685517007206
outer loop
vertex 7.15348482131958 36.34431076049805 -5.446519374847412
vertex 6.053694248199463 37.914974212646484 -5.386653900146484
vertex 4.877366065979004 36.423160552978516 -4.099999904632568
endloop
endfacet
facet normal -0.12092873431082313 -0.6258859677384145 0.7704823142721257
outer loop
vertex 18.480484008789062 53.982486724853516 -5.536246299743652
vertex 19.124755859375 53.80985641479492 -5.575359344482422
vertex 19.137840270996094 55.62353515625 -4.099999904632568
endloop
endfacet
facet normal 0.4549071895955948 0.4549076072558434 0.765583775765266
outer loop
vertex 8.350759506225586 35.147037506103516 -5.481316566467285
vertex 7.31203556060791 36.185760498046875 -5.481316566467285
vertex 5.101144313812256 36.07197189331055 -4.099999904632568
endloop
endfacet
facet normal 0.6071079454471822 0.2662496268112759 0.7486862352132283
outer loop
vertex 5.3212432861328125 39.485721588134766 -5.549038887023926
vertex 5.243354797363281 39.65275192260742 -5.545279026031494
vertex 3.371413230895996 39.85710906982422 -4.099999904632568
endloop
endfacet
facet normal -0.49155422164593837 -0.31321969947236183 0.8125686845088844
outer loop
vertex 25.106252670288086 48.914974212646484 -5.386653900146484
vertex 25.83870506286621 47.3442268371582 -5.549038887023926
vertex 26.282581329345703 50.40678787231445 -4.099999904632568
endloop
endfacet
facet normal -0.3132192571912263 -0.49155518857279185 0.8125682700621183
outer loop
vertex 21.079973220825195 52.941253662109375 -5.386653900146484
vertex 22.650636672973633 51.84146499633789 -5.446519374847412
vertex 22.922975540161133 53.893802642822266 -4.099999904632568
endloop
endfacet
facet normal -0.31322640932567 -0.49155321428123777 0.812566707434369
outer loop
vertex 22.922975540161133 53.893802642822266 -4.099999904632568
vertex 22.650636672973633 51.84146499633789 -5.446519374847412
vertex 22.809188842773438 51.68291091918945 -5.481316566467285
endloop
endfacet
facet normal -0.3132200952166575 -0.49155429885226853 0.8125684852566722
outer loop
vertex 22.571786880493164 54.11758041381836 -4.099999904632568
vertex 19.509227752685547 53.6737060546875 -5.549038887023926
vertex 21.079973220825195 52.941253662109375 -5.386653900146484
endloop
endfacet
facet normal -0.2662467986030716 -0.607108429901569 0.7486868481388379
outer loop
vertex 22.571786880493164 54.11758041381836 -4.099999904632568
vertex 19.342195510864258 53.75159454345703 -5.545279026031494
vertex 19.509227752685547 53.6737060546875 -5.549038887023926
endloop
endfacet
facet normal -0.4915545381148105 -0.31321924413382246 0.8125686685831371
outer loop
vertex 26.05880355834961 50.75797653198242 -4.099999904632568
vertex 23.847911834716797 50.644187927246094 -5.481316566467285
vertex 24.00646209716797 50.48563766479492 -5.446519374847412
endloop
endfacet
facet normal -0.45490723331797794 -0.45490723331797794 0.7655839719782316
outer loop
vertex 23.847911834716797 50.644187927246094 -5.481316566467285
vertex 26.05880355834961 50.75797653198242 -4.099999904632568
vertex 22.809188842773438 51.68291091918945 -5.481316566467285
endloop
endfacet
facet normal -0.4915545397019147 -0.31321938671296384 0.8125686126633205
outer loop
vertex 24.00646209716797 50.48563766479492 -5.446519374847412
vertex 25.106252670288086 48.914974212646484 -5.386653900146484
vertex 26.282581329345703 50.40678787231445 -4.099999904632568
endloop
endfacet
facet normal 0.26624570531689 0.6071112561666606 0.7486849451111269
outer loop
vertex 12.03519058227539 33.02009201049805 -5.575359344482422
vertex 11.81775188446045 33.07835388183594 -5.545279026031494
vertex 8.58816146850586 32.71236801147461 -4.099999904632568
endloop
endfacet
facet normal -0.07624304321197392 -0.5719074385561427 0.8167673353446065
outer loop
vertex 15.579974174499512 55.62793731689453 -4.654844284057617
vertex 15.579974174499512 54.414974212646484 -5.504171371459961
vertex 17.49010467529297 54.247859954833984 -5.442880630493164
endloop
endfacet
facet normal -0.26624671790925547 0.6071082647049669 0.7486870107925429
outer loop
vertex 19.509227752685547 33.15624237060547 -5.549038887023926
vertex 19.342195510864258 33.07835388183594 -5.545279026031494
vertex 19.137840270996094 31.20641326904297 -4.099999904632568
endloop
endfacet
facet normal 0.08271457688444019 0.9454324922745262 0.3151439374673201
outer loop
vertex 12.627954483032227 26.673242568969727 -4.099999904632568
vertex 12.419576644897461 25.491474151611328 -0.5
vertex 15.579974174499512 25.214975357055664 -0.5
endloop
endfacet
facet normal 0 0 1
outer loop
vertex 0.8575419187545776 34.914974212646484 -4.099999904632568
vertex 2.2311933040618896 33.71651840209961 -4.099999904632568
vertex 0.8839774131774902 35.914974212646484 -4.099999904632568
endloop
endfacet
facet normal -0.9167059355687879 -0.2456302913794015 0.3151443917473758
outer loop
vertex 33.503475189208984 46.57537078857422 -0.5
vertex 31.55474853515625 49.22931671142578 -4.099999904632568
vertex 32.32170486450195 46.36699295043945 -4.099999904632568
endloop
endfacet
facet normal -0.24563085666512693 0.916705765485147 0.31514444589782387
outer loop
vertex 21.80474090576172 26.31256866455078 -0.5
vertex 21.394315719604492 27.440200805664062 -4.099999904632568
vertex 18.531991958618164 26.673242568969727 -4.099999904632568
endloop
endfacet
facet normal 0 0 1
outer loop
vertex 30.28158187866211 35.924129486083984 -4.099999904632568
vertex 15.579974174499512 26.414974212646484 -4.099999904632568
vertex 18.531991958618164 26.673242568969727 -4.099999904632568
endloop
endfacet
facet normal 0 0 1
outer loop
vertex 30.28158187866211 35.924129486083984 -4.099999904632568
vertex 18.531991958618164 26.673242568969727 -4.099999904632568
vertex 21.394315719604492 27.440200805664062 -4.099999904632568
endloop
endfacet
facet normal -0.24563028175675916 0.916706088095129 0.3151439555717682
outer loop
vertex 18.531991958618164 26.673242568969727 -4.099999904632568
vertex 18.74036979675293 25.491474151611328 -0.5
vertex 21.80474090576172 26.31256866455078 -0.5
endloop
endfacet
facet normal -0.08271462817173013 0.9454325079078365 0.31514387710617364
outer loop
vertex 15.579974174499512 26.414974212646484 -4.099999904632568
vertex 15.579974174499512 25.214975357055664 -0.5
vertex 18.74036979675293 25.491474151611328 -0.5
endloop
endfacet
facet normal -0.9454322745422241 0.08271527538218675 0.3151444073315683
outer loop
vertex 33.503475189208984 40.25457763671875 -0.5
vertex 32.57997512817383 43.414974212646484 -4.099999904632568
vertex 32.32170486450195 40.462955474853516 -4.099999904632568
endloop
endfacet
facet normal -0.24563150910592 -0.9167059206683036 0.31514348596476854
outer loop
vertex 21.394315719604492 59.389747619628906 -4.099999904632568
vertex 18.74036979675293 61.33847427368164 -0.5
vertex 18.531991958618164 60.156707763671875 -4.099999904632568
endloop
endfacet
facet normal 0.24563042473451133 0.9167060511128312 0.3151439517075691
outer loop
vertex 12.419576644897461 25.491474151611328 -0.5
vertex 12.627954483032227 26.673242568969727 -4.099999904632568
vertex 9.355207443237305 26.31256866455078 -0.5
endloop
endfacet
facet normal 0 0 1
outer loop
vertex 31.55474853515625 49.22931671142578 -4.099999904632568
vertex 31.8768310546875 45.99614334106445 -4.099999904632568
vertex 32.32170486450195 46.36699295043945 -4.099999904632568
endloop
endfacet
facet normal 0 0 1
outer loop
vertex 31.27240562438965 48.513755798339844 -4.099999904632568
vertex 31.8768310546875 45.99614334106445 -4.099999904632568
vertex 31.55474853515625 49.22931671142578 -4.099999904632568
endloop
endfacet
facet normal 0 0 1
outer loop
vertex 32.07997512817383 43.414974212646484 -4.099999904632568
vertex 32.32170486450195 46.36699295043945 -4.099999904632568
vertex 31.8768310546875 45.99614334106445 -4.099999904632568
endloop
endfacet
facet normal 0 0 1
outer loop
vertex 30.28158187866211 35.924129486083984 -4.099999904632568
vertex 21.394315719604492 27.440200805664062 -4.099999904632568
vertex 24.079973220825195 28.692543029785156 -4.099999904632568
endloop
endfacet
facet normal 0 0 1
outer loop
vertex 32.32170486450195 40.462955474853516 -4.099999904632568
vertex 32.57997512817383 43.414974212646484 -4.099999904632568
vertex 32.32170486450195 46.36699295043945 -4.099999904632568
endloop
endfacet
facet normal 0 0 1
outer loop
vertex 30.28158187866211 35.924129486083984 -4.099999904632568
vertex 24.079973220825195 28.692543029785156 -4.099999904632568
vertex 26.507362365722656 30.39221954345703 -4.099999904632568
endloop
endfacet
facet normal 0 0 1
outer loop
vertex 32.07997512817383 43.414974212646484 -4.099999904632568
vertex 32.32170486450195 40.462955474853516 -4.099999904632568
vertex 32.32170486450195 46.36699295043945 -4.099999904632568
endloop
endfacet
facet normal -0.6710754302798561 -0.6710754302798561 0.31514367159981543
outer loop
vertex 28.60272979736328 54.34236526489258 -4.099999904632568
vertex 29.521982192993164 55.11370849609375 -0.5
vertex 27.27870750427246 57.35698318481445 -0.5
endloop
endfacet
facet normal -0.08271409135217517 -0.945432399904337 0.3151443420131636
outer loop
vertex 18.531991958618164 60.156707763671875 -4.099999904632568
vertex 15.579974174499512 61.61497497558594 -0.5
vertex 15.579974174499512 60.414974212646484 -4.099999904632568
endloop
endfacet
facet normal 0 0 1
outer loop
vertex 30.28158187866211 35.924129486083984 -4.099999904632568
vertex 26.507362365722656 30.39221954345703 -4.099999904632568
vertex 28.60272979736328 32.487586975097656 -4.099999904632568
endloop
endfacet
facet normal -0.4010831327349854 0.8601258532177836 0.31514415314562
outer loop
vertex 24.679973602294922 27.65331268310547 -0.5
vertex 24.079973220825195 28.692543029785156 -4.099999904632568
vertex 21.394315719604492 27.440200805664062 -4.099999904632568
endloop
endfacet
facet normal -0.5443492060036695 0.7774110797308735 0.3151443400012951
outer loop
vertex 27.27870750427246 29.472965240478516 -0.5
vertex 26.507362365722656 30.39221954345703 -4.099999904632568
vertex 24.079973220825195 28.692543029785156 -4.099999904632568
endloop
endfacet
facet normal -0.6710752798932355 0.6710752798932355 0.31514431207374133
outer loop
vertex 26.507362365722656 30.39221954345703 -4.099999904632568
vertex 29.521982192993164 31.71623992919922 -0.5
vertex 28.60272979736328 32.487586975097656 -4.099999904632568
endloop
endfacet
facet normal -0.7774109979754106 0.5443495764867385 0.3151439017426553
outer loop
vertex 28.60272979736328 32.487586975097656 -4.099999904632568
vertex 31.341636657714844 34.31497573852539 -0.5
vertex 30.302406311035156 34.914974212646484 -4.099999904632568
endloop
endfacet
facet normal -0.40108348999112753 -0.8601256828319009 0.3151441635021874
outer loop
vertex 21.80474090576172 60.51737976074219 -0.5
vertex 24.079973220825195 58.13740539550781 -4.099999904632568
vertex 24.679973602294922 59.1766357421875 -0.5
endloop
endfacet
facet normal 0 0 1
outer loop
vertex 32.07997512817383 43.414974212646484 -4.099999904632568
vertex 31.8768310546875 40.833805084228516 -4.099999904632568
vertex 32.32170486450195 40.462955474853516 -4.099999904632568
endloop
endfacet
facet normal -0.9167059355687879 0.2456302913794015 0.3151443917473758
outer loop
vertex 33.503475189208984 40.25457763671875 -0.5
vertex 32.32170486450195 40.462955474853516 -4.099999904632568
vertex 31.55474853515625 37.60063171386719 -4.099999904632568
endloop
endfacet
facet normal -0.8601259108191975 0.4010831595949565 0.31514396174886883
outer loop
vertex 31.341636657714844 34.31497573852539 -0.5
vertex 31.55474853515625 37.60063171386719 -4.099999904632568
vertex 30.302406311035156 34.914974212646484 -4.099999904632568
endloop
endfacet
facet normal 0 0 1
outer loop
vertex 9.765631675720215 59.389747619628906 -4.099999904632568
vertex 8.089130401611328 58.116580963134766 -4.099999904632568
vertex 10.481193542480469 59.10740661621094 -4.099999904632568
endloop
endfacet
facet normal 0 0 1
outer loop
vertex 7.0799736976623535 58.13740539550781 -4.099999904632568
vertex 8.089130401611328 58.116580963134766 -4.099999904632568
vertex 9.765631675720215 59.389747619628906 -4.099999904632568
endloop
endfacet
facet normal 0 0 1
outer loop
vertex 31.8768310546875 40.833805084228516 -4.099999904632568
vertex 31.27240562438965 38.316192626953125 -4.099999904632568
vertex 32.32170486450195 40.462955474853516 -4.099999904632568
endloop
endfacet
facet normal 0 0 1
outer loop
vertex 7.0799736976623535 58.13740539550781 -4.099999904632568
vertex 5.881516933441162 56.763755798339844 -4.099999904632568
vertex 8.089130401611328 58.116580963134766 -4.099999904632568
endloop
endfacet
facet normal 0 0 1
outer loop
vertex 31.27240562438965 38.316192626953125 -4.099999904632568
vertex 31.55474853515625 37.60063171386719 -4.099999904632568
vertex 32.32170486450195 40.462955474853516 -4.099999904632568
endloop
endfacet
facet normal 0 0 1
outer loop
vertex 5.881516933441162 56.763755798339844 -4.099999904632568
vertex 7.0799736976623535 58.13740539550781 -4.099999904632568
vertex 4.652584552764893 56.43772888183594 -4.099999904632568
endloop
endfacet
facet normal 0 0 1
outer loop
vertex 31.27240562438965 38.316192626953125 -4.099999904632568
vertex 30.28158187866211 35.924129486083984 -4.099999904632568
vertex 31.55474853515625 37.60063171386719 -4.099999904632568
endloop
endfacet
facet normal 0.40108338787582526 0.8601257491366309 0.3151441124980761
outer loop
vertex 9.355207443237305 26.31256866455078 -0.5
vertex 7.0799736976623535 28.692543029785156 -4.099999904632568
vertex 6.479973793029785 27.65331268310547 -0.5
endloop
endfacet
facet normal -0.4010834488113637 0.8601255945216779 0.3151444569373104
outer loop
vertex 21.394315719604492 27.440200805664062 -4.099999904632568
vertex 21.80474090576172 26.31256866455078 -0.5
vertex 24.679973602294922 27.65331268310547 -0.5
endloop
endfacet
facet normal -0.8601259108191975 -0.4010831595949565 0.31514396174886883
outer loop
vertex 31.341636657714844 52.51497268676758 -0.5
vertex 30.302406311035156 51.914974212646484 -4.099999904632568
vertex 31.55474853515625 49.22931671142578 -4.099999904632568
endloop
endfacet
facet normal 0.08271406348081145 -0.9454326921908296 0.31514347246816404
outer loop
vertex 12.419576644897461 61.33847427368164 -0.5
vertex 12.627954483032227 60.156707763671875 -4.099999904632568
vertex 15.579974174499512 60.414974212646484 -4.099999904632568
endloop
endfacet
facet normal -0.5443490624386663 0.7774112466345077 0.3151441762564016
outer loop
vertex 24.079973220825195 28.692543029785156 -4.099999904632568
vertex 24.679973602294922 27.65331268310547 -0.5
vertex 27.27870750427246 29.472965240478516 -0.5
endloop
endfacet
facet normal -0.6710752798932355 0.6710752798932355 0.3151443120737413
outer loop
vertex 26.507362365722656 30.39221954345703 -4.099999904632568
vertex 27.27870750427246 29.472965240478516 -0.5
vertex 29.521982192993164 31.71623992919922 -0.5
endloop
endfacet
facet normal -0.7774111524971316 0.5443491675795354 0.3151442268685056
outer loop
vertex 31.341636657714844 34.31497573852539 -0.5
vertex 28.60272979736328 32.487586975097656 -4.099999904632568
vertex 29.521982192993164 31.71623992919922 -0.5
endloop
endfacet
facet normal 0.6710753129997068 0.6710751703539368 0.31514447483143426
outer loop
vertex 2.557218313217163 32.487586975097656 -4.099999904632568
vertex 1.6379649639129639 31.71623992919922 -0.5
vertex 3.881239175796509 29.472965240478516 -0.5
endloop
endfacet
facet normal 0.7774112356277215 0.5443489449544239 0.31514440633903823
outer loop
vertex 2.557218313217163 32.487586975097656 -4.099999904632568
vertex -0.1816885620355606 34.31497573852539 -0.5
vertex 1.6379649639129639 31.71623992919922 -0.5
endloop
endfacet
facet normal 0.5443489262090492 0.7774112660470971 0.3151443636781478
outer loop
vertex 4.652584552764893 30.39221954345703 -4.099999904632568
vertex 3.881239175796509 29.472965240478516 -0.5
vertex 6.479973793029785 27.65331268310547 -0.5
endloop
endfacet
facet normal 0 0 1
outer loop
vertex 12.998805046081543 27.11811637878418 -4.099999904632568
vertex 15.579974174499512 26.414974212646484 -4.099999904632568
vertex 30.28158187866211 35.924129486083984 -4.099999904632568
endloop
endfacet
facet normal 0 0 1
outer loop
vertex 30.28158187866211 35.924129486083984 -4.099999904632568
vertex 30.302406311035156 34.914974212646484 -4.099999904632568
vertex 31.55474853515625 37.60063171386719 -4.099999904632568
endloop
endfacet
facet normal -0.9167059343200238 0.2456303934400011 0.31514431583159264
outer loop
vertex 31.55474853515625 37.60063171386719 -4.099999904632568
vertex 32.68238067626953 37.190208435058594 -0.5
vertex 33.503475189208984 40.25457763671875 -0.5
endloop
endfacet
facet normal 0 0 1
outer loop
vertex 4.652584552764893 56.43772888183594 -4.099999904632568
vertex 3.9127118587493896 55.082237243652344 -4.099999904632568
vertex 5.881516933441162 56.763755798339844 -4.099999904632568
endloop
endfacet
facet normal -0.9454327037239546 0.082714049760247 0.31514344146986845
outer loop
vertex 33.779972076416016 43.414974212646484 -0.5
vertex 32.57997512817383 43.414974212646484 -4.099999904632568
vertex 33.503475189208984 40.25457763671875 -0.5
endloop
endfacet
facet normal 0.6710749763659507 -0.6710758162985292 0.31514381617715675
outer loop
vertex 1.6379649639129639 55.11370849609375 -0.5
vertex 2.557218313217163 54.34236526489258 -4.099999904632568
vertex 4.652584552764893 56.43772888183594 -4.099999904632568
endloop
endfacet
facet normal -0.9167059343200238 -0.2456303934400011 0.31514431583159264
outer loop
vertex 31.55474853515625 49.22931671142578 -4.099999904632568
vertex 33.503475189208984 46.57537078857422 -0.5
vertex 32.68238067626953 49.639739990234375 -0.5
endloop
endfacet
facet normal 0.7774114224660731 -0.5443489800823423 0.315143884761533
outer loop
vertex 1.6379649639129639 55.11370849609375 -0.5
vertex 0.8575419187545776 51.914974212646484 -4.099999904632568
vertex 2.557218313217163 54.34236526489258 -4.099999904632568
endloop
endfacet
facet normal -0.9454323951082042 -0.08271402276006133 0.3151443744045138
outer loop
vertex 33.503475189208984 46.57537078857422 -0.5
vertex 32.32170486450195 46.36699295043945 -4.099999904632568
vertex 33.779972076416016 43.414974212646484 -0.5
endloop
endfacet
facet normal 0.8610751749097934 -0.39834601617668447 0.3160221424999101
outer loop
vertex 0.8575419187545776 51.914974212646484 -4.099999904632568
vertex -0.7412577271461487 51.31497573852539 -0.5
vertex 0.5799738168716431 51.31497573852539 -4.099999904632568
endloop
endfacet
facet normal 0 0 1
outer loop
vertex 10.481193542480469 27.72254180908203 -4.099999904632568
vertex 12.627954483032227 26.673242568969727 -4.099999904632568
vertex 12.998805046081543 27.11811637878418 -4.099999904632568
endloop
endfacet
facet normal 0 0 1
outer loop
vertex 10.481193542480469 27.72254180908203 -4.099999904632568
vertex 9.765631675720215 27.440200805664062 -4.099999904632568
vertex 12.627954483032227 26.673242568969727 -4.099999904632568
endloop
endfacet
facet normal 0.8599818249763582 0.40101711301617354 0.31562087348352896
outer loop
vertex 0.5799738168716431 35.51497268676758 -4.099999904632568
vertex -0.7412577271461487 35.51497268676758 -0.5
vertex -0.1816885620355606 34.31497573852539 -0.5
endloop
endfacet
facet normal -0.2456302410525064 -0.9167059361845582 0.3151444291820507
outer loop
vertex 18.74036979675293 61.33847427368164 -0.5
vertex 21.394315719604492 59.389747619628906 -4.099999904632568
vertex 21.80474090576172 60.51737976074219 -0.5
endloop
endfacet
facet normal -0.08271470917935833 0.9454324795410262 0.3151439409448982
outer loop
vertex 18.74036979675293 25.491474151611328 -0.5
vertex 18.531991958618164 26.673242568969727 -4.099999904632568
vertex 15.579974174499512 26.414974212646484 -4.099999904632568
endloop
endfacet
facet normal 0.08271465801222859 0.9454325055582008 0.3151438763229625
outer loop
vertex 15.579974174499512 25.214975357055664 -0.5
vertex 15.579974174499512 26.414974212646484 -4.099999904632568
vertex 12.627954483032227 26.673242568969727 -4.099999904632568
endloop
endfacet
facet normal 0.24563093788189563 0.9167057631600791 0.31514438935884165
outer loop
vertex 9.355207443237305 26.31256866455078 -0.5
vertex 12.627954483032227 26.673242568969727 -4.099999904632568
vertex 9.765631675720215 27.440200805664062 -4.099999904632568
endloop
endfacet
facet normal 0 0 1
outer loop
vertex 12.627954483032227 26.673242568969727 -4.099999904632568
vertex 15.579974174499512 26.414974212646484 -4.099999904632568
vertex 12.998805046081543 27.11811637878418 -4.099999904632568
endloop
endfacet
facet normal 0.4010830433482703 0.8601258142421725 0.3151443732842607
outer loop
vertex 7.0799736976623535 28.692543029785156 -4.099999904632568
vertex 9.355207443237305 26.31256866455078 -0.5
vertex 9.765631675720215 27.440200805664062 -4.099999904632568
endloop
endfacet
facet normal 0.5443492506234313 0.7774111434544848 0.31514410573339147
outer loop
vertex 6.479973793029785 27.65331268310547 -0.5
vertex 7.0799736976623535 28.692543029785156 -4.099999904632568
vertex 4.652584552764893 30.39221954345703 -4.099999904632568
endloop
endfacet
facet normal 0.6710754630462831 0.6710750812591655 0.3151443450392555
outer loop
vertex 3.881239175796509 29.472965240478516 -0.5
vertex 4.652584552764893 30.39221954345703 -4.099999904632568
vertex 2.557218313217163 32.487586975097656 -4.099999904632568
endloop
endfacet
facet normal 0.777411008595666 0.5443495457443773 0.3151439286455623
outer loop
vertex -0.1816885620355606 34.31497573852539 -0.5
vertex 2.557218313217163 32.487586975097656 -4.099999904632568
vertex 0.8575419187545776 34.914974212646484 -4.099999904632568
endloop
endfacet
facet normal 0 0 1
outer loop
vertex 30.28158187866211 35.924129486083984 -4.099999904632568
vertex 28.60272979736328 32.487586975097656 -4.099999904632568
vertex 30.302406311035156 34.914974212646484 -4.099999904632568
endloop
endfacet
facet normal 0 0 1
outer loop
vertex 8.089130401611328 28.713367462158203 -4.099999904632568
vertex 9.765631675720215 27.440200805664062 -4.099999904632568
vertex 10.481193542480469 27.72254180908203 -4.099999904632568
endloop
endfacet
facet normal 0 0 1
outer loop
vertex 8.089130401611328 28.713367462158203 -4.099999904632568
vertex 7.0799736976623535 28.692543029785156 -4.099999904632568
vertex 9.765631675720215 27.440200805664062 -4.099999904632568
endloop
endfacet
facet normal -0.8601256521231755 -0.401083475671403 0.31514426554044916
outer loop
vertex 31.55474853515625 49.22931671142578 -4.099999904632568
vertex 32.68238067626953 49.639739990234375 -0.5
vertex 31.341636657714844 52.51497268676758 -0.5
endloop
endfacet
facet normal 0 0 1
outer loop
vertex 5.881516933441162 30.066194534301758 -4.099999904632568
vertex 7.0799736976623535 28.692543029785156 -4.099999904632568
vertex 8.089130401611328 28.713367462158203 -4.099999904632568
endloop
endfacet
facet normal 0 0 1
outer loop
vertex 5.881516933441162 30.066194534301758 -4.099999904632568
vertex 4.652584552764893 30.39221954345703 -4.099999904632568
vertex 7.0799736976623535 28.692543029785156 -4.099999904632568
endloop
endfacet
facet normal 0 0 1
outer loop
vertex 2.557218313217163 32.487586975097656 -4.099999904632568
vertex 3.9127118587493896 31.747713088989258 -4.099999904632568
vertex 2.2311933040618896 33.71651840209961 -4.099999904632568
endloop
endfacet
facet normal 0 0 1
outer loop
vertex 3.9127118587493896 31.747713088989258 -4.099999904632568
vertex 4.652584552764893 30.39221954345703 -4.099999904632568
vertex 5.881516933441162 30.066194534301758 -4.099999904632568
endloop
endfacet
facet normal 0 0 1
outer loop
vertex 4.652584552764893 30.39221954345703 -4.099999904632568
vertex 3.9127118587493896 31.747713088989258 -4.099999904632568
vertex 2.557218313217163 32.487586975097656 -4.099999904632568
endloop
endfacet
facet normal 0 0 1
outer loop
vertex 2.2311933040618896 33.71651840209961 -4.099999904632568
vertex 0.8575419187545776 34.914974212646484 -4.099999904632568
vertex 2.557218313217163 32.487586975097656 -4.099999904632568
endloop
endfacet
facet normal 0.7774113611361729 -0.5443490328363453 0.315143944930786
outer loop
vertex -0.1816885620355606 52.51497268676758 -0.5
vertex 0.8575419187545776 51.914974212646484 -4.099999904632568
vertex 1.6379649639129639 55.11370849609375 -0.5
endloop
endfacet
facet normal 0.5443491998192019 -0.7774110708985401 0.31514437247169685
outer loop
vertex 3.881239175796509 57.35698318481445 -0.5
vertex 4.652584552764893 56.43772888183594 -4.099999904632568
vertex 7.0799736976623535 58.13740539550781 -4.099999904632568
endloop
endfacet
facet normal 0 0 1
outer loop
vertex 30.302406311035156 51.914974212646484 -4.099999904632568
vertex 30.28158187866211 50.905818939208984 -4.099999904632568
vertex 31.55474853515625 49.22931671142578 -4.099999904632568
endloop
endfacet
facet normal 0.40108308119379166 -0.8601258954021977 0.31514410360763834
outer loop
vertex 6.479973793029785 59.1766357421875 -0.5
vertex 7.0799736976623535 58.13740539550781 -4.099999904632568
vertex 9.765631675720215 59.389747619628906 -4.099999904632568
endloop
endfacet
facet normal 0 0 1
outer loop
vertex 3.9127118587493896 55.082237243652344 -4.099999904632568
vertex 4.652584552764893 56.43772888183594 -4.099999904632568
vertex 2.557218313217163 54.34236526489258 -4.099999904632568
endloop
endfacet
facet normal 0 0 1
outer loop
vertex 0.8575419187545776 51.914974212646484 -4.099999904632568
vertex 3.9127118587493896 55.082237243652344 -4.099999904632568
vertex 2.557218313217163 54.34236526489258 -4.099999904632568
endloop
endfacet
facet normal 0 0 1
outer loop
vertex 0.8575419187545776 51.914974212646484 -4.099999904632568
vertex 2.2311933040618896 53.11343002319336 -4.099999904632568
vertex 3.9127118587493896 55.082237243652344 -4.099999904632568
endloop
endfacet
facet normal 0 0 1
outer loop
vertex 30.28158187866211 50.905818939208984 -4.099999904632568
vertex 31.27240562438965 48.513755798339844 -4.099999904632568
vertex 31.55474853515625 49.22931671142578 -4.099999904632568
endloop
endfacet
facet normal 0.6710753424366771 -0.6710751997909009 0.31514434946401826
outer loop
vertex 4.652584552764893 56.43772888183594 -4.099999904632568
vertex 3.881239175796509 57.35698318481445 -0.5
vertex 1.6379649639129639 55.11370849609375 -0.5
endloop
endfacet
facet normal 0 0 1
outer loop
vertex 0.8575419187545776 51.914974212646484 -4.099999904632568
vertex 0.8839774131774902 50.914974212646484 -4.099999904632568
vertex 2.2311933040618896 53.11343002319336 -4.099999904632568
endloop
endfacet
facet normal 0 0 1
outer loop
vertex 0.5799738168716431 51.31497573852539 -4.099999904632568
vertex 0.8839774131774902 50.914974212646484 -4.099999904632568
vertex 0.8575419187545776 51.914974212646484 -4.099999904632568
endloop
endfacet
facet normal 0 0 1
outer loop
vertex 0.5799738168716431 51.31497573852539 -4.099999904632568
vertex 0.5799738168716431 50.914974212646484 -4.099999904632568
vertex 0.8839774131774902 50.914974212646484 -4.099999904632568
endloop
endfacet
facet normal -0.8601256521231755 0.401083475671403 0.31514426554044916
outer loop
vertex 32.68238067626953 37.190208435058594 -0.5
vertex 31.55474853515625 37.60063171386719 -4.099999904632568
vertex 31.341636657714844 34.31497573852539 -0.5
endloop
endfacet
facet normal -0.9454326049425438 -0.08271530428870301 0.31514340854281436
outer loop
vertex 33.779972076416016 43.414974212646484 -0.5
vertex 32.32170486450195 46.36699295043945 -4.099999904632568
vertex 32.57997512817383 43.414974212646484 -4.099999904632568
endloop
endfacet
facet normal 0.5443489736635305 -0.7774113338191577 0.3151441145269559
outer loop
vertex 7.0799736976623535 58.13740539550781 -4.099999904632568
vertex 6.479973793029785 59.1766357421875 -0.5
vertex 3.881239175796509 57.35698318481445 -0.5
endloop
endfacet
facet normal 0 0 1
outer loop
vertex 28.928754806518555 53.11343002319336 -4.099999904632568
vertex 30.28158187866211 50.905818939208984 -4.099999904632568
vertex 30.302406311035156 51.914974212646484 -4.099999904632568
endloop
endfacet
facet normal 0 0 1
outer loop
vertex 28.60272979736328 54.34236526489258 -4.099999904632568
vertex 26.507362365722656 56.43772888183594 -4.099999904632568
vertex 27.247236251831055 55.082237243652344 -4.099999904632568
endloop
endfacet
facet normal 0 0 1
outer loop
vertex 28.928754806518555 53.11343002319336 -4.099999904632568
vertex 30.302406311035156 51.914974212646484 -4.099999904632568
vertex 28.60272979736328 54.34236526489258 -4.099999904632568
endloop
endfacet
facet normal 0 0 1
outer loop
vertex 28.60272979736328 54.34236526489258 -4.099999904632568
vertex 27.247236251831055 55.082237243652344 -4.099999904632568
vertex 28.928754806518555 53.11343002319336 -4.099999904632568
endloop
endfacet
facet normal -0.7774114547608185 -0.544349040874065 0.31514370008958337
outer loop
vertex 29.521982192993164 55.11370849609375 -0.5
vertex 28.60272979736328 54.34236526489258 -4.099999904632568
vertex 30.302406311035156 51.914974212646484 -4.099999904632568
endloop
endfacet
facet normal 0 0 1
outer loop
vertex 21.394315719604492 59.389747619628906 -4.099999904632568
vertex 20.678754806518555 59.10740661621094 -4.099999904632568
vertex 23.070817947387695 58.116580963134766 -4.099999904632568
endloop
endfacet
facet normal 0.24563158564140555 -0.9167059008717134 0.31514348389625507
outer loop
vertex 12.419576644897461 61.33847427368164 -0.5
vertex 9.765631675720215 59.389747619628906 -4.099999904632568
vertex 12.627954483032227 60.156707763671875 -4.099999904632568
endloop
endfacet
facet normal 0 0 1
outer loop
vertex 21.394315719604492 59.389747619628906 -4.099999904632568
vertex 23.070817947387695 58.116580963134766 -4.099999904632568
vertex 24.079973220825195 58.13740539550781 -4.099999904632568
endloop
endfacet
facet normal 0 0 1
outer loop
vertex 25.278430938720703 56.763755798339844 -4.099999904632568
vertex 26.507362365722656 56.43772888183594 -4.099999904632568
vertex 24.079973220825195 58.13740539550781 -4.099999904632568
endloop
endfacet
facet normal -0.08271520526310024 -0.9454325822933198 0.31514350248175604
outer loop
vertex 18.531991958618164 60.156707763671875 -4.099999904632568
vertex 18.74036979675293 61.33847427368164 -0.5
vertex 15.579974174499512 61.61497497558594 -0.5
endloop
endfacet
facet normal 0 0 1
outer loop
vertex 24.079973220825195 58.13740539550781 -4.099999904632568
vertex 23.070817947387695 58.116580963134766 -4.099999904632568
vertex 25.278430938720703 56.763755798339844 -4.099999904632568
endloop
endfacet
facet normal 0.08271513221574318 -0.9454323179469634 0.315144314694021
outer loop
vertex 15.579974174499512 60.414974212646484 -4.099999904632568
vertex 15.579974174499512 61.61497497558594 -0.5
vertex 12.419576644897461 61.33847427368164 -0.5
endloop
endfacet
facet normal 0.2456303884030084 -0.9167059155216942 0.31514437443895343
outer loop
vertex 9.355207443237305 60.51737976074219 -0.5
vertex 9.765631675720215 59.389747619628906 -4.099999904632568
vertex 12.419576644897461 61.33847427368164 -0.5
endloop
endfacet
facet normal 0 0 1
outer loop
vertex 9.765631675720215 59.389747619628906 -4.099999904632568
vertex 10.481193542480469 59.10740661621094 -4.099999904632568
vertex 12.627954483032227 60.156707763671875 -4.099999904632568
endloop
endfacet
facet normal 0 0 1
outer loop
vertex 12.627954483032227 60.156707763671875 -4.099999904632568
vertex 10.481193542480469 59.10740661621094 -4.099999904632568
vertex 12.998805046081543 59.71183395385742 -4.099999904632568
endloop
endfacet
facet normal 0 0 1
outer loop
vertex 12.627954483032227 60.156707763671875 -4.099999904632568
vertex 12.998805046081543 59.71183395385742 -4.099999904632568
vertex 15.579974174499512 60.414974212646484 -4.099999904632568
endloop
endfacet
facet normal 0 0 1
outer loop
vertex 25.278430938720703 56.763755798339844 -4.099999904632568
vertex 27.247236251831055 55.082237243652344 -4.099999904632568
vertex 26.507362365722656 56.43772888183594 -4.099999904632568
endloop
endfacet
facet normal 0.8613633655774958 0.3984793374100955 0.31506724694614124
outer loop
vertex 0.5799738168716431 35.51497268676758 -4.099999904632568
vertex -0.1816885620355606 34.31497573852539 -0.5
vertex 0.8575419187545776 34.914974212646484 -4.099999904632568
endloop
endfacet
facet normal 0 0 1
outer loop
vertex 15.579974174499512 60.414974212646484 -4.099999904632568
vertex 12.998805046081543 59.71183395385742 -4.099999904632568
vertex 15.579974174499512 59.914974212646484 -4.099999904632568
endloop
endfacet
facet normal 0.4010833525255894 -0.8601256733278364 0.3151443643937964
outer loop
vertex 6.479973793029785 59.1766357421875 -0.5
vertex 9.765631675720215 59.389747619628906 -4.099999904632568
vertex 9.355207443237305 60.51737976074219 -0.5
endloop
endfacet
facet normal -0.5443490323142625 -0.7774112036123882 0.31514433441911044
outer loop
vertex 26.507362365722656 56.43772888183594 -4.099999904632568
vertex 27.27870750427246 57.35698318481445 -0.5
vertex 24.679973602294922 59.1766357421875 -0.5
endloop
endfacet
facet normal 0 0 1
outer loop
vertex 15.579974174499512 60.414974212646484 -4.099999904632568
vertex 15.579974174499512 59.914974212646484 -4.099999904632568
vertex 18.161142349243164 59.71183395385742 -4.099999904632568
endloop
endfacet
facet normal -0.6710746637254088 -0.6710758854449538 0.3151443346787322
outer loop
vertex 27.27870750427246 57.35698318481445 -0.5
vertex 26.507362365722656 56.43772888183594 -4.099999904632568
vertex 28.60272979736328 54.34236526489258 -4.099999904632568
endloop
endfacet
facet normal 0 0 1
outer loop
vertex 18.161142349243164 59.71183395385742 -4.099999904632568
vertex 18.531991958618164 60.156707763671875 -4.099999904632568
vertex 15.579974174499512 60.414974212646484 -4.099999904632568
endloop
endfacet
facet normal 0 0 1
outer loop
vertex 20.678754806518555 59.10740661621094 -4.099999904632568
vertex 21.394315719604492 59.389747619628906 -4.099999904632568
vertex 18.531991958618164 60.156707763671875 -4.099999904632568
endloop
endfacet
facet normal 0.8601254566025514 -0.4010840897107977 0.3151440176889191
outer loop
vertex -0.7412577271461487 51.31497573852539 -0.5
vertex 0.8575419187545776 51.914974212646484 -4.099999904632568
vertex -0.1816885620355606 52.51497268676758 -0.5
endloop
endfacet
facet normal 0 0 1
outer loop
vertex 0.5799738168716431 35.51497268676758 -4.099999904632568
vertex 0.8575419187545776 34.914974212646484 -4.099999904632568
vertex 0.8839774131774902 35.914974212646484 -4.099999904632568
endloop
endfacet
facet normal -0.5443492382545027 -0.7774111257898275 0.31514417067420986
outer loop
vertex 24.679973602294922 59.1766357421875 -0.5
vertex 24.079973220825195 58.13740539550781 -4.099999904632568
vertex 26.507362365722656 56.43772888183594 -4.099999904632568
endloop
endfacet
facet normal -0.40108308864845527 -0.8601257586738816 0.31514446729380297
outer loop
vertex 24.079973220825195 58.13740539550781 -4.099999904632568
vertex 21.80474090576172 60.51737976074219 -0.5
vertex 21.394315719604492 59.389747619628906 -4.099999904632568
endloop
endfacet
facet normal 0 0 1
outer loop
vertex 0.5799738168716431 35.914974212646484 -4.099999904632568
vertex 0.5799738168716431 35.51497268676758 -4.099999904632568
vertex 0.8839774131774902 35.914974212646484 -4.099999904632568
endloop
endfacet
facet normal 0 0 1
outer loop
vertex 18.531991958618164 60.156707763671875 -4.099999904632568
vertex 18.161142349243164 59.71183395385742 -4.099999904632568
vertex 20.678754806518555 59.10740661621094 -4.099999904632568
endloop
endfacet
facet normal -0.7774112379201505 -0.5443492273933793 0.3151439128266479
outer loop
vertex 30.302406311035156 51.914974212646484 -4.099999904632568
vertex 31.341636657714844 52.51497268676758 -0.5
vertex 29.521982192993164 55.11370849609375 -0.5
endloop
endfacet
facet normal 0 -0.7071067811865476 0.7071067811865476
outer loop
vertex 53.027587890625 -50.88502502441406 -1
vertex 57.527587890625 -50.88502502441406 -1
vertex 57.428131103515625 -50.38502502441406 -0.5
endloop
endfacet
facet normal 0 -0.7071067811865476 0.7071067811865476
outer loop
vertex 53.027587890625 -50.38502502441406 -0.5
vertex 53.027587890625 -50.88502502441406 -1
vertex 57.428131103515625 -50.38502502441406 -0.5
endloop
endfacet
facet normal 0 -0.7071067811865475 0.7071067811865475
outer loop
vertex 4.321816444396973 -50.38502502441406 -0.5
vertex 4.222360134124756 -50.88502502441406 -1
vertex 44.027587890625 -50.88502502441406 -1
endloop
endfacet
facet normal 0 -0.7071067811865476 0.7071067811865476
outer loop
vertex 44.027587890625 -50.88502502441406 -1
vertex 44.027587890625 -50.38502502441406 -0.5
vertex 4.321816444396973 -50.38502502441406 -0.5
endloop
endfacet
facet normal 0.2705972400642086 -0.6532824681147622 0.7071061805157114
outer loop
vertex 58.63021469116211 -50.42830276489258 -1
vertex 58.34698486328125 -50.004425048828125 -0.5
vertex 57.428131103515625 -50.38502502441406 -0.5
endloop
endfacet
facet normal 0.27059853927936656 -0.6532788847813455 0.7071089938890006
outer loop
vertex 57.428131103515625 -50.38502502441406 -0.5
vertex 58.21772384643555 -50.59916305541992 -1
vertex 58.63021469116211 -50.42830276489258 -1
endloop
endfacet
facet normal 0.2705965542654697 -0.6532817648816666 0.7071070926618891
outer loop
vertex 57.428131103515625 -50.38502502441406 -0.5
vertex 57.527587890625 -50.88502502441406 -1
vertex 58.21772384643555 -50.59916305541992 -1
endloop
endfacet
facet normal 0.49999973032412515 -0.49999973032412515 0.7071071625656214
outer loop
vertex 58.63021469116211 -50.42830276489258 -1
vertex 61.05575180053711 -48.00276565551758 -1
vertex 58.34698486328125 -50.004425048828125 -0.5
endloop
endfacet
facet normal 0.49999973032412515 -0.49999973032412515 0.7071071625656214
outer loop
vertex 61.05575180053711 -48.00276565551758 -1
vertex 60.63187026977539 -47.719539642333984 -0.5
vertex 58.34698486328125 -50.004425048828125 -0.5
endloop
endfacet
facet normal 0.6532828062996807 -0.270595153240607 0.7071066666606293
outer loop
vertex 60.66061782836914 -47.65013885498047 -0.5
vertex 61.05575180053711 -48.00276565551758 -1
vertex 61.201812744140625 -47.65013885498047 -1
endloop
endfacet
facet normal 0.6532772371971675 -0.27060392785784937 0.7071084539078426
outer loop
vertex 60.63187026977539 -47.719539642333984 -0.5
vertex 61.05575180053711 -48.00276565551758 -1
vertex 60.66061782836914 -47.65013885498047 -0.5
endloop
endfacet
facet normal 0.500457027047584 -0.5014476834896181 0.7057570295800033
outer loop
vertex 63.269832611083984 6.364974498748779 -1
vertex 62.917625427246094 6.717182636260986 -0.5
vertex 61.55536651611328 5.357614994049072 -0.5
endloop
endfacet
facet normal 0.49999984866229735 -0.49999937530892985 0.7071073299212501
outer loop
vertex 63.269832611083984 6.364974498748779 -1
vertex 61.55536651611328 5.357614994049072 -0.5
vertex 62.262474060058594 5.357614994049072 -1
endloop
endfacet
facet normal 0.2994033554012236 -0.6420780654318036 0.7057573157012553
outer loop
vertex 63.019832611083984 6.79798698425293 -0.5
vertex 63.269832611083984 6.364974498748779 -1
vertex 63.09882354736328 6.834820747375488 -0.5
endloop
endfacet
facet normal 0.18336142273975645 -0.6843136514162699 0.7057573344544031
outer loop
vertex 63.09882354736328 6.834820747375488 -0.5
vertex 63.269832611083984 6.364974498748779 -1
vertex 63.18301010131836 6.8573784828186035 -0.5
endloop
endfacet
facet normal 0.5009447265536641 -0.5009602303983781 0.7057572022284141
outer loop
vertex 62.917625427246094 6.717182636260986 -0.5
vertex 63.269832611083984 6.364974498748779 -1
vertex 62.94844055175781 6.747996807098389 -0.5
endloop
endfacet
facet normal 0.06174603310276911 -0.705757545973145 0.705757545973145
outer loop
vertex 63.18301010131836 6.8573784828186035 -0.5
vertex 63.269832611083984 6.364974498748779 -1
vertex 63.269832611083984 6.864974498748779 -0.5
endloop
endfacet
facet normal 0.4063574350420403 -0.5803278916269473 0.7057571630425555
outer loop
vertex 62.94844055175781 6.747996807098389 -0.5
vertex 63.269832611083984 6.364974498748779 -1
vertex 63.019832611083984 6.79798698425293 -0.5
endloop
endfacet
facet normal 0 -0.7071067811865476 0.7071067811865476
outer loop
vertex 77.52660369873047 6.364974498748779 -1
vertex 77.43344116210938 6.864974498748779 -0.5
vertex 63.269832611083984 6.864974498748779 -0.5
endloop
endfacet
facet normal 0 -0.7071067811865475 0.7071067811865475
outer loop
vertex 63.269832611083984 6.364974498748779 -1
vertex 77.52660369873047 6.364974498748779 -1
vertex 63.269832611083984 6.864974498748779 -0.5
endloop
endfacet
facet normal 0.25465637732892693 -0.6596584863769529 0.7071073545343554
outer loop
vertex 78.56951141357422 6.767581462860107 -1
vertex 77.43344116210938 6.864974498748779 -0.5
vertex 77.52660369873047 6.364974498748779 -1
endloop
endfacet
facet normal 0.2546568327563335 -0.6596574233007282 0.7071081822569701
outer loop
vertex 78.56951141357422 6.767581462860107 -1
vertex 78.30252838134766 7.2004804611206055 -0.5
vertex 77.43344116210938 6.864974498748779 -0.5
endloop
endfacet
facet normal 0.47513692629816223 -0.5236844248398215 0.7071064449205086
outer loop
vertex 81.07728576660156 9.04288101196289 -1
vertex 80.6633071899414 9.342406272888184 -0.5
vertex 78.30252838134766 7.2004804611206055 -0.5
endloop
endfacet
facet normal 0.47513573607528453 -0.5236819097539152 0.7071091073523872
outer loop
vertex 78.30252838134766 7.2004804611206055 -0.5
vertex 78.56951141357422 6.767581462860107 -1
vertex 81.07728576660156 9.04288101196289 -1
endloop
endfacet
facet normal 0.6460211916030697 -0.28750157811947374 0.7071064011721023
outer loop
vertex 80.6633071899414 9.342406272888184 -0.5
vertex 81.20327758789062 9.3259859085083 -1
vertex 81.59119415283203 10.197641372680664 -1
endloop
endfacet
facet normal 0.6460199814196588 -0.28749900775029263 0.7071085518851691
outer loop
vertex 81.59119415283203 10.197641372680664 -1
vertex 81.09156036376953 10.304705619812012 -0.5
vertex 80.6633071899414 9.342406272888184 -0.5
endloop
endfacet
facet normal 0.646020991658525 -0.28750248520328325 0.7071062150331249
outer loop
vertex 80.6633071899414 9.342406272888184 -0.5
vertex 81.07728576660156 9.04288101196289 -1
vertex 81.20327758789062 9.3259859085083 -1
endloop
endfacet
facet normal 0.7071007547767355 -0.0024550075767617403 0.7071085457919235
outer loop
vertex 81.09156036376953 10.304705619812012 -0.5
vertex 81.59119415283203 10.197641372680664 -1
vertex 81.13333129882812 22.335731506347656 -0.5
endloop
endfacet
facet normal 0.7071003890566782 -0.0024550364328216156 0.7071089114075764
outer loop
vertex 81.13333129882812 22.335731506347656 -0.5
vertex 81.59119415283203 10.197641372680664 -1
vertex 81.63333129882812 22.333995819091797 -1
endloop
endfacet
facet normal 0.6600996357620342 0.25350506242997056 0.7071093650837942
outer loop
vertex 81.41348266601562 42.83488082885742 -1
vertex 81.29917907714844 43.13251495361328 -1
vertex 80.86597442626953 42.865867614746094 -0.5
endloop
endfacet
facet normal 0.5236839915768963 0.47513650556159287 0.7071070485073725
outer loop
vertex 79.02163696289062 45.64276123046875 -1
vertex 78.72218322753906 45.228702545166016 -0.5
vertex 80.86597442626953 42.865867614746094 -0.5
endloop
endfacet
facet normal 0.5236815107348054 0.47513533080537096 0.7071096751812851
outer loop
vertex 81.29917907714844 43.13251495361328 -1
vertex 79.02163696289062 45.64276123046875 -1
vertex 80.86597442626953 42.865867614746094 -0.5
endloop
endfacet
facet normal 0.287236103191662 0.6461389263281838 0.7071067167738763
outer loop
vertex 78.72218322753906 45.228702545166016 -0.5
vertex 79.02163696289062 45.64276123046875 -1
vertex 77.86548614501953 46.15671920776367 -1
endloop
endfacet
facet normal 0.2872348444646445 0.6461383322856242 0.7071077709066165
outer loop
vertex 77.86548614501953 46.15671920776367 -1
vertex 77.75872802734375 45.65699768066406 -0.5
vertex 78.72218322753906 45.228702545166016 -0.5
endloop
endfacet
facet normal 0.0018748135308708114 0.7071022957277097 0.707108781200479
outer loop
vertex 77.75872802734375 45.65699768066406 -0.5
vertex 77.86548614501953 46.15671920776367 -1
vertex 36.21665573120117 46.267147064208984 -1
endloop
endfacet
facet normal 0.0018770684310201095 0.707186667784029 0.7070243938667369
outer loop
vertex 36.21665573120117 46.267147064208984 -1
vertex 36.215328216552734 45.76726531982422 -0.5
vertex 77.75872802734375 45.65699768066406 -0.5
endloop
endfacet
facet normal 0.06171820688079255 0.7057602912342874 0.7057572346468107
outer loop
vertex 36.215328216552734 45.76726531982422 -0.5
vertex 36.21665573120117 46.267147064208984 -1
vertex 36.12982940673828 45.774742126464844 -0.5
endloop
endfacet
facet normal 0.18337936548085054 0.6843082882646078 0.7057578727355459
outer loop
vertex 36.21665573120117 46.267147064208984 -1
vertex 36.0456428527832 45.79730224609375 -0.5
vertex 36.12982940673828 45.774742126464844 -0.5
endloop
endfacet
facet normal 0.29939588802760403 0.6420809174002661 0.7057578888985905
outer loop
vertex 36.21665573120117 46.267147064208984 -1
vertex 35.96665573120117 45.83413314819336 -0.5
vertex 36.0456428527832 45.79730224609375 -0.5
endloop
endfacet
facet normal 0.39760444211128854 0.5858591887270946 0.7061725841445571
outer loop
vertex 35.96665573120117 45.83413314819336 -0.5
vertex 36.21665573120117 46.267147064208984 -1
vertex 35.906585693359375 45.874900817871094 -0.5
endloop
endfacet
facet normal 0.4384993498454231 0.5547207750128317 0.7071090311644342
outer loop
vertex 35.906585693359375 45.874900817871094 -0.5
vertex 35.79679489135742 46.59904479980469 -1
vertex 34.587913513183594 47.554649353027344 -1
endloop
endfacet
facet normal 0.4385007674649986 0.5547214650822958 0.7071076106997847
outer loop
vertex 35.906585693359375 45.874900817871094 -0.5
vertex 34.587913513183594 47.554649353027344 -1
vertex 34.27784729003906 47.16239929199219 -0.5
endloop
endfacet
facet normal 0.43850323764263555 0.5547200775576006 0.7071071673596697
outer loop
vertex 35.906585693359375 45.874900817871094 -0.5
vertex 36.21665573120117 46.267147064208984 -1
vertex 35.79679489135742 46.59904479980469 -1
endloop
endfacet
facet normal 0.49391765282534966 0.508569780891828 0.7052674175028472
outer loop
vertex 34.587913513183594 47.554649353027344 -1
vertex 34.204891204833984 47.233253479003906 -0.5
vertex 34.27784729003906 47.16239929199219 -0.5
endloop
endfacet
facet normal 0.5803316547319953 0.40634998585503307 0.7057583577341743
outer loop
vertex 34.204891204833984 47.233253479003906 -0.5
vertex 34.587913513183594 47.554649353027344 -1
vertex 34.15489959716797 47.304649353027344 -0.5
endloop
endfacet
facet normal 0.6420739863637328 0.2994092052121603 0.7057585450203261
outer loop
vertex 34.587913513183594 47.554649353027344 -1
vertex 34.118064880371094 47.38364028930664 -0.5
vertex 34.15489959716797 47.304649353027344 -0.5
endloop
endfacet
facet normal 0.6843202653432336 0.18333501703169147 0.7057577813744286
outer loop
vertex 34.118064880371094 47.38364028930664 -0.5
vertex 34.587913513183594 47.554649353027344 -1
vertex 34.10341262817383 47.438331604003906 -0.5
endloop
endfacet
facet normal 0.6887611628691283 0.1653575953870292 0.705878832499591
outer loop
vertex 34.10341262817383 47.438331604003906 -0.5
vertex 34.587913513183594 47.554649353027344 -1
vertex 34.1619987487793 49.328704833984375 -1
endloop
endfacet
facet normal 0.687398221814449 0.16572797735594821 0.7071194539593998
outer loop
vertex 34.1619987487793 49.328704833984375 -1
vertex 33.68040084838867 49.19287872314453 -0.5
vertex 34.10341262817383 47.438331604003906 -0.5
endloop
endfacet
facet normal 0.6724971255206567 0.21850870300003533 0.7071078863085155
outer loop
vertex 34.08915328979492 49.55290603637695 -1
vertex 33.619693756103516 49.37971496582031 -0.5
vertex 33.68040084838867 49.19287872314453 -0.5
endloop
endfacet
facet normal 0.6725005133682957 0.21850288063023796 0.707106463466193
outer loop
vertex 33.68040084838867 49.19287872314453 -0.5
vertex 34.1619987487793 49.328704833984375 -1
vertex 34.08915328979492 49.55290603637695 -1
endloop
endfacet
facet normal 0.6532805423308865 0.2705977211877141 0.707107775590029
outer loop
vertex 33.619693756103516 49.37971496582031 -0.5
vertex 34.08915328979492 49.55290603637695 -1
vertex 33.008113861083984 52.16276550292969 -1
endloop
endfacet
facet normal 0.6532814546672591 0.27059776708710664 0.7071069151375214
outer loop
vertex 33.008113861083984 52.16276550292969 -1
vertex 32.55369186401367 51.95327377319336 -0.5
vertex 33.619693756103516 49.37971496582031 -0.5
endloop
endfacet
facet normal 0.6300372881529056 0.32101886843514216 0.7071067116394482
outer loop
vertex 32.90108871459961 52.3728141784668 -1
vertex 32.46450424194336 52.12831497192383 -0.5
vertex 32.55369186401367 51.95327377319336 -0.5
endloop
endfacet
facet normal 0.630036616455388 0.32101969219389365 0.7071069361484047
outer loop
vertex 32.55369186401367 51.95327377319336 -0.5
vertex 33.008113861083984 52.16276550292969 -1
vertex 32.90108871459961 52.3728141784668 -1
endloop
endfacet
facet normal 0.6029073389157293 0.36946233230691106 0.7071070114826267
outer loop
vertex 31.425086975097656 54.781429290771484 -1
vertex 31.009031295776367 54.5034294128418 -0.5
vertex 32.46450424194336 52.12831497192383 -0.5
endloop
endfacet
facet normal 0.6029076236819422 0.36946239221344096 0.707106737378534
outer loop
vertex 32.46450424194336 52.12831497192383 -0.5
vertex 32.90108871459961 52.3728141784668 -1
vertex 31.425086975097656 54.781429290771484 -1
endloop
endfacet
facet normal 0.5720616032658549 0.41562788879479223 0.7071060600255689
outer loop
vertex 31.286521911621094 54.972145080566406 -1
vertex 30.8935604095459 54.66236114501953 -0.5
vertex 31.009031295776367 54.5034294128418 -0.5
endloop
endfacet
facet normal 0.5720585258430131 0.415630640918524 0.7071069320406749
outer loop
vertex 31.009031295776367 54.5034294128418 -0.5
vertex 31.425086975097656 54.781429290771484 -1
vertex 31.286521911621094 54.972145080566406 -1
endloop
endfacet
facet normal 0.5376895543455195 0.459229893026079 0.7071052598439449
outer loop
vertex 29.451902389526367 57.120208740234375 -1
vertex 29.08445930480957 56.780548095703125 -0.5
vertex 30.8935604095459 54.66236114501953 -0.5
endloop
endfacet
facet normal 0.5376888563745691 0.4592296267746788 0.7071059635040544
outer loop
vertex 29.451902389526367 57.120208740234375 -1
vertex 30.8935604095459 54.66236114501953 -0.5
vertex 31.286521911621094 54.972145080566406 -1
endloop
endfacet
facet normal 0.5000038833890739 0.49999816225900623 0.7071053346803869
outer loop
vertex 29.08445930480957 56.780548095703125 -0.5
vertex 29.451902389526367 57.120208740234375 -1
vertex 29.28520965576172 57.286903381347656 -1
endloop
endfacet
facet normal 0.5000004046737924 0.5000004046737924 0.7071062088909188
outer loop
vertex 29.28520965576172 57.286903381347656 -1
vertex 28.945547103881836 56.91946029663086 -0.5
vertex 29.08445930480957 56.780548095703125 -0.5
endloop
endfacet
facet normal 0.45922819793219627 0.5376875696439828 0.7071078698998441
outer loop
vertex 27.13714599609375 59.121524810791016 -1
vertex 26.827360153198242 58.72856140136719 -0.5
vertex 28.945547103881836 56.91946029663086 -0.5
endloop
endfacet
facet normal 0.4592297831333013 0.537688480443154 0.7071061478180438
outer loop
vertex 28.945547103881836 56.91946029663086 -0.5
vertex 29.28520965576172 57.286903381347656 -1
vertex 27.13714599609375 59.121524810791016 -1
endloop
endfacet
facet normal 0.41562463611755956 0.5720617032081684 0.7071078910426016
outer loop
vertex 26.827360153198242 58.72856140136719 -0.5
vertex 27.13714599609375 59.121524810791016 -1
vertex 26.946426391601562 59.26008987426758 -1
endloop
endfacet
facet normal 0.41562715425669366 0.5720605922628552 0.7071073096951791
outer loop
vertex 26.946426391601562 59.26008987426758 -1
vertex 26.668428421020508 58.844032287597656 -0.5
vertex 26.827360153198242 58.72856140136719 -0.5
endloop
endfacet
facet normal 0.3694619020084655 0.60290791099107 0.707106748538487
outer loop
vertex 24.537811279296875 60.736087799072266 -1
vertex 24.293312072753906 60.299503326416016 -0.5
vertex 26.668428421020508 58.844032287597656 -0.5
endloop
endfacet
facet normal 0.3694613315204447 0.6029074509912409 0.7071074388311754
outer loop
vertex 26.668428421020508 58.844032287597656 -0.5
vertex 26.946426391601562 59.26008987426758 -1
vertex 24.537811279296875 60.736087799072266 -1
endloop
endfacet
facet normal 0.3210246449995373 0.6300348946023854 0.7071062217844516
outer loop
vertex 24.3277645111084 60.84311294555664 -1
vertex 24.118274688720703 60.38869094848633 -0.5
vertex 24.293312072753906 60.299503326416016 -0.5
endloop
endfacet
facet normal 0.32102207591843923 0.6300355736833141 0.7071067830720854
outer loop
vertex 24.293312072753906 60.299503326416016 -0.5
vertex 24.537811279296875 60.736087799072266 -1
vertex 24.3277645111084 60.84311294555664 -1
endloop
endfacet
facet normal 0.27059841310090915 0.653281735322238 0.7071064086271847
outer loop
vertex 24.118274688720703 60.38869094848633 -0.5
vertex 24.3277645111084 60.84311294555664 -1
vertex 21.717906951904297 61.92415237426758 -1
endloop
endfacet
facet normal 0.27059885234177916 0.6532822211003915 0.7071057917351911
outer loop
vertex 21.717906951904297 61.92415237426758 -1
vertex 21.544713973999023 61.45469665527344 -0.5
vertex 24.118274688720703 60.38869094848633 -0.5
endloop
endfacet
facet normal 0.21851175778941537 0.6724983398667961 0.7071057874067948
outer loop
vertex 21.544713973999023 61.45469665527344 -0.5
vertex 21.717906951904297 61.92415237426758 -1
vertex 21.493703842163086 61.99700164794922 -1
endloop
endfacet
facet normal 0.21849805036934686 0.6724997336746488 0.707108697579319
outer loop
vertex 21.493703842163086 61.99700164794922 -1
vertex 21.357879638671875 61.51539993286133 -0.5
vertex 21.544713973999023 61.45469665527344 -0.5
endloop
endfacet
facet normal 0.16507105531617214 0.6875685051527628 0.7071075571783974
outer loop
vertex 18.746864318847656 62.65645980834961 -1
vertex 18.64924430847168 62.165687561035156 -0.5
vertex 21.357879638671875 61.51539993286133 -0.5
endloop
endfacet
facet normal 0.1650704577697148 0.6875675892134349 0.7071085873010751
outer loop
vertex 21.357879638671875 61.51539993286133 -0.5
vertex 21.493703842163086 61.99700164794922 -1
vertex 18.746864318847656 62.65645980834961 -1
endloop
endfacet
facet normal 0.11061495560205928 0.6984010801567954 0.7071069670375025
outer loop
vertex 18.514026641845703 62.693336486816406 -1
vertex 18.45521354675293 62.19641876220703 -0.5
vertex 18.64924430847168 62.165687561035156 -0.5
endloop
endfacet
facet normal 0.11061228106079748 0.6984009309100958 0.7071075328282387
outer loop
vertex 18.64924430847168 62.165687561035156 -0.5
vertex 18.746864318847656 62.65645980834961 -1
vertex 18.514026641845703 62.693336486816406 -1
endloop
endfacet
facet normal 0.05547819615523 0.7049268580384561 0.7071069894771173
outer loop
vertex 18.45521354675293 62.19641876220703 -0.5
vertex 18.514026641845703 62.693336486816406 -1
vertex 16.87594985961914 62.8222541809082 -1
endloop
endfacet
facet normal 0.0554788677099589 0.7049269769089336 0.707106818283951
outer loop
vertex 15.697844505310059 62.914974212646484 -1
vertex 15.67819881439209 62.414974212646484 -0.5
vertex 18.45521354675293 62.19641876220703 -0.5
endloop
endfacet
facet normal 0.055479795159390416 0.7049290483176504 0.7071046804872981
outer loop
vertex 18.45521354675293 62.19641876220703 -0.5
vertex 16.87594985961914 62.8222541809082 -1
vertex 15.697844505310059 62.914974212646484 -1
endloop
endfacet
facet normal 0 0.7071067811865476 0.7071067811865476
outer loop
vertex 15.462103843688965 62.914974212646484 -1
vertex 15.481748580932617 62.414974212646484 -0.5
vertex 15.67819881439209 62.414974212646484 -0.5
endloop
endfacet
facet normal 0 0.7071067811865476 0.7071067811865476
outer loop
vertex 15.67819881439209 62.414974212646484 -0.5
vertex 15.697844505310059 62.914974212646484 -1
vertex 15.462103843688965 62.914974212646484 -1
endloop
endfacet
facet normal -0.05547886801549414 0.7049267387071612 0.7071070557273523
outer loop
vertex 12.645920753479004 62.693336486816406 -1
vertex 12.704734802246094 62.19641876220703 -0.5
vertex 15.481748580932617 62.414974212646484 -0.5
endloop
endfacet
facet normal -0.05547878806850835 0.7049270345954456 0.7071067670238498
outer loop
vertex 15.481748580932617 62.414974212646484 -0.5
vertex 15.462103843688965 62.914974212646484 -1
vertex 12.645920753479004 62.693336486816406 -1
endloop
endfacet
facet normal -0.11061190167862388 0.6984013960622308 0.7071071327496036
outer loop
vertex 12.704734802246094 62.19641876220703 -0.5
vertex 12.645920753479004 62.693336486816406 -1
vertex 12.413082122802734 62.65645980834961 -1
endloop
endfacet
facet normal -0.11061431382252944 0.6984004607556595 0.707107679207243
outer loop
vertex 12.413082122802734 62.65645980834961 -1
vertex 12.510703086853027 62.165687561035156 -0.5
vertex 12.704734802246094 62.19641876220703 -0.5
endloop
endfacet
facet normal -0.16507083109616127 0.687567329128459 0.7071087530474928
outer loop
vertex 9.666243553161621 61.99700164794922 -1
vertex 9.802068710327148 61.51539993286133 -0.5
vertex 12.510703086853027 62.165687561035156 -0.5
endloop
endfacet
facet normal -0.16507071425724734 0.6875684188436129 0.7071077207211759
outer loop
vertex 12.510703086853027 62.165687561035156 -0.5
vertex 12.413082122802734 62.65645980834961 -1
vertex 9.666243553161621 61.99700164794922 -1
endloop
endfacet
facet normal -0.21851172191200702 0.6724953688990347 0.7071086240432943
outer loop
vertex 9.442041397094727 61.92415237426758 -1
vertex 9.802068710327148 61.51539993286133 -0.5
vertex 9.666243553161621 61.99700164794922 -1
endloop
endfacet
facet normal -0.21849809341634788 0.6725032988639812 0.7071052935670075
outer loop
vertex 9.802068710327148 61.51539993286133 -0.5
vertex 9.442041397094727 61.92415237426758 -1
vertex 9.615233421325684 61.45469665527344 -0.5
endloop
endfacet
facet normal -0.2705986186491453 0.6532825896352467 0.7071055406830302
outer loop
vertex 9.615233421325684 61.45469665527344 -0.5
vertex 9.442041397094727 61.92415237426758 -1
vertex 6.83218240737915 60.84311294555664 -1
endloop
endfacet
facet normal -0.27059855137289596 0.6532812524145992 0.7071068018612909
outer loop
vertex 6.83218240737915 60.84311294555664 -1
vertex 7.04167366027832 60.38869094848633 -0.5
vertex 9.615233421325684 61.45469665527344 -0.5
endloop
endfacet
facet normal -0.3210223050266791 0.6300354512195704 0.7071067881741131
outer loop
vertex 6.622135639190674 60.736087799072266 -1
vertex 6.866634845733643 60.299503326416016 -0.5
vertex 7.04167366027832 60.38869094848633 -0.5
endloop
endfacet
facet normal -0.3210220990835109 0.6300356191469141 0.7071067320469954
outer loop
vertex 7.04167366027832 60.38869094848633 -0.5
vertex 6.83218240737915 60.84311294555664 -1
vertex 6.622135639190674 60.736087799072266 -1
endloop
endfacet
facet normal -0.3694616085761908 0.6029080829715945 0.7071067552186235
outer loop
vertex 6.866634845733643 60.299503326416016 -0.5
vertex 6.622135639190674 60.736087799072266 -1
vertex 5.700525283813477 60.17132568359375 -1
endloop
endfacet
facet normal -0.36946165396107356 0.6029078656913965 0.7071069167670422
outer loop
vertex 6.866634845733643 60.299503326416016 -0.5
vertex 5.700525283813477 60.17132568359375 -1
vertex 4.213520526885986 59.26008987426758 -1
endloop
endfacet
facet normal -0.3694614224821162 0.6029067653484351 0.7071079759093221
outer loop
vertex 4.213520526885986 59.26008987426758 -1
vertex 4.491519927978516 58.844032287597656 -0.5
vertex 6.866634845733643 60.299503326416016 -0.5
endloop
endfacet
facet normal -0.4156266668140717 0.5720602074120766 0.7071079075563195
outer loop
vertex 4.491519927978516 58.844032287597656 -0.5
vertex 4.213520526885986 59.26008987426758 -1
vertex 4.022802352905273 59.121524810791016 -1
endloop
endfacet
facet normal -0.4156267814849163 0.5720600791875147 0.7071079438900854
outer loop
vertex 4.491519927978516 58.844032287597656 -0.5
vertex 4.022802352905273 59.121524810791016 -1
vertex 4.332588195800781 58.72856140136719 -0.5
endloop
endfacet
facet normal -0.4592298252629466 0.5376885894498837 0.7071060375674627
outer loop
vertex 2.2144007682800293 56.91946029663086 -0.5
vertex 4.022802352905273 59.121524810791016 -1
vertex 1.8747384548187256 57.286903381347656 -1
endloop
endfacet
facet normal -0.4592281371533644 0.5376876195229592 0.707107871444226
outer loop
vertex 4.332588195800781 58.72856140136719 -0.5
vertex 4.022802352905273 59.121524810791016 -1
vertex 2.2144007682800293 56.91946029663086 -0.5
endloop
endfacet
facet normal -0.5000017650429527 0.4999992620591524 0.7071060549127232
outer loop
vertex 2.2144007682800293 56.91946029663086 -0.5
vertex 1.8747384548187256 57.286903381347656 -1
vertex 1.7080446481704712 57.120208740234375 -1
endloop
endfacet
facet normal -0.5000017930729004 0.49999921857513296 0.7071060658402959
outer loop
vertex 1.7080446481704712 57.120208740234375 -1
vertex 2.0754892826080322 56.780548095703125 -0.5
vertex 2.2144007682800293 56.91946029663086 -0.5
endloop
endfacet
facet normal -0.537836070224639 0.45945272352037925 0.7068490336804764
outer loop
vertex -0.5587660670280457 54.46611404418945 -1
vertex -0.17883870005607605 54.14162826538086 -0.5
vertex 2.0754892826080322 56.780548095703125 -0.5
endloop
endfacet
facet normal -0.5376887646577588 0.45922952748609536 0.707106097729125
outer loop
vertex 1.7080446481704712 57.120208740234375 -1
vertex -0.5587660670280457 54.46611404418945 -1
vertex 2.0754892826080322 56.780548095703125 -0.5
endloop
endfacet
facet normal -0.37211044688443606 0.6057863002625855 0.7032473062398703
outer loop
vertex -0.2373722791671753 54.083091735839844 -0.5
vertex -0.5587660670280457 54.46611404418945 -1
vertex -0.35023078322410583 54.01376724243164 -0.5
endloop
endfacet
facet normal -0.5009653792659103 0.500940128994778 0.7057568107639188
outer loop
vertex -0.17883870005607605 54.14162826538086 -0.5
vertex -0.5587660670280457 54.46611404418945 -1
vertex -0.2373722791671753 54.083091735839844 -0.5
endloop
endfacet
facet normal -0.2965993573342769 0.6433750384103716 0.7057601442270219
outer loop
vertex -0.35023078322410583 54.01376724243164 -0.5
vertex -0.5587660670280457 54.46611404418945 -1
vertex -1.7542831897735596 53.914974212646484 -1
endloop
endfacet
facet normal -0.2969627270060062 0.6417274816065879 0.707106058607917
outer loop
vertex -1.7542831897735596 53.914974212646484 -1
vertex -1.5449533462524414 53.46090316772461 -0.5
vertex -0.35023078322410583 54.01376724243164 -0.5
endloop
endfacet
facet normal -0.15331178519718866 0.6987472706635967 0.6987472706635967
outer loop
vertex -1.7542831897735596 53.914974212646484 -1
vertex -1.7542831897735596 53.414974212646484 -0.5
vertex -1.5449533462524414 53.46090316772461 -0.5
endloop
endfacet
facet normal 0 0.7071067811865476 0.7071067811865476
outer loop
vertex -1.7542831897735596 53.914974212646484 -1
vertex -10.662667274475098 53.914974212646484 -1
vertex -1.7542831897735596 53.414974212646484 -0.5
endloop
endfacet
facet normal 0 0.7071067811865476 0.7071067811865476
outer loop
vertex -10.662667274475098 53.914974212646484 -1
vertex -10.455559730529785 53.414974212646484 -0.5
vertex -1.7542831897735596 53.414974212646484 -0.5
endloop
endfacet
facet normal -0.4999997303241252 0.4999997303241252 0.7071071625656216
outer loop
vertex -12.420025825500488 52.157615661621094 -1
vertex -11.920025825500488 51.95050811767578 -0.5
vertex -10.455559730529785 53.414974212646484 -0.5
endloop
endfacet
facet normal -0.49999973032412515 0.49999973032412515 0.7071071625656214
outer loop
vertex -10.455559730529785 53.414974212646484 -0.5
vertex -10.662667274475098 53.914974212646484 -1
vertex -12.420025825500488 52.157615661621094 -1
endloop
endfacet
facet normal -0.7071067811865476 0 0.7071067811865476
outer loop
vertex -12.420025825500488 52.157615661621094 -1
vertex -12.420025825500488 47.91850280761719 -1
vertex -11.920025825500488 51.95050811767578 -0.5
endloop
endfacet
facet normal -0.7071067811865475 0 0.7071067811865475
outer loop
vertex -12.420025825500488 47.91850280761719 -1
vertex -11.920025825500488 47.91850280761719 -0.5
vertex -11.920025825500488 51.95050811767578 -0.5
endloop
endfacet
facet normal -0.7057572081302242 0.061753755711394624 0.7057572081302242
outer loop
vertex -12.420025825500488 47.91850280761719 -1
vertex -11.92762279510498 47.83168029785156 -0.5
vertex -11.920025825500488 47.91850280761719 -0.5
endloop
endfacet
facet normal -0.684315093185282 0.18335793306347678 0.7057568431276514
outer loop
vertex -12.420025825500488 47.91850280761719 -1
vertex -11.950180053710938 47.747493743896484 -0.5
vertex -11.92762279510498 47.83168029785156 -0.5
endloop
endfacet
facet normal -0.6420783429115162 0.2994034847910307 0.7057570083668943
outer loop
vertex -12.420025825500488 47.91850280761719 -1
vertex -11.987013816833496 47.66850280761719 -0.5
vertex -11.950180053710938 47.747493743896484 -0.5
endloop
endfacet
facet normal -0.5803298261317379 0.40635491352088476 0.7057570241657827
outer loop
vertex -12.420025825500488 47.91850280761719 -1
vertex -12.037003517150879 47.597110748291016 -0.5
vertex -11.987013816833496 47.66850280761719 -0.5
endloop
endfacet
facet normal -0.5009528163261001 0.5009528163261001 0.7057567226955032
outer loop
vertex -12.420025825500488 47.91850280761719 -1
vertex -12.068135261535645 47.56597900390625 -0.5
vertex -12.037003517150879 47.597110748291016 -0.5
endloop
endfacet
facet normal -0.5005010633959214 0.5014032863621147 0.7057573449598828
outer loop
vertex -14.181206703186035 46.160491943359375 -1
vertex -13.829315185546875 45.80796813964844 -0.5
vertex -12.068135261535645 47.56597900390625 -0.5
endloop
endfacet
facet normal -0.5005012648481706 0.5014037596861854 0.7057568658241586
outer loop
vertex -12.420025825500488 47.91850280761719 -1
vertex -14.181206703186035 46.160491943359375 -1
vertex -12.068135261535645 47.56597900390625 -0.5
endloop
endfacet
facet normal -0.28344273909578555 0.678416920651581 0.6777984179883462
outer loop
vertex -14.181206703186035 46.160491943359375 -1
vertex -14.182106018066406 45.66057205200195 -0.5
vertex -13.829315185546875 45.80796813964844 -0.5
endloop
endfacet
facet normal 0.001272104987328271 0.7071051919472289 0.7071072261476146
outer loop
vertex -72.77265167236328 46.2659797668457 -1
vertex -72.6801528930664 45.765811920166016 -0.5
vertex -14.182106018066406 45.66057205200195 -0.5
endloop
endfacet
facet normal 0.0012731713606500337 0.7071617106928667 0.7070507011273128
outer loop
vertex -14.182106018066406 45.66057205200195 -0.5
vertex -14.181206703186035 46.160491943359375 -1
vertex -72.77265167236328 46.2659797668457 -1
endloop
endfacet
facet normal -0.2540623149267714 0.6598861752162121 0.7071086026153046
outer loop
vertex -72.6801528930664 45.765811920166016 -0.5
vertex -72.77265167236328 46.2659797668457 -1
vertex -73.81852722167969 45.86330795288086 -1
endloop
endfacet
facet normal -0.25406172953604655 0.6598875429713839 0.7071075365291639
outer loop
vertex -73.81852722167969 45.86330795288086 -1
vertex -73.55171966552734 45.43025207519531 -0.5
vertex -72.6801528930664 45.765811920166016 -0.5
endloop
endfacet
facet normal -0.4751385499385443 0.5236852614638479 0.7071047343129863
outer loop
vertex -76.3256607055664 43.588584899902344 -1
vertex -75.9119644165039 43.2888069152832 -0.5
vertex -73.55171966552734 45.43025207519531 -0.5
endloop
endfacet
facet normal -0.4751371726974002 0.5236823504949855 0.7071078156131271
outer loop
vertex -73.55171966552734 45.43025207519531 -0.5
vertex -73.81852722167969 45.86330795288086 -1
vertex -76.3256607055664 43.588584899902344 -1
endloop
endfacet
facet normal -0.6456043750091472 0.2884407151624321 0.7071046208345926
outer loop
vertex -75.9119644165039 43.2888069152832 -0.5
vertex -76.3256607055664 43.588584899902344 -1
vertex -76.50562286376953 43.18578338623047 -1
endloop
endfacet
facet normal -0.6456052556097654 0.288431552732171 0.7071075542783843
outer loop
vertex -75.9119644165039 43.2888069152832 -0.5
vertex -76.50562286376953 43.18578338623047 -1
vertex -76.83939361572266 42.43869400024414 -1
endloop
endfacet
facet normal -0.6456065582921574 0.28843434281020736 0.7071052268070143
outer loop
vertex -76.83939361572266 42.43869400024414 -1
vertex -76.34007263183594 42.33056640625 -0.5
vertex -75.9119644165039 43.2888069152832 -0.5
endloop
endfacet
facet normal -0.7070921988203004 0.004508765026135372 0.7071069886554734
outer loop
vertex -76.42735290527344 28.642738342285156 -0.5
vertex -76.34007263183594 42.33056640625 -0.5
vertex -76.83939361572266 42.43869400024414 -1
endloop
endfacet
facet normal -0.7072795911445531 0.00449637785549877 0.7069196294746487
outer loop
vertex -76.92707824707031 28.64591407775879 -1
vertex -76.42735290527344 28.642738342285156 -0.5
vertex -76.83939361572266 42.43869400024414 -1
endloop
endfacet
facet normal -0.6373759922936025 0.31061169969742525 0.7051753090252252
outer loop
vertex -76.92707824707031 28.64591407775879 -1
vertex -76.49951934814453 28.388126373291016 -0.5
vertex -76.45722961425781 28.474905014038086 -0.5
endloop
endfacet
facet normal -0.6843244675230599 0.1833216843534519 0.7057571701336756
outer loop
vertex -76.92707824707031 28.64591407775879 -1
vertex -76.45722961425781 28.474905014038086 -0.5
vertex -76.43467712402344 28.559091567993164 -0.5
endloop
endfacet
facet normal -0.7057529227860283 0.06179663033857824 0.7057577406290174
outer loop
vertex -76.42735290527344 28.642738342285156 -0.5
vertex -76.92707824707031 28.64591407775879 -1
vertex -76.43467712402344 28.559091567993164 -0.5
endloop
endfacet
facet normal -0.6060038542096555 0.3653755733268327 0.7065833419343616
outer loop
vertex -76.49951934814453 28.388126373291016 -0.5
vertex -76.92707824707031 28.64591407775879 -1
vertex -77.77816772460938 27.234315872192383 -1
endloop
endfacet
facet normal -0.6060038542096555 0.3653755733268327 0.7065833419343616
outer loop
vertex -77.77816772460938 27.234315872192383 -1
vertex -77.3506088256836 26.97652816772461 -0.5
vertex -76.49951934814453 28.388126373291016 -0.5
endloop
endfacet
facet normal -0.4063699280113105 0.5803202589037098 0.7057562459617439
outer loop
vertex -77.77816772460938 27.234315872192383 -1
vertex -77.52816772460938 26.80130386352539 -0.5
vertex -77.45677947998047 26.851293563842773 -0.5
endloop
endfacet
facet normal -0.5009460777721932 0.5009615816587263 0.7057552839806749
outer loop
vertex -77.77816772460938 27.234315872192383 -1
vertex -77.45677947998047 26.851293563842773 -0.5
vertex -77.39514923095703 26.912921905517578 -0.5
endloop
endfacet
facet normal -0.5803199531408623 0.4063701435092184 0.7057563732980983
outer loop
vertex -77.3506088256836 26.97652816772461 -0.5
vertex -77.77816772460938 27.234315872192383 -1
vertex -77.39514923095703 26.912921905517578 -0.5
endloop
endfacet
facet normal -0.3341863756876576 0.6231427159654257 0.7071157061216932
outer loop
vertex -78.71018981933594 26.734773635864258 -1
vertex -78.4197769165039 26.32314109802246 -0.5
vertex -77.52816772460938 26.80130386352539 -0.5
endloop
endfacet
facet normal -0.33412160976607663 0.6233881741744067 0.7069299358400556
outer loop
vertex -77.52816772460938 26.80130386352539 -0.5
vertex -77.77816772460938 27.234315872192383 -1
vertex -78.71018981933594 26.734773635864258 -1
endloop
endfacet
facet normal -0.4751360972363429 0.5236829663546605 0.7071080821578833
outer loop
vertex -80.66424560546875 24.286733627319336 -0.5
vertex -80.06869506835938 25.50220489501953 -1
vertex -81.07840728759766 24.586095809936523 -1
endloop
endfacet
facet normal -0.47513641912771376 0.5236830190459237 0.7071078268421587
outer loop
vertex -80.66424560546875 24.286733627319336 -0.5
vertex -78.71018981933594 26.734773635864258 -1
vertex -80.06869506835938 25.50220489501953 -1
endloop
endfacet
facet normal -0.4751393917895811 0.52368472572795 0.7071045653996789
outer loop
vertex -78.4197769165039 26.32314109802246 -0.5
vertex -78.71018981933594 26.734773635864258 -1
vertex -80.66424560546875 24.286733627319336 -0.5
endloop
endfacet
facet normal -0.6462902725741692 0.2869020779618276 0.7071040101973625
outer loop
vertex -81.07840728759766 24.586095809936523 -1
vertex -81.25971221923828 24.17767906188965 -1
vertex -80.71305847167969 24.176790237426758 -0.5
endloop
endfacet
facet normal -0.6462684219640272 0.2869314294247837 0.707112071442976
outer loop
vertex -81.07840728759766 24.586095809936523 -1
vertex -80.71305847167969 24.176790237426758 -0.5
vertex -80.66424560546875 24.286733627319336 -0.5
endloop
endfacet
facet normal -0.7071053788272047 0.001149555727215332 0.7071072491180284
outer loop
vertex -81.12454986572266 3.6774327754974365 -0.5
vertex -81.62454986572266 3.678246259689331 -1
vertex -81.13055419921875 -0.015904059633612633 -0.5
endloop
endfacet
facet normal -0.7071053790221408 0.0011495556747749376 0.707107248923178
outer loop
vertex -81.62454986572266 3.678246259689331 -1
vertex -81.63055419921875 -0.015090744942426682 -1
vertex -81.13055419921875 -0.015904059633612633 -0.5
endloop
endfacet
facet normal -0.7071053775484034 0.001151016514405583 0.7071072480204919
outer loop
vertex -81.66991424560547 -24.20840072631836 -1
vertex -81.16991424560547 -24.209213256835938 -0.5
vertex -81.16390228271484 -20.51587677001953 -0.5
endloop
endfacet
facet normal -0.7071053775484034 0.001151016514405583 0.7071072480204919
outer loop
vertex -81.66390228271484 -20.515064239501953 -1
vertex -81.66991424560547 -24.20840072631836 -1
vertex -81.16390228271484 -20.51587677001953 -0.5
endloop
endfacet
facet normal -0.5020507871353064 -0.4979470867988836 0.7071023305613725
outer loop
vertex -80.8361587524414 -44.83139419555664 -1
vertex -80.25161743164062 -44.71073532104492 -0.5
vertex -80.95697021484375 -44.70958709716797 -1
endloop
endfacet
facet normal -0.5020518124411207 -0.4979450491491688 0.70710303750756
outer loop
vertex -79.74838256835938 -45.21812057495117 -0.5
vertex -80.25161743164062 -44.71073532104492 -0.5
vertex -80.8361587524414 -44.83139419555664 -1
endloop
endfacet
facet normal -0.5020517319627857 -0.497941695809874 0.7071054560722565
outer loop
vertex -79.74838256835938 -45.21812057495117 -0.5
vertex -80.8361587524414 -44.83139419555664 -1
vertex -79.95805358886719 -45.71674728393555 -1
endloop
endfacet
facet normal -0.0046617089388332695 -0.7072860753697221 0.7069120709521557
outer loop
vertex -1.1201034784317017 -46.23637008666992 -1
vertex -1.1168098449707031 -45.736656188964844 -0.5
vertex -66.45805358886719 -45.805728912353516 -1
endloop
endfacet
facet normal -0.004663408187518471 -0.707091000225632 0.7071071842542627
outer loop
vertex -66.45805358886719 -45.30571746826172 -0.5
vertex -66.45805358886719 -45.805728912353516 -1
vertex -1.1168098449707031 -45.736656188964844 -0.5
endloop
endfacet
facet normal -0.004660413970323657 -0.7070929928314291 0.7071052114291888
outer loop
vertex -79.95805358886719 -45.71674728393555 -1
vertex -75.45805358886719 -45.74640655517578 -1
vertex -79.74838256835938 -45.21812057495117 -0.5
endloop
endfacet
facet normal -0.004660585239110026 -0.7070937068748443 0.7071044962685649
outer loop
vertex -79.74838256835938 -45.21812057495117 -0.5
vertex -75.45805358886719 -45.74640655517578 -1
vertex -75.45805358886719 -45.24639892578125 -0.5
endloop
endfacet
facet normal -0.183380575947579 -0.6843084448247596 0.7057574064128928
outer loop
vertex -1.0332794189453125 -45.74396514892578 -0.5
vertex -1.1201034784317017 -46.23637008666992 -1
vertex -0.9490934014320374 -45.76652526855469 -0.5
endloop
endfacet
facet normal -0.40634739163486394 -0.580333307724022 0.705758492161191
outer loop
vertex -0.8701034784317017 -45.8033561706543 -0.5
vertex -1.1201034784317017 -46.23637008666992 -1
vertex -0.8419643640518188 -45.82305908203125 -0.5
endloop
endfacet
facet normal -0.29938734334218375 -0.6420853644560874 0.7057574678299923
outer loop
vertex -0.9490934014320374 -45.76652526855469 -0.5
vertex -1.1201034784317017 -46.23637008666992 -1
vertex -0.8701034784317017 -45.8033561706543 -0.5
endloop
endfacet
facet normal -0.06175402833116082 -0.7057557193984492 0.7057586730046268
outer loop
vertex -1.1168098449707031 -45.736656188964844 -0.5
vertex -1.1201034784317017 -46.23637008666992 -1
vertex -1.0332794189453125 -45.74396514892578 -0.5
endloop
endfacet
facet normal -0.39550076518687965 -0.5877060375041653 0.7058192107174084
outer loop
vertex -1.1201034784317017 -46.23637008666992 -1
vertex 0.20686154067516327 -47.12936019897461 -1
vertex -0.8419643640518188 -45.82305908203125 -0.5
endloop
endfacet
facet normal -0.3954946379303403 -0.5877033034462201 0.7058249205622802
outer loop
vertex -0.8419643640518188 -45.82305908203125 -0.5
vertex 0.20686154067516327 -47.12936019897461 -1
vertex 0.38094496726989746 -47.24650955200195 -1
endloop
endfacet
facet normal -0.3955004469201598 -0.5877062800976627 0.7058191870583582
outer loop
vertex 0.38094496726989746 -47.24650955200195 -1
vertex 0.6590840220451355 -46.83319854736328 -0.5
vertex -0.8419643640518188 -45.82305908203125 -0.5
endloop
endfacet
facet normal -0.580336277334651 -0.40634401726534874 0.705757993112382
outer loop
vertex 0.38094496726989746 -47.24650955200195 -1
vertex 0.813957691192627 -46.99650955200195 -0.5
vertex 0.7639672160148621 -46.925113677978516 -0.5
endloop
endfacet
facet normal -0.6348649461645749 -0.3130786659335581 0.7063485322903382
outer loop
vertex 0.38094496726989746 -47.24650955200195 -1
vertex 0.8428847193717957 -47.05516815185547 -0.5
vertex 0.813957691192627 -46.99650955200195 -0.5
endloop
endfacet
facet normal -0.40636444453581655 -0.5803216294335934 0.7057582763444125
outer loop
vertex 0.6590840220451355 -46.83319854736328 -0.5
vertex 0.38094496726989746 -47.24650955200195 -1
vertex 0.7023387551307678 -46.863487243652344 -0.5
endloop
endfacet
facet normal -0.5009436084150359 -0.5009600817231121 0.7057581014115927
outer loop
vertex 0.38094496726989746 -47.24650955200195 -1
vertex 0.7639672160148621 -46.925113677978516 -0.5
vertex 0.7023387551307678 -46.863487243652344 -0.5
endloop
endfacet
facet normal -0.6532819442600447 -0.27059793148847294 0.7071063998988947
outer loop
vertex 0.6941965818405151 -48.00276565551758 -1
vertex 1.1180760860443115 -47.719539642333984 -0.5
vertex 0.8428847193717957 -47.05516815185547 -0.5
endloop
endfacet
facet normal -0.6532815455973983 -0.2705981452265337 0.7071066864213874
outer loop
vertex 0.8428847193717957 -47.05516815185547 -0.5
vertex 0.38094496726989746 -47.24650955200195 -1
vertex 0.6941965818405151 -48.00276565551758 -1
endloop
endfacet
facet normal -0.5000004578855647 -0.50000043331175 0.7071061510143212
outer loop
vertex 1.1180760860443115 -47.719539642333984 -0.5
vertex 0.6941965818405151 -48.00276565551758 -1
vertex 3.1197335720062256 -50.42830276489258 -1
endloop
endfacet
facet normal -0.5000006306232578 -0.5000005262771584 0.7071059631334679
outer loop
vertex 3.1197335720062256 -50.42830276489258 -1
vertex 3.402961015701294 -50.004425048828125 -0.5
vertex 1.1180760860443115 -47.719539642333984 -0.5
endloop
endfacet
facet normal -0.2705965174572803 -0.6532819101445938 0.707106972542219
outer loop
vertex 4.222360134124756 -50.88502502441406 -1
vertex 4.321816444396973 -50.38502502441406 -0.5
vertex 3.402961015701294 -50.004425048828125 -0.5
endloop
endfacet
facet normal -0.2705997252108773 -0.6532834107705006 0.7071043585835538
outer loop
vertex 3.402961015701294 -50.004425048828125 -0.5
vertex 3.5322213172912598 -50.599159240722656 -1
vertex 4.222360134124756 -50.88502502441406 -1
endloop
endfacet
facet normal -0.27059648459434904 -0.6532836011635094 0.7071054228161577
outer loop
vertex 3.402961015701294 -50.004425048828125 -0.5
vertex 3.1197335720062256 -50.42830276489258 -1
vertex 3.5322213172912598 -50.599159240722656 -1
endloop
endfacet
facet normal 0.2715593925612325 -0.5861016464319048 -0.7633743225715579
outer loop
vertex 57.330379486083984 -49.63111114501953 -16.919307708740234
vertex 58.63021469116211 -50.24748992919922 -15.983668327331543
vertex 58.68955993652344 -50.36895751953125 -15.86929702758789
endloop
endfacet
facet normal 0.2715492787676563 -0.5861140176379356 -0.7633684218836168
outer loop
vertex 57.330379486083984 -49.63111114501953 -16.919307708740234
vertex 58.069244384765625 -49.32506561279297 -16.891456604003906
vertex 58.63021469116211 -50.24748992919922 -15.983668327331543
endloop
endfacet
facet normal 0.2732603993720753 -0.6009457524460602 -0.7511277898946707
outer loop
vertex 57.54344177246094 -50.87845993041992 -15.880058288574219
vertex 57.527587890625 -50.7042121887207 -16.02523422241211
vertex 58.63021469116211 -50.42830276489258 -15.844841957092285
endloop
endfacet
facet normal 0.27155120331171095 -0.5861112388894768 -0.7633698707883383
outer loop
vertex 58.63021469116211 -50.42830276489258 -15.844841957092285
vertex 57.527587890625 -50.7042121887207 -16.02523422241211
vertex 57.330379486083984 -49.63111114501953 -16.919307708740234
endloop
endfacet
facet normal 0.2715464824311848 -0.5861161340453855 -0.7633677916253356
outer loop
vertex 58.63021469116211 -50.42830276489258 -15.844841957092285
vertex 57.330379486083984 -49.63111114501953 -16.919307708740234
vertex 58.68955993652344 -50.36895751953125 -15.86929702758789
endloop
endfacet
facet normal 0.5099677054001361 -0.444351861381994 -0.7365353777893342
outer loop
vertex 58.63021469116211 -50.24748992919922 -15.983668327331543
vertex 61.05575180053711 -48.00276565551758 -15.658499717712402
vertex 58.68955993652344 -50.36895751953125 -15.86929702758789
endloop
endfacet
facet normal 0.5010308329818574 -0.4328332482661614 -0.7494154279148978
outer loop
vertex 61.05575180053711 -48.00276565551758 -15.658499717712402
vertex 58.069244384765625 -49.32506561279297 -16.891456604003906
vertex 61.10980987548828 -47.87226104736328 -15.697732925415039
endloop
endfacet
facet normal 0.5010278061392603 -0.43281802773419314 -0.7494262420969543
outer loop
vertex 58.069244384765625 -49.32506561279297 -16.891456604003906
vertex 61.05575180053711 -47.82195281982422 -15.762928009033203
vertex 61.10980987548828 -47.87226104736328 -15.697732925415039
endloop
endfacet
facet normal 0.5010299419207229 -0.4328274128526458 -0.7494193939191874
outer loop
vertex 58.069244384765625 -49.32506561279297 -16.891456604003906
vertex 60.217525482177734 -47.17678451538086 -16.695947647094727
vertex 61.05575180053711 -47.82195281982422 -15.762928009033203
endloop
endfacet
facet normal 0.501029971151657 -0.4328278659588735 -0.7494191126847896
outer loop
vertex 58.63021469116211 -50.24748992919922 -15.983668327331543
vertex 58.069244384765625 -49.32506561279297 -16.891456604003906
vertex 61.05575180053711 -48.00276565551758 -15.658499717712402
endloop
endfacet
facet normal 0.6536748997856653 -0.20445154551825043 -0.7286348131440052
outer loop
vertex 60.217525482177734 -47.17678451538086 -16.695947647094727
vertex 60.52482223510742 -46.43490982055664 -16.62843132019043
vertex 61.512474060058594 -46.71932601928711 -15.662580490112305
endloop
endfacet
facet normal 0.6654044581162251 -0.21239228537324759 -0.7156300889656485
outer loop
vertex 61.05575180053711 -47.82195281982422 -15.762928009033203
vertex 61.512474060058594 -46.90013885498047 -15.611845970153809
vertex 61.10980987548828 -47.87226104736328 -15.697732925415039
endloop
endfacet
facet normal 0.6536746999183624 -0.20444889417827844 -0.7286357363977684
outer loop
vertex 61.512474060058594 -46.90013885498047 -15.611845970153809
vertex 60.217525482177734 -47.17678451538086 -16.695947647094727
vertex 61.512474060058594 -46.71932601928711 -15.662580490112305
endloop
endfacet
facet normal 0.6536746976230505 -0.20444908313605498 -0.7286356854369953
outer loop
vertex 61.05575180053711 -47.82195281982422 -15.762928009033203
vertex 60.217525482177734 -47.17678451538086 -16.695947647094727
vertex 61.512474060058594 -46.90013885498047 -15.611845970153809
endloop
endfacet
facet normal 0.7071072035309881 0.06408687469800402 -0.7041961908488489
outer loop
vertex 61.512474060058594 3.9658143520355225 -11.049871444702148
vertex 60.52482223510742 -46.43490982055664 -16.62843132019043
vertex 60.52482223510742 4.055327892303467 -12.033459663391113
endloop
endfacet
facet normal 0.7071072543425497 0.06408686812126704 -0.7041961404257682
outer loop
vertex 61.512474060058594 -46.71932601928711 -15.662580490112305
vertex 60.52482223510742 -46.43490982055664 -16.62843132019043
vertex 61.512474060058594 3.9658143520355225 -11.049871444702148
endloop
endfacet
facet normal 0.5009440415603431 -0.4327316421742189 -0.7495321161140415
outer loop
vertex 61.395530700683594 6.154880523681641 -11.842385292053223
vertex 61.983734130859375 6.743083477020264 -11.788854598999023
vertex 62.76886749267578 5.864008903503418 -10.756595611572266
endloop
endfacet
facet normal 0.5008037531905066 -0.433052401572829 -0.7494406035719624
outer loop
vertex 62.76886749267578 5.864008903503418 -10.756595611572266
vertex 62.18064880371094 5.275789260864258 -10.809771537780762
vertex 61.395530700683594 6.154880523681641 -11.842385292053223
endloop
endfacet
facet normal 0.5483527277702392 -0.3832942496113858 -0.7432326716189102
outer loop
vertex 62.18064880371094 5.275789260864258 -10.809771537780762
vertex 61.921504974365234 5.016645908355713 -10.86732292175293
vertex 61.395530700683594 6.154880523681641 -11.842385292053223
endloop
endfacet
facet normal 0.7053980987339716 -0.005254038382639015 -0.7087918716966017
outer loop
vertex 60.52482223510742 4.055327892303467 -12.033459663391113
vertex 60.58222579956055 4.635791301727295 -11.980633735656738
vertex 61.512474060058594 4.36555290222168 -11.052836418151855
endloop
endfacet
facet normal 0.6782896429437272 -0.14098084951037404 -0.7211432315057835
outer loop
vertex 60.58222579956055 4.635791301727295 -11.980633735656738
vertex 60.75224304199219 5.193947792053223 -11.929837226867676
vertex 61.643646240234375 4.738788604736328 -11.002423286437988
endloop
endfacet
facet normal 0.7053986027452482 -0.0052573051083624105 -0.7087913458755328
outer loop
vertex 61.512474060058594 3.9658143520355225 -11.049871444702148
vertex 60.52482223510742 4.055327892303467 -12.033459663391113
vertex 61.512474060058594 4.36555290222168 -11.052836418151855
endloop
endfacet
facet normal 0.6782895037492253 -0.1409782080904595 -0.7211438788114565
outer loop
vertex 61.512474060058594 4.36555290222168 -11.052836418151855
vertex 60.58222579956055 4.635791301727295 -11.980633735656738
vertex 61.512474060058594 4.607614994049072 -11.100157737731934
endloop
endfacet
facet normal 0.6251158414895217 -0.26882422279213714 -0.7327780850701328
outer loop
vertex 61.921504974365234 5.016645908355713 -10.86732292175293
vertex 60.75224304199219 5.193947792053223 -11.929837226867676
vertex 61.0283317565918 5.708347797393799 -11.883023262023926
endloop
endfacet
facet normal 0.6782899253896452 -0.14097450658517804 -0.7211442058340172
outer loop
vertex 61.512474060058594 4.607614994049072 -11.100157737731934
vertex 60.58222579956055 4.635791301727295 -11.980633735656738
vertex 61.643646240234375 4.738788604736328 -11.002423286437988
endloop
endfacet
facet normal 0.6251154051115487 -0.26882582001788696 -0.7327778713798165
outer loop
vertex 61.643646240234375 4.738788604736328 -11.002423286437988
vertex 60.75224304199219 5.193947792053223 -11.929837226867676
vertex 61.921504974365234 5.016645908355713 -10.86732292175293
endloop
endfacet
facet normal 0.5483559918830267 -0.3832917725699927 -0.7432315408041662
outer loop
vertex 61.921504974365234 5.016645908355713 -10.86732292175293
vertex 61.0283317565918 5.708347797393799 -11.883023262023926
vertex 61.395530700683594 6.154880523681641 -11.842385292053223
endloop
endfacet
facet normal 0 -0.6401095943934129 -0.7682836111524834
outer loop
vertex 77.54153442382812 6.37074089050293 -10.669233322143555
vertex 64.10067749023438 7.6188883781433105 -11.709150314331055
vertex 77.34187316894531 7.6188883781433105 -11.709150314331055
endloop
endfacet
facet normal -1.3431187218321688e-8 -0.6401096797660254 -0.7682835400227159
outer loop
vertex 64.10067749023438 6.364974498748779 -10.6644287109375
vertex 64.10067749023438 7.6188883781433105 -11.709150314331055
vertex 77.54153442382812 6.37074089050293 -10.669233322143555
endloop
endfacet
facet normal -0.000011084284160638344 -0.6401106409485516 -0.7682827391146914
outer loop
vertex 77.54153442382812 6.37074089050293 -10.669233322143555
vertex 77.34187316894531 7.6188883781433105 -11.709150314331055
vertex 77.52660369873047 6.545786380767822 -10.815075874328613
endloop
endfacet
facet normal 0.3341321865312538 -0.5586100935577443 -0.7591511346887729
outer loop
vertex 63.036808013916016 6.131947994232178 -10.767302513122559
vertex 62.440826416015625 7.11745023727417 -11.75478458404541
vertex 63.269832611083984 6.364974498748779 -10.83620834350586
endloop
endfacet
facet normal 0.06947623023880792 -0.6385630730807873 -0.7664269405034151
outer loop
vertex 63.736549377441406 6.364974498748779 -10.697436332702637
vertex 63.51781463623047 7.561717510223389 -11.714353561401367
vertex 64.10067749023438 7.6188883781433105 -11.709150314331055
endloop
endfacet
facet normal 0.2057566582889584 -0.6115667447805126 -0.7639701003627878
outer loop
vertex 62.95735168457031 7.392402648925781 -11.729762077331543
vertex 63.51781463623047 7.561717510223389 -11.714353561401367
vertex 63.736549377441406 6.364974498748779 -10.697436332702637
endloop
endfacet
facet normal 0.3341315971600501 -0.5586107325011677 -0.759150923936593
outer loop
vertex 63.269832611083984 6.364974498748779 -10.83620834350586
vertex 62.95735168457031 7.392402648925781 -11.729762077331543
vertex 63.34636688232422 6.364974498748779 -10.802522659301758
endloop
endfacet
facet normal 0.20575710405454428 -0.6115664905608412 -0.7639701838122899
outer loop
vertex 63.34636688232422 6.364974498748779 -10.802522659301758
vertex 62.95735168457031 7.392402648925781 -11.729762077331543
vertex 63.736549377441406 6.364974498748779 -10.697436332702637
endloop
endfacet
facet normal 0.3341313045767916 -0.5586108550552525 -0.7591509625339686
outer loop
vertex 62.440826416015625 7.11745023727417 -11.75478458404541
vertex 62.95735168457031 7.392402648925781 -11.729762077331543
vertex 63.269832611083984 6.364974498748779 -10.83620834350586
endloop
endfacet
facet normal 0.45025137239586116 -0.4813009566388311 -0.7520791785405242
outer loop
vertex 61.983734130859375 6.743083477020264 -11.788854598999023
vertex 62.440826416015625 7.11745023727417 -11.75478458404541
vertex 63.036808013916016 6.131947994232178 -10.767302513122559
endloop
endfacet
facet normal 0.06947537228354364 -0.6385629616170583 -0.7664271111442459
outer loop
vertex 63.736549377441406 6.364974498748779 -10.697436332702637
vertex 64.10067749023438 7.6188883781433105 -11.709150314331055
vertex 64.10067749023438 6.364974498748779 -10.6644287109375
endloop
endfacet
facet normal 0.4506786147950871 -0.48073841203713835 -0.7521830663863631
outer loop
vertex 62.76886749267578 5.864008903503418 -10.756595611572266
vertex 61.983734130859375 6.743083477020264 -11.788854598999023
vertex 63.036808013916016 6.131947994232178 -10.767302513122559
endloop
endfacet
facet normal 0.2555683496070886 -0.5925079712034286 -0.7639496860000048
outer loop
vertex 77.34187316894531 7.6188883781433105 -11.709150314331055
vertex 78.56951141357422 6.94839334487915 -10.778435707092285
vertex 78.6276626586914 6.82034158706665 -10.659667015075684
endloop
endfacet
facet normal 0.25557465838345983 -0.5925015670495011 -0.7639525423978007
outer loop
vertex 78.56951141357422 6.767581462860107 -10.638201713562012
vertex 77.34187316894531 7.6188883781433105 -11.709150314331055
vertex 78.6276626586914 6.82034158706665 -10.659667015075684
endloop
endfacet
facet normal 0.255572040308076 -0.5925038917553768 -0.7639516152659801
outer loop
vertex 77.34187316894531 7.6188883781433105 -11.709150314331055
vertex 78.04064178466797 7.888643741607666 -11.684600830078125
vertex 78.56951141357422 6.94839334487915 -10.778435707092285
endloop
endfacet
facet normal 0.2555717947407028 -0.5925042672503413 -0.7639514061922735
outer loop
vertex 77.52660369873047 6.545786380767822 -10.815075874328613
vertex 77.34187316894531 7.6188883781433105 -11.709150314331055
vertex 78.56951141357422 6.767581462860107 -10.638201713562012
endloop
endfacet
facet normal 0.2565526324729276 -0.6056755340402209 -0.7532183576070781
outer loop
vertex 77.52660369873047 6.545786380767822 -10.815075874328613
vertex 78.56951141357422 6.767581462860107 -10.638201713562012
vertex 77.54153442382812 6.37074089050293 -10.669233322143555
endloop
endfacet
facet normal 0.4762107536722913 -0.45646840099985203 -0.7515716313003747
outer loop
vertex 78.56951141357422 6.94839334487915 -10.778435707092285
vertex 78.04064178466797 7.888643741607666 -11.684600830078125
vertex 81.07728576660156 9.223692893981934 -10.571367263793945
endloop
endfacet
facet normal 0.47621054690722825 -0.4564672267905235 -0.7515724754675943
outer loop
vertex 81.07728576660156 9.223692893981934 -10.571367263793945
vertex 78.04064178466797 7.888643741607666 -11.684600830078125
vertex 80.25852966308594 9.900932312011719 -11.50146770477295
endloop
endfacet
facet normal 0.4843651990406592 -0.46649870296851725 -0.740114392568469
outer loop
vertex 78.6276626586914 6.82034158706665 -10.659667015075684
vertex 78.56951141357422 6.94839334487915 -10.778435707092285
vertex 81.07728576660156 9.223692893981934 -10.571367263793945
endloop
endfacet
facet normal 0.47557560315838787 -0.457118683662063 -0.751578575218585
outer loop
vertex 78.6276626586914 6.82034158706665 -10.659667015075684
vertex 81.07728576660156 9.223692893981934 -10.571367263793945
vertex 81.13282012939453 9.167667388916016 -10.502151489257812
endloop
endfacet
facet normal 0.4747642657361412 -0.4561801586468926 -0.7526609826720916
outer loop
vertex 78.6276626586914 6.82034158706665 -10.659667015075684
vertex 81.13282012939453 9.167667388916016 -10.502151489257812
vertex 81.07728576660156 9.04288101196289 -10.461549758911133
endloop
endfacet
facet normal 0.6464587860128335 -0.22125156543327754 -0.7301635315325861
outer loop
vertex 80.25852966308594 9.900932312011719 -11.50146770477295
vertex 80.60426330566406 10.677789688110352 -11.430768966674805
vertex 81.5918197631836 10.378190994262695 -10.465641021728516
endloop
endfacet
facet normal 0.6604484254016416 -0.2288557545113255 -0.7151453845278904
outer loop
vertex 81.07728576660156 9.223692893981934 -10.571367263793945
vertex 81.5918197631836 10.378190994262695 -10.465641021728516
vertex 81.13282012939453 9.167667388916016 -10.502151489257812
endloop
endfacet
facet normal 0.6435739427265617 -0.22193391672407553 -0.7325011377813003
outer loop
vertex 81.13282012939453 9.167667388916016 -10.502151489257812
vertex 81.5918197631836 10.378190994262695 -10.465641021728516
vertex 81.59119415283203 10.197641372680664 -10.411487579345703
endloop
endfacet
facet normal 0.6464583190222414 -0.22124513362271972 -0.7301658939002853
outer loop
vertex 81.07728576660156 9.223692893981934 -10.571367263793945
vertex 80.25852966308594 9.900932312011719 -11.50146770477295
vertex 81.5918197631836 10.378190994262695 -10.465641021728516
endloop
endfacet
facet normal 0.7071214252391247 0.06164911508978638 -0.7043995148894096
outer loop
vertex 81.701904296875 42.08387756347656 -7.5802226066589355
vertex 80.60426330566406 10.677789688110352 -11.430768966674805
vertex 81.63449096679688 42.25941848754883 -7.632533073425293
endloop
endfacet
facet normal 0.7071020327927604 0.06165205794124683 -0.7044187241775698
outer loop
vertex 80.60426330566406 10.677789688110352 -11.430768966674805
vertex 80.713623046875 42.175071716308594 -8.564291000366211
vertex 81.63449096679688 42.25941848754883 -7.632533073425293
endloop
endfacet
facet normal 0.707113043910681 0.06165042550751 -0.7044078138167651
outer loop
vertex 81.5918197631836 10.378190994262695 -10.465641021728516
vertex 80.60426330566406 10.677789688110352 -11.430768966674805
vertex 81.701904296875 42.08387756347656 -7.5802226066589355
endloop
endfacet
facet normal 0.6604513478133051 0.31564725351939954 -0.6813008355471528
outer loop
vertex 80.713623046875 42.175071716308594 -8.564291000366211
vertex 80.442626953125 42.88070297241211 -8.50007438659668
vertex 81.18618774414062 43.25704574584961 -7.604908466339111
endloop
endfacet
facet normal 0.6604477688695938 0.31565054202611337 -0.6813027813782918
outer loop
vertex 81.63449096679688 42.25941848754883 -7.632533073425293
vertex 80.713623046875 42.175071716308594 -8.564291000366211
vertex 81.18618774414062 43.25704574584961 -7.604908466339111
endloop
endfacet
facet normal 0.6604264126675589 0.31564163273341833 -0.6813276107251496
outer loop
vertex 81.63449096679688 42.25941848754883 -7.632533073425293
vertex 81.18618774414062 43.25704574584961 -7.604908466339111
vertex 81.29917907714844 43.13251495361328 -7.553075313568115
endloop
endfacet
facet normal 0.524659196554194 0.5361978649116828 -0.6612295948725077
outer loop
vertex 81.18618774414062 43.25704574584961 -7.604908466339111
vertex 80.442626953125 42.88070297241211 -8.50007438659668
vertex 79.02163696289062 45.64276123046875 -7.387791633605957
endloop
endfacet
facet normal 0.5246583884780658 0.5361985924399039 -0.6612296460875488
outer loop
vertex 80.442626953125 42.88070297241211 -8.50007438659668
vertex 78.42862701416016 45.10047912597656 -8.29805850982666
vertex 78.91252136230469 45.69126510620117 -7.435033321380615
endloop
endfacet
facet normal 0.5246369591034304 0.5361945968442028 -0.6612498888149534
outer loop
vertex 79.02163696289062 45.64276123046875 -7.387791633605957
vertex 80.442626953125 42.88070297241211 -8.50007438659668
vertex 78.91252136230469 45.69126510620117 -7.435033321380615
endloop
endfacet
facet normal 0.2882282103048695 0.7071275648798601 -0.6456741482911726
outer loop
vertex 78.91252136230469 45.69126510620117 -7.435033321380615
vertex 78.42862701416016 45.10047912597656 -8.29805850982666
vertex 77.86548614501953 46.15671920776367 -7.392673969268799
endloop
endfacet
facet normal 0.28823951027741834 0.7071284420833791 -0.6456681431755537
outer loop
vertex 78.42862701416016 45.10047912597656 -8.29805850982666
vertex 77.82246398925781 46.15683364868164 -7.411754608154297
vertex 77.86548614501953 46.15671920776367 -7.392673969268799
endloop
endfacet
facet normal 0.28822709570255756 0.7071271528079599 -0.6456750971383184
outer loop
vertex 78.42862701416016 45.10047912597656 -8.29805850982666
vertex 77.65380859375 45.44491958618164 -8.266712188720703
vertex 77.82246398925781 46.15683364868164 -7.411754608154297
endloop
endfacet
facet normal 0.0019205915670779034 0.7682860765342543 -0.6401037540365111
outer loop
vertex 47.54680252075195 46.0394172668457 -7.641724109649658
vertex 36.91040802001953 46.26530838012695 -7.4025115966796875
vertex 47.52784729003906 46.23715591430664 -7.404444694519043
endloop
endfacet
facet normal 0.0019335062417654171 0.7682833655235672 -0.6401069690398581
outer loop
vertex 47.60370635986328 45.85182189941406 -7.8667120933532715
vertex 36.9083137512207 45.5537223815918 -8.256810188293457
vertex 47.54680252075195 46.0394172668457 -7.641724109649658
endloop
endfacet
facet normal 0.0018828989970160362 0.7682865373222695 -0.6401033129587164
outer loop
vertex 77.65380859375 45.44491958618164 -8.266712188720703
vertex 49.50837326049805 46.0394172668457 -7.635955333709717
vertex 49.52732467651367 46.23185348510742 -7.4049272537231445
endloop
endfacet
facet normal 0.001924314915836686 0.7683632638851335 -0.6400110871882528
outer loop
vertex 36.9083137512207 45.5537223815918 -8.256810188293457
vertex 36.91040802001953 46.26530838012695 -7.4025115966796875
vertex 47.54680252075195 46.0394172668457 -7.641724109649658
endloop
endfacet
facet normal 0.001882448266049948 0.7682771516998729 -0.640114579246916
outer loop
vertex 77.65380859375 45.44491958618164 -8.266712188720703
vertex 49.45146560668945 45.85182189941406 -7.861278057098389
vertex 49.50837326049805 46.0394172668457 -7.635955333709717
endloop
endfacet
facet normal 0.0018825936803384736 0.768281741269156 -0.6401090702946399
outer loop
vertex 77.65380859375 45.44491958618164 -8.266712188720703
vertex 49.35905838012695 45.67893600463867 -8.069053649902344
vertex 49.45146560668945 45.85182189941406 -7.861278057098389
endloop
endfacet
facet normal 0.0018825150202990693 0.7682806080239754 -0.6401104306848227
outer loop
vertex 77.65380859375 45.44491958618164 -8.266712188720703
vertex 49.52732467651367 46.23185348510742 -7.4049272537231445
vertex 77.82246398925781 46.15683364868164 -7.411754608154297
endloop
endfacet
facet normal 0.0018825928073730072 0.7682816888560778 -0.6401091332052484
outer loop
vertex 77.65380859375 45.44491958618164 -8.266712188720703
vertex 49.226036071777344 45.520294189453125 -8.259852409362793
vertex 49.35905838012695 45.67893600463867 -8.069053649902344
endloop
endfacet
facet normal 0.0019326652344381571 0.7682964086839048 -0.6400913163045613
outer loop
vertex 47.82461166381836 45.524009704589844 -8.259513854980469
vertex 36.9083137512207 45.5537223815918 -8.256810188293457
vertex 47.69611740112305 45.67893600463867 -8.073945045471191
endloop
endfacet
facet normal 0.0019327404445276112 0.7682940548023585 -0.640094141411812
outer loop
vertex 47.69611740112305 45.67893600463867 -8.073945045471191
vertex 36.9083137512207 45.5537223815918 -8.256810188293457
vertex 47.60370635986328 45.85182189941406 -7.8667120933532715
endloop
endfacet
facet normal 0.43691403615970303 0.6126510753638377 -0.6586082180341899
outer loop
vertex 35.05881881713867 46.197853088378906 -8.198189735412598
vertex 34.42806625366211 46.69645690917969 -8.152812957763672
vertex 34.94594192504883 47.27163314819336 -7.274218559265137
endloop
endfacet
facet normal 0.4369144602397502 0.6126509656679766 -0.6586080387449758
outer loop
vertex 35.57669448852539 46.77302932739258 -7.319594860076904
vertex 35.05881881713867 46.197853088378906 -8.198189735412598
vertex 34.94594192504883 47.27163314819336 -7.274218559265137
endloop
endfacet
facet normal 0.33413120261127655 0.6864753255523192 -0.6458389635577736
outer loop
vertex 35.77294158935547 45.7794303894043 -8.236268997192383
vertex 35.25641632080078 46.05438232421875 -8.211246490478516
vertex 36.0564079284668 46.393821716308594 -7.43656587600708
endloop
endfacet
facet normal 0.4496608352558421 0.609598224287703 -0.6528362261565283
outer loop
vertex 35.715301513671875 46.6634635925293 -7.326434135437012
vertex 35.25641632080078 46.05438232421875 -8.211246490478516
vertex 35.57669448852539 46.77302932739258 -7.319594860076904
endloop
endfacet
facet normal 0.41419107657956217 0.6302166934081 -0.6567135383343518
outer loop
vertex 35.25641632080078 46.05438232421875 -8.211246490478516
vertex 35.05881881713867 46.197853088378906 -8.198189735412598
vertex 35.57669448852539 46.77302932739258 -7.319594860076904
endloop
endfacet
facet normal 0.20575726052089494 0.7394314234320762 -0.6410188139081021
outer loop
vertex 36.333404541015625 45.61011505126953 -8.251678466796875
vertex 35.77294158935547 45.7794303894043 -8.236268997192383
vertex 36.21665573120117 46.267147064208984 -7.53125
endloop
endfacet
facet normal 0.20576030241350024 0.7394298568219554 -0.6410196446217289
outer loop
vertex 36.21665573120117 46.267147064208984 -7.53125
vertex 35.77294158935547 45.7794303894043 -8.236268997192383
vertex 36.0564079284668 46.393821716308594 -7.43656587600708
endloop
endfacet
facet normal 0.20575030476817166 0.739431958616638 -0.6410204292096835
outer loop
vertex 36.477909088134766 46.266456604003906 -7.448191165924072
vertex 36.333404541015625 45.61011505126953 -8.251678466796875
vertex 36.21665573120117 46.267147064208984 -7.53125
endloop
endfacet
facet normal 0.06947839457441686 0.7664264491919254 -0.6385634272853548
outer loop
vertex 36.477909088134766 46.266456604003906 -7.448191165924072
vertex 36.91040802001953 46.26530838012695 -7.4025115966796875
vertex 36.9083137512207 45.5537223815918 -8.256810188293457
endloop
endfacet
facet normal 0.33413241556511414 0.6864740730461643 -0.6458396673355016
outer loop
vertex 36.0564079284668 46.393821716308594 -7.43656587600708
vertex 35.25641632080078 46.05438232421875 -8.211246490478516
vertex 35.715301513671875 46.6634635925293 -7.326434135437012
endloop
endfacet
facet normal 0.06947863488330562 0.7664264980774249 -0.6385633424645728
outer loop
vertex 36.9083137512207 45.5537223815918 -8.256810188293457
vertex 36.333404541015625 45.61011505126953 -8.251678466796875
vertex 36.477909088134766 46.266456604003906 -7.448191165924072
endloop
endfacet
facet normal 0.6631210316935208 0.3006903685077347 -0.6854602830306095
outer loop
vertex 34.41227722167969 48.286216735839844 -7.008119106292725
vertex 33.464412689208984 48.047359466552734 -8.029871940612793
vertex 34.1619987487793 49.328704833984375 -6.792933464050293
endloop
endfacet
facet normal 0.6676875320445903 0.29592243930472795 -0.6830982868285821
outer loop
vertex 33.464412689208984 48.047359466552734 -8.029871940612793
vertex 32.00415802001953 52.21835708618164 -7.650280952453613
vertex 33.008113861083984 52.16276550292969 -6.693057060241699
endloop
endfacet
facet normal 0.6676881084208798 0.29592233490083375 -0.6830977686833609
outer loop
vertex 34.08915328979492 49.55290603637695 -6.767012119293213
vertex 33.464412689208984 48.047359466552734 -8.029871940612793
vertex 33.008113861083984 52.16276550292969 -6.693057060241699
endloop
endfacet
facet normal 0.6676868676941576 0.29592478953311485 -0.6830979180531486
outer loop
vertex 32.00415802001953 52.21835708618164 -7.650280952453613
vertex 32.81053161621094 52.52058792114258 -6.731170177459717
vertex 32.90108871459961 52.3728141784668 -6.7066731452941895
endloop
endfacet
facet normal 0.6676874379250504 0.29592294768920574 -0.6830981585892423
outer loop
vertex 33.008113861083984 52.16276550292969 -6.693057060241699
vertex 32.00415802001953 52.21835708618164 -7.650280952453613
vertex 32.90108871459961 52.3728141784668 -6.7066731452941895
endloop
endfacet
facet normal 0.6676930320789926 0.2959178754019481 -0.68309488794073
outer loop
vertex 34.1619987487793 49.328704833984375 -6.792933464050293
vertex 33.464412689208984 48.047359466552734 -8.029871940612793
vertex 34.08915328979492 49.55290603637695 -6.767012119293213
endloop
endfacet
facet normal 0.6782903364618145 0.2688441070036255 -0.6838457907978537
outer loop
vertex 34.4388542175293 48.17551803588867 -7.025277614593506
vertex 33.52528381347656 47.888282775878906 -8.04434871673584
vertex 34.41227722167969 48.286216735839844 -7.008119106292725
endloop
endfacet
facet normal 0.5479185701816671 0.5117458423902385 -0.6617412131992253
outer loop
vertex 34.17292404174805 46.92300796508789 -8.132195472717285
vertex 33.80137252807617 47.37388229370117 -8.09116268157959
vertex 34.587913513183594 47.554649353027344 -7.300117492675781
endloop
endfacet
facet normal 0.6582675594830353 0.31414465932637786 -0.684103028168245
outer loop
vertex 33.52528381347656 47.888282775878906 -8.04434871673584
vertex 33.464412689208984 48.047359466552734 -8.029871940612793
vertex 34.41227722167969 48.286216735839844 -7.008119106292725
endloop
endfacet
facet normal 0.6251156167744811 0.39668759756377503 -0.6722123292559729
outer loop
vertex 33.80137252807617 47.37388229370117 -8.09116268157959
vertex 33.52528381347656 47.888282775878906 -8.04434871673584
vertex 34.53350830078125 47.78126525878906 -7.169916152954102
endloop
endfacet
facet normal 0.547919546099238 0.511744067253343 -0.6617417779114532
outer loop
vertex 34.587913513183594 47.554649353027344 -7.300117492675781
vertex 33.80137252807617 47.37388229370117 -8.09116268157959
vertex 34.53350830078125 47.78126525878906 -7.169916152954102
endloop
endfacet
facet normal 0.4460192270059002 0.6053883662882034 -0.6592205815233314
outer loop
vertex 34.94594192504883 47.27163314819336 -7.274218559265137
vertex 34.42806625366211 46.69645690917969 -8.152812957763672
vertex 34.75167465209961 47.42519760131836 -7.264632701873779
endloop
endfacet
facet normal 0.5479199030799338 0.5117446884152885 -0.6617410019695134
outer loop
vertex 34.75167465209961 47.42519760131836 -7.264632701873779
vertex 34.17292404174805 46.92300796508789 -8.132195472717285
vertex 34.587913513183594 47.554649353027344 -7.300117492675781
endloop
endfacet
facet normal 0.6251144872424816 0.39669262758133295 -0.6722104113015411
outer loop
vertex 34.53350830078125 47.78126525878906 -7.169916152954102
vertex 33.52528381347656 47.888282775878906 -8.04434871673584
vertex 34.4388542175293 48.17551803588867 -7.025277614593506
endloop
endfacet
facet normal 0.47096350625580896 0.5900767218645946 -0.6557460164490276
outer loop
vertex 34.42806625366211 46.69645690917969 -8.152812957763672
vertex 34.17292404174805 46.92300796508789 -8.132195472717285
vertex 34.75167465209961 47.42519760131836 -7.264632701873779
endloop
endfacet
facet normal 0.6013427821618296 0.43454683672309247 -0.6704893027005162
outer loop
vertex 31.425086975097656 54.781429290771484 -6.508495807647705
vertex 32.00415802001953 52.21835708618164 -7.650280952453613
vertex 31.286521911621094 54.972145080566406 -6.509167194366455
endloop
endfacet
facet normal 0.6013517517459099 0.4345460515212975 -0.6704817669253768
outer loop
vertex 32.00415802001953 52.21835708618164 -7.650280952453613
vertex 30.487424850463867 54.660186767578125 -7.428056716918945
vertex 31.286521911621094 54.972145080566406 -6.509167194366455
endloop
endfacet
facet normal 0.6013545345171181 0.434541073955576 -0.6704824970580776
outer loop
vertex 31.286521911621094 54.972145080566406 -6.509167194366455
vertex 30.487424850463867 54.660186767578125 -7.428056716918945
vertex 31.184926986694336 55.09109878540039 -6.523193359375
endloop
endfacet
facet normal 0.6013517555579773 0.43454562786230283 -0.670482038083867
outer loop
vertex 32.81053161621094 52.52058792114258 -6.731170177459717
vertex 32.00415802001953 52.21835708618164 -7.650280952453613
vertex 31.425086975097656 54.781429290771484 -6.508495807647705
endloop
endfacet
facet normal 0.5358445605862796 0.5235669947762829 -0.6623807129370757
outer loop
vertex 30.487424850463867 54.660186767578125 -7.428056716918945
vertex 29.451902389526367 57.120208740234375 -6.321280479431152
vertex 31.184926986694336 55.09109878540039 -6.523193359375
endloop
endfacet
facet normal 0.5358448206765479 0.5235665942803017 -0.6623808190971745
outer loop
vertex 30.487424850463867 54.660186767578125 -7.428056716918945
vertex 28.587486267089844 56.85769271850586 -7.2280683517456055
vertex 29.180150985717773 57.37663269042969 -6.338435173034668
endloop
endfacet
facet normal 0.5358514061039545 0.5235672824987806 -0.6623749476491821
outer loop
vertex 29.451902389526367 57.120208740234375 -6.321280479431152
vertex 30.487424850463867 54.660186767578125 -7.428056716918945
vertex 29.28520965576172 57.286903381347656 -6.324370384216309
endloop
endfacet
facet normal 0.5358482843334454 0.5235670065053081 -0.66237769125777
outer loop
vertex 30.487424850463867 54.660186767578125 -7.428056716918945
vertex 29.180150985717773 57.37663269042969 -6.338435173034668
vertex 29.28520965576172 57.286903381347656 -6.324370384216309
endloop
endfacet
facet normal 0.4570687461940249 0.6013923504445886 -0.6552979490883176
outer loop
vertex 28.587486267089844 56.85769271850586 -7.2280683517456055
vertex 26.367401123046875 58.730735778808594 -7.057608127593994
vertex 26.946426391601562 59.26008987426758 -6.167930603027344
endloop
endfacet
facet normal 0.4570687642247227 0.6013921454589201 -0.6552981246351938
outer loop
vertex 29.180150985717773 57.37663269042969 -6.338435173034668
vertex 28.587486267089844 56.85769271850586 -7.2280683517456055
vertex 27.13714599609375 59.121524810791016 -6.162071704864502
endloop
endfacet
facet normal 0.4570644923365664 0.601391214146852 -0.6553019589411372
outer loop
vertex 26.946426391601562 59.26008987426758 -6.167930603027344
vertex 27.13714599609375 59.121524810791016 -6.162071704864502
vertex 28.587486267089844 56.85769271850586 -7.2280683517456055
endloop
endfacet
facet normal 0.4570635935344651 0.6013969430660596 -0.6552973281924475
outer loop
vertex 26.946426391601562 59.26008987426758 -6.167930603027344
vertex 26.367401123046875 58.730735778808594 -7.057608127593994
vertex 26.847713470458984 59.320579528808594 -6.181267738342285
endloop
endfacet
facet normal 0.3669205312095244 0.6660618547145947 -0.6494081378232602
outer loop
vertex 26.367401123046875 58.730735778808594 -7.057608127593994
vertex 24.3277645111084 60.84311294555664 -6.04347038269043
vertex 24.537811279296875 60.736087799072266 -6.034562110900879
endloop
endfacet
facet normal 0.3669250721980954 0.66606396729731 -0.64940340533492
outer loop
vertex 26.367401123046875 58.730735778808594 -7.057608127593994
vertex 24.244770050048828 60.87749099731445 -6.055103778839111
vertex 24.3277645111084 60.84311294555664 -6.04347038269043
endloop
endfacet
facet normal 0.36691660719281527 0.6660598181830796 -0.6494124436504403
outer loop
vertex 26.367401123046875 58.730735778808594 -7.057608127593994
vertex 23.88188362121582 60.233272552490234 -6.9208664894104
vertex 24.244770050048828 60.87749099731445 -6.055103778839111
endloop
endfacet
facet normal 0.3669165552201525 0.6660602256418553 -0.6494120551108498
outer loop
vertex 26.847713470458984 59.320579528808594 -6.181267738342285
vertex 26.367401123046875 58.730735778808594 -7.057608127593994
vertex 24.537811279296875 60.736087799072266 -6.034562110900879
endloop
endfacet
facet normal 0.26758901090319603 0.7159133572923903 -0.6448753260082041
outer loop
vertex 24.244770050048828 60.87749099731445 -6.055103778839111
vertex 23.88188362121582 60.233272552490234 -6.9208664894104
vertex 21.717906951904297 61.92415237426758 -5.9416584968566895
endloop
endfacet
facet normal 0.2675928864276883 0.715915809388797 -0.6448709956266307
outer loop
vertex 23.88188362121582 60.233272552490234 -6.9208664894104
vertex 21.493703842163086 61.99700164794922 -5.953817844390869
vertex 21.717906951904297 61.92415237426758 -5.9416584968566895
endloop
endfacet
facet normal 0.2675606186325142 0.7158932123073574 -0.6449094695608363
outer loop
vertex 23.88188362121582 60.233272552490234 -6.9208664894104
vertex 21.434314727783203 62.01125717163086 -5.962632656097412
vertex 21.493703842163086 61.99700164794922 -5.953817844390869
endloop
endfacet
facet normal 0.2675887582124232 0.7159135117920972 -0.6448752593423321
outer loop
vertex 23.88188362121582 60.233272552490234 -6.9208664894104
vertex 21.192140579223633 61.328399658203125 -6.821201801300049
vertex 21.434314727783203 62.01125717163086 -5.962632656097412
endloop
endfacet
facet normal 0.161542971061291 0.7496609127948921 -0.6418040077221551
outer loop
vertex 21.192140579223633 61.328399658203125 -6.821201801300049
vertex 18.746864318847656 62.65645980834961 -5.88543701171875
vertex 21.434314727783203 62.01125717163086 -5.962632656097412
endloop
endfacet
facet normal 0.16154148851409453 0.7496599210963646 -0.641805539233219
outer loop
vertex 21.192140579223633 61.328399658203125 -6.821201801300049
vertex 18.364364624023438 61.989234924316406 -6.761061191558838
vertex 18.483728408813477 62.69572067260742 -5.905807971954346
endloop
endfacet
facet normal 0.16153802335318362 0.7496563969530481 -0.6418105277404853
outer loop
vertex 21.192140579223633 61.328399658203125 -6.821201801300049
vertex 18.483728408813477 62.69572067260742 -5.905807971954346
vertex 18.746864318847656 62.65645980834961 -5.88543701171875
endloop
endfacet
facet normal 0.05142797304060625 0.7664186156706273 -0.6402793680437111
outer loop
vertex 18.364364624023438 61.989234924316406 -6.761061191558838
vertex 15.462712287902832 62.914974212646484 -5.886009216308594
vertex 15.697844505310059 62.914974212646484 -5.867123126983643
endloop
endfacet
facet normal 0.05142775801984957 0.7664183071320193 -0.6402797546369412
outer loop
vertex 18.364364624023438 61.989234924316406 -6.761061191558838
vertex 15.465108871459961 62.19978713989258 -6.741899490356445
vertex 15.462712287902832 62.914974212646484 -5.886009216308594
endloop
endfacet
facet normal 0.05142736761599073 0.7664178285596207 -0.6402803588476267
outer loop
vertex 18.483728408813477 62.69572067260742 -5.905807971954346
vertex 18.364364624023438 61.989234924316406 -6.761061191558838
vertex 15.697844505310059 62.914974212646484 -5.867123126983643
endloop
endfacet
facet normal -0.055706359438159735 0.7660945730476771 -0.640309227377713
outer loop
vertex 15.465108871459961 62.19978713989258 -6.741899490356445
vertex 12.676830291748047 62.695770263671875 -5.905905246734619
vertex 15.462712287902832 62.914974212646484 -5.886009216308594
endloop
endfacet
facet normal -0.055706808987358164 0.7660937134284497 -0.6403102167526723
outer loop
vertex 12.798518180847168 61.98992156982422 -6.760998725891113
vertex 12.676830291748047 62.695770263671875 -5.905905246734619
vertex 15.465108871459961 62.19978713989258 -6.741899490356445
endloop
endfacet
facet normal -0.16154084184485532 0.7496598216507906 -0.6418058181557411
outer loop
vertex 12.676830291748047 62.695770263671875 -5.905905246734619
vertex 12.798518180847168 61.98992156982422 -6.760998725891113
vertex 12.413082122802734 62.65645980834961 -5.88543701171875
endloop
endfacet
facet normal -0.1615420117438548 0.7496610822036007 -0.6418040513046598
outer loop
vertex 12.798518180847168 61.98992156982422 -6.760998725891113
vertex 9.96780776977539 61.328399658203125 -6.821201801300049
vertex 9.725632667541504 62.01125717163086 -5.962632656097412
endloop
endfacet
facet normal -0.1615425583826548 0.7496592060455296 -0.6418061051613428
outer loop
vertex 12.798518180847168 61.98992156982422 -6.760998725891113
vertex 9.725632667541504 62.01125717163086 -5.962632656097412
vertex 12.413082122802734 62.65645980834961 -5.88543701171875
endloop
endfacet
facet normal -0.2675887228751412 0.7159136458189704 -0.6448751252143634
outer loop
vertex 9.96780776977539 61.328399658203125 -6.821201801300049
vertex 7.278063774108887 60.233272552490234 -6.9208664894104
vertex 6.915178298950195 60.87749099731445 -6.055103778839111
endloop
endfacet
facet normal -0.26758880796024187 0.715912928114238 -0.6448758866737961
outer loop
vertex 9.96780776977539 61.328399658203125 -6.821201801300049
vertex 6.915178298950195 60.87749099731445 -6.055103778839111
vertex 9.442041397094727 61.92415237426758 -5.9416584968566895
endloop
endfacet
facet normal -0.2675627220409145 0.7159228792843149 -0.6448756629702448
outer loop
vertex 9.725632667541504 62.01125717163086 -5.962632656097412
vertex 9.96780776977539 61.328399658203125 -6.821201801300049
vertex 9.666243553161621 61.99700164794922 -5.953817844390869
endloop
endfacet
facet normal -0.2675926850039273 0.715910731543562 -0.6448767164296993
outer loop
vertex 9.666243553161621 61.99700164794922 -5.953817844390869
vertex 9.96780776977539 61.328399658203125 -6.821201801300049
vertex 9.442041397094727 61.92415237426758 -5.9416584968566895
endloop
endfacet
facet normal -0.36691905674676956 0.6660586150337887 -0.6494122936435158
outer loop
vertex 6.83218240737915 60.84311294555664 -6.04347038269043
vertex 7.278063774108887 60.233272552490234 -6.9208664894104
vertex 6.622135639190674 60.736087799072266 -6.034562110900879
endloop
endfacet
facet normal -0.36691690054671794 0.6660603815627278 -0.6494117000837784
outer loop
vertex 7.278063774108887 60.233272552490234 -6.9208664894104
vertex 4.312234878540039 59.320579528808594 -6.181267738342285
vertex 6.622135639190674 60.736087799072266 -6.034562110900879
endloop
endfacet
facet normal -0.3669180310302613 0.666059254769203 -0.6494122170402786
outer loop
vertex 6.915178298950195 60.87749099731445 -6.055103778839111
vertex 7.278063774108887 60.233272552490234 -6.9208664894104
vertex 6.83218240737915 60.84311294555664 -6.04347038269043
endloop
endfacet
facet normal -0.3669168992370117 0.6660603528106805 -0.6494117303129103
outer loop
vertex 7.278063774108887 60.233272552490234 -6.9208664894104
vertex 4.792545795440674 58.730735778808594 -7.057608127593994
vertex 4.312234878540039 59.320579528808594 -6.181267738342285
endloop
endfacet
facet normal -0.45706837700162556 0.6013912939444775 -0.6552991761881644
outer loop
vertex 2.5728702545166016 56.858036041259766 -7.228036880493164
vertex 1.979858160018921 57.376686096191406 -6.338429927825928
vertex 4.792545795440674 58.730735778808594 -7.057608127593994
endloop
endfacet
facet normal -0.45706862368031337 0.6013924719432917 -0.6552979230372407
outer loop
vertex 4.792545795440674 58.730735778808594 -7.057608127593994
vertex 1.979858160018921 57.376686096191406 -6.338429927825928
vertex 4.022802352905273 59.121524810791016 -6.162071704864502
endloop
endfacet
facet normal -0.4570592641259972 0.6014008018774281 -0.6552968064761102
outer loop
vertex 4.792545795440674 58.730735778808594 -7.057608127593994
vertex 4.213520526885986 59.26008987426758 -6.167930603027344
vertex 4.312234878540039 59.320579528808594 -6.181267738342285
endloop
endfacet
facet normal -0.4570686712569444 0.6013924172371702 -0.6552979400586003
outer loop
vertex 4.792545795440674 58.730735778808594 -7.057608127593994
vertex 4.022802352905273 59.121524810791016 -6.162071704864502
vertex 4.213520526885986 59.26008987426758 -6.167930603027344
endloop
endfacet
facet normal -0.5351151065975404 0.524992590884243 -0.6618418256711741
outer loop
vertex 2.5728702545166016 56.858036041259766 -7.228036880493164
vertex -0.18185587227344513 54.90742111206055 -6.548059940338135
vertex 1.7080446481704712 57.120208740234375 -6.320841312408447
endloop
endfacet
facet normal -0.5356108255574644 0.5261545693280522 -0.6605167770169532
outer loop
vertex 2.5728702545166016 56.858036041259766 -7.228036880493164
vertex 0.46292588114738464 54.43313217163086 -7.448720455169678
vertex -0.18185587227344513 54.90742111206055 -6.548059940338135
endloop
endfacet
facet normal -0.536346906192999 0.5229845179371719 -0.662434291243458
outer loop
vertex 1.979858160018921 57.376686096191406 -6.338429927825928
vertex 2.5728702545166016 56.858036041259766 -7.228036880493164
vertex 1.8747384548187256 57.286903381347656 -6.3242011070251465
endloop
endfacet
facet normal -0.5363433095719377 0.5229890196353489 -0.6624336492195103
outer loop
vertex 2.5728702545166016 56.858036041259766 -7.228036880493164
vertex 1.7080446481704712 57.120208740234375 -6.320841312408447
vertex 1.8747384548187256 57.286903381347656 -6.3242011070251465
endloop
endfacet
facet normal -0.297515829152992 0.7040505606050556 -0.6448233397723091
outer loop
vertex -0.8766226768493652 54.319580078125 -6.656169414520264
vertex -0.5417981147766113 53.67172622680664 -7.518013954162598
vertex -1.278486728668213 54.13431930541992 -6.673029899597168
endloop
endfacet
facet normal -0.29752117675278145 0.704046211444839 -0.6448256210277389
outer loop
vertex -0.943662166595459 53.4864616394043 -7.534873962402344
vertex -1.278486728668213 54.13431930541992 -6.673029899597168
vertex -0.5417981147766113 53.67172622680664 -7.518013954162598
endloop
endfacet
facet normal -0.4496651639187033 0.6095965616603108 -0.6528347971500083
outer loop
vertex 0.31971094012260437 54.259342193603516 -7.464536666870117
vertex -0.5587660670280457 54.46611404418945 -6.666374683380127
vertex -0.28627467155456543 54.785160064697266 -6.556148529052734
endloop
endfacet
facet normal -0.3366300861319945 0.6852256875799368 -0.6458683628970912
outer loop
vertex -0.5587660670280457 54.46611404418945 -6.666374683380127
vertex -0.5417981147766113 53.67172622680664 -7.518013954162598
vertex -0.8766226768493652 54.319580078125 -6.656169414520264
endloop
endfacet
facet normal -0.44966664189883016 0.6095943444731972 -0.6528358494673238
outer loop
vertex -0.13302771747112274 53.88931655883789 -7.49821138381958
vertex -0.5587660670280457 54.46611404418945 -6.666374683380127
vertex 0.31971094012260437 54.259342193603516 -7.464536666870117
endloop
endfacet
facet normal -0.33383121081861217 0.6859819249042839 -0.6465179977293694
outer loop
vertex -0.13302771747112274 53.88931655883789 -7.49821138381958
vertex -0.5417981147766113 53.67172622680664 -7.518013954162598
vertex -0.5587660670280457 54.46611404418945 -6.666374683380127
endloop
endfacet
facet normal -0.5479237368551112 0.5117417489889767 -0.6617401007438146
outer loop
vertex 0.31971094012260437 54.259342193603516 -7.464536666870117
vertex -0.28627467155456543 54.785160064697266 -6.556148529052734
vertex -0.18185587227344513 54.90742111206055 -6.548059940338135
endloop
endfacet
facet normal -0.5479187855190156 0.5117463485086923 -0.6617406435027149
outer loop
vertex 0.31971094012260437 54.259342193603516 -7.464536666870117
vertex -0.18185587227344513 54.90742111206055 -6.548059940338135
vertex 0.46292588114738464 54.43313217163086 -7.448720455169678
endloop
endfacet
facet normal 0 0.7682836157713707 -0.6401095888496509
outer loop
vertex -2.1947429180145264 53.20261764526367 -7.56070613861084
vertex -10.579276084899902 53.914974212646484 -6.705708980560303
vertex -2.1947429180145264 53.914974212646484 -6.705708980560303
endloop
endfacet
facet normal 0 0.7682836157713706 -0.6401095888496507
outer loop
vertex -2.1947429180145264 53.20261764526367 -7.56070613861084
vertex -10.252373695373535 53.20261764526367 -7.56070613861084
vertex -10.579276084899902 53.914974212646484 -6.705708980560303
endloop
endfacet
facet normal -0.3341361104877788 0.6864733667766867 -0.6458385064196617
outer loop
vertex -1.278486728668213 54.13431930541992 -6.673029899597168
vertex -1.051417589187622 53.42910385131836 -7.540094375610352
vertex -1.3595446348190308 54.09695053100586 -6.670813083648682
endloop
endfacet
facet normal -0.20575633732563792 0.7394308484476237 -0.641019773497172
outer loop
vertex -1.3595446348190308 54.09695053100586 -6.670813083648682
vertex -1.6118807792663574 53.259788513183594 -7.555502891540527
vertex -1.7542831897735596 53.914974212646484 -6.754022598266602
endloop
endfacet
facet normal -0.07006770965522785 0.7661882944210288 -0.6387847943993858
outer loop
vertex -1.7542831897735596 53.914974212646484 -6.754022598266602
vertex -1.6118807792663574 53.259788513183594 -7.555502891540527
vertex -2.1947429180145264 53.914974212646484 -6.705708980560303
endloop
endfacet
facet normal -0.33412141503563875 0.6864794700213501 -0.6458396219293059
outer loop
vertex -0.943662166595459 53.4864616394043 -7.534873962402344
vertex -1.051417589187622 53.42910385131836 -7.540094375610352
vertex -1.278486728668213 54.13431930541992 -6.673029899597168
endloop
endfacet
facet normal -0.20575806909303393 0.7394308189563314 -0.6410192516459045
outer loop
vertex -1.6118807792663574 53.259788513183594 -7.555502891540527
vertex -1.3595446348190308 54.09695053100586 -6.670813083648682
vertex -1.051417589187622 53.42910385131836 -7.540094375610352
endloop
endfacet
facet normal -0.06947561643145544 0.7664271736464462 -0.6385628600363396
outer loop
vertex -2.1947429180145264 53.20261764526367 -7.56070613861084
vertex -2.1947429180145264 53.914974212646484 -6.705708980560303
vertex -1.6118807792663574 53.259788513183594 -7.555502891540527
endloop
endfacet
facet normal -0.501029585644253 0.5610014048542886 -0.6589740344358513
outer loop
vertex -10.252373695373535 53.20261764526367 -7.56070613861084
vertex -12.282430648803711 52.29521179199219 -6.789715766906738
vertex -10.662667274475098 53.914974212646484 -6.642305374145508
endloop
endfacet
facet normal -0.5010294765009964 0.561000267414994 -0.6589750857486515
outer loop
vertex -11.432373046875 52.02261734008789 -7.668094158172607
vertex -12.282430648803711 52.29521179199219 -6.789715766906738
vertex -10.252373695373535 53.20261764526367 -7.56070613861084
endloop
endfacet
facet normal -0.5010282438675261 0.5610024003279916 -0.6589742071380752
outer loop
vertex -10.252373695373535 53.20261764526367 -7.56070613861084
vertex -10.662667274475098 53.914974212646484 -6.642305374145508
vertex -10.579276084899902 53.914974212646484 -6.705708980560303
endloop
endfacet
facet normal -0.7071069201010578 0.06408581933495226 -0.7041965714950367
outer loop
vertex -12.282430648803711 52.29521179199219 -6.789715766906738
vertex -11.432373046875 52.02261734008789 -7.668094158172607
vertex -12.420025825500488 52.157615661621094 -6.664073944091797
endloop
endfacet
facet normal -0.707106797875816 0.06408689694813982 -0.7041965961557671
outer loop
vertex -11.432373046875 52.02261734008789 -7.668094158172607
vertex -12.420025825500488 48.923885345458984 -6.958366394042969
vertex -12.420025825500488 52.157615661621094 -6.664073944091797
endloop
endfacet
facet normal -0.7071069779864171 0.06408699788098113 -0.7041964061151686
outer loop
vertex -11.432373046875 52.02261734008789 -7.668094158172607
vertex -11.432373046875 49.013397216796875 -7.941955089569092
vertex -12.420025825500488 48.923885345458984 -6.958366394042969
endloop
endfacet
facet normal -0.5006811585361398 0.5615358714898608 -0.6587836082637691
outer loop
vertex -12.30522346496582 46.91218948364258 -8.133179664611816
vertex -12.894695281982422 46.32377624511719 -8.186729431152344
vertex -13.496140480041504 46.84432601928711 -7.285918235778809
endloop
endfacet
facet normal -0.5007542482291995 0.5613308554022378 -0.6589027649462409
outer loop
vertex -12.30522346496582 46.91218948364258 -8.133179664611816
vertex -13.496140480041504 46.84432601928711 -7.285918235778809
vertex -12.906657218933105 47.43274688720703 -7.23262882232666
endloop
endfacet
facet normal -0.705397790829056 0.13312234249455118 -0.6961985339127418
outer loop
vertex -12.420025825500488 48.923885345458984 -6.958366394042969
vertex -11.489779472351074 48.43293380737305 -7.994781017303467
vertex -12.420025825500488 48.53125 -7.033443450927734
endloop
endfacet
facet normal -0.7053983491148302 0.13312073813785957 -0.6961982750220683
outer loop
vertex -11.432373046875 49.013397216796875 -7.941955089569092
vertex -11.489779472351074 48.43293380737305 -7.994781017303467
vertex -12.420025825500488 48.923885345458984 -6.958366394042969
endloop
endfacet
facet normal -0.678289578423782 0.26884250153051276 -0.6838471738425949
outer loop
vertex -12.420025825500488 48.11380386352539 -7.197555065155029
vertex -12.420025825500488 48.53125 -7.033443450927734
vertex -11.489779472351074 48.43293380737305 -7.994781017303467
endloop
endfacet
facet normal -0.6251179825962844 0.39668298358593823 -0.672212851980762
outer loop
vertex -12.420025825500488 48.11380386352539 -7.197555065155029
vertex -11.659794807434082 47.874778747558594 -8.045577049255371
vertex -12.420025825500488 47.91850280761719 -7.31280517578125
endloop
endfacet
facet normal -0.6251137510980301 0.3966910052153541 -0.6722120532758855
outer loop
vertex -12.420025825500488 47.91850280761719 -7.31280517578125
vertex -11.935883522033691 47.36037826538086 -8.092391014099121
vertex -12.605752944946289 47.73311233520508 -7.249495029449463
endloop
endfacet
facet normal -0.54791970883186 0.5117443267276063 -0.6617414425103801
outer loop
vertex -11.935883522033691 47.36037826538086 -8.092391014099121
vertex -12.906657218933105 47.43274688720703 -7.23262882232666
vertex -12.605752944946289 47.73311233520508 -7.249495029449463
endloop
endfacet
facet normal -0.6782895815864602 0.2688434541065174 -0.6838467962163319
outer loop
vertex -11.659794807434082 47.874778747558594 -8.045577049255371
vertex -12.420025825500488 48.11380386352539 -7.197555065155029
vertex -11.489779472351074 48.43293380737305 -7.994781017303467
endloop
endfacet
facet normal -0.625116354213632 0.3966879139594918 -0.672211456770207
outer loop
vertex -11.935883522033691 47.36037826538086 -8.092391014099121
vertex -12.420025825500488 47.91850280761719 -7.31280517578125
vertex -11.659794807434082 47.874778747558594 -8.045577049255371
endloop
endfacet
facet normal -0.547918235153003 0.5117476901556185 -0.6617400616610782
outer loop
vertex -11.935883522033691 47.36037826538086 -8.092391014099121
vertex -12.30522346496582 46.91218948364258 -8.133179664611816
vertex -12.906657218933105 47.43274688720703 -7.23262882232666
endloop
endfacet
facet normal 0.0012715656386138347 0.768284977856904 -0.6401066910447376
outer loop
vertex -15.014898300170898 45.45016098022461 -8.2662353515625
vertex -70.25888061523438 45.549095153808594 -8.257231712341309
vertex -70.1265869140625 45.7071418762207 -8.06727409362793
endloop
endfacet
facet normal 0.0012780713392668676 0.7682838633436796 -0.6401080157749645
outer loop
vertex -71.78952026367188 45.7071418762207 -8.070594787597656
vertex -72.58924102783203 45.55329132080078 -8.25684928894043
vertex -71.8819351196289 45.880027770996094 -7.863274574279785
endloop
endfacet
facet normal 0.001279876606225292 0.7682800361489636 -0.6401126056959198
outer loop
vertex -71.6603012084961 45.55161666870117 -8.257001876831055
vertex -72.58924102783203 45.55329132080078 -8.25684928894043
vertex -71.78952026367188 45.7071418762207 -8.070594787597656
endloop
endfacet
facet normal 0.001276843753057374 0.7682849510917971 -0.6401067126627443
outer loop
vertex -71.8819351196289 45.880027770996094 -7.863274574279785
vertex -72.58924102783203 45.55329132080078 -8.25684928894043
vertex -71.93883514404297 46.06761932373047 -7.638232231140137
endloop
endfacet
facet normal 0.001280460326066679 0.7682830759518435 -0.6401089560593003
outer loop
vertex -71.93883514404297 46.06761932373047 -7.638232231140137
vertex -72.58924102783203 45.55329132080078 -8.25684928894043
vertex -72.7353744506836 46.26591110229492 -7.401828289031982
endloop
endfacet
facet normal 0.0012792910772717176 0.7682811449594119 -0.640111276040498
outer loop
vertex -71.93883514404297 46.06761932373047 -7.638232231140137
vertex -72.7353744506836 46.26591110229492 -7.401828289031982
vertex -71.95805358886719 46.26271057128906 -7.404116153717041
endloop
endfacet
facet normal 0.001273403108667765 0.7683392287206524 -0.6400415674418934
outer loop
vertex -15.014898300170898 45.45016098022461 -8.2662353515625
vertex -69.9582290649414 46.26091003417969 -7.402283191680908
vertex -15.013476371765137 46.161991119384766 -7.411714553833008
endloop
endfacet
facet normal 0.001271476596925086 0.768281946352936 -0.6401103297521514
outer loop
vertex -15.014898300170898 45.45016098022461 -8.2662353515625
vertex -69.97726440429688 46.06761932373047 -7.634315013885498
vertex -69.9582290649414 46.26091003417969 -7.402283191680908
endloop
endfacet
facet normal 0.001271566901872717 0.7682855535969918 -0.6401060000123245
outer loop
vertex -15.014898300170898 45.45016098022461 -8.2662353515625
vertex -70.03417205810547 45.880027770996094 -7.859584331512451
vertex -69.97726440429688 46.06761932373047 -7.634315013885498
endloop
endfacet
facet normal 0.0012715754002132961 0.7682860629560704 -0.6401053886380452
outer loop
vertex -15.014898300170898 45.45016098022461 -8.2662353515625
vertex -70.1265869140625 45.7071418762207 -8.06727409362793
vertex -70.03417205810547 45.880027770996094 -7.859584331512451
endloop
endfacet
facet normal -0.2057558181329659 0.7394312858735793 -0.641019435567892
outer loop
vertex -14.181206703186035 46.160491943359375 -7.585811614990234
vertex -14.4266357421875 45.50680160522461 -8.261080741882324
vertex -14.570709228515625 46.16119384765625 -7.4599785804748535
endloop
endfacet
facet normal -0.20575722366903798 0.7394313140100667 -0.6410189519580177
outer loop
vertex -14.4266357421875 45.50680160522461 -8.261080741882324
vertex -14.181206703186035 46.160491943359375 -7.585811614990234
vertex -13.866172790527344 45.676116943359375 -8.245671272277832
endloop
endfacet
facet normal -0.06821777250352522 0.766606846963454 -0.638482793584454
outer loop
vertex -15.014898300170898 45.45016098022461 -8.2662353515625
vertex -14.570709228515625 46.16119384765625 -7.4599785804748535
vertex -14.4266357421875 45.50680160522461 -8.261080741882324
endloop
endfacet
facet normal -0.3341310792047176 0.6864761761845118 -0.6458381232480643
outer loop
vertex -13.866172790527344 45.676116943359375 -8.245671272277832
vertex -14.118520736694336 46.22306442260742 -7.533753395080566
vertex -13.34964656829834 45.95106887817383 -8.220648765563965
endloop
endfacet
facet normal -0.06821770375290966 0.7666068323031308 -0.6384828185322139
outer loop
vertex -14.570709228515625 46.16119384765625 -7.4599785804748535
vertex -15.014898300170898 45.45016098022461 -8.2662353515625
vertex -15.013476371765137 46.161991119384766 -7.411714553833008
endloop
endfacet
facet normal -0.20575369307457825 0.7394328073758284 -0.6410183625782284
outer loop
vertex -14.118520736694336 46.22306442260742 -7.533753395080566
vertex -13.866172790527344 45.676116943359375 -8.245671272277832
vertex -14.181206703186035 46.160491943359375 -7.585811614990234
endloop
endfacet
facet normal -0.45032178769522274 0.6091062078959301 -0.6528398846804774
outer loop
vertex -12.894695281982422 46.32377624511719 -8.186729431152344
vertex -13.34964656829834 45.95106887817383 -8.220648765563965
vertex -13.796639442443848 46.544368743896484 -7.358763217926025
endloop
endfacet
facet normal -0.3341334403357935 0.6864735272783615 -0.6458397172637893
outer loop
vertex -13.796639442443848 46.544368743896484 -7.358763217926025
vertex -13.34964656829834 45.95106887817383 -8.220648765563965
vertex -14.118520736694336 46.22306442260742 -7.533753395080566
endloop
endfacet
facet normal -0.45010629405100766 0.6094257428235902 -0.6526902696069422
outer loop
vertex -13.496140480041504 46.84432601928711 -7.285918235778809
vertex -12.894695281982422 46.32377624511719 -8.186729431152344
vertex -13.796639442443848 46.544368743896484 -7.358763217926025
endloop
endfacet
facet normal -0.2549461476499108 0.720916653200662 -0.6444234950220439
outer loop
vertex -72.7353744506836 46.26591110229492 -7.401828289031982
vertex -72.58924102783203 45.55329132080078 -8.25684928894043
vertex -72.77265167236328 46.2659797668457 -7.3870038986206055
endloop
endfacet
facet normal -0.25497865140623643 0.7209064812310072 -0.6444220144021964
outer loop
vertex -73.71900177001953 45.9016227722168 -7.420162677764893
vertex -72.77265167236328 46.2659797668457 -7.3870038986206055
vertex -72.58924102783203 45.55329132080078 -8.25684928894043
endloop
endfacet
facet normal -0.25497654320539426 0.7209088791330366 -0.6444201660424482
outer loop
vertex -72.58924102783203 45.55329132080078 -8.25684928894043
vertex -73.29000091552734 45.28349304199219 -8.281402587890625
vertex -73.71900177001953 45.9016227722168 -7.420162677764893
endloop
endfacet
facet normal -0.4761949120464638 0.5846563264593413 -0.6568221872562838
outer loop
vertex -73.71900177001953 45.9016227722168 -7.420162677764893
vertex -73.29000091552734 45.28349304199219 -8.281402587890625
vertex -73.81852722167969 45.86330795288086 -7.3821120262146
endloop
endfacet
facet normal -0.4762111622335389 0.5846430628796614 -0.6568222118586358
outer loop
vertex -73.29000091552734 45.28349304199219 -8.281402587890625
vertex -75.50746154785156 43.2715950012207 -8.464500427246094
vertex -76.20586395263672 43.69728088378906 -7.579236030578613
endloop
endfacet
facet normal -0.47621101857926834 0.5846425510148933 -0.6568227716260252
outer loop
vertex -73.29000091552734 45.28349304199219 -8.281402587890625
vertex -76.20586395263672 43.69728088378906 -7.579236030578613
vertex -73.81852722167969 45.86330795288086 -7.3821120262146
endloop
endfacet
facet normal -0.6460581415230401 0.35032621146818715 -0.6781448394923776
outer loop
vertex -76.20586395263672 43.69728088378906 -7.579236030578613
vertex -75.50746154785156 43.2715950012207 -8.464500427246094
vertex -76.3256607055664 43.588584899902344 -7.521259307861328
endloop
endfacet
facet normal -0.6460473923431693 0.35034915650498333 -0.678143226304619
outer loop
vertex -75.50746154785156 43.2715950012207 -8.464500427246094
vertex -76.7624740600586 42.61086654663086 -7.610238552093506
vertex -76.3256607055664 43.588584899902344 -7.521259307861328
endloop
endfacet
facet normal -0.6460467598271252 0.35034319206469033 -0.6781469102567645
outer loop
vertex -75.50746154785156 43.2715950012207 -8.464500427246094
vertex -75.85306549072266 42.498016357421875 -8.534900665283203
vertex -76.7624740600586 42.61086654663086 -7.610238552093506
endloop
endfacet
facet normal -0.7070918095620984 0.06853934537587074 -0.7037922498760869
outer loop
vertex -76.83939361572266 42.43869400024414 -7.549725532531738
vertex -76.7624740600586 42.61086654663086 -7.610238552093506
vertex -75.85306549072266 42.498016357421875 -8.534900665283203
endloop
endfacet
facet normal -0.7070917012334695 0.06854519049925813 -0.7037917894563548
outer loop
vertex -75.85306549072266 42.498016357421875 -8.534900665283203
vertex -76.92245483398438 29.372976303100586 -8.738799095153809
vertex -76.83939361572266 42.43869400024414 -7.549725532531738
endloop
endfacet
facet normal -0.7070915773041292 0.06854518234847311 -0.7037919147605868
outer loop
vertex -75.93597412109375 29.456165313720703 -9.721802711486816
vertex -76.92245483398438 29.372976303100586 -8.738799095153809
vertex -75.85306549072266 42.498016357421875 -8.534900665283203
endloop
endfacet
facet normal -0.6073046329471996 0.4271280386062351 -0.6698826176557037
outer loop
vertex -77.12411499023438 28.319107055664062 -8.940439224243164
vertex -76.37134552001953 27.948833465576172 -9.858980178833008
vertex -77.51036834716797 27.678482055664062 -8.998741149902344
endloop
endfacet
facet normal -0.6073046329471996 0.4271280386062351 -0.6698826176557037
outer loop
vertex -76.75759887695312 27.308208465576172 -9.917282104492188
vertex -77.51036834716797 27.678482055664062 -8.998741149902344
vertex -76.37134552001953 27.948833465576172 -9.858980178833008
endloop
endfacet
facet normal -0.7050655863092226 0.13534816745275616 -0.6961058774134959
outer loop
vertex -75.93597412109375 29.456165313720703 -9.721802711486816
vertex -75.99332427978516 28.89453887939453 -9.77291488647461
vertex -76.92487335205078 28.992990493774414 -8.810233116149902
endloop
endfacet
facet normal -0.6782899221885523 0.26883983577938214 -0.6838478808591589
outer loop
vertex -76.92707824707031 28.64591407775879 -8.944491386413574
vertex -75.99332427978516 28.89453887939453 -9.77291488647461
vertex -76.16333770751953 28.336381912231445 -9.823710441589355
endloop
endfacet
facet normal -0.6251126536484076 0.39669127767926354 -0.6722129130430623
outer loop
vertex -76.16333770751953 28.336381912231445 -9.823710441589355
vertex -76.37134552001953 27.948833465576172 -9.858980178833008
vertex -76.9622573852539 28.587568283081055 -8.932537078857422
endloop
endfacet
facet normal -0.6782899416793627 0.2688393917251185 -0.683848036096818
outer loop
vertex -75.99332427978516 28.89453887939453 -9.77291488647461
vertex -76.92707824707031 28.64591407775879 -8.944491386413574
vertex -76.92487335205078 28.992990493774414 -8.810233116149902
endloop
endfacet
facet normal -0.6782841028567459 0.2688543649408558 -0.6838479408933453
outer loop
vertex -76.16333770751953 28.336381912231445 -9.823710441589355
vertex -76.9622573852539 28.587568283081055 -8.932537078857422
vertex -76.92707824707031 28.64591407775879 -8.944491386413574
endloop
endfacet
facet normal -0.625123010745299 0.39667858780606696 -0.6722107700810196
outer loop
vertex -76.9622573852539 28.587568283081055 -8.932537078857422
vertex -76.37134552001953 27.948833465576172 -9.858980178833008
vertex -77.12411499023438 28.319107055664062 -8.940439224243164
endloop
endfacet
facet normal -0.705065761149165 0.13534933671483904 -0.6961054729751821
outer loop
vertex -76.92487335205078 28.992990493774414 -8.810233116149902
vertex -76.92245483398438 29.372976303100586 -8.738799095153809
vertex -75.93597412109375 29.456165313720703 -9.721802711486816
endloop
endfacet
facet normal -0.44365454187359354 0.6124314918771316 -0.6542922246459013
outer loop
vertex -78.71018981933594 26.734773635864258 -8.921435356140137
vertex -80.27204132080078 24.241235733032227 -10.196398735046387
vertex -80.96194458007812 24.691761016845703 -9.306896209716797
endloop
endfacet
facet normal -0.4481961763620812 0.6132808229760447 -0.6503897444334708
outer loop
vertex -80.27204132080078 24.241235733032227 -10.196398735046387
vertex -78.71018981933594 26.734773635864258 -8.921435356140137
vertex -77.44425964355469 26.528589248657227 -9.988232612609863
endloop
endfacet
facet normal -0.45113469536895606 0.6084032983865797 -0.6529340802459997
outer loop
vertex -77.98808288574219 27.121809005737305 -9.059724807739258
vertex -77.44425964355469 26.528589248657227 -9.988232612609863
vertex -78.71018981933594 26.734773635864258 -8.921435356140137
endloop
endfacet
facet normal -0.625111202072644 0.3966941493545602 -0.6722125682484342
outer loop
vertex -77.51036834716797 27.678482055664062 -8.998741149902344
vertex -76.82567596435547 27.181358337402344 -9.928826332092285
vertex -77.56280517578125 27.591514587402344 -9.001300811767578
endloop
endfacet
facet normal -0.4496655858799486 0.6095969805547173 -0.6528341153568906
outer loop
vertex -77.19723510742188 26.73048210144043 -9.96985912322998
vertex -77.44425964355469 26.528589248657227 -9.988232612609863
vertex -77.77816772460938 27.234315872192383 -9.09925365447998
endloop
endfacet
facet normal -0.5479150119869792 0.5117499927920421 -0.6617409497051344
outer loop
vertex -77.19723510742188 26.73048210144043 -9.96985912322998
vertex -77.56280517578125 27.591514587402344 -9.001300811767578
vertex -76.82567596435547 27.181358337402344 -9.928826332092285
endloop
endfacet
facet normal -0.6251299160797189 0.3966664244725618 -0.6722115260231092
outer loop
vertex -76.75759887695312 27.308208465576172 -9.917282104492188
vertex -76.82567596435547 27.181358337402344 -9.928826332092285
vertex -77.51036834716797 27.678482055664062 -8.998741149902344
endloop
endfacet
facet normal -0.4496585431449791 0.6096013195708357 -0.6528349146256125
outer loop
vertex -77.77816772460938 27.234315872192383 -9.09925365447998
vertex -77.44425964355469 26.528589248657227 -9.988232612609863
vertex -77.98808288574219 27.121809005737305 -9.059724807739258
endloop
endfacet
facet normal -0.5478629353639334 0.5117877540099053 -0.6617548631479115
outer loop
vertex -77.56280517578125 27.591514587402344 -9.001300811767578
vertex -77.19723510742188 26.73048210144043 -9.96985912322998
vertex -77.77816772460938 27.234315872192383 -9.09925365447998
endloop
endfacet
facet normal -0.6467245950471072 0.3488291812948401 -0.6782812841574851
outer loop
vertex -80.27204132080078 24.241235733032227 -10.196398735046387
vertex -80.60511016845703 23.490964889526367 -10.264678001403809
vertex -81.5158462524414 23.600711822509766 -9.339872360229492
endloop
endfacet
facet normal -0.6467243985739373 0.3488271574301568 -0.6782825123268147
outer loop
vertex -80.27204132080078 24.241235733032227 -10.196398735046387
vertex -81.5158462524414 23.600711822509766 -9.339872360229492
vertex -81.07840728759766 24.586095809936523 -9.250195503234863
endloop
endfacet
facet normal -0.6467204835470715 0.34883520211968116 -0.6782821079187946
outer loop
vertex -80.27204132080078 24.241235733032227 -10.196398735046387
vertex -81.07840728759766 24.586095809936523 -9.250195503234863
vertex -80.96194458007812 24.691761016845703 -9.306896209716797
endloop
endfacet
facet normal -0.7071066146174251 0.06523910796828143 -0.7040909702274182
outer loop
vertex -81.5158462524414 23.600711822509766 -9.339872360229492
vertex -80.60511016845703 23.490964889526367 -10.264678001403809
vertex -81.59242248535156 23.428220748901367 -9.278950691223145
endloop
endfacet
facet normal -0.7071067811312787 0.0652275889783344 -0.7040918702230807
outer loop
vertex -80.60511016845703 23.490964889526367 -10.264678001403809
vertex -81.70174407958984 -43.77741622924805 -15.395140647888184
vertex -81.59242248535156 23.428220748901367 -9.278950691223145
endloop
endfacet
facet normal -0.7071065754317407 0.06522760129351175 -0.7040920756624738
outer loop
vertex -80.60511016845703 23.490964889526367 -10.264678001403809
vertex -80.71372985839844 -43.284847259521484 -16.341753005981445
vertex -81.70174407958984 -43.77741622924805 -15.395140647888184
endloop
endfacet
facet normal -0.5030743375685047 -0.4307732823681181 -0.7492333348682555
outer loop
vertex -80.71372985839844 -43.284847259521484 -16.341753005981445
vertex -79.54268646240234 -44.46554946899414 -16.44920539855957
vertex -79.95805358886719 -45.53593826293945 -15.55488395690918
endloop
endfacet
facet normal -0.5030772751597163 -0.43077363807193325 -0.7492311578946421
outer loop
vertex -80.71372985839844 -43.284847259521484 -16.341753005981445
vertex -80.02661895751953 -45.64761734008789 -15.444634437561035
vertex -81.70203399658203 -43.9583740234375 -15.290901184082031
endloop
endfacet
facet normal -0.5030702242867182 -0.4307829855354417 -0.7492305178042886
outer loop
vertex -80.71372985839844 -43.284847259521484 -16.341753005981445
vertex -81.70203399658203 -43.9583740234375 -15.290901184082031
vertex -81.70174407958984 -43.77741622924805 -15.395140647888184
endloop
endfacet
facet normal -0.5030792640156015 -0.43077369661453346 -0.7492297887981836
outer loop
vertex -79.95805358886719 -45.53593826293945 -15.55488395690918
vertex -80.02661895751953 -45.64761734008789 -15.444634437561035
vertex -80.71372985839844 -43.284847259521484 -16.341753005981445
endloop
endfacet
facet normal -0.2747730741470974 -0.5847749274245286 -0.7632417978461288
outer loop
vertex -80.02661895751953 -45.64761734008789 -15.444634437561035
vertex -79.95805358886719 -45.53593826293945 -15.55488395690918
vertex -79.9867935180664 -45.68777084350586 -15.428207397460938
endloop
endfacet
facet normal -0.004679661097315876 -0.6400929855713926 -0.7682831968709944
outer loop
vertex -79.95805358886719 -45.53593826293945 -15.55488395690918
vertex -79.54268646240234 -44.46554946899414 -16.44920539855957
vertex -1.7263444662094116 -46.23237228393555 -15.451166152954102
endloop
endfacet
facet normal -0.004679739124045766 -0.6401007828986979 -0.7682767000073638
outer loop
vertex -79.9867935180664 -45.68777084350586 -15.428207397460938
vertex -79.95805358886719 -45.53593826293945 -15.55488395690918
vertex -1.7263444662094116 -46.23237228393555 -15.451166152954102
endloop
endfacet
facet normal -0.0046797086757266754 -0.64009624812192 -0.7682804783846532
outer loop
vertex -79.95805358886719 -45.71674728393555 -15.404240608215332
vertex -79.9867935180664 -45.68777084350586 -15.428207397460938
vertex -1.7263444662094116 -46.23237228393555 -15.451166152954102
endloop
endfacet
facet normal -0.004679706694240942 -0.6400943510245585 -0.7682820589677368
outer loop
vertex -1.7263444662094116 -46.23237228393555 -15.451166152954102
vertex -79.54268646240234 -44.46554946899414 -16.44920539855957
vertex -1.718706727027893 -44.97848892211914 -16.495885848999023
endloop
endfacet
facet normal -0.39590444975394806 -0.5193856257268474 -0.7572966647578443
outer loop
vertex -0.1966688185930252 -46.8577995300293 -15.534719467163086
vertex -0.06571531295776367 -45.488502502441406 -16.542301177978516
vertex 0.43463143706321716 -45.82521438598633 -16.57294464111328
endloop
endfacet
facet normal -0.39590444019468457 -0.5193856287783662 -0.757296667662439
outer loop
vertex -0.6970155835151672 -46.521087646484375 -15.50407600402832
vertex -0.06571531295776367 -45.488502502441406 -16.542301177978516
vertex -0.1966688185930252 -46.8577995300293 -15.534719467163086
endloop
endfacet
facet normal -0.20575584563993643 -0.6115665725322218 -0.7639704571161017
outer loop
vertex -1.155617117881775 -45.03559494018555 -16.501083374023438
vertex -1.1201034784317017 -46.23637008666992 -15.54941463470459
vertex -1.374781608581543 -46.23469161987305 -15.48216724395752
endloop
endfacet
facet normal -0.2057582550442291 -0.6115663014700433 -0.7639700251890817
outer loop
vertex -0.5951539278030396 -45.20491027832031 -16.51649284362793
vertex -1.1201034784317017 -46.23637008666992 -15.54941463470459
vertex -1.155617117881775 -45.03559494018555 -16.501083374023438
endloop
endfacet
facet normal -0.07179929967014233 -0.6382075161564779 -0.7665089868281103
outer loop
vertex -1.718706727027893 -44.97848892211914 -16.495885848999023
vertex -1.155617117881775 -45.03559494018555 -16.501083374023438
vertex -1.374781608581543 -46.23469161987305 -15.48216724395752
endloop
endfacet
facet normal -0.3357993562133961 -0.5578324588646048 -0.7589873122811327
outer loop
vertex -0.06571531295776367 -45.488502502441406 -16.542301177978516
vertex -0.6970155835151672 -46.521087646484375 -15.50407600402832
vertex -0.5951539278030396 -45.20491027832031 -16.51649284362793
endloop
endfacet
facet normal -0.20574841431628743 -0.6115705819679841 -0.7639692489084063
outer loop
vertex -1.1201034784317017 -46.23637008666992 -15.54941463470459
vertex -0.5951539278030396 -45.20491027832031 -16.51649284362793
vertex -1.0129873752593994 -46.30845260620117 -15.520559310913086
endloop
endfacet
facet normal -0.33580202083316646 -0.5578317478053111 -0.7589866559728395
outer loop
vertex -1.0129873752593994 -46.30845260620117 -15.520559310913086
vertex -0.5951539278030396 -45.20491027832031 -16.51649284362793
vertex -0.6970155835151672 -46.521087646484375 -15.50407600402832
endloop
endfacet
facet normal -0.07180172237587008 -0.6382078033501621 -0.7665085207659595
outer loop
vertex -1.718706727027893 -44.97848892211914 -16.495885848999023
vertex -1.374781608581543 -46.23469161987305 -15.48216724395752
vertex -1.7263444662094116 -46.23237228393555 -15.451166152954102
endloop
endfacet
facet normal -0.653300760707078 -0.2052172219853431 -0.728755108290962
outer loop
vertex 0.5488734245300293 -47.65192413330078 -15.680530548095703
vertex 0.6941965222358704 -47.82195281982422 -15.762927055358887
vertex 0.6348488926887512 -47.85948944091797 -15.699153900146484
endloop
endfacet
facet normal -0.6532780763531473 -0.20518335872318108 -0.7287849780692559
outer loop
vertex 1.5324208736419678 -47.17678451538086 -16.695947647094727
vertex 0.6941965222358704 -47.82195281982422 -15.762927055358887
vertex 0.5488734245300293 -47.65192413330078 -15.680530548095703
endloop
endfacet
facet normal -0.5479203827224869 -0.38388053733846755 -0.7432489402952237
outer loop
vertex 0.09982551634311676 -47.05732727050781 -15.585053443908691
vertex 0.8744572997093201 -46.18659591674805 -16.605833053588867
vertex 0.38094496726989746 -47.24650955200195 -15.69458293914795
endloop
endfacet
facet normal -0.4510320658288391 -0.4804880751543716 -0.7521311622507185
outer loop
vertex 0.09982551634311676 -47.05732727050781 -15.585053443908691
vertex -0.1966688185930252 -46.8577995300293 -15.534719467163086
vertex 0.43463143706321716 -45.82521438598633 -16.57294464111328
endloop
endfacet
facet normal -0.4510326200663276 -0.4804877993412639 -0.7521310060888947
outer loop
vertex 0.8744572997093201 -46.18659591674805 -16.605833053588867
vertex 0.09982551634311676 -47.05732727050781 -15.585053443908691
vertex 0.43463143706321716 -45.82521438598633 -16.57294464111328
endloop
endfacet
facet normal -0.626714126419024 -0.26617512620233064 -0.7323798235465072
outer loop
vertex 1.5324208736419678 -47.17678451538086 -16.695947647094727
vertex 0.4000430703163147 -47.29261779785156 -15.684847831726074
vertex 1.2460103034973145 -46.637474060058594 -16.646865844726562
endloop
endfacet
facet normal -0.6262254500285818 -0.2681886471990943 -0.7320632044093051
outer loop
vertex 0.4000430703163147 -47.29261779785156 -15.684847831726074
vertex 1.5324208736419678 -47.17678451538086 -16.695947647094727
vertex 0.5488734245300293 -47.65192413330078 -15.680530548095703
endloop
endfacet
facet normal -0.5479225645570046 -0.3838769395714297 -0.7432491900530724
outer loop
vertex 1.2460103034973145 -46.637474060058594 -16.646865844726562
vertex 0.4000430703163147 -47.29261779785156 -15.684847831726074
vertex 0.38094496726989746 -47.24650955200195 -15.69458293914795
endloop
endfacet
facet normal -0.5479196397542818 -0.38388110299054823 -0.7432491958544578
outer loop
vertex 1.2460103034973145 -46.637474060058594 -16.646865844726562
vertex 0.38094496726989746 -47.24650955200195 -15.69458293914795
vertex 0.8744572997093201 -46.18659591674805 -16.605833053588867
endloop
endfacet
facet normal -0.501030678718993 -0.43282812046344593 -0.7494184926451083
outer loop
vertex 1.5324208736419678 -47.17678451538086 -16.695947647094727
vertex 3.680701494216919 -49.32506561279297 -16.891456604003906
vertex 3.1197335720062256 -50.24748992919922 -15.983668327331543
endloop
endfacet
facet normal -0.5233670455250031 -0.42616091900724135 -0.7378846839238044
outer loop
vertex 0.6941965222358704 -47.82195281982422 -15.762927055358887
vertex 0.6941965818405151 -48.00276565551758 -15.658499717712402
vertex 0.6348488926887512 -47.85948944091797 -15.699153900146484
endloop
endfacet
facet normal -0.5010351902054414 -0.43282236837801397 -0.7494187985415393
outer loop
vertex 0.6941965222358704 -47.82195281982422 -15.762927055358887
vertex 1.5324208736419678 -47.17678451538086 -16.695947647094727
vertex 0.6941965818405151 -48.00276565551758 -15.658499717712402
endloop
endfacet
facet normal -0.500337992679141 -0.43357124213643816 -0.7494517136374258
outer loop
vertex 1.5324208736419678 -47.17678451538086 -16.695947647094727
vertex 3.060387372970581 -50.36895751953125 -15.86929702758789
vertex 0.6941965818405151 -48.00276565551758 -15.658499717712402
endloop
endfacet
facet normal -0.5182813703784308 -0.4382572132653393 -0.7343807160727701
outer loop
vertex 3.060387372970581 -50.36895751953125 -15.86929702758789
vertex 1.5324208736419678 -47.17678451538086 -16.695947647094727
vertex 3.1197335720062256 -50.24748992919922 -15.983668327331543
endloop
endfacet
facet normal -0.2715496635051272 -0.58611243990837 -0.7633694964006025
outer loop
vertex 3.680701494216919 -49.32506561279297 -16.891456604003906
vertex 4.222360134124756 -50.7042121887207 -16.02523422241211
vertex 4.177087783813477 -50.86627197265625 -15.884700775146484
endloop
endfacet
facet normal -0.2715350560972671 -0.5861120411377261 -0.7633749986367266
outer loop
vertex 3.1197335720062256 -50.24748992919922 -15.983668327331543
vertex 3.1197335720062256 -50.42830276489258 -15.844841957092285
vertex 3.060387372970581 -50.36895751953125 -15.86929702758789
endloop
endfacet
facet normal -0.2715621673718634 -0.5861073826720803 -0.7633689312708369
outer loop
vertex 3.1197335720062256 -50.24748992919922 -15.983668327331543
vertex 3.680701494216919 -49.32506561279297 -16.891456604003906
vertex 3.1197335720062256 -50.42830276489258 -15.844841957092285
endloop
endfacet
facet normal -0.27155159858758954 -0.586112555515892 -0.7633687192773588
outer loop
vertex 3.680701494216919 -49.32506561279297 -16.891456604003906
vertex 4.177087783813477 -50.86627197265625 -15.884700775146484
vertex 3.1197335720062256 -50.42830276489258 -15.844841957092285
endloop
endfacet
facet normal -0.27154872465185487 -0.5861123326585768 -0.7633699127195629
outer loop
vertex 3.680701494216919 -49.32506561279297 -16.891456604003906
vertex 4.4195661544799805 -49.63111114501953 -16.919307708740234
vertex 4.222360134124756 -50.7042121887207 -16.02523422241211
endloop
endfacet
facet normal -0.08823108594921186 -0.6293857769666189 -0.7720678851139635
outer loop
vertex 4.222360134124756 -50.88502502441406 -15.874587059020996
vertex 4.177087783813477 -50.86627197265625 -15.884700775146484
vertex 4.4195661544799805 -49.63111114501953 -16.919307708740234
endloop
endfacet
facet normal 0.27155602756514147 0.5861101941473383 0.7633689568024166
outer loop
vertex 4.177087783813477 -50.86627197265625 -15.884700775146484
vertex 4.222360134124756 -50.7042121887207 -16.02523422241211
vertex 4.4195661544799805 -49.63111114501953 -16.919307708740234
endloop
endfacet
facet normal -2.024063688323757e-8 -0.6401093329838677 -0.7682838289505692
outer loop
vertex 4.222360134124756 -50.88502502441406 -15.874587059020996
vertex 4.4195661544799805 -49.63111114501953 -16.919307708740234
vertex 57.54344177246094 -50.87845993041992 -15.880058288574219
endloop
endfacet
facet normal 0 -0.6401088241573227 -0.7682842528881676
outer loop
vertex 57.54344177246094 -50.87845993041992 -15.880058288574219
vertex 4.4195661544799805 -49.63111114501953 -16.919307708740234
vertex 57.330379486083984 -49.63111114501953 -16.919307708740234
endloop
endfacet
facet normal 0.00008146773076277107 -0.6401006081202508 -0.7682910938225784
outer loop
vertex 57.54344177246094 -50.87845993041992 -15.880058288574219
vertex 57.330379486083984 -49.63111114501953 -16.919307708740234
vertex 57.527587890625 -50.7042121887207 -16.02523422241211
endloop
endfacet
facet normal -0.1950900960897925 0 -0.9807853253427457
outer loop
vertex -2.3260011672973633 -44.63502502441406 -3.564180612564087
vertex -2.3260011672973633 -46.22842025756836 -3.564180612564087
vertex -2.900026321411133 -44.63502502441406 -3.450000047683716
endloop
endfacet
facet normal 0.8314702537606964 0 -0.5555692730084371
outer loop
vertex -15.960686683654785 -46.13855743408203 -3.8893399238586426
vertex -16.285844802856445 -44.63502502441406 -4.375974655151367
vertex -15.960686683654785 -44.63502502441406 -3.8893399238586426
endloop
endfacet
facet normal -0.8314696584329176 0 0.5555701639806149
outer loop
vertex -1.514206886291504 -44.63502502441406 -10.524024963378906
vertex -1.83936607837677 -46.23162841796875 -11.010660171508789
vertex -1.514206886291504 -46.23377227783203 -10.524024963378906
endloop
endfacet
facet normal 0 -1 0
outer loop
vertex -4.4429192543029785 -44.63502502441406 -8.907106399536133
vertex -2.900026321411133 -44.63502502441406 -11.449999809265137
vertex -4.226146697998047 -44.63502502441406 -8.582683563232422
endloop
endfacet
facet normal -0.9807852863698642 0 0.19509029201983277
outer loop
vertex -1.514206886291504 -44.63502502441406 -10.524024963378906
vertex -1.514206886291504 -46.23377227783203 -10.524024963378906
vertex -1.4000262022018433 -44.63502502441406 -9.949999809265137
endloop
endfacet
facet normal -0.9807852863698642 0 0.19509029201983277
outer loop
vertex -1.4000262022018433 -44.63502502441406 -9.949999809265137
vertex -1.514206886291504 -46.23377227783203 -10.524024963378906
vertex -1.4000262022018433 -46.23452377319336 -9.949999809265137
endloop
endfacet
facet normal 0 -1 0
outer loop
vertex -14.900026321411133 -44.63502502441406 -11.449999809265137
vertex -2.900026321411133 -44.63502502441406 -11.449999809265137
vertex -5.150026321411133 -44.63502502441406 -9.199999809265137
endloop
endfacet
facet normal 0 -1 0
outer loop
vertex -5.150026321411133 -44.63502502441406 -9.199999809265137
vertex -2.900026321411133 -44.63502502441406 -11.449999809265137
vertex -4.767342567443848 -44.63502502441406 -9.123879432678223
endloop
endfacet
facet normal 0 -1 0
outer loop
vertex -1.83936607837677 -44.63502502441406 -3.8893399238586426
vertex -1.514206886291504 -44.63502502441406 -10.524024963378906
vertex -1.514206886291504 -44.63502502441406 -4.375974655151367
endloop
endfacet
facet normal 0 -1 0
outer loop
vertex -2.3260011672973633 -44.63502502441406 -3.564180612564087
vertex -1.83936607837677 -44.63502502441406 -11.010660171508789
vertex -1.83936607837677 -44.63502502441406 -3.8893399238586426
endloop
endfacet
facet normal 0 -1 0
outer loop
vertex -1.514206886291504 -44.63502502441406 -4.375974655151367
vertex -1.4000262022018433 -44.63502502441406 -9.949999809265137
vertex -1.4000262022018433 -44.63502502441406 -4.949999809265137
endloop
endfacet
facet normal -0.9807852863698642 0 -0.19509029201983277
outer loop
vertex -1.4000262022018433 -44.63502502441406 -4.949999809265137
vertex -1.4000262022018433 -46.23452377319336 -4.949999809265137
vertex -1.514206886291504 -44.63502502441406 -4.375974655151367
endloop
endfacet
facet normal -1 0 0
outer loop
vertex -1.4000262022018433 -44.63502502441406 -4.949999809265137
vertex -1.4000262022018433 -46.23452377319336 -9.949999809265137
vertex -1.4000262022018433 -46.23452377319336 -4.949999809265137
endloop
endfacet
facet normal 0 -1 0
outer loop
vertex -4.226146697998047 -44.63502502441406 -8.582683563232422
vertex -2.900026321411133 -44.63502502441406 -11.449999809265137
vertex -4.150026321411133 -44.63502502441406 -8.199999809265137
endloop
endfacet
facet normal 0 -1 0
outer loop
vertex -14.900026321411133 -44.63502502441406 -3.450000047683716
vertex -13.032710075378418 -44.63502502441406 -5.776120662689209
vertex -12.650026321411133 -44.63502502441406 -5.699999809265137
endloop
endfacet
facet normal 0 -1 0
outer loop
vertex -14.900026321411133 -44.63502502441406 -3.450000047683716
vertex -13.357132911682129 -44.63502502441406 -5.992893218994141
vertex -13.032710075378418 -44.63502502441406 -5.776120662689209
endloop
endfacet
facet normal 0 -1 0
outer loop
vertex -14.900026321411133 -44.63502502441406 -3.450000047683716
vertex -13.573905944824219 -44.63502502441406 -6.31731653213501
vertex -13.357132911682129 -44.63502502441406 -5.992893218994141
endloop
endfacet
facet normal 0 -1 0
outer loop
vertex -14.900026321411133 -44.63502502441406 -3.450000047683716
vertex -13.650026321411133 -44.63502502441406 -6.699999809265137
vertex -13.573905944824219 -44.63502502441406 -6.31731653213501
endloop
endfacet
facet normal 0 -1 0
outer loop
vertex -14.900026321411133 -44.63502502441406 -3.450000047683716
vertex -13.650026321411133 -44.63502502441406 -8.199999809265137
vertex -13.650026321411133 -44.63502502441406 -6.699999809265137
endloop
endfacet
facet normal 0 -1 0
outer loop
vertex -4.150026321411133 -44.63502502441406 -8.199999809265137
vertex -2.900026321411133 -44.63502502441406 -11.449999809265137
vertex -4.150026321411133 -44.63502502441406 -6.699999809265137
endloop
endfacet
facet normal 0 -1 0
outer loop
vertex -2.900026321411133 -44.63502502441406 -11.449999809265137
vertex -2.3260011672973633 -44.63502502441406 -11.335819244384766
vertex -2.900026321411133 -44.63502502441406 -3.450000047683716
endloop
endfacet
facet normal 0 -1 0
outer loop
vertex -15.474051475524902 -44.63502502441406 -3.564180612564087
vertex -14.900026321411133 -44.63502502441406 -11.449999809265137
vertex -14.900026321411133 -44.63502502441406 -3.450000047683716
endloop
endfacet
facet normal 0 -1 0
outer loop
vertex -15.960686683654785 -44.63502502441406 -3.8893399238586426
vertex -15.474051475524902 -44.63502502441406 -11.335819244384766
vertex -15.474051475524902 -44.63502502441406 -3.564180612564087
endloop
endfacet
facet normal 0 -1 0
outer loop
vertex -16.285844802856445 -44.63502502441406 -4.375974655151367
vertex -15.960686683654785 -44.63502502441406 -11.010660171508789
vertex -15.960686683654785 -44.63502502441406 -3.8893399238586426
endloop
endfacet
facet normal 0 -1 0
outer loop
vertex -16.400026321411133 -44.63502502441406 -4.949999809265137
vertex -16.285844802856445 -44.63502502441406 -10.524024963378906
vertex -16.285844802856445 -44.63502502441406 -4.375974655151367
endloop
endfacet
facet normal -0.5555703988834713 0 -0.8314695014758272
outer loop
vertex -2.3260011672973633 -44.63502502441406 -3.564180612564087
vertex -1.83936607837677 -46.23162841796875 -3.8893399238586426
vertex -2.3260011672973633 -46.22842025756836 -3.564180612564087
endloop
endfacet
facet normal -0.5555703988834713 0 -0.8314695014758272
outer loop
vertex -2.3260011672973633 -44.63502502441406 -3.564180612564087
vertex -1.83936607837677 -44.63502502441406 -3.8893399238586426
vertex -1.83936607837677 -46.23162841796875 -3.8893399238586426
endloop
endfacet
facet normal -0.8314694069599885 0 -0.555570540336333
outer loop
vertex -1.83936607837677 -44.63502502441406 -3.8893399238586426
vertex -1.514206886291504 -46.23377227783203 -4.375974655151367
vertex -1.83936607837677 -46.23162841796875 -3.8893399238586426
endloop
endfacet
facet normal -0.8314694069599885 0 -0.5555705403363329
outer loop
vertex -1.514206886291504 -44.63502502441406 -4.375974655151367
vertex -1.514206886291504 -46.23377227783203 -4.375974655151367
vertex -1.83936607837677 -44.63502502441406 -3.8893399238586426
endloop
endfacet
facet normal -0.9807852863698642 0 -0.19509029201983277
outer loop
vertex -1.514206886291504 -44.63502502441406 -4.375974655151367
vertex -1.4000262022018433 -46.23452377319336 -4.949999809265137
vertex -1.514206886291504 -46.23377227783203 -4.375974655151367
endloop
endfacet
facet normal 0.1950900960897925 0 -0.9807853253427457
outer loop
vertex -14.900026321411133 -44.63502502441406 -3.450000047683716
vertex -14.900026321411133 -46.145545959472656 -3.450000047683716
vertex -15.474051475524902 -44.63502502441406 -3.564180612564087
endloop
endfacet
facet normal 1 0 0
outer loop
vertex -16.400026321411133 -46.135658264160156 -4.949999809265137
vertex -16.400026321411133 -44.63502502441406 -9.949999809265137
vertex -16.400026321411133 -44.63502502441406 -4.949999809265137
endloop
endfacet
facet normal 0.9807850135586839 0 -0.19509166352946058
outer loop
vertex -16.400026321411133 -46.135658264160156 -4.949999809265137
vertex -16.400026321411133 -44.63502502441406 -4.949999809265137
vertex -16.285844802856445 -46.13641357421875 -4.375974655151367
endloop
endfacet
facet normal 0.5555703047945764 0 -0.8314695643440364
outer loop
vertex -15.474051475524902 -44.63502502441406 -3.564180612564087
vertex -15.474051475524902 -46.141761779785156 -3.564180612564087
vertex -15.960686683654785 -44.63502502441406 -3.8893399238586426
endloop
endfacet
facet normal 0 -1 0
outer loop
vertex -4.150026321411133 -44.63502502441406 -6.699999809265137
vertex -2.900026321411133 -44.63502502441406 -11.449999809265137
vertex -2.900026321411133 -44.63502502441406 -3.450000047683716
endloop
endfacet
facet normal 0.9807850135586839 0 -0.1950916635294606
outer loop
vertex -16.285844802856445 -46.13641357421875 -4.375974655151367
vertex -16.400026321411133 -44.63502502441406 -4.949999809265137
vertex -16.285844802856445 -44.63502502441406 -4.375974655151367
endloop
endfacet
facet normal 0.1950900960897925 0 -0.9807853253427458
outer loop
vertex -14.900026321411133 -46.145545959472656 -3.450000047683716
vertex -15.474051475524902 -46.141761779785156 -3.564180612564087
vertex -15.474051475524902 -44.63502502441406 -3.564180612564087
endloop
endfacet
facet normal 0.5555703047945764 0 -0.8314695643440363
outer loop
vertex -15.474051475524902 -46.141761779785156 -3.564180612564087
vertex -15.960686683654785 -46.13855743408203 -3.8893399238586426
vertex -15.960686683654785 -44.63502502441406 -3.8893399238586426
endloop
endfacet
facet normal 0 -1 0
outer loop
vertex -1.514206886291504 -44.63502502441406 -10.524024963378906
vertex -1.4000262022018433 -44.63502502441406 -9.949999809265137
vertex -1.514206886291504 -44.63502502441406 -4.375974655151367
endloop
endfacet
facet normal 0 -1 0
outer loop
vertex -1.83936607837677 -44.63502502441406 -11.010660171508789
vertex -1.514206886291504 -44.63502502441406 -10.524024963378906
vertex -1.83936607837677 -44.63502502441406 -3.8893399238586426
endloop
endfacet
facet normal 0 -1 0
outer loop
vertex -2.3260011672973633 -44.63502502441406 -11.335819244384766
vertex -1.83936607837677 -44.63502502441406 -11.010660171508789
vertex -2.3260011672973633 -44.63502502441406 -3.564180612564087
endloop
endfacet
facet normal 0.8314702537606963 0 -0.5555692730084371
outer loop
vertex -15.960686683654785 -46.13855743408203 -3.8893399238586426
vertex -16.285844802856445 -46.13641357421875 -4.375974655151367
vertex -16.285844802856445 -44.63502502441406 -4.375974655151367
endloop
endfacet
facet normal 0 -1 0
outer loop
vertex -2.900026321411133 -44.63502502441406 -3.450000047683716
vertex -5.150026321411133 -44.63502502441406 -5.699999809265137
vertex -4.767342567443848 -44.63502502441406 -5.776120662689209
endloop
endfacet
facet normal -1 0 0
outer loop
vertex -1.4000262022018433 -44.63502502441406 -9.949999809265137
vertex -1.4000262022018433 -46.23452377319336 -9.949999809265137
vertex -1.4000262022018433 -44.63502502441406 -4.949999809265137
endloop
endfacet
facet normal 0 -1 0
outer loop
vertex -4.767342567443848 -44.63502502441406 -5.776120662689209
vertex -4.4429192543029785 -44.63502502441406 -5.992893218994141
vertex -2.900026321411133 -44.63502502441406 -3.450000047683716
endloop
endfacet
facet normal 0 -1 0
outer loop
vertex -4.4429192543029785 -44.63502502441406 -5.992893218994141
vertex -4.226146697998047 -44.63502502441406 -6.31731653213501
vertex -2.900026321411133 -44.63502502441406 -3.450000047683716
endloop
endfacet
facet normal 0 -1 0
outer loop
vertex -14.900026321411133 -44.63502502441406 -11.449999809265137
vertex -13.650026321411133 -44.63502502441406 -8.199999809265137
vertex -14.900026321411133 -44.63502502441406 -3.450000047683716
endloop
endfacet
facet normal 0 -1 0
outer loop
vertex -16.400026321411133 -44.63502502441406 -9.949999809265137
vertex -16.285844802856445 -44.63502502441406 -10.524024963378906
vertex -16.400026321411133 -44.63502502441406 -4.949999809265137
endloop
endfacet
facet normal 0 -1 0
outer loop
vertex -4.150026321411133 -44.63502502441406 -6.699999809265137
vertex -2.900026321411133 -44.63502502441406 -3.450000047683716
vertex -4.226146697998047 -44.63502502441406 -6.31731653213501
endloop
endfacet
facet normal 0 -1 0
outer loop
vertex -12.650026321411133 -44.63502502441406 -5.699999809265137
vertex -5.150026321411133 -44.63502502441406 -5.699999809265137
vertex -2.900026321411133 -44.63502502441406 -3.450000047683716
endloop
endfacet
facet normal 0 -1 0
outer loop
vertex -16.285844802856445 -44.63502502441406 -10.524024963378906
vertex -15.960686683654785 -44.63502502441406 -11.010660171508789
vertex -16.285844802856445 -44.63502502441406 -4.375974655151367
endloop
endfacet
facet normal 1 0 0
outer loop
vertex -16.400026321411133 -46.135658264160156 -4.949999809265137
vertex -16.400026321411133 -46.135658264160156 -9.949999809265137
vertex -16.400026321411133 -44.63502502441406 -9.949999809265137
endloop
endfacet
facet normal 0 -1 0
outer loop
vertex -14.900026321411133 -44.63502502441406 -11.449999809265137
vertex -13.573905944824219 -44.63502502441406 -8.582683563232422
vertex -13.650026321411133 -44.63502502441406 -8.199999809265137
endloop
endfacet
facet normal 0 -1 0
outer loop
vertex -14.900026321411133 -44.63502502441406 -11.449999809265137
vertex -13.357132911682129 -44.63502502441406 -8.907106399536133
vertex -13.573905944824219 -44.63502502441406 -8.582683563232422
endloop
endfacet
facet normal 0 -1 0
outer loop
vertex -15.960686683654785 -44.63502502441406 -11.010660171508789
vertex -15.474051475524902 -44.63502502441406 -11.335819244384766
vertex -15.960686683654785 -44.63502502441406 -3.8893399238586426
endloop
endfacet
facet normal 0 -1 0
outer loop
vertex -12.650026321411133 -44.63502502441406 -9.199999809265137
vertex -14.900026321411133 -44.63502502441406 -11.449999809265137
vertex -5.150026321411133 -44.63502502441406 -9.199999809265137
endloop
endfacet
facet normal 0 -1 0
outer loop
vertex -14.900026321411133 -44.63502502441406 -11.449999809265137
vertex -13.032710075378418 -44.63502502441406 -9.123879432678223
vertex -13.357132911682129 -44.63502502441406 -8.907106399536133
endloop
endfacet
facet normal 0 -1 0
outer loop
vertex -14.900026321411133 -44.63502502441406 -11.449999809265137
vertex -12.650026321411133 -44.63502502441406 -9.199999809265137
vertex -13.032710075378418 -44.63502502441406 -9.123879432678223
endloop
endfacet
facet normal 0.9807850135586839 0 0.19509166352946058
outer loop
vertex -16.400026321411133 -46.135658264160156 -9.949999809265137
vertex -16.285844802856445 -44.63502502441406 -10.524024963378906
vertex -16.400026321411133 -44.63502502441406 -9.949999809265137
endloop
endfacet
facet normal 0.8314705052327342 0 0.555568896652811
outer loop
vertex -16.285844802856445 -46.13641357421875 -10.524024963378906
vertex -15.960686683654785 -44.63502502441406 -11.010660171508789
vertex -16.285844802856445 -44.63502502441406 -10.524024963378906
endloop
endfacet
facet normal 0 -1 0
outer loop
vertex -4.767342567443848 -44.63502502441406 -9.123879432678223
vertex -2.900026321411133 -44.63502502441406 -11.449999809265137
vertex -4.4429192543029785 -44.63502502441406 -8.907106399536133
endloop
endfacet
facet normal 0.9807850135586839 0 0.1950916635294606
outer loop
vertex -16.285844802856445 -46.13641357421875 -10.524024963378906
vertex -16.285844802856445 -44.63502502441406 -10.524024963378906
vertex -16.400026321411133 -46.135658264160156 -9.949999809265137
endloop
endfacet
facet normal -0.8314696584329175 0 0.5555701639806149
outer loop
vertex -1.83936607837677 -44.63502502441406 -11.010660171508789
vertex -1.83936607837677 -46.23162841796875 -11.010660171508789
vertex -1.514206886291504 -44.63502502441406 -10.524024963378906
endloop
endfacet
facet normal -0.5555701172554955 0 0.8314696896536367
outer loop
vertex -2.3260011672973633 -46.22842025756836 -11.335819244384766
vertex -1.83936607837677 -46.23162841796875 -11.010660171508789
vertex -1.83936607837677 -44.63502502441406 -11.010660171508789
endloop
endfacet
facet normal -0.5555701172554955 0 0.8314696896536368
outer loop
vertex -2.3260011672973633 -44.63502502441406 -11.335819244384766
vertex -2.3260011672973633 -46.22842025756836 -11.335819244384766
vertex -1.83936607837677 -44.63502502441406 -11.010660171508789
endloop
endfacet
facet normal -0.1950900960897925 0 0.9807853253427457
outer loop
vertex -2.3260011672973633 -44.63502502441406 -11.335819244384766
vertex -2.900026321411133 -46.224639892578125 -11.449999809265137
vertex -2.3260011672973633 -46.22842025756836 -11.335819244384766
endloop
endfacet
facet normal -0.1950900960897925 0 0.9807853253427457
outer loop
vertex -2.900026321411133 -44.63502502441406 -11.449999809265137
vertex -2.900026321411133 -46.224639892578125 -11.449999809265137
vertex -2.3260011672973633 -44.63502502441406 -11.335819244384766
endloop
endfacet
facet normal 0 0 1
outer loop
vertex -2.900026321411133 -44.63502502441406 -11.449999809265137
vertex -14.900026321411133 -46.145545959472656 -11.449999809265137
vertex -2.900026321411133 -46.224639892578125 -11.449999809265137
endloop
endfacet
facet normal 0 0 1
outer loop
vertex -14.900026321411133 -44.63502502441406 -11.449999809265137
vertex -14.900026321411133 -46.145545959472656 -11.449999809265137
vertex -2.900026321411133 -44.63502502441406 -11.449999809265137
endloop
endfacet
facet normal 0.1950900960897925 0 0.9807853253427458
outer loop
vertex -15.474051475524902 -44.63502502441406 -11.335819244384766
vertex -15.474051475524902 -46.141761779785156 -11.335819244384766
vertex -14.900026321411133 -44.63502502441406 -11.449999809265137
endloop
endfacet
facet normal 0.5555700231666056 0 0.8314697525217963
outer loop
vertex -15.960686683654785 -44.63502502441406 -11.010660171508789
vertex -15.960686683654785 -46.13855743408203 -11.010660171508789
vertex -15.474051475524902 -44.63502502441406 -11.335819244384766
endloop
endfacet
facet normal 0.1950900960897925 0 0.9807853253427457
outer loop
vertex -15.474051475524902 -46.141761779785156 -11.335819244384766
vertex -14.900026321411133 -46.145545959472656 -11.449999809265137
vertex -14.900026321411133 -44.63502502441406 -11.449999809265137
endloop
endfacet
facet normal 0.8314705052327341 0 0.5555688966528108
outer loop
vertex -15.960686683654785 -44.63502502441406 -11.010660171508789
vertex -16.285844802856445 -46.13641357421875 -10.524024963378906
vertex -15.960686683654785 -46.13855743408203 -11.010660171508789
endloop
endfacet
facet normal 0 -1 0
outer loop
vertex -15.474051475524902 -44.63502502441406 -11.335819244384766
vertex -14.900026321411133 -44.63502502441406 -11.449999809265137
vertex -15.474051475524902 -44.63502502441406 -3.564180612564087
endloop
endfacet
facet normal 0.5555700231666056 0 0.8314697525217963
outer loop
vertex -15.474051475524902 -46.141761779785156 -11.335819244384766
vertex -15.474051475524902 -44.63502502441406 -11.335819244384766
vertex -15.960686683654785 -46.13855743408203 -11.010660171508789
endloop
endfacet
facet normal 0 0 -1
outer loop
vertex -2.900026321411133 -46.224639892578125 -3.450000047683716
vertex -14.900026321411133 -44.63502502441406 -3.450000047683716
vertex -2.900026321411133 -44.63502502441406 -3.450000047683716
endloop
endfacet
facet normal 0 -1 0
outer loop
vertex -2.900026321411133 -44.63502502441406 -3.450000047683716
vertex -2.3260011672973633 -44.63502502441406 -11.335819244384766
vertex -2.3260011672973633 -44.63502502441406 -3.564180612564087
endloop
endfacet
facet normal 0 -1 0
outer loop
vertex -14.900026321411133 -44.63502502441406 -3.450000047683716
vertex -12.650026321411133 -44.63502502441406 -5.699999809265137
vertex -2.900026321411133 -44.63502502441406 -3.450000047683716
endloop
endfacet
facet normal -0.1950900960897925 0 -0.9807853253427457
outer loop
vertex -2.900026321411133 -46.224639892578125 -3.450000047683716
vertex -2.900026321411133 -44.63502502441406 -3.450000047683716
vertex -2.3260011672973633 -46.22842025756836 -3.564180612564087
endloop
endfacet
facet normal 0 0 -1
outer loop
vertex -2.900026321411133 -46.224639892578125 -3.450000047683716
vertex -14.900026321411133 -46.145545959472656 -3.450000047683716
vertex -14.900026321411133 -44.63502502441406 -3.450000047683716
endloop
endfacet
facet normal 0.8314688732193027 0 0.5555713391342493
outer loop
vertex -13.573905944824219 -44.63502502441406 -8.582683563232422
vertex -13.357132911682129 -44.63502502441406 -8.907106399536133
vertex -13.357132911682129 -43.43502426147461 -8.907106399536133
endloop
endfacet
facet normal 1 0 0
outer loop
vertex -13.650026321411133 -44.63502502441406 -6.699999809265137
vertex -13.650026321411133 -43.43502426147461 -8.199999809265137
vertex -13.650026321411133 -43.43502426147461 -6.699999809265137
endloop
endfacet
facet normal -0.19509111577748656 0 -0.9807851225139456
outer loop
vertex -4.767342567443848 -43.43502426147461 -5.776120662689209
vertex -4.767342567443848 -44.63502502441406 -5.776120662689209
vertex -5.150026321411133 -43.43502426147461 -5.699999809265137
endloop
endfacet
facet normal 0 0 1
outer loop
vertex -5.150026321411133 -43.43502426147461 -9.199999809265137
vertex -12.650026321411133 -44.63502502441406 -9.199999809265137
vertex -5.150026321411133 -44.63502502441406 -9.199999809265137
endloop
endfacet
facet normal -0.555569929716238 0 -0.831469814963294
outer loop
vertex -4.767342567443848 -43.43502426147461 -5.776120662689209
vertex -4.4429192543029785 -44.63502502441406 -5.992893218994141
vertex -4.767342567443848 -44.63502502441406 -5.776120662689209
endloop
endfacet
facet normal -0.555569929716238 0 -0.831469814963294
outer loop
vertex -4.4429192543029785 -43.43502426147461 -5.992893218994141
vertex -4.4429192543029785 -44.63502502441406 -5.992893218994141
vertex -4.767342567443848 -43.43502426147461 -5.776120662689209
endloop
endfacet
facet normal -0.831469814963294 0 -0.555569929716238
outer loop
vertex -4.4429192543029785 -43.43502426147461 -5.992893218994141
vertex -4.226146697998047 -44.63502502441406 -6.31731653213501
vertex -4.4429192543029785 -44.63502502441406 -5.992893218994141
endloop
endfacet
facet normal 0.5555713391342493 0 0.8314688732193027
outer loop
vertex -13.357132911682129 -44.63502502441406 -8.907106399536133
vertex -13.032710075378418 -43.43502426147461 -9.123879432678223
vertex -13.357132911682129 -43.43502426147461 -8.907106399536133
endloop
endfacet
facet normal -0.831469814963294 0 -0.555569929716238
outer loop
vertex -4.226146697998047 -43.43502426147461 -6.31731653213501
vertex -4.226146697998047 -44.63502502441406 -6.31731653213501
vertex -4.4429192543029785 -43.43502426147461 -5.992893218994141
endloop
endfacet
facet normal -0.9807853098383859 0 -0.19509017403555012
outer loop
vertex -4.226146697998047 -43.43502426147461 -6.31731653213501
vertex -4.150026321411133 -44.63502502441406 -6.699999809265137
vertex -4.226146697998047 -44.63502502441406 -6.31731653213501
endloop
endfacet
facet normal -0.9807853098383859 0 -0.19509017403555012
outer loop
vertex -4.150026321411133 -43.43502426147461 -6.699999809265137
vertex -4.150026321411133 -44.63502502441406 -6.699999809265137
vertex -4.226146697998047 -43.43502426147461 -6.31731653213501
endloop
endfacet
facet normal 0 0 -1
outer loop
vertex -5.150026321411133 -44.63502502441406 -5.699999809265137
vertex -12.650026321411133 -43.43502426147461 -5.699999809265137
vertex -5.150026321411133 -43.43502426147461 -5.699999809265137
endloop
endfacet
facet normal 0 0 -1
outer loop
vertex -12.650026321411133 -43.43502426147461 -5.699999809265137
vertex -5.150026321411133 -44.63502502441406 -5.699999809265137
vertex -12.650026321411133 -44.63502502441406 -5.699999809265137
endloop
endfacet
facet normal -0.1950899401984604 0 0.9807853563514094
outer loop
vertex -5.150026321411133 -43.43502426147461 -9.199999809265137
vertex -5.150026321411133 -44.63502502441406 -9.199999809265137
vertex -4.767342567443848 -43.43502426147461 -9.123879432678223
endloop
endfacet
facet normal -0.1950899401984604 0 0.9807853563514094
outer loop
vertex -4.767342567443848 -44.63502502441406 -9.123879432678223
vertex -4.767342567443848 -43.43502426147461 -9.123879432678223
vertex -5.150026321411133 -44.63502502441406 -9.199999809265137
endloop
endfacet
facet normal -0.5555707746001806 0 0.8314692504297169
outer loop
vertex -4.767342567443848 -43.43502426147461 -9.123879432678223
vertex -4.767342567443848 -44.63502502441406 -9.123879432678223
vertex -4.4429192543029785 -43.43502426147461 -8.907106399536133
endloop
endfacet
facet normal -0.5555707746001806 0 0.8314692504297169
outer loop
vertex -4.4429192543029785 -43.43502426147461 -8.907106399536133
vertex -4.767342567443848 -44.63502502441406 -9.123879432678223
vertex -4.4429192543029785 -44.63502502441406 -8.907106399536133
endloop
endfacet
facet normal 0.19509111577748656 0 -0.9807851225139456
outer loop
vertex -12.650026321411133 -44.63502502441406 -5.699999809265137
vertex -13.032710075378418 -43.43502426147461 -5.776120662689209
vertex -12.650026321411133 -43.43502426147461 -5.699999809265137
endloop
endfacet
facet normal 0.19509111577748656 0 -0.9807851225139456
outer loop
vertex -13.032710075378418 -44.63502502441406 -5.776120662689209
vertex -13.032710075378418 -43.43502426147461 -5.776120662689209
vertex -12.650026321411133 -44.63502502441406 -5.699999809265137
endloop
endfacet
facet normal 0.5555704942502147 0 -0.831469437753771
outer loop
vertex -13.032710075378418 -44.63502502441406 -5.776120662689209
vertex -13.357132911682129 -43.43502426147461 -5.992893218994141
vertex -13.032710075378418 -43.43502426147461 -5.776120662689209
endloop
endfacet
facet normal 0.5555704942502147 0 -0.831469437753771
outer loop
vertex -13.357132911682129 -44.63502502441406 -5.992893218994141
vertex -13.357132911682129 -43.43502426147461 -5.992893218994141
vertex -13.032710075378418 -44.63502502441406 -5.776120662689209
endloop
endfacet
facet normal 0.8314692504297169 0 -0.5555707746001806
outer loop
vertex -13.357132911682129 -44.63502502441406 -5.992893218994141
vertex -13.573905944824219 -43.43502426147461 -6.31731653213501
vertex -13.357132911682129 -43.43502426147461 -5.992893218994141
endloop
endfacet
facet normal -0.831469437753771 0 0.5555704942502147
outer loop
vertex -4.226146697998047 -43.43502426147461 -8.582683563232422
vertex -4.4429192543029785 -43.43502426147461 -8.907106399536133
vertex -4.4429192543029785 -44.63502502441406 -8.907106399536133
endloop
endfacet
facet normal 0.8314692504297169 0 -0.5555707746001806
outer loop
vertex -13.573905944824219 -44.63502502441406 -6.31731653213501
vertex -13.573905944824219 -43.43502426147461 -6.31731653213501
vertex -13.357132911682129 -44.63502502441406 -5.992893218994141
endloop
endfacet
facet normal 0.9807853098383859 0 -0.19509017403555012
outer loop
vertex -13.573905944824219 -44.63502502441406 -6.31731653213501
vertex -13.650026321411133 -43.43502426147461 -6.699999809265137
vertex -13.573905944824219 -43.43502426147461 -6.31731653213501
endloop
endfacet
facet normal 0.9807853098383859 0 -0.19509017403555012
outer loop
vertex -13.650026321411133 -44.63502502441406 -6.699999809265137
vertex -13.650026321411133 -43.43502426147461 -6.699999809265137
vertex -13.573905944824219 -44.63502502441406 -6.31731653213501
endloop
endfacet
facet normal -1 0 0
outer loop
vertex -4.150026321411133 -43.43502426147461 -6.699999809265137
vertex -4.150026321411133 -44.63502502441406 -8.199999809265137
vertex -4.150026321411133 -44.63502502441406 -6.699999809265137
endloop
endfacet
facet normal -1 0 0
outer loop
vertex -4.150026321411133 -43.43502426147461 -8.199999809265137
vertex -4.150026321411133 -44.63502502441406 -8.199999809265137
vertex -4.150026321411133 -43.43502426147461 -6.699999809265137
endloop
endfacet
facet normal 0.1950899401984604 0 0.9807853563514094
outer loop
vertex -12.650026321411133 -44.63502502441406 -9.199999809265137
vertex -12.650026321411133 -43.43502426147461 -9.199999809265137
vertex -13.032710075378418 -44.63502502441406 -9.123879432678223
endloop
endfacet
facet normal 0.1950899401984604 0 0.9807853563514094
outer loop
vertex -12.650026321411133 -43.43502426147461 -9.199999809265137
vertex -13.032710075378418 -43.43502426147461 -9.123879432678223
vertex -13.032710075378418 -44.63502502441406 -9.123879432678223
endloop
endfacet
facet normal -0.19509111577748656 0 -0.9807851225139456
outer loop
vertex -5.150026321411133 -44.63502502441406 -5.699999809265137
vertex -5.150026321411133 -43.43502426147461 -5.699999809265137
vertex -4.767342567443848 -44.63502502441406 -5.776120662689209
endloop
endfacet
facet normal 0 0 1
outer loop
vertex -12.650026321411133 -43.43502426147461 -9.199999809265137
vertex -12.650026321411133 -44.63502502441406 -9.199999809265137
vertex -5.150026321411133 -43.43502426147461 -9.199999809265137
endloop
endfacet
facet normal 0.5555713391342493 0 0.8314688732193027
outer loop
vertex -13.357132911682129 -44.63502502441406 -8.907106399536133
vertex -13.032710075378418 -44.63502502441406 -9.123879432678223
vertex -13.032710075378418 -43.43502426147461 -9.123879432678223
endloop
endfacet
facet normal -0.9807853563514094 0 0.1950899401984604
outer loop
vertex -4.150026321411133 -43.43502426147461 -8.199999809265137
vertex -4.226146697998047 -44.63502502441406 -8.582683563232422
vertex -4.150026321411133 -44.63502502441406 -8.199999809265137
endloop
endfacet
facet normal -0.9807853563514094 0 0.1950899401984604
outer loop
vertex -4.150026321411133 -43.43502426147461 -8.199999809265137
vertex -4.226146697998047 -43.43502426147461 -8.582683563232422
vertex -4.226146697998047 -44.63502502441406 -8.582683563232422
endloop
endfacet
facet normal -0.831469437753771 0 0.5555704942502147
outer loop
vertex -4.226146697998047 -43.43502426147461 -8.582683563232422
vertex -4.4429192543029785 -44.63502502441406 -8.907106399536133
vertex -4.226146697998047 -44.63502502441406 -8.582683563232422
endloop
endfacet
facet normal 0.8314688732193027 0 0.5555713391342493
outer loop
vertex -13.573905944824219 -44.63502502441406 -8.582683563232422
vertex -13.357132911682129 -43.43502426147461 -8.907106399536133
vertex -13.573905944824219 -43.43502426147461 -8.582683563232422
endloop
endfacet
facet normal 0.9807853563514094 0 0.1950899401984604
outer loop
vertex -13.573905944824219 -44.63502502441406 -8.582683563232422
vertex -13.573905944824219 -43.43502426147461 -8.582683563232422
vertex -13.650026321411133 -44.63502502441406 -8.199999809265137
endloop
endfacet
facet normal 0.9807853563514094 0 0.1950899401984604
outer loop
vertex -13.650026321411133 -44.63502502441406 -8.199999809265137
vertex -13.573905944824219 -43.43502426147461 -8.582683563232422
vertex -13.650026321411133 -43.43502426147461 -8.199999809265137
endloop
endfacet
facet normal 1 0 0
outer loop
vertex -13.650026321411133 -44.63502502441406 -8.199999809265137
vertex -13.650026321411133 -43.43502426147461 -8.199999809265137
vertex -13.650026321411133 -44.63502502441406 -6.699999809265137
endloop
endfacet
facet normal 0.2588212712285562 -0.9659252297976455 0
outer loop
vertex 49.91677474975586 -52.26348876953125 -1.5
vertex 51.26374816894531 -51.902565002441406 -1.5
vertex 51.26374816894531 -51.902565002441406 -0.5
endloop
endfacet
facet normal -0.0501915785178297 -0.10763631257218294 -0.992922569821913
outer loop
vertex 44.774810791015625 -50.88502502441406 -1.5589157342910767
vertex 45.48667526245117 -50.88502502441406 -1.5949000120162964
vertex 44.527587890625 -51.313228607177734 -1.5
endloop
endfacet
facet normal 0.08715346341544244 -0.9961948975048472 0
outer loop
vertex 49.91677474975586 -52.26348876953125 -1.5
vertex 49.91677474975586 -52.26348876953125 -0.5
vertex 48.927589416503906 -52.35002899169922 -1.5
endloop
endfacet
facet normal -0.2588212712285562 -0.9659252297976455 0
outer loop
vertex 45.79142761230469 -51.902565002441406 -1.5
vertex 47.13840103149414 -52.26348876953125 -1.5
vertex 47.13840103149414 -52.26348876953125 -0.5
endloop
endfacet
facet normal -1 0 0
outer loop
vertex 44.027587890625 -50.38502502441406 -0.5
vertex 44.027587890625 -50.88502502441406 -1
vertex 44.027587890625 -50.9631233215332 -0.5
endloop
endfacet
facet normal -0.42261723351328206 -0.906308266506259 0
outer loop
vertex 44.527587890625 -51.313228607177734 -0.5
vertex 44.527587890625 -51.313228607177734 -1.5
vertex 45.79142761230469 -51.902565002441406 -0.5
endloop
endfacet
facet normal -0.04492985548786129 -0.09635231741218338 -0.9943327104219903
outer loop
vertex 45.48667526245117 -50.88502502441406 -1.5949000120162964
vertex 46.161781311035156 -50.88502502441406 -1.6254053115844727
vertex 46.06382751464844 -51.15415573120117 -1.5949000120162964
endloop
endfacet
facet normal -0.2588212712285562 -0.9659252297976455 0
outer loop
vertex 45.79142761230469 -51.902565002441406 -0.5
vertex 45.79142761230469 -51.902565002441406 -1.5
vertex 47.13840103149414 -52.26348876953125 -0.5
endloop
endfacet
facet normal -0.08715346341544244 -0.9961948975048472 0
outer loop
vertex 47.13840103149414 -52.26348876953125 -0.5
vertex 47.13840103149414 -52.26348876953125 -1.5
vertex 48.127586364746094 -52.35002899169922 -0.5
endloop
endfacet
facet normal -0.5735781035076711 -0.8191508769308272 0
outer loop
vertex 44.027587890625 -50.9631233215332 -0.5
vertex 44.027587890625 -50.9631233215332 -1.5
vertex 44.527587890625 -51.313228607177734 -0.5
endloop
endfacet
facet normal 0.027515835928854173 -0.10269038901691817 -0.9943327223704802
outer loop
vertex 49.778472900390625 -51.47914505004883 -1.5949000120162964
vertex 50.893394470214844 -50.88502502441406 -1.6254053115844727
vertex 50.99134826660156 -51.15415573120117 -1.5949000120162964
endloop
endfacet
facet normal 0.08715346341544244 -0.9961948975048472 0
outer loop
vertex 48.927589416503906 -52.35002899169922 -0.5
vertex 48.927589416503906 -52.35002899169922 -1.5
vertex 49.91677474975586 -52.26348876953125 -0.5
endloop
endfacet
facet normal 0.2588212712285562 -0.9659252297976455 0
outer loop
vertex 49.91677474975586 -52.26348876953125 -0.5
vertex 49.91677474975586 -52.26348876953125 -1.5
vertex 51.26374816894531 -51.902565002441406 -0.5
endloop
endfacet
facet normal 0.05019158980055118 -0.10763653050107135 -0.9929225456272937
outer loop
vertex 51.26374816894531 -51.902565002441406 -1.5
vertex 50.99134826660156 -51.15415573120117 -1.5949000120162964
vertex 52.527587890625 -51.313228607177734 -1.5
endloop
endfacet
facet normal 0.05019162497391216 -0.10763621045311886 -0.9929225785436497
outer loop
vertex 52.527587890625 -51.313228607177734 -1.5
vertex 50.99134826660156 -51.15415573120117 -1.5949000120162964
vertex 51.56850051879883 -50.88502502441406 -1.5949000120162964
endloop
endfacet
facet normal 0.04492985548786129 -0.09635231741218338 -0.9943327104219903
outer loop
vertex 50.99134826660156 -51.15415573120117 -1.5949000120162964
vertex 50.893394470214844 -50.88502502441406 -1.6254053115844727
vertex 51.56850051879883 -50.88502502441406 -1.5949000120162964
endloop
endfacet
facet normal -1 0 0
outer loop
vertex 44.027587890625 -50.88502502441406 -1
vertex 44.027587890625 -50.9631233215332 -1.5
vertex 44.027587890625 -50.9631233215332 -0.5
endloop
endfacet
facet normal -0.42261723351328206 -0.906308266506259 0
outer loop
vertex 44.527587890625 -51.313228607177734 -1.5
vertex 45.79142761230469 -51.902565002441406 -1.5
vertex 45.79142761230469 -51.902565002441406 -0.5
endloop
endfacet
facet normal 0.0501915785178297 -0.10763631257218294 -0.992922569821913
outer loop
vertex 52.527587890625 -51.313228607177734 -1.5
vertex 51.56850051879883 -50.88502502441406 -1.5949000120162964
vertex 52.280364990234375 -50.88502502441406 -1.5589157342910767
endloop
endfacet
facet normal -0.5735781035076711 -0.8191508769308272 0
outer loop
vertex 44.027587890625 -50.9631233215332 -1.5
vertex 44.527587890625 -51.313228607177734 -1.5
vertex 44.527587890625 -51.313228607177734 -0.5
endloop
endfacet
facet normal -1 0 0
outer loop
vertex 44.027587890625 -50.88502502441406 -1
vertex 44.027587890625 -50.88502502441406 -1.5076520442962646
vertex 44.027587890625 -50.9631233215332 -1.5
endloop
endfacet
facet normal -0.06812006188671474 -0.09728620318369842 -0.9929224802766077
outer loop
vertex 44.774810791015625 -50.88502502441406 -1.5589157342910767
vertex 44.027587890625 -50.9631233215332 -1.5
vertex 44.027587890625 -50.88502502441406 -1.5076520442962646
endloop
endfacet
facet normal -0.06812016722441129 -0.09728525963126279 -0.9929225654983354
outer loop
vertex 44.027587890625 -50.9631233215332 -1.5
vertex 44.774810791015625 -50.88502502441406 -1.5589157342910767
vertex 44.527587890625 -51.313228607177734 -1.5
endloop
endfacet
facet normal 0.027515762057422326 -0.10269025122592364 -0.9943327386451459
outer loop
vertex 49.778472900390625 -51.47914505004883 -1.5949000120162964
vertex 49.67371368408203 -50.88502502441406 -1.6591570377349854
vertex 50.893394470214844 -50.88502502441406 -1.6254053115844727
endloop
endfacet
facet normal 0.03073834974401115 -0.11471696157486275 -0.9929225410786314
outer loop
vertex 51.26374816894531 -51.902565002441406 -1.5
vertex 49.778472900390625 -51.47914505004883 -1.5949000120162964
vertex 50.99134826660156 -51.15415573120117 -1.5949000120162964
endloop
endfacet
facet normal 0.030738480521866264 -0.1147165135260268 -0.9929225887951385
outer loop
vertex 49.91677474975586 -52.26348876953125 -1.5
vertex 49.778472900390625 -51.47914505004883 -1.5949000120162964
vertex 51.26374816894531 -51.902565002441406 -1.5
endloop
endfacet
facet normal 0.009265853322310233 -0.10590819732606105 -0.9943327399323396
outer loop
vertex 48.927589416503906 -50.88502502441406 -1.6661099195480347
vertex 49.67371368408203 -50.88502502441406 -1.6591570377349854
vertex 49.778472900390625 -51.47914505004883 -1.5949000120162964
endloop
endfacet
facet normal 0.0092659044802313 -0.10590812492613437 -0.9943327471670605
outer loop
vertex 48.927589416503906 -51.5535888671875 -1.5949000120162964
vertex 48.927589416503906 -50.88502502441406 -1.6661099195480347
vertex 49.778472900390625 -51.47914505004883 -1.5949000120162964
endloop
endfacet
facet normal 0.010351066279839425 -0.11831138805961072 -0.9929225905790836
outer loop
vertex 49.91677474975586 -52.26348876953125 -1.5
vertex 48.927589416503906 -51.5535888671875 -1.5949000120162964
vertex 49.778472900390625 -51.47914505004883 -1.5949000120162964
endloop
endfacet
facet normal 0.010350678969440938 -0.11831191981339857 -0.9929225312555555
outer loop
vertex 48.927589416503906 -51.5535888671875 -1.5949000120162964
vertex 49.91677474975586 -52.26348876953125 -1.5
vertex 48.927589416503906 -52.35002899169922 -1.5
endloop
endfacet
facet normal 0.06812006781441063 -0.09728531718798292 -0.992922566679091
outer loop
vertex 52.527587890625 -51.313228607177734 -1.5
vertex 52.280364990234375 -50.88502502441406 -1.5589157342910767
vertex 53.027587890625 -50.88502502441406 -1.5076520442962646
endloop
endfacet
facet normal 0.06812082435513186 -0.09728619810712637 -0.9929224284640963
outer loop
vertex 52.527587890625 -51.313228607177734 -1.5
vertex 53.027587890625 -50.88502502441406 -1.5076520442962646
vertex 53.027587890625 -50.9631233215332 -1.5
endloop
endfacet
facet normal -0.009265853322310233 -0.10590819732606105 -0.9943327399323396
outer loop
vertex 48.127586364746094 -50.88502502441406 -1.6661099195480347
vertex 47.276702880859375 -51.47914505004883 -1.5949000120162964
vertex 47.38146209716797 -50.88502502441406 -1.6591570377349854
endloop
endfacet
facet normal -0.0092659044802313 -0.10590812492613437 -0.9943327471670605
outer loop
vertex 47.276702880859375 -51.47914505004883 -1.5949000120162964
vertex 48.127586364746094 -50.88502502441406 -1.6661099195480347
vertex 48.127586364746094 -51.5535888671875 -1.5949000120162964
endloop
endfacet
facet normal -0.010351112756509179 -0.1183119192821111 -0.9929225267967715
outer loop
vertex 48.127586364746094 -52.35002899169922 -1.5
vertex 47.276702880859375 -51.47914505004883 -1.5949000120162964
vertex 48.127586364746094 -51.5535888671875 -1.5949000120162964
endloop
endfacet
facet normal -0.010350638992505296 -0.11831146286289146 -0.992922586120232
outer loop
vertex 47.13840103149414 -52.26348876953125 -1.5
vertex 47.276702880859375 -51.47914505004883 -1.5949000120162964
vertex 48.127586364746094 -52.35002899169922 -1.5
endloop
endfacet
facet normal -0.02751579733167336 -0.1026902449704308 -0.9943327383150549
outer loop
vertex 46.06382751464844 -51.15415573120117 -1.5949000120162964
vertex 47.38146209716797 -50.88502502441406 -1.6591570377349854
vertex 47.276702880859375 -51.47914505004883 -1.5949000120162964
endloop
endfacet
facet normal 1 0 0
outer loop
vertex 53.027587890625 -50.9631233215332 -1.5
vertex 53.027587890625 -50.88502502441406 -1.5076520442962646
vertex 53.027587890625 -50.88502502441406 -1
endloop
endfacet
facet normal 0.42261723351328206 -0.906308266506259 0
outer loop
vertex 51.26374816894531 -51.902565002441406 -1.5
vertex 52.527587890625 -51.313228607177734 -1.5
vertex 52.527587890625 -51.313228607177734 -0.5
endloop
endfacet
facet normal 0.5735781035076711 -0.8191508769308272 0
outer loop
vertex 52.527587890625 -51.313228607177734 -1.5
vertex 53.027587890625 -50.9631233215332 -1.5
vertex 53.027587890625 -50.9631233215332 -0.5
endloop
endfacet
facet normal -0.027515761586896732 -0.10269041599209901 -0.994332721641837
outer loop
vertex 46.06382751464844 -51.15415573120117 -1.5949000120162964
vertex 46.161781311035156 -50.88502502441406 -1.6254053115844727
vertex 47.38146209716797 -50.88502502441406 -1.6591570377349854
endloop
endfacet
facet normal -0.03073824108335615 -0.1147165560482067 -0.9929225912947798
outer loop
vertex 47.13840103149414 -52.26348876953125 -1.5
vertex 46.06382751464844 -51.15415573120117 -1.5949000120162964
vertex 47.276702880859375 -51.47914505004883 -1.5949000120162964
endloop
endfacet
facet normal -0.050191747369758614 -0.1076364729316717 -0.9929225439029975
outer loop
vertex 45.79142761230469 -51.902565002441406 -1.5
vertex 45.48667526245117 -50.88502502441406 -1.5949000120162964
vertex 46.06382751464844 -51.15415573120117 -1.5949000120162964
endloop
endfacet
facet normal 0.42261723351328206 -0.906308266506259 0
outer loop
vertex 51.26374816894531 -51.902565002441406 -0.5
vertex 51.26374816894531 -51.902565002441406 -1.5
vertex 52.527587890625 -51.313228607177734 -0.5
endloop
endfacet
facet normal 1 0 0
outer loop
vertex 53.027587890625 -50.9631233215332 -0.5
vertex 53.027587890625 -50.9631233215332 -1.5
vertex 53.027587890625 -50.88502502441406 -1
endloop
endfacet
facet normal 0.5735781035076711 -0.8191508769308272 0
outer loop
vertex 52.527587890625 -51.313228607177734 -0.5
vertex 52.527587890625 -51.313228607177734 -1.5
vertex 53.027587890625 -50.9631233215332 -0.5
endloop
endfacet
facet normal 1 0 0
outer loop
vertex 53.027587890625 -50.88502502441406 -1
vertex 53.027587890625 -50.38502502441406 -0.5
vertex 53.027587890625 -50.9631233215332 -0.5
endloop
endfacet
facet normal -0.030738578365491993 -0.114716878680043 -0.9929225435782878
outer loop
vertex 46.06382751464844 -51.15415573120117 -1.5949000120162964
vertex 47.13840103149414 -52.26348876953125 -1.5
vertex 45.79142761230469 -51.902565002441406 -1.5
endloop
endfacet
facet normal -0.05019153390663815 -0.10763641063583297 -0.9929225614465276
outer loop
vertex 44.527587890625 -51.313228607177734 -1.5
vertex 45.48667526245117 -50.88502502441406 -1.5949000120162964
vertex 45.79142761230469 -51.902565002441406 -1.5
endloop
endfacet
facet normal -0.08715346341544244 -0.9961948975048472 0
outer loop
vertex 47.13840103149414 -52.26348876953125 -1.5
vertex 48.127586364746094 -52.35002899169922 -1.5
vertex 48.127586364746094 -52.35002899169922 -0.5
endloop
endfacet
facet normal 0.5735739099356075 -0.8191538132983204 0
outer loop
vertex -66.95805358886719 -46.20426940917969 -0.5
vertex -66.95805358886719 -46.20426940917969 -1.5
vertex -66.45805358886719 -45.85416793823242 -0.5
endloop
endfacet
facet normal -0.08715760952337664 -0.9961945347682704 0
outer loop
vertex -72.34723663330078 -47.1545295715332 -0.5
vertex -72.34723663330078 -47.1545295715332 -1.5
vertex -71.3580551147461 -47.24107360839844 -0.5
endloop
endfacet
facet normal 0.42261948047228126 -0.9063072187317825 0
outer loop
vertex -68.22189331054688 -46.793609619140625 -0.5
vertex -68.22189331054688 -46.793609619140625 -1.5
vertex -66.95805358886719 -46.20426940917969 -0.5
endloop
endfacet
facet normal 0.25881803504136525 -0.9659260969335732 0
outer loop
vertex -69.5688705444336 -47.1545295715332 -0.5
vertex -69.5688705444336 -47.1545295715332 -1.5
vertex -68.22189331054688 -46.793609619140625 -0.5
endloop
endfacet
facet normal 0.08715760952337664 -0.9961945347682704 0
outer loop
vertex -70.55805206298828 -47.24107360839844 -0.5
vertex -70.55805206298828 -47.24107360839844 -1.5
vertex -69.5688705444336 -47.1545295715332 -0.5
endloop
endfacet
facet normal 0.5735739099356075 -0.8191538132983204 0
outer loop
vertex -66.95805358886719 -46.20426940917969 -1.5
vertex -66.45805358886719 -45.85416793823242 -1.5
vertex -66.45805358886719 -45.85416793823242 -0.5
endloop
endfacet
facet normal 0.42261948047228126 -0.9063072187317825 0
outer loop
vertex -68.22189331054688 -46.793609619140625 -1.5
vertex -66.95805358886719 -46.20426940917969 -1.5
vertex -66.95805358886719 -46.20426940917969 -0.5
endloop
endfacet
facet normal 0.25881803504136525 -0.9659260969335732 0
outer loop
vertex -69.5688705444336 -47.1545295715332 -1.5
vertex -68.22189331054688 -46.793609619140625 -1.5
vertex -68.22189331054688 -46.793609619140625 -0.5
endloop
endfacet
facet normal 1 0 0
outer loop
vertex -66.45805358886719 -45.85416793823242 -1.5
vertex -66.45805358886719 -45.805728912353516 -1.5047460794448853
vertex -66.45805358886719 -45.805728912353516 -1
endloop
endfacet
facet normal 0.06811968930766978 -0.09728702482620595 -0.9929224253329622
outer loop
vertex -66.45805358886719 -45.85416793823242 -1.5
vertex -67.1909408569336 -45.80089569091797 -1.55549955368042
vertex -66.45805358886719 -45.805728912353516 -1.5047460794448853
endloop
endfacet
facet normal 0.06811978859935751 -0.0972857789129628 -0.9929225405954267
outer loop
vertex -66.95805358886719 -46.20426940917969 -1.5
vertex -67.1909408569336 -45.80089569091797 -1.55549955368042
vertex -66.45805358886719 -45.85416793823242 -1.5
endloop
endfacet
facet normal 0.08715760952337664 -0.9961945347682704 0
outer loop
vertex -69.5688705444336 -47.1545295715332 -1.5
vertex -69.5688705444336 -47.1545295715332 -0.5
vertex -70.55805206298828 -47.24107360839844 -1.5
endloop
endfacet
facet normal 0.050191343550101186 -0.10763674155506767 -0.9929225351959958
outer loop
vertex -66.95805358886719 -46.20426940917969 -1.5
vertex -67.95952606201172 -45.79582977294922 -1.5949000120162964
vertex -67.1909408569336 -45.80089569091797 -1.55549955368042
endloop
endfacet
facet normal 0.05019164665931425 -0.10763601313419958 -0.992922598837493
outer loop
vertex -66.95805358886719 -46.20426940917969 -1.5
vertex -68.49429321289062 -46.045196533203125 -1.5949000120162964
vertex -67.95952606201172 -45.79582977294922 -1.5949000120162964
endloop
endfacet
facet normal 0.04493042729318629 -0.09635332538660875 -0.9943325869095279
outer loop
vertex -68.49429321289062 -46.045196533203125 -1.5949000120162964
vertex -68.58655548095703 -45.79169845581055 -1.623633623123169
vertex -67.95952606201172 -45.79582977294922 -1.5949000120162964
endloop
endfacet
facet normal 0.05019165176549849 -0.10763596667221456 -0.9929226036160064
outer loop
vertex -68.22189331054688 -46.793609619140625 -1.5
vertex -68.49429321289062 -46.045196533203125 -1.5949000120162964
vertex -66.95805358886719 -46.20426940917969 -1.5
endloop
endfacet
facet normal 0.030738209004710124 -0.11471643632919659 -0.9929226061194862
outer loop
vertex -68.22189331054688 -46.793609619140625 -1.5
vertex -69.70716857910156 -46.37018585205078 -1.5949000120162964
vertex -68.49429321289062 -46.045196533203125 -1.5949000120162964
endloop
endfacet
facet normal 0.027515754359676844 -0.10269151093365447 -0.9943326087603589
outer loop
vertex -68.49429321289062 -46.045196533203125 -1.5949000120162964
vertex -69.81059265136719 -45.78363037109375 -1.6583391427993774
vertex -68.58655548095703 -45.79169845581055 -1.623633623123169
endloop
endfacet
facet normal 0.009266074547186955 -0.10590859478307224 -0.9943326955368414
outer loop
vertex -69.70716857910156 -46.37018585205078 -1.5949000120162964
vertex -70.55805206298828 -45.77870559692383 -1.6658291816711426
vertex -69.81059265136719 -45.78363037109375 -1.6583391427993774
endloop
endfacet
facet normal 0.027515919292245283 -0.10269070013300001 -0.994332687932815
outer loop
vertex -69.70716857910156 -46.37018585205078 -1.5949000120162964
vertex -69.81059265136719 -45.78363037109375 -1.6583391427993774
vertex -68.49429321289062 -46.045196533203125 -1.5949000120162964
endloop
endfacet
facet normal 0.030738125009298393 -0.11471672409746315 -0.9929225754726594
outer loop
vertex -69.5688705444336 -47.1545295715332 -1.5
vertex -69.70716857910156 -46.37018585205078 -1.5949000120162964
vertex -68.22189331054688 -46.793609619140625 -1.5
endloop
endfacet
facet normal 0.010351070556251622 -0.11831143693846524 -0.9929225847103565
outer loop
vertex -69.5688705444336 -47.1545295715332 -1.5
vertex -70.55805206298828 -46.44462966918945 -1.5949000120162964
vertex -69.70716857910156 -46.37018585205078 -1.5949000120162964
endloop
endfacet
facet normal 0.009265959852533923 -0.10590875782460167 -0.9943326792397307
outer loop
vertex -70.55805206298828 -46.44462966918945 -1.5949000120162964
vertex -70.55805206298828 -45.77870559692383 -1.6658291816711426
vertex -69.70716857910156 -46.37018585205078 -1.5949000120162964
endloop
endfacet
facet normal 0.0103511262136857 -0.11831136052445945 -0.9929225932352228
outer loop
vertex -69.5688705444336 -47.1545295715332 -1.5
vertex -70.55805206298828 -47.24107360839844 -1.5
vertex -70.55805206298828 -46.44462966918945 -1.5949000120162964
endloop
endfacet
facet normal -0.25881803504136525 -0.9659260969335732 0
outer loop
vertex -73.6942138671875 -46.793609619140625 -0.5
vertex -73.6942138671875 -46.793609619140625 -1.5
vertex -72.34723663330078 -47.1545295715332 -0.5
endloop
endfacet
facet normal -0.5735739099356075 -0.8191538132983204 0
outer loop
vertex -75.45805358886719 -45.85416793823242 -0.5
vertex -75.45805358886719 -45.85416793823242 -1.5
vertex -74.95805358886719 -46.20426940917969 -0.5
endloop
endfacet
facet normal -0.42261948047228126 -0.9063072187317825 0
outer loop
vertex -74.95805358886719 -46.20426940917969 -0.5
vertex -74.95805358886719 -46.20426940917969 -1.5
vertex -73.6942138671875 -46.793609619140625 -0.5
endloop
endfacet
facet normal -1 0 0
outer loop
vertex -75.45805358886719 -45.74640655517578 -1
vertex -75.45805358886719 -45.74640655517578 -1.5105581283569336
vertex -75.45805358886719 -45.85416793823242 -0.5
endloop
endfacet
facet normal -0.08715760952337664 -0.9961945347682704 0
outer loop
vertex -72.34723663330078 -47.1545295715332 -1.5
vertex -71.3580551147461 -47.24107360839844 -1.5
vertex -71.3580551147461 -47.24107360839844 -0.5
endloop
endfacet
facet normal -0.25881803504136525 -0.9659260969335732 0
outer loop
vertex -72.34723663330078 -47.1545295715332 -1.5
vertex -72.34723663330078 -47.1545295715332 -0.5
vertex -73.6942138671875 -46.793609619140625 -1.5
endloop
endfacet
facet normal -0.42261948047228126 -0.9063072187317825 0
outer loop
vertex -73.6942138671875 -46.793609619140625 -1.5
vertex -73.6942138671875 -46.793609619140625 -0.5
vertex -74.95805358886719 -46.20426940917969 -1.5
endloop
endfacet
facet normal -0.5735739099356075 -0.8191538132983204 0
outer loop
vertex -75.45805358886719 -45.85416793823242 -1.5
vertex -74.95805358886719 -46.20426940917969 -1.5
vertex -74.95805358886719 -46.20426940917969 -0.5
endloop
endfacet
facet normal -1 0 0
outer loop
vertex -75.45805358886719 -45.74640655517578 -1.5105581283569336
vertex -75.45805358886719 -45.85416793823242 -1.5
vertex -75.45805358886719 -45.85416793823242 -0.5
endloop
endfacet
facet normal -0.06811996188296612 -0.09728351245862943 -0.9929227507700561
outer loop
vertex -74.69660186767578 -45.751426696777344 -1.5623060464859009
vertex -75.45805358886719 -45.85416793823242 -1.5
vertex -75.45805358886719 -45.74640655517578 -1.5105581283569336
endloop
endfacet
facet normal -0.06811966483749415 -0.09728560216154411 -0.9929225664040945
outer loop
vertex -75.45805358886719 -45.85416793823242 -1.5
vertex -74.69660186767578 -45.751426696777344 -1.5623060464859009
vertex -74.95805358886719 -46.20426940917969 -1.5
endloop
endfacet
facet normal -0.009266004538440516 -0.10590814321995007 -0.9943327442861349
outer loop
vertex -71.3580551147461 -45.77342987060547 -1.6663907766342163
vertex -72.20893859863281 -46.37018585205078 -1.5949000120162964
vertex -72.10284423828125 -45.76852035522461 -1.65997314453125
endloop
endfacet
facet normal -0.009265916885882871 -0.10590826672117437 -0.9943327319486072
outer loop
vertex -72.20893859863281 -46.37018585205078 -1.5949000120162964
vertex -71.3580551147461 -45.77342987060547 -1.6663907766342163
vertex -71.3580551147461 -46.44462966918945 -1.5949000120162964
endloop
endfacet
facet normal -0.010351063877468076 -0.11831136060080781 -0.9929225938759729
outer loop
vertex -71.3580551147461 -47.24107360839844 -1.5
vertex -72.20893859863281 -46.37018585205078 -1.5949000120162964
vertex -71.3580551147461 -46.44462966918945 -1.5949000120162964
endloop
endfacet
facet normal -0.010351131958738767 -0.11831142618929925 -0.9929225853510569
outer loop
vertex -71.3580551147461 -47.24107360839844 -1.5
vertex -72.34723663330078 -47.1545295715332 -1.5
vertex -72.20893859863281 -46.37018585205078 -1.5949000120162964
endloop
endfacet
facet normal -0.02751575439036326 -0.10269008471144937 -0.9943327560541716
outer loop
vertex -73.42181396484375 -46.045196533203125 -1.5949000120162964
vertex -72.10284423828125 -45.76852035522461 -1.65997314453125
vertex -72.20893859863281 -46.37018585205078 -1.5949000120162964
endloop
endfacet
facet normal -0.030738278794330765 -0.11471669678733101 -0.9929225738671498
outer loop
vertex -72.34723663330078 -47.1545295715332 -1.5
vertex -73.42181396484375 -46.045196533203125 -1.5949000120162964
vertex -72.20893859863281 -46.37018585205078 -1.5949000120162964
endloop
endfacet
facet normal -0.027515377722615853 -0.10269184017174116 -0.9943325851800912
outer loop
vertex -73.42181396484375 -46.045196533203125 -1.5949000120162964
vertex -73.31819915771484 -45.76051330566406 -1.6271685361862183
vertex -72.10284423828125 -45.76852035522461 -1.65997314453125
endloop
endfacet
facet normal -0.04493013718928166 -0.09635347264447874 -0.9943325857486025
outer loop
vertex -74.04256439208984 -45.7557373046875 -1.5949000120162964
vertex -73.31819915771484 -45.76051330566406 -1.6271685361862183
vertex -73.42181396484375 -46.045196533203125 -1.5949000120162964
endloop
endfacet
facet normal -0.030738062168052558 -0.11471648956975991 -0.9929226045140398
outer loop
vertex -73.6942138671875 -46.793609619140625 -1.5
vertex -73.42181396484375 -46.045196533203125 -1.5949000120162964
vertex -72.34723663330078 -47.1545295715332 -1.5
endloop
endfacet
facet normal -0.05019128644994305 -0.10763610014303417 -0.9929226076137546
outer loop
vertex -73.6942138671875 -46.793609619140625 -1.5
vertex -74.04256439208984 -45.7557373046875 -1.5949000120162964
vertex -73.42181396484375 -46.045196533203125 -1.5949000120162964
endloop
endfacet
facet normal -0.05019171384197819 -0.10763642061100902 -0.9929225512695614
outer loop
vertex -74.69660186767578 -45.751426696777344 -1.5623060464859009
vertex -74.04256439208984 -45.7557373046875 -1.5949000120162964
vertex -74.95805358886719 -46.20426940917969 -1.5
endloop
endfacet
facet normal -0.050191791141987775 -0.10763626556501105 -0.9929225641696221
outer loop
vertex -74.04256439208984 -45.7557373046875 -1.5949000120162964
vertex -73.6942138671875 -46.793609619140625 -1.5
vertex -74.95805358886719 -46.20426940917969 -1.5
endloop
endfacet
facet normal 1 0 0
outer loop
vertex -66.45805358886719 -45.805728912353516 -1
vertex -66.45805358886719 -45.30571746826172 -0.5
vertex -66.45805358886719 -45.85416793823242 -0.5
endloop
endfacet
facet normal -1 0 0
outer loop
vertex -75.45805358886719 -45.24639892578125 -0.5
vertex -75.45805358886719 -45.74640655517578 -1
vertex -75.45805358886719 -45.85416793823242 -0.5
endloop
endfacet
facet normal 1 0 0
outer loop
vertex -66.45805358886719 -45.85416793823242 -0.5
vertex -66.45805358886719 -45.85416793823242 -1.5
vertex -66.45805358886719 -45.805728912353516 -1
endloop
endfacet
facet normal -0.007192554448326423 0.9999741332457095 0
outer loop
vertex 54.218929290771484 -49.64696502685547 -0.5
vertex 48.927589416503906 -49.68502426147461 -4
vertex 48.927589416503906 -49.68502426147461 -0.5
endloop
endfacet
facet normal -0.19510451479714808 -0.980782457176804 0
outer loop
vertex 54.218929290771484 -47.723087310791016 -5
vertex 54.218929290771484 -47.723087310791016 -0.5
vertex 54.027587890625 -47.68502426147461 -0.5
endloop
endfacet
facet normal -1 0 0
outer loop
vertex 54.527587890625 -49.18502426147461 -4
vertex 54.527587890625 -49.18502426147461 -0.5
vertex 54.527587890625 -48.18502426147461 -0.5
endloop
endfacet
facet normal 0.831469252991977 -0.5555707707654927 0
outer loop
vertex 42.56564712524414 -47.993682861328125 -0.5
vertex 42.56564712524414 -47.993682861328125 -5
vertex 42.674034118652344 -47.83147048950195 -5
endloop
endfacet
facet normal 0.5555572524753821 -0.8314782854783427 0
outer loop
vertex 42.674034118652344 -47.83147048950195 -0.5
vertex 42.674034118652344 -47.83147048950195 -5
vertex 42.836246490478516 -47.723087310791016 -5
endloop
endfacet
facet normal 0.19510451479714808 -0.980782457176804 0
outer loop
vertex 42.836246490478516 -47.723087310791016 -0.5
vertex 42.836246490478516 -47.723087310791016 -5
vertex 43.027587890625 -47.68502426147461 -5
endloop
endfacet
facet normal 1 0 0
outer loop
vertex 42.527587890625 -48.18502426147461 -5
vertex 42.527587890625 -48.18502426147461 -0.5
vertex 42.527587890625 -49.18502426147461 -4
endloop
endfacet
facet normal 1 0 0
outer loop
vertex 48.127586364746094 -50.88502502441406 -4
vertex 48.127586364746094 -49.68502426147461 -4
vertex 48.127586364746094 -50.88502502441406 -1.6661099195480347
endloop
endfacet
facet normal 0.007192554448326423 0.9999741332457095 0
outer loop
vertex 42.836246490478516 -49.64696502685547 -4
vertex 48.127586364746094 -49.68502426147461 -0.5
vertex 48.127586364746094 -49.68502426147461 -4
endloop
endfacet
facet normal -1 0 0
outer loop
vertex 48.927589416503906 -50.88502502441406 -4
vertex 48.927589416503906 -49.68502426147461 -0.5
vertex 48.927589416503906 -49.68502426147461 -4
endloop
endfacet
facet normal 0 -1 0
outer loop
vertex 54.027587890625 -47.68502426147461 -0.5
vertex 43.027587890625 -47.68502426147461 -5
vertex 54.027587890625 -47.68502426147461 -5
endloop
endfacet
facet normal 0.9807861986664705 -0.19508570553829577 0
outer loop
vertex 42.527587890625 -48.18502426147461 -0.5
vertex 42.527587890625 -48.18502426147461 -5
vertex 42.56564712524414 -47.993682861328125 -5
endloop
endfacet
facet normal 0.5555707707654927 0.831469252991977 0
outer loop
vertex 42.836246490478516 -49.64696502685547 -0.5
vertex 42.836246490478516 -49.64696502685547 -4
vertex 42.674034118652344 -49.538578033447266 -4
endloop
endfacet
facet normal 0.9807861986664705 0.19508570553829574 0
outer loop
vertex 42.56564712524414 -49.376365661621094 -0.5
vertex 42.56564712524414 -49.376365661621094 -4
vertex 42.527587890625 -49.18502426147461 -4
endloop
endfacet
facet normal 0.831469252991977 0.5555707707654927 0
outer loop
vertex 42.674034118652344 -49.538578033447266 -0.5
vertex 42.674034118652344 -49.538578033447266 -4
vertex 42.56564712524414 -49.376365661621094 -4
endloop
endfacet
facet normal 0 0 -1
outer loop
vertex 48.927589416503906 -50.88502502441406 -4
vertex 48.927589416503906 -49.68502426147461 -4
vertex 54.527587890625 -50.88502502441406 -4
endloop
endfacet
facet normal 0 0 -1
outer loop
vertex 48.127586364746094 -50.88502502441406 -4
vertex 42.836246490478516 -49.64696502685547 -4
vertex 48.127586364746094 -49.68502426147461 -4
endloop
endfacet
facet normal 0 0 -1
outer loop
vertex 48.127586364746094 -50.88502502441406 -4
vertex 42.527587890625 -50.88502502441406 -4
vertex 42.836246490478516 -49.64696502685547 -4
endloop
endfacet
facet normal 0 0 -1
outer loop
vertex 42.56564712524414 -49.376365661621094 -4
vertex 42.527587890625 -50.88502502441406 -4
vertex 42.527587890625 -49.18502426147461 -4
endloop
endfacet
facet normal 0 0 -1
outer loop
vertex 42.527587890625 -50.88502502441406 -4
vertex 42.674034118652344 -49.538578033447266 -4
vertex 42.836246490478516 -49.64696502685547 -4
endloop
endfacet
facet normal 0 0 -1
outer loop
vertex 42.527587890625 -50.88502502441406 -4
vertex 42.56564712524414 -49.376365661621094 -4
vertex 42.674034118652344 -49.538578033447266 -4
endloop
endfacet
facet normal 1 0 0
outer loop
vertex 42.527587890625 -50.88502502441406 -4
vertex 42.527587890625 -50.88502502441406 -5
vertex 42.527587890625 -49.18502426147461 -4
endloop
endfacet
facet normal -1 0 0
outer loop
vertex 54.527587890625 -48.18502426147461 -5
vertex 54.527587890625 -50.88502502441406 -5
vertex 54.527587890625 -49.18502426147461 -4
endloop
endfacet
facet normal 0 0 1
outer loop
vertex 54.381141662597656 -47.83147048950195 -5
vertex 42.527587890625 -50.88502502441406 -5
vertex 54.48952865600586 -47.993682861328125 -5
endloop
endfacet
facet normal 0 0 1
outer loop
vertex 42.527587890625 -50.88502502441406 -5
vertex 54.527587890625 -48.18502426147461 -5
vertex 54.48952865600586 -47.993682861328125 -5
endloop
endfacet
facet normal 0 0 1
outer loop
vertex 54.218929290771484 -47.723087310791016 -5
vertex 42.527587890625 -50.88502502441406 -5
vertex 54.381141662597656 -47.83147048950195 -5
endloop
endfacet
facet normal 0 0 1
outer loop
vertex 54.027587890625 -47.68502426147461 -5
vertex 42.527587890625 -50.88502502441406 -5
vertex 54.218929290771484 -47.723087310791016 -5
endloop
endfacet
facet normal 0 0 1
outer loop
vertex 54.527587890625 -50.88502502441406 -5
vertex 54.527587890625 -48.18502426147461 -5
vertex 42.527587890625 -50.88502502441406 -5
endloop
endfacet
facet normal 0 0 1
outer loop
vertex 43.027587890625 -47.68502426147461 -5
vertex 42.527587890625 -50.88502502441406 -5
vertex 54.027587890625 -47.68502426147461 -5
endloop
endfacet
facet normal 1 0 0
outer loop
vertex 42.527587890625 -50.88502502441406 -5
vertex 42.527587890625 -48.18502426147461 -5
vertex 42.527587890625 -49.18502426147461 -4
endloop
endfacet
facet normal 0 0 1
outer loop
vertex 42.836246490478516 -47.723087310791016 -5
vertex 42.527587890625 -50.88502502441406 -5
vertex 43.027587890625 -47.68502426147461 -5
endloop
endfacet
facet normal 0 0 1
outer loop
vertex 42.674034118652344 -47.83147048950195 -5
vertex 42.527587890625 -50.88502502441406 -5
vertex 42.836246490478516 -47.723087310791016 -5
endloop
endfacet
facet normal 0 0 1
outer loop
vertex 42.56564712524414 -47.993682861328125 -5
vertex 42.527587890625 -50.88502502441406 -5
vertex 42.674034118652344 -47.83147048950195 -5
endloop
endfacet
facet normal 0 0 1
outer loop
vertex 42.527587890625 -50.88502502441406 -5
vertex 42.56564712524414 -47.993682861328125 -5
vertex 42.527587890625 -48.18502426147461 -5
endloop
endfacet
facet normal -1 0 0
outer loop
vertex 54.527587890625 -49.18502426147461 -4
vertex 54.527587890625 -50.88502502441406 -5
vertex 54.527587890625 -50.88502502441406 -4
endloop
endfacet
facet normal 0 0 -1
outer loop
vertex 54.527587890625 -50.88502502441406 -4
vertex 48.927589416503906 -49.68502426147461 -4
vertex 54.218929290771484 -49.64696502685547 -4
endloop
endfacet
facet normal 0 0 -1
outer loop
vertex 54.527587890625 -50.88502502441406 -4
vertex 54.218929290771484 -49.64696502685547 -4
vertex 54.381141662597656 -49.538578033447266 -4
endloop
endfacet
facet normal 0 0 -1
outer loop
vertex 54.527587890625 -50.88502502441406 -4
vertex 54.381141662597656 -49.538578033447266 -4
vertex 54.48952865600586 -49.376365661621094 -4
endloop
endfacet
facet normal 0 0 -1
outer loop
vertex 54.527587890625 -49.18502426147461 -4
vertex 54.527587890625 -50.88502502441406 -4
vertex 54.48952865600586 -49.376365661621094 -4
endloop
endfacet
facet normal -0.007192554448326423 0.9999741332457095 0
outer loop
vertex 54.218929290771484 -49.64696502685547 -0.5
vertex 54.218929290771484 -49.64696502685547 -4
vertex 48.927589416503906 -49.68502426147461 -4
endloop
endfacet
facet normal -0.5555707707654927 0.831469252991977 0
outer loop
vertex 54.381141662597656 -49.538578033447266 -0.5
vertex 54.381141662597656 -49.538578033447266 -4
vertex 54.218929290771484 -49.64696502685547 -4
endloop
endfacet
facet normal -0.831469252991977 0.5555707707654927 0
outer loop
vertex 54.48952865600586 -49.376365661621094 -0.5
vertex 54.48952865600586 -49.376365661621094 -4
vertex 54.381141662597656 -49.538578033447266 -4
endloop
endfacet
facet normal -0.9807861986664705 0.19508570553829574 0
outer loop
vertex 54.527587890625 -49.18502426147461 -0.5
vertex 54.527587890625 -49.18502426147461 -4
vertex 54.48952865600586 -49.376365661621094 -4
endloop
endfacet
facet normal -0.9807861986664705 -0.19508570553829577 0
outer loop
vertex 54.527587890625 -48.18502426147461 -0.5
vertex 54.48952865600586 -47.993682861328125 -5
vertex 54.527587890625 -48.18502426147461 -5
endloop
endfacet
facet normal -0.831469252991977 -0.5555707707654927 0
outer loop
vertex 54.381141662597656 -47.83147048950195 -0.5
vertex 54.381141662597656 -47.83147048950195 -5
vertex 54.48952865600586 -47.993682861328125 -5
endloop
endfacet
facet normal -0.19510451479714808 -0.980782457176804 0
outer loop
vertex 54.027587890625 -47.68502426147461 -0.5
vertex 54.027587890625 -47.68502426147461 -5
vertex 54.218929290771484 -47.723087310791016 -5
endloop
endfacet
facet normal -0.5555572524753821 -0.8314782854783427 0
outer loop
vertex 54.218929290771484 -47.723087310791016 -0.5
vertex 54.218929290771484 -47.723087310791016 -5
vertex 54.381141662597656 -47.83147048950195 -5
endloop
endfacet
facet normal -1 0 0
outer loop
vertex 54.527587890625 -48.18502426147461 -0.5
vertex 54.527587890625 -48.18502426147461 -5
vertex 54.527587890625 -49.18502426147461 -4
endloop
endfacet
facet normal 0.831469252991977 0.5555707707654927 0
outer loop
vertex 42.56564712524414 -49.376365661621094 -4
vertex 42.56564712524414 -49.376365661621094 -0.5
vertex 42.674034118652344 -49.538578033447266 -0.5
endloop
endfacet
facet normal 0.5555707707654927 0.831469252991977 0
outer loop
vertex 42.674034118652344 -49.538578033447266 -4
vertex 42.674034118652344 -49.538578033447266 -0.5
vertex 42.836246490478516 -49.64696502685547 -0.5
endloop
endfacet
facet normal 0.9807861986664705 0.19508570553829574 0
outer loop
vertex 42.527587890625 -49.18502426147461 -4
vertex 42.527587890625 -49.18502426147461 -0.5
vertex 42.56564712524414 -49.376365661621094 -0.5
endloop
endfacet
facet normal 1 0 0
outer loop
vertex 42.527587890625 -49.18502426147461 -0.5
vertex 42.527587890625 -49.18502426147461 -4
vertex 42.527587890625 -48.18502426147461 -0.5
endloop
endfacet
facet normal 0.007192554448326423 0.9999741332457095 0
outer loop
vertex 42.836246490478516 -49.64696502685547 -4
vertex 42.836246490478516 -49.64696502685547 -0.5
vertex 48.127586364746094 -49.68502426147461 -0.5
endloop
endfacet
facet normal 0.9807861986664705 -0.19508570553829577 0
outer loop
vertex 42.56564712524414 -47.993682861328125 -5
vertex 42.56564712524414 -47.993682861328125 -0.5
vertex 42.527587890625 -48.18502426147461 -0.5
endloop
endfacet
facet normal 0.831469252991977 -0.5555707707654927 0
outer loop
vertex 42.674034118652344 -47.83147048950195 -5
vertex 42.674034118652344 -47.83147048950195 -0.5
vertex 42.56564712524414 -47.993682861328125 -0.5
endloop
endfacet
facet normal 0.5555572524753821 -0.8314782854783427 0
outer loop
vertex 42.836246490478516 -47.723087310791016 -5
vertex 42.836246490478516 -47.723087310791016 -0.5
vertex 42.674034118652344 -47.83147048950195 -0.5
endloop
endfacet
facet normal 0.19510451479714808 -0.980782457176804 0
outer loop
vertex 43.027587890625 -47.68502426147461 -5
vertex 43.027587890625 -47.68502426147461 -0.5
vertex 42.836246490478516 -47.723087310791016 -0.5
endloop
endfacet
facet normal 1 0 0
outer loop
vertex 48.127586364746094 -49.68502426147461 -4
vertex 48.127586364746094 -49.68502426147461 -0.5
vertex 48.127586364746094 -50.88502502441406 -1.6661099195480347
endloop
endfacet
facet normal -1 0 0
outer loop
vertex 48.927589416503906 -49.68502426147461 -0.5
vertex 48.927589416503906 -50.88502502441406 -4
vertex 48.927589416503906 -50.88502502441406 -1.6661099195480347
endloop
endfacet
facet normal 1 0 0
outer loop
vertex 48.127586364746094 -52.35002899169922 -0.5
vertex 48.127586364746094 -52.35002899169922 -1.5
vertex 48.127586364746094 -51.5535888671875 -1.5949000120162964
endloop
endfacet
facet normal 1 0 0
outer loop
vertex 48.127586364746094 -50.88502502441406 -1.6661099195480347
vertex 48.127586364746094 -52.35002899169922 -0.5
vertex 48.127586364746094 -51.5535888671875 -1.5949000120162964
endloop
endfacet
facet normal -1 0 0
outer loop
vertex 48.927589416503906 -52.35002899169922 -1.5
vertex 48.927589416503906 -49.68502426147461 -0.5
vertex 48.927589416503906 -51.5535888671875 -1.5949000120162964
endloop
endfacet
facet normal -1 0 0
outer loop
vertex 48.927589416503906 -49.68502426147461 -0.5
vertex 48.927589416503906 -50.88502502441406 -1.6661099195480347
vertex 48.927589416503906 -51.5535888671875 -1.5949000120162964
endloop
endfacet
facet normal 1 0 0
outer loop
vertex 48.127586364746094 -52.35002899169922 -0.5
vertex 48.127586364746094 -50.88502502441406 -1.6661099195480347
vertex 48.127586364746094 -49.68502426147461 -0.5
endloop
endfacet
facet normal -1 0 0
outer loop
vertex 48.927589416503906 -49.68502426147461 -0.5
vertex 48.927589416503906 -52.35002899169922 -1.5
vertex 48.927589416503906 -52.35002899169922 -0.5
endloop
endfacet
facet normal 0 -1 0
outer loop
vertex 43.027587890625 -47.68502426147461 -0.5
vertex 43.027587890625 -47.68502426147461 -5
vertex 54.027587890625 -47.68502426147461 -0.5
endloop
endfacet
facet normal -0.5555707707654927 0.831469252991977 0
outer loop
vertex 54.218929290771484 -49.64696502685547 -4
vertex 54.218929290771484 -49.64696502685547 -0.5
vertex 54.381141662597656 -49.538578033447266 -0.5
endloop
endfacet
facet normal -0.831469252991977 0.5555707707654927 0
outer loop
vertex 54.381141662597656 -49.538578033447266 -4
vertex 54.381141662597656 -49.538578033447266 -0.5
vertex 54.48952865600586 -49.376365661621094 -0.5
endloop
endfacet
facet normal -0.9807861986664705 0.19508570553829574 0
outer loop
vertex 54.48952865600586 -49.376365661621094 -4
vertex 54.48952865600586 -49.376365661621094 -0.5
vertex 54.527587890625 -49.18502426147461 -0.5
endloop
endfacet
facet normal -0.9807861986664705 -0.19508570553829577 0
outer loop
vertex 54.48952865600586 -47.993682861328125 -0.5
vertex 54.48952865600586 -47.993682861328125 -5
vertex 54.527587890625 -48.18502426147461 -0.5
endloop
endfacet
facet normal -0.831469252991977 -0.5555707707654927 0
outer loop
vertex 54.48952865600586 -47.993682861328125 -5
vertex 54.48952865600586 -47.993682861328125 -0.5
vertex 54.381141662597656 -47.83147048950195 -0.5
endloop
endfacet
facet normal -0.5555572524753821 -0.8314782854783427 0
outer loop
vertex 54.381141662597656 -47.83147048950195 -5
vertex 54.381141662597656 -47.83147048950195 -0.5
vertex 54.218929290771484 -47.723087310791016 -0.5
endloop
endfacet
facet normal -1 0 0
outer loop
vertex -64.95805358886719 -44.07606887817383 -4
vertex -64.95805358886719 -44.07606887817383 -0.5
vertex -64.95805358886719 -43.43502426147461 -0.5
endloop
endfacet
facet normal 1 0 0
outer loop
vertex -76.95805358886719 -45.73652267456055 -4
vertex -76.95805358886719 -45.73652267456055 -5
vertex -76.95805358886719 -43.43502426147461 -5
endloop
endfacet
facet normal 0 0 -1
outer loop
vertex -64.95805358886719 -44.07606887817383 -4
vertex -64.95805358886719 -45.81561279296875 -4
vertex -64.9961166381836 -44.26741027832031 -4
endloop
endfacet
facet normal -0.007193270138980207 0.999974128097676 0
outer loop
vertex -65.26670837402344 -44.53800582885742 -0.5
vertex -65.26670837402344 -44.53800582885742 -4
vertex -70.55805206298828 -44.57606887817383 -4
endloop
endfacet
facet normal -0.007193270138980207 0.999974128097676 0
outer loop
vertex -65.26670837402344 -44.53800582885742 -0.5
vertex -70.55805206298828 -44.57606887817383 -4
vertex -70.55805206298828 -44.57606887817383 -0.5
endloop
endfacet
facet normal -1 0 0
outer loop
vertex -70.55805206298828 -44.57606887817383 -0.5
vertex -70.55805206298828 -44.57606887817383 -4
vertex -70.55805206298828 -45.77870559692383 -1.6658291816711426
endloop
endfacet
facet normal -0.5555662850640511 0.8314722502285506 0
outer loop
vertex -65.26670837402344 -44.53800582885742 -4
vertex -65.26670837402344 -44.53800582885742 -0.5
vertex -65.10449981689453 -44.429622650146484 -0.5
endloop
endfacet
facet normal 1 0 0
outer loop
vertex -71.3580551147461 -47.24107360839844 -0.5
vertex -71.3580551147461 -45.77342987060547 -1.6663907766342163
vertex -71.3580551147461 -44.57606887817383 -0.5
endloop
endfacet
facet normal -1 0 0
outer loop
vertex -70.55805206298828 -44.57606887817383 -0.5
vertex -70.55805206298828 -47.24107360839844 -1.5
vertex -70.55805206298828 -47.24107360839844 -0.5
endloop
endfacet
facet normal -1 0 0
outer loop
vertex -70.55805206298828 -44.57606887817383 -0.5
vertex -70.55805206298828 -45.77870559692383 -1.6658291816711426
vertex -70.55805206298828 -46.44462966918945 -1.5949000120162964
endloop
endfacet
facet normal -1 0 0
outer loop
vertex -70.55805206298828 -47.24107360839844 -1.5
vertex -70.55805206298828 -44.57606887817383 -0.5
vertex -70.55805206298828 -46.44462966918945 -1.5949000120162964
endloop
endfacet
facet normal 1 0 0
outer loop
vertex -71.3580551147461 -45.77342987060547 -1.6663907766342163
vertex -71.3580551147461 -47.24107360839844 -0.5
vertex -71.3580551147461 -46.44462966918945 -1.5949000120162964
endloop
endfacet
facet normal 1 0 0
outer loop
vertex -71.3580551147461 -47.24107360839844 -0.5
vertex -71.3580551147461 -47.24107360839844 -1.5
vertex -71.3580551147461 -46.44462966918945 -1.5949000120162964
endloop
endfacet
facet normal 1 0 0
outer loop
vertex -71.3580551147461 -45.77342987060547 -4
vertex -71.3580551147461 -44.57606887817383 -0.5
vertex -71.3580551147461 -45.77342987060547 -1.6663907766342163
endloop
endfacet
facet normal 0.0071932805101710675 0.9999741280230714 0
outer loop
vertex -76.6493911743164 -44.53800582885742 -4
vertex -76.6493911743164 -44.53800582885742 -0.5
vertex -71.3580551147461 -44.57606887817383 -0.5
endloop
endfacet
facet normal 0.980782457176804 0.19510451479714808 0
outer loop
vertex -76.91999053955078 -44.26741027832031 -0.5
vertex -76.91999053955078 -44.26741027832031 -4
vertex -76.95805358886719 -44.07606887817383 -0.5
endloop
endfacet
facet normal 0.8314782854783427 0.5555572524753821 0
outer loop
vertex -76.91999053955078 -44.26741027832031 -4
vertex -76.91999053955078 -44.26741027832031 -0.5
vertex -76.81160736083984 -44.429622650146484 -0.5
endloop
endfacet
facet normal 0.5555482201148602 0.8314843204337715 0
outer loop
vertex -76.81160736083984 -44.429622650146484 -4
vertex -76.81160736083984 -44.429622650146484 -0.5
vertex -76.6493911743164 -44.53800582885742 -0.5
endloop
endfacet
facet normal 1 0 0
outer loop
vertex -76.95805358886719 -44.07606887817383 -0.5
vertex -76.95805358886719 -43.43502426147461 -5
vertex -76.95805358886719 -43.43502426147461 -0.5
endloop
endfacet
facet normal -0.980782457176804 0.19510451479714808 0
outer loop
vertex -64.95805358886719 -44.07606887817383 -0.5
vertex -64.95805358886719 -44.07606887817383 -4
vertex -64.9961166381836 -44.26741027832031 -4
endloop
endfacet
facet normal -0.8314782854783427 0.5555572524753821 0
outer loop
vertex -64.9961166381836 -44.26741027832031 -0.5
vertex -64.9961166381836 -44.26741027832031 -4
vertex -65.10449981689453 -44.429622650146484 -4
endloop
endfacet
facet normal -0.5555662850640511 0.8314722502285506 0
outer loop
vertex -65.10449981689453 -44.429622650146484 -0.5
vertex -65.10449981689453 -44.429622650146484 -4
vertex -65.26670837402344 -44.53800582885742 -4
endloop
endfacet
facet normal -1 0 0
outer loop
vertex -64.95805358886719 -43.43502426147461 -0.5
vertex -64.95805358886719 -43.43502426147461 -5
vertex -64.95805358886719 -44.07606887817383 -4
endloop
endfacet
facet normal 1 0 0
outer loop
vertex -71.3580551147461 -44.57606887817383 -0.5
vertex -71.3580551147461 -45.77342987060547 -4
vertex -71.3580551147461 -44.57606887817383 -4
endloop
endfacet
facet normal -0.980782457176804 0.19510451479714808 0
outer loop
vertex -64.9961166381836 -44.26741027832031 -4
vertex -64.9961166381836 -44.26741027832031 -0.5
vertex -64.95805358886719 -44.07606887817383 -0.5
endloop
endfacet
facet normal 0 0 -1
outer loop
vertex -64.95805358886719 -45.81561279296875 -4
vertex -65.10449981689453 -44.429622650146484 -4
vertex -64.9961166381836 -44.26741027832031 -4
endloop
endfacet
facet normal 0 0 -1
outer loop
vertex -64.95805358886719 -45.81561279296875 -4
vertex -65.26670837402344 -44.53800582885742 -4
vertex -65.10449981689453 -44.429622650146484 -4
endloop
endfacet
facet normal 0 0 -1
outer loop
vertex -64.95805358886719 -45.81561279296875 -4
vertex -70.55805206298828 -44.57606887817383 -4
vertex -65.26670837402344 -44.53800582885742 -4
endloop
endfacet
facet normal -1 0 0
outer loop
vertex -70.55805206298828 -44.57606887817383 -4
vertex -70.55805206298828 -45.77870559692383 -4
vertex -70.55805206298828 -45.77870559692383 -1.6658291816711426
endloop
endfacet
facet normal -1 0 0
outer loop
vertex -64.95805358886719 -45.81561279296875 -5
vertex -64.95805358886719 -45.81561279296875 -4
vertex -64.95805358886719 -44.07606887817383 -4
endloop
endfacet
facet normal 0 0 -1
outer loop
vertex -70.55805206298828 -45.77870559692383 -4
vertex -70.55805206298828 -44.57606887817383 -4
vertex -64.95805358886719 -45.81561279296875 -4
endloop
endfacet
facet normal 0.0071932805101710675 0.9999741280230714 0
outer loop
vertex -76.6493911743164 -44.53800582885742 -4
vertex -71.3580551147461 -44.57606887817383 -0.5
vertex -71.3580551147461 -44.57606887817383 -4
endloop
endfacet
facet normal 0.980782457176804 0.19510451479714808 0
outer loop
vertex -76.95805358886719 -44.07606887817383 -0.5
vertex -76.91999053955078 -44.26741027832031 -4
vertex -76.95805358886719 -44.07606887817383 -4
endloop
endfacet
facet normal 0.8314782854783427 0.5555572524753821 0
outer loop
vertex -76.81160736083984 -44.429622650146484 -0.5
vertex -76.81160736083984 -44.429622650146484 -4
vertex -76.91999053955078 -44.26741027832031 -4
endloop
endfacet
facet normal 0.5555482201148602 0.8314843204337715 0
outer loop
vertex -76.6493911743164 -44.53800582885742 -0.5
vertex -76.6493911743164 -44.53800582885742 -4
vertex -76.81160736083984 -44.429622650146484 -4
endloop
endfacet
facet normal 1 0 0
outer loop
vertex -76.95805358886719 -43.43502426147461 -5
vertex -76.95805358886719 -44.07606887817383 -0.5
vertex -76.95805358886719 -44.07606887817383 -4
endloop
endfacet
facet normal 0 0 -1
outer loop
vertex -71.3580551147461 -45.77342987060547 -4
vertex -76.6493911743164 -44.53800582885742 -4
vertex -71.3580551147461 -44.57606887817383 -4
endloop
endfacet
facet normal 0 0 -1
outer loop
vertex -76.91999053955078 -44.26741027832031 -4
vertex -76.95805358886719 -45.73652267456055 -4
vertex -76.95805358886719 -44.07606887817383 -4
endloop
endfacet
facet normal 0 0 -1
outer loop
vertex -76.81160736083984 -44.429622650146484 -4
vertex -76.95805358886719 -45.73652267456055 -4
vertex -76.91999053955078 -44.26741027832031 -4
endloop
endfacet
facet normal 0 0 -1
outer loop
vertex -76.6493911743164 -44.53800582885742 -4
vertex -76.95805358886719 -45.73652267456055 -4
vertex -76.81160736083984 -44.429622650146484 -4
endloop
endfacet
facet normal 1 0 0
outer loop
vertex -76.95805358886719 -45.73652267456055 -4
vertex -76.95805358886719 -43.43502426147461 -5
vertex -76.95805358886719 -44.07606887817383 -4
endloop
endfacet
facet normal 0 0 -1
outer loop
vertex -76.6493911743164 -44.53800582885742 -4
vertex -71.3580551147461 -45.77342987060547 -4
vertex -76.95805358886719 -45.73652267456055 -4
endloop
endfacet
facet normal -1 0 0
outer loop
vertex -64.95805358886719 -43.43502426147461 -5
vertex -64.95805358886719 -45.81561279296875 -5
vertex -64.95805358886719 -44.07606887817383 -4
endloop
endfacet
facet normal 0 0 1
outer loop
vertex -64.95805358886719 -43.43502426147461 -5
vertex -76.95805358886719 -45.73652267456055 -5
vertex -64.95805358886719 -45.81561279296875 -5
endloop
endfacet
facet normal 0 0 1
outer loop
vertex -64.95805358886719 -43.43502426147461 -5
vertex -76.95805358886719 -43.43502426147461 -5
vertex -76.95805358886719 -45.73652267456055 -5
endloop
endfacet
facet normal -0.8314782854783427 0.5555572524753821 0
outer loop
vertex -65.10449981689453 -44.429622650146484 -4
vertex -65.10449981689453 -44.429622650146484 -0.5
vertex -64.9961166381836 -44.26741027832031 -0.5
endloop
endfacet
facet normal -0.767053653144719 0.6415828331928423 0.00040168344094595917
outer loop
vertex -70.25888061523438 45.549095153808594 -8.257231712341309
vertex -70.25094604492188 45.55560302734375 -3.5
vertex -70.1265869140625 45.7071418762207 -8.06727409362793
endloop
endfacet
facet normal -0.8819097699505025 0.4714182407012395 0
outer loop
vertex -70.03417205810547 45.880027770996094 -3.5
vertex -70.03417205810547 45.880027770996094 -7.859584331512451
vertex -70.1265869140625 45.7071418762207 -3.5
endloop
endfacet
facet normal -0.9569369653840533 0.2902957875711588 0
outer loop
vertex -70.03417205810547 45.880027770996094 -7.859584331512451
vertex -70.03417205810547 45.880027770996094 -3.5
vertex -69.97726440429688 46.06761932373047 -7.634315013885498
endloop
endfacet
facet normal 0.2902957875711588 0.9569369653840532 0
outer loop
vertex -71.15314483642578 45.281925201416016 -3.5
vertex -71.15314483642578 45.281925201416016 -8.281545639038086
vertex -71.34073638916016 45.33883285522461 -3.5
endloop
endfacet
facet normal 0.9951829182294891 0.09803550002033878 0
outer loop
vertex -71.93883514404297 46.06761932373047 -3.5
vertex -71.93883514404297 46.06761932373047 -7.638232231140137
vertex -71.95805358886719 46.26271057128906 -3.5
endloop
endfacet
facet normal 0.9569477762986945 0.29026014786219556 0
outer loop
vertex -71.8819351196289 45.880027770996094 -3.5
vertex -71.8819351196289 45.880027770996094 -7.863274574279785
vertex -71.93883514404297 46.06761932373047 -3.5
endloop
endfacet
facet normal 0.8819097699505024 0.47141824070123944 0
outer loop
vertex -71.78952026367188 45.7071418762207 -3.5
vertex -71.78952026367188 45.7071418762207 -8.070594787597656
vertex -71.8819351196289 45.880027770996094 -3.5
endloop
endfacet
facet normal 0.7730244072104995 0.6343762284471312 0.0002581434661277745
outer loop
vertex -71.6651611328125 45.55560302734375 -3.5
vertex -71.6603012084961 45.55161666870117 -8.257001876831055
vertex -71.78952026367188 45.7071418762207 -3.5
endloop
endfacet
facet normal 0 0 -1
outer loop
vertex -69.9582290649414 46.26091003417969 -3.5
vertex -69.97726440429688 46.06761932373047 -3.5
vertex -71.95805358886719 46.26271057128906 -3.5
endloop
endfacet
facet normal 0 0 -1
outer loop
vertex -69.97726440429688 46.06761932373047 -3.5
vertex -70.03417205810547 45.880027770996094 -3.5
vertex -71.95805358886719 46.26271057128906 -3.5
endloop
endfacet
facet normal 0 0 -1
outer loop
vertex -70.03417205810547 45.880027770996094 -3.5
vertex -70.1265869140625 45.7071418762207 -3.5
vertex -71.95805358886719 46.26271057128906 -3.5
endloop
endfacet
facet normal 0 0 -1
outer loop
vertex -70.1265869140625 45.7071418762207 -3.5
vertex -70.25094604492188 45.55560302734375 -3.5
vertex -71.95805358886719 46.26271057128906 -3.5
endloop
endfacet
facet normal 0.09801622777686082 0.9951848165503705 0
outer loop
vertex -70.95805358886719 45.26271057128906 -3.5
vertex -70.95805358886719 45.26271057128906 -8.283293724060059
vertex -71.15314483642578 45.281925201416016 -3.5
endloop
endfacet
facet normal 0.4713798807438282 0.8819302739048787 0
outer loop
vertex -71.34073638916016 45.33883285522461 -3.5
vertex -71.34073638916016 45.33883285522461 -8.276366233825684
vertex -71.51362609863281 45.43124008178711 -3.5
endloop
endfacet
facet normal 0.6343974203505326 0.7730070588633647 0
outer loop
vertex -71.51362609863281 45.43124008178711 -3.5
vertex -71.51362609863281 45.43124008178711 -8.267956733703613
vertex -71.6651611328125 45.55560302734375 -3.5
endloop
endfacet
facet normal -0.8819097699505025 0.47141824070123944 0
outer loop
vertex -70.1265869140625 45.7071418762207 -8.06727409362793
vertex -70.1265869140625 45.7071418762207 -3.5
vertex -70.03417205810547 45.880027770996094 -7.859584331512451
endloop
endfacet
facet normal 0 0 -1
outer loop
vertex -70.25094604492188 45.55560302734375 -3.5
vertex -70.40248107910156 45.43124008178711 -3.5
vertex -71.95805358886719 46.26271057128906 -3.5
endloop
endfacet
facet normal 0 0 -1
outer loop
vertex -70.40248107910156 45.43124008178711 -3.5
vertex -70.57537078857422 45.33883285522461 -3.5
vertex -71.95805358886719 46.26271057128906 -3.5
endloop
endfacet
facet normal 0 0 -1
outer loop
vertex -70.57537078857422 45.33883285522461 -3.5
vertex -70.7629623413086 45.281925201416016 -3.5
vertex -71.95805358886719 46.26271057128906 -3.5
endloop
endfacet
facet normal 0 0 -1
outer loop
vertex -70.7629623413086 45.281925201416016 -3.5
vertex -70.95805358886719 45.26271057128906 -3.5
vertex -71.95805358886719 46.26271057128906 -3.5
endloop
endfacet
facet normal 0 0 -1
outer loop
vertex -71.15314483642578 45.281925201416016 -3.5
vertex -71.34073638916016 45.33883285522461 -3.5
vertex -71.95805358886719 46.26271057128906 -3.5
endloop
endfacet
facet normal 0 0 -1
outer loop
vertex -70.95805358886719 45.26271057128906 -3.5
vertex -71.15314483642578 45.281925201416016 -3.5
vertex -71.95805358886719 46.26271057128906 -3.5
endloop
endfacet
facet normal 0 0 -1
outer loop
vertex -71.95805358886719 46.26271057128906 -3.5
vertex -71.6651611328125 45.55560302734375 -3.5
vertex -71.78952026367188 45.7071418762207 -3.5
endloop
endfacet
facet normal 0 0 -1
outer loop
vertex -71.78952026367188 45.7071418762207 -3.5
vertex -71.93883514404297 46.06761932373047 -3.5
vertex -71.95805358886719 46.26271057128906 -3.5
endloop
endfacet
facet normal 0 0 -1
outer loop
vertex -71.78952026367188 45.7071418762207 -3.5
vertex -71.8819351196289 45.880027770996094 -3.5
vertex -71.93883514404297 46.06761932373047 -3.5
endloop
endfacet
facet normal 0.9951829182294892 0.0980355000203388 0
outer loop
vertex -71.93883514404297 46.06761932373047 -7.638232231140137
vertex -71.95805358886719 46.26271057128906 -7.404116153717041
vertex -71.95805358886719 46.26271057128906 -3.5
endloop
endfacet
facet normal 0.9569477762986945 0.29026014786219556 0
outer loop
vertex -71.8819351196289 45.880027770996094 -7.863274574279785
vertex -71.93883514404297 46.06761932373047 -7.638232231140137
vertex -71.93883514404297 46.06761932373047 -3.5
endloop
endfacet
facet normal 0.8819097699505025 0.47141824070123944 0
outer loop
vertex -71.78952026367188 45.7071418762207 -8.070594787597656
vertex -71.8819351196289 45.880027770996094 -7.863274574279785
vertex -71.8819351196289 45.880027770996094 -3.5
endloop
endfacet
facet normal 0.7691575597008582 0.6390591900246964 0
outer loop
vertex -71.6603012084961 45.55161666870117 -8.257001876831055
vertex -71.78952026367188 45.7071418762207 -8.070594787597656
vertex -71.78952026367188 45.7071418762207 -3.5
endloop
endfacet
facet normal -0.09801622777686082 0.9951848165503705 0
outer loop
vertex -70.7629623413086 45.281925201416016 -3.5
vertex -70.7629623413086 45.281925201416016 -8.281545639038086
vertex -70.95805358886719 45.26271057128906 -3.5
endloop
endfacet
facet normal -0.6344100647526844 0.7729966815844004 0
outer loop
vertex -70.40248107910156 45.43124008178711 -8.267956733703613
vertex -70.40248107910156 45.43124008178711 -3.5
vertex -70.25888061523438 45.549095153808594 -8.257231712341309
endloop
endfacet
facet normal 0 0 -1
outer loop
vertex -71.34073638916016 45.33883285522461 -3.5
vertex -71.51362609863281 45.43124008178711 -3.5
vertex -71.95805358886719 46.26271057128906 -3.5
endloop
endfacet
facet normal 0.6344041176990531 0.7730015623828708 3.5621997770978875e-7
outer loop
vertex -71.51362609863281 45.43124008178711 -8.267956733703613
vertex -71.6603012084961 45.55161666870117 -8.257001876831055
vertex -71.6651611328125 45.55560302734375 -3.5
endloop
endfacet
facet normal 0.2902957875711588 0.9569369653840533 0
outer loop
vertex -71.15314483642578 45.281925201416016 -8.281545639038086
vertex -71.34073638916016 45.33883285522461 -8.276366233825684
vertex -71.34073638916016 45.33883285522461 -3.5
endloop
endfacet
facet normal 0.09801622777686082 0.9951848165503705 0
outer loop
vertex -70.95805358886719 45.26271057128906 -8.283293724060059
vertex -71.15314483642578 45.281925201416016 -8.281545639038086
vertex -71.15314483642578 45.281925201416016 -3.5
endloop
endfacet
facet normal 0 0 -1
outer loop
vertex -71.51362609863281 45.43124008178711 -3.5
vertex -71.6651611328125 45.55560302734375 -3.5
vertex -71.95805358886719 46.26271057128906 -3.5
endloop
endfacet
facet normal -0.09801622777686082 0.9951848165503705 0
outer loop
vertex -70.7629623413086 45.281925201416016 -8.281545639038086
vertex -70.95805358886719 45.26271057128906 -8.283293724060059
vertex -70.95805358886719 45.26271057128906 -3.5
endloop
endfacet
facet normal 0.4713798807438282 0.8819302739048787 0
outer loop
vertex -71.34073638916016 45.33883285522461 -8.276366233825684
vertex -71.51362609863281 45.43124008178711 -8.267956733703613
vertex -71.51362609863281 45.43124008178711 -3.5
endloop
endfacet
facet normal -0.2902957875711588 0.9569369653840532 0
outer loop
vertex -70.57537078857422 45.33883285522461 -8.276366233825684
vertex -70.7629623413086 45.281925201416016 -8.281545639038086
vertex -70.7629623413086 45.281925201416016 -3.5
endloop
endfacet
facet normal -0.4713798807438282 0.8819302739048787 0
outer loop
vertex -70.57537078857422 45.33883285522461 -8.276366233825684
vertex -70.57537078857422 45.33883285522461 -3.5
vertex -70.40248107910156 45.43124008178711 -8.267956733703613
endloop
endfacet
facet normal -0.9951857983485408 0.09800625880716832 0
outer loop
vertex -69.9582290649414 46.26091003417969 -7.402283191680908
vertex -69.97726440429688 46.06761932373047 -3.5
vertex -69.9582290649414 46.26091003417969 -3.5
endloop
endfacet
facet normal -0.2902957875711588 0.9569369653840533 0
outer loop
vertex -70.57537078857422 45.33883285522461 -3.5
vertex -70.57537078857422 45.33883285522461 -8.276366233825684
vertex -70.7629623413086 45.281925201416016 -3.5
endloop
endfacet
facet normal -0.9569369653840532 0.2902957875711588 0
outer loop
vertex -69.97726440429688 46.06761932373047 -3.5
vertex -69.97726440429688 46.06761932373047 -7.634315013885498
vertex -70.03417205810547 45.880027770996094 -3.5
endloop
endfacet
facet normal -0.4713798807438282 0.8819302739048787 0
outer loop
vertex -70.40248107910156 45.43124008178711 -3.5
vertex -70.40248107910156 45.43124008178711 -8.267956733703613
vertex -70.57537078857422 45.33883285522461 -3.5
endloop
endfacet
facet normal -0.6343974203504033 0.7730070588632072 6.387658112540406e-7
outer loop
vertex -70.25094604492188 45.55560302734375 -3.5
vertex -70.25888061523438 45.549095153808594 -8.257231712341309
vertex -70.40248107910156 45.43124008178711 -3.5
endloop
endfacet
facet normal -0.7730244329669199 0.6343762495839292 0
outer loop
vertex -70.1265869140625 45.7071418762207 -3.5
vertex -70.1265869140625 45.7071418762207 -8.06727409362793
vertex -70.25094604492188 45.55560302734375 -3.5
endloop
endfacet
facet normal -0.9951857983485407 0.0980062588071683 0
outer loop
vertex -69.97726440429688 46.06761932373047 -7.634315013885498
vertex -69.97726440429688 46.06761932373047 -3.5
vertex -69.9582290649414 46.26091003417969 -7.402283191680908
endloop
endfacet
facet normal -0.956938605216473 0.29029038193910456 0
outer loop
vertex 49.50837326049805 46.0394172668457 -3.5
vertex 49.50837326049805 46.0394172668457 -7.635955333709717
vertex 49.45146560668945 45.85182189941406 -3.5
endloop
endfacet
facet normal -0.09801622777686082 0.9951848165503705 0
outer loop
vertex 48.722679138183594 45.253719329833984 -8.284111976623535
vertex 48.527587890625 45.23450469970703 -8.285861015319824
vertex 48.527587890625 45.23450469970703 -3.5
endloop
endfacet
facet normal 0 0 -1
outer loop
vertex 47.972015380859375 45.403038024902344 -3.5
vertex 47.82048034667969 45.52739715576172 -3.5
vertex 47.527587890625 46.23450469970703 -3.5
endloop
endfacet
facet normal -0.8819259499769284 0.471387970526712 0
outer loop
vertex 49.45146560668945 45.85182189941406 -3.5
vertex 49.45146560668945 45.85182189941406 -7.861278057098389
vertex 49.35905838012695 45.67893600463867 -3.5
endloop
endfacet
facet normal -0.773014890337251 0.634387877656003 0
outer loop
vertex 49.35905838012695 45.67893600463867 -3.5
vertex 49.35905838012695 45.67893600463867 -8.069053649902344
vertex 49.23469543457031 45.52739715576172 -3.5
endloop
endfacet
facet normal -0.2902957875711588 0.9569369653840533 0
outer loop
vertex 48.91027069091797 45.31062698364258 -3.5
vertex 48.91027069091797 45.31062698364258 -8.27893352508545
vertex 48.722679138183594 45.253719329833984 -3.5
endloop
endfacet
facet normal 0.9951846295964323 0.09801812595133512 0
outer loop
vertex 47.54680252075195 46.0394172668457 -3.5
vertex 47.54680252075195 46.0394172668457 -7.641724109649658
vertex 47.527587890625 46.23450469970703 -3.5
endloop
endfacet
facet normal 0.9569440106171242 0.2902725625063677 0
outer loop
vertex 47.60370635986328 45.85182189941406 -3.5
vertex 47.60370635986328 45.85182189941406 -7.8667120933532715
vertex 47.54680252075195 46.0394172668457 -3.5
endloop
endfacet
facet normal 0.6343857923391509 0.7730166016834488 0
outer loop
vertex 47.972015380859375 45.403038024902344 -3.5
vertex 47.972015380859375 45.403038024902344 -8.270524024963379
vertex 47.82048034667969 45.52739715576172 -3.5
endloop
endfacet
facet normal 0.09801622777686082 0.9951848165503705 0
outer loop
vertex 48.527587890625 45.23450469970703 -3.5
vertex 48.527587890625 45.23450469970703 -8.285861015319824
vertex 48.332496643066406 45.253719329833984 -3.5
endloop
endfacet
facet normal 0.2902957875711588 0.9569369653840532 0
outer loop
vertex 48.332496643066406 45.253719329833984 -3.5
vertex 48.332496643066406 45.253719329833984 -8.284111976623535
vertex 48.14490509033203 45.31062698364258 -3.5
endloop
endfacet
facet normal 0.47139501592801797 0.8819221841853304 0
outer loop
vertex 48.14490509033203 45.31062698364258 -3.5
vertex 48.14490509033203 45.31062698364258 -8.27893352508545
vertex 47.972015380859375 45.403038024902344 -3.5
endloop
endfacet
facet normal 0.881917860019375 0.4714031058222316 0
outer loop
vertex 47.69611740112305 45.67893600463867 -3.5
vertex 47.69611740112305 45.67893600463867 -8.073945045471191
vertex 47.60370635986328 45.85182189941406 -3.5
endloop
endfacet
facet normal 0 0 -1
outer loop
vertex 48.527587890625 45.23450469970703 -3.5
vertex 48.332496643066406 45.253719329833984 -3.5
vertex 47.527587890625 46.23450469970703 -3.5
endloop
endfacet
facet normal 0.7730148717188478 0.6343878623764923 0.00021947865096698583
outer loop
vertex 47.82048034667969 45.52739715576172 -3.5
vertex 47.82461166381836 45.524009704589844 -8.259513854980469
vertex 47.69611740112305 45.67893600463867 -3.5
endloop
endfacet
facet normal -0.9951856836668772 0.09800742331318729 0
outer loop
vertex 49.52732467651367 46.23185348510742 -7.4049272537231445
vertex 49.50837326049805 46.0394172668457 -7.635955333709717
vertex 49.50837326049805 46.0394172668457 -3.5
endloop
endfacet
facet normal -0.956938605216473 0.29029038193910456 0
outer loop
vertex 49.50837326049805 46.0394172668457 -7.635955333709717
vertex 49.45146560668945 45.85182189941406 -7.861278057098389
vertex 49.45146560668945 45.85182189941406 -3.5
endloop
endfacet
facet normal -0.8819259499769284 0.471387970526712 0
outer loop
vertex 49.35905838012695 45.67893600463867 -8.069053649902344
vertex 49.35905838012695 45.67893600463867 -3.5
vertex 49.45146560668945 45.85182189941406 -7.861278057098389
endloop
endfacet
facet normal -0.766526047196798 0.6422130711392326 0.00043614993641678644
outer loop
vertex 49.226036071777344 45.520294189453125 -8.259852409362793
vertex 49.23469543457031 45.52739715576172 -3.5
vertex 49.35905838012695 45.67893600463867 -8.069053649902344
endloop
endfacet
facet normal 0.9954517436152643 0.09526704056782745 0.00013082346090170877
outer loop
vertex 47.54680252075195 46.0394172668457 -7.641724109649658
vertex 47.52784729003906 46.23715591430664 -7.404444694519043
vertex 47.527587890625 46.23450469970703 -3.5
endloop
endfacet
facet normal 0 0 -1
outer loop
vertex 48.332496643066406 45.253719329833984 -3.5
vertex 48.14490509033203 45.31062698364258 -3.5
vertex 47.527587890625 46.23450469970703 -3.5
endloop
endfacet
facet normal 0 0 -1
outer loop
vertex 47.527587890625 46.23450469970703 -3.5
vertex 48.14490509033203 45.31062698364258 -3.5
vertex 47.972015380859375 45.403038024902344 -3.5
endloop
endfacet
facet normal 0.9569440106171242 0.2902725625063676 0
outer loop
vertex 47.60370635986328 45.85182189941406 -7.8667120933532715
vertex 47.54680252075195 46.0394172668457 -7.641724109649658
vertex 47.54680252075195 46.0394172668457 -3.5
endloop
endfacet
facet normal 0.8819178600193749 0.4714031058222316 0
outer loop
vertex 47.69611740112305 45.67893600463867 -8.073945045471191
vertex 47.60370635986328 45.85182189941406 -7.8667120933532715
vertex 47.60370635986328 45.85182189941406 -3.5
endloop
endfacet
facet normal 0.7697120772671189 0.6383911952001977 0
outer loop
vertex 47.82461166381836 45.524009704589844 -8.259513854980469
vertex 47.69611740112305 45.67893600463867 -8.073945045471191
vertex 47.69611740112305 45.67893600463867 -3.5
endloop
endfacet
facet normal -0.63437624958384 0.7730244329668111 5.310226219078281e-7
outer loop
vertex 49.23469543457031 45.52739715576172 -3.5
vertex 49.226036071777344 45.520294189453125 -8.259852409362793
vertex 49.08315658569336 45.403038024902344 -3.5
endloop
endfacet
facet normal -0.09801622777686082 0.9951848165503705 0
outer loop
vertex 48.722679138183594 45.253719329833984 -3.5
vertex 48.722679138183594 45.253719329833984 -8.284111976623535
vertex 48.527587890625 45.23450469970703 -3.5
endloop
endfacet
facet normal 0.6343951094255937 0.7730089554052034 4.952809203154715e-7
outer loop
vertex 47.972015380859375 45.403038024902344 -8.270524024963379
vertex 47.82461166381836 45.524009704589844 -8.259513854980469
vertex 47.82048034667969 45.52739715576172 -3.5
endloop
endfacet
facet normal 0.09801622777686082 0.9951848165503705 0
outer loop
vertex 48.527587890625 45.23450469970703 -8.285861015319824
vertex 48.332496643066406 45.253719329833984 -8.284111976623535
vertex 48.332496643066406 45.253719329833984 -3.5
endloop
endfacet
facet normal 0.2902957875711588 0.9569369653840533 0
outer loop
vertex 48.332496643066406 45.253719329833984 -8.284111976623535
vertex 48.14490509033203 45.31062698364258 -8.27893352508545
vertex 48.14490509033203 45.31062698364258 -3.5
endloop
endfacet
facet normal 0.47139501592801797 0.8819221841853304 0
outer loop
vertex 48.14490509033203 45.31062698364258 -8.27893352508545
vertex 47.972015380859375 45.403038024902344 -8.270524024963379
vertex 47.972015380859375 45.403038024902344 -3.5
endloop
endfacet
facet normal 0 0 -1
outer loop
vertex 48.722679138183594 45.253719329833984 -3.5
vertex 48.527587890625 45.23450469970703 -3.5
vertex 47.527587890625 46.23450469970703 -3.5
endloop
endfacet
facet normal 0 0 -1
outer loop
vertex 48.91027069091797 45.31062698364258 -3.5
vertex 48.722679138183594 45.253719329833984 -3.5
vertex 47.527587890625 46.23450469970703 -3.5
endloop
endfacet
facet normal 0 0 -1
outer loop
vertex 49.08315658569336 45.403038024902344 -3.5
vertex 48.91027069091797 45.31062698364258 -3.5
vertex 47.527587890625 46.23450469970703 -3.5
endloop
endfacet
facet normal 0 0 -1
outer loop
vertex 47.527587890625 46.23450469970703 -3.5
vertex 47.82048034667969 45.52739715576172 -3.5
vertex 47.69611740112305 45.67893600463867 -3.5
endloop
endfacet
facet normal 0 0 -1
outer loop
vertex 47.60370635986328 45.85182189941406 -3.5
vertex 47.54680252075195 46.0394172668457 -3.5
vertex 47.69611740112305 45.67893600463867 -3.5
endloop
endfacet
facet normal 0 0 -1
outer loop
vertex 47.527587890625 46.23450469970703 -3.5
vertex 47.69611740112305 45.67893600463867 -3.5
vertex 47.54680252075195 46.0394172668457 -3.5
endloop
endfacet
facet normal 0 0 -1
outer loop
vertex 49.23469543457031 45.52739715576172 -3.5
vertex 49.08315658569336 45.403038024902344 -3.5
vertex 47.527587890625 46.23450469970703 -3.5
endloop
endfacet
facet normal 0 0 -1
outer loop
vertex 49.35905838012695 45.67893600463867 -3.5
vertex 49.23469543457031 45.52739715576172 -3.5
vertex 47.527587890625 46.23450469970703 -3.5
endloop
endfacet
facet normal 0 0 -1
outer loop
vertex 49.45146560668945 45.85182189941406 -3.5
vertex 49.35905838012695 45.67893600463867 -3.5
vertex 47.527587890625 46.23450469970703 -3.5
endloop
endfacet
facet normal 0 0 -1
outer loop
vertex 49.50837326049805 46.0394172668457 -3.5
vertex 49.45146560668945 45.85182189941406 -3.5
vertex 47.527587890625 46.23450469970703 -3.5
endloop
endfacet
facet normal 0 0 -1
outer loop
vertex 49.52732467651367 46.23185348510742 -3.5
vertex 49.50837326049805 46.0394172668457 -3.5
vertex 47.527587890625 46.23450469970703 -3.5
endloop
endfacet
facet normal -0.4714031058222316 0.881917860019375 0
outer loop
vertex 49.08315658569336 45.403038024902344 -3.5
vertex 49.08315658569336 45.403038024902344 -8.270524024963379
vertex 48.91027069091797 45.31062698364258 -3.5
endloop
endfacet
facet normal -0.6343868205763364 0.7730157578465313 0
outer loop
vertex 49.226036071777344 45.520294189453125 -8.259852409362793
vertex 49.08315658569336 45.403038024902344 -8.270524024963379
vertex 49.08315658569336 45.403038024902344 -3.5
endloop
endfacet
facet normal -0.47140310582223166 0.881917860019375 0
outer loop
vertex 49.08315658569336 45.403038024902344 -8.270524024963379
vertex 48.91027069091797 45.31062698364258 -8.27893352508545
vertex 48.91027069091797 45.31062698364258 -3.5
endloop
endfacet
facet normal -0.2902957875711588 0.9569369653840532 0
outer loop
vertex 48.91027069091797 45.31062698364258 -8.27893352508545
vertex 48.722679138183594 45.253719329833984 -8.284111976623535
vertex 48.722679138183594 45.253719329833984 -3.5
endloop
endfacet
facet normal -0.9951856836668772 0.09800742331318729 0
outer loop
vertex 49.52732467651367 46.23185348510742 -7.4049272537231445
vertex 49.50837326049805 46.0394172668457 -3.5
vertex 49.52732467651367 46.23185348510742 -3.5
endloop
endfacet
facet normal 0.9705787576677892 0.24078387646196509 0
outer loop
vertex -69.758056640625 46.26055145263672 -2.5
vertex -69.95661163330078 47.060909271240234 -1.2000000476837158
vertex -69.758056640625 46.26055145263672 -1.100000023841858
endloop
endfacet
facet normal 0.001800534190770966 0.9999983790370003 0
outer loop
vertex -69.95661163330078 47.060909271240234 -2.4000000953674316
vertex -71.95661163330078 47.064510345458984 -2.4000000953674316
vertex -69.95661163330078 47.060909271240234 -1.2000000476837158
endloop
endfacet
facet normal 0.9705787576677892 0.24078387646196509 0
outer loop
vertex -69.95661163330078 47.060909271240234 -1.2000000476837158
vertex -69.758056640625 46.26055145263672 -2.5
vertex -69.95661163330078 47.060909271240234 -2.4000000953674316
endloop
endfacet
facet normal 0.001800534190770966 0.9999983790370003 0
outer loop
vertex -69.95661163330078 47.060909271240234 -1.2000000476837158
vertex -71.95661163330078 47.064510345458984 -2.4000000953674316
vertex -71.95661163330078 47.064510345458984 -1.2000000476837158
endloop
endfacet
facet normal 0.00022336929584706943 0.12403482106479138 0.9922778407631518
outer loop
vertex -71.95661163330078 47.064510345458984 -1.2000000476837158
vertex -72.15805053710938 46.26487350463867 -1.100000023841858
vertex -69.758056640625 46.26055145263672 -1.100000023841858
endloop
endfacet
facet normal 0.00022332910331137042 0.12403471283571163 0.9922778543008376
outer loop
vertex -69.95661163330078 47.060909271240234 -1.2000000476837158
vertex -71.95661163330078 47.064510345458984 -1.2000000476837158
vertex -69.758056640625 46.26055145263672 -1.100000023841858
endloop
endfacet
facet normal 0.00022332905390533828 0.12403468539610381 -0.9922778577307987
outer loop
vertex -69.95661163330078 47.060909271240234 -2.4000000953674316
vertex -72.15805053710938 46.26487350463867 -2.5
vertex -71.95661163330078 47.064510345458984 -2.4000000953674316
endloop
endfacet
facet normal 0.0002233688563619728 0.12403457702294529 -0.9922778712684734
outer loop
vertex -69.758056640625 46.26055145263672 -2.5
vertex -72.15805053710938 46.26487350463867 -2.5
vertex -69.95661163330078 47.060909271240234 -2.4000000953674316
endloop
endfacet
facet normal -0.9697044513797412 0.2442811433048307 0
outer loop
vertex -71.95661163330078 47.064510345458984 -2.4000000953674316
vertex -72.15805053710938 46.26487350463867 -1.100000023841858
vertex -71.95661163330078 47.064510345458984 -1.2000000476837158
endloop
endfacet
facet normal -0.9697044513797413 0.24428114330483072 0
outer loop
vertex -71.95661163330078 47.064510345458984 -2.4000000953674316
vertex -72.15805053710938 46.26487350463867 -2.5
vertex -72.15805053710938 46.26487350463867 -1.100000023841858
endloop
endfacet
facet normal -0.9694958034582086 0.24510790904604146 0
outer loop
vertex 47.52971267700195 47.03715515136719 -2.4000000953674316
vertex 47.32759094238281 46.23768615722656 -2.5
vertex 47.32759094238281 46.23768615722656 -1.100000023841858
endloop
endfacet
facet normal -0.9694958034582086 0.24510790904604146 0
outer loop
vertex 47.52971267700195 47.03715515136719 -1.2000000476837158
vertex 47.52971267700195 47.03715515136719 -2.4000000953674316
vertex 47.32759094238281 46.23768615722656 -1.100000023841858
endloop
endfacet
facet normal 0.002651215395558873 0.9999964855222874 0
outer loop
vertex 47.52971267700195 47.03715515136719 -2.4000000953674316
vertex 47.52971267700195 47.03715515136719 -1.2000000476837158
vertex 49.52970504760742 47.03185272216797 -1.2000000476837158
endloop
endfacet
facet normal 0.00032884124322535996 0.12403386998068099 -0.9922779303003026
outer loop
vertex 49.72758483886719 46.2313232421875 -2.5
vertex 47.32759094238281 46.23768615722656 -2.5
vertex 49.52970504760742 47.03185272216797 -2.4000000953674316
endloop
endfacet
facet normal 0.9707818335557746 0.23996381318458881 0
outer loop
vertex 49.72758483886719 46.2313232421875 -2.5
vertex 49.52970504760742 47.03185272216797 -1.2000000476837158
vertex 49.72758483886719 46.2313232421875 -1.100000023841858
endloop
endfacet
facet normal 0.002651215395558873 0.9999964855222874 0
outer loop
vertex 49.52970504760742 47.03185272216797 -2.4000000953674316
vertex 47.52971267700195 47.03715515136719 -2.4000000953674316
vertex 49.52970504760742 47.03185272216797 -1.2000000476837158
endloop
endfacet
facet normal 0.9707818335557746 0.23996381318458881 0
outer loop
vertex 49.52970504760742 47.03185272216797 -1.2000000476837158
vertex 49.72758483886719 46.2313232421875 -2.5
vertex 49.52970504760742 47.03185272216797 -2.4000000953674316
endloop
endfacet
facet normal 0.0003288416583655702 0.12403386884737505 -0.9922779304418272
outer loop
vertex 47.32759094238281 46.23768615722656 -2.5
vertex 47.52971267700195 47.03715515136719 -2.4000000953674316
vertex 49.52970504760742 47.03185272216797 -2.4000000953674316
endloop
endfacet
facet normal 0.0003288416264753319 0.12403401453668837 0.992277912230791
outer loop
vertex 47.32759094238281 46.23768615722656 -1.100000023841858
vertex 49.72758483886719 46.2313232421875 -1.100000023841858
vertex 47.52971267700195 47.03715515136719 -1.2000000476837158
endloop
endfacet
facet normal 0.0003288420476194519 0.1240340156677784 0.992277912089266
outer loop
vertex 49.52970504760742 47.03185272216797 -1.2000000476837158
vertex 47.52971267700195 47.03715515136719 -1.2000000476837158
vertex 49.72758483886719 46.2313232421875 -1.100000023841858
endloop
endfacet
facet normal 0 0 1
outer loop
vertex 31.341636657714844 52.51497268676758 -0.5
vertex 32.68238067626953 49.639739990234375 -0.5
vertex 33.619693756103516 49.37971496582031 -0.5
endloop
endfacet
facet normal 0 0 1
outer loop
vertex -73.95002746582031 41.53263854980469 -0.5
vertex -75.9119644165039 43.2888069152832 -0.5
vertex -76.34007263183594 42.33056640625 -0.5
endloop
endfacet
facet normal 0 0 1
outer loop
vertex -79.66390228271484 -20.5183162689209 -0.5
vertex -81.16390228271484 -20.51587677001953 -0.5
vertex -78.70002746582031 -23.03722381591797 -0.5
endloop
endfacet
facet normal 0 0 1
outer loop
vertex 79.63334655761719 22.340940475463867 -0.5
vertex 81.09156036376953 10.304705619812012 -0.5
vertex 81.13333129882812 22.335731506347656 -0.5
endloop
endfacet
facet normal 0 0 1
outer loop
vertex 29.521982192993164 55.11370849609375 -0.5
vertex 31.009031295776367 54.5034294128418 -0.5
vertex 30.8935604095459 54.66236114501953 -0.5
endloop
endfacet
facet normal 0 0 1
outer loop
vertex 35.29997253417969 25.02649688720703 -0.5
vertex 31.341636657714844 34.31497573852539 -0.5
vertex 29.521982192993164 31.71623992919922 -0.5
endloop
endfacet
facet normal 0 0 1
outer loop
vertex -78.70002746582031 -23.03722381591797 -0.5
vertex -81.16390228271484 -20.51587677001953 -0.5
vertex -81.16991424560547 -24.209213256835938 -0.5
endloop
endfacet
facet normal 0 0 1
outer loop
vertex -64.9961166381836 -44.26741027832031 -0.5
vertex -65.10449981689453 -44.429622650146484 -0.5
vertex -1.1168098449707031 -45.736656188964844 -0.5
endloop
endfacet
facet normal 0 0 1
outer loop
vertex 21.80474090576172 60.51737976074219 -0.5
vertex 24.118274688720703 60.38869094848633 -0.5
vertex 21.544713973999023 61.45469665527344 -0.5
endloop
endfacet
facet normal 0 0 1
outer loop
vertex -65.10449981689453 -44.429622650146484 -0.5
vertex -65.26670837402344 -44.53800582885742 -0.5
vertex -1.1168098449707031 -45.736656188964844 -0.5
endloop
endfacet
facet normal 0 0 1
outer loop
vertex -16.400026321411133 -43.43502426147461 -0.5
vertex -64.95805358886719 -43.43502426147461 -0.5
vertex -64.95805358886719 -44.07606887817383 -0.5
endloop
endfacet
facet normal 0 0 1
outer loop
vertex -16.400026321411133 -43.43502426147461 -0.5
vertex -64.95805358886719 -44.07606887817383 -0.5
vertex -64.9961166381836 -44.26741027832031 -0.5
endloop
endfacet
facet normal 0 0 1
outer loop
vertex -65.26670837402344 -44.53800582885742 -0.5
vertex -66.45805358886719 -45.30571746826172 -0.5
vertex -1.1168098449707031 -45.736656188964844 -0.5
endloop
endfacet
facet normal 0 0 1
outer loop
vertex -79.66991424560547 -24.211654663085938 -0.5
vertex -78.70002746582031 -23.03722381591797 -0.5
vertex -81.16991424560547 -24.209213256835938 -0.5
endloop
endfacet
facet normal 0 0 1
outer loop
vertex 21.80474090576172 60.51737976074219 -0.5
vertex 21.357879638671875 61.51539993286133 -0.5
vertex 18.64924430847168 62.165687561035156 -0.5
endloop
endfacet
facet normal 0 0 1
outer loop
vertex 21.80474090576172 60.51737976074219 -0.5
vertex 21.544713973999023 61.45469665527344 -0.5
vertex 21.357879638671875 61.51539993286133 -0.5
endloop
endfacet
facet normal 0 0 1
outer loop
vertex 27.27870750427246 29.472965240478516 -0.5
vertex 34.5384521484375 24.26497459411621 -0.5
vertex 29.521982192993164 31.71623992919922 -0.5
endloop
endfacet
facet normal 0 0 1
outer loop
vertex 80.86597442626953 42.865867614746094 -0.5
vertex 77.75872802734375 45.65699768066406 -0.5
vertex 79.70452117919922 42.840816497802734 -0.5
endloop
endfacet
facet normal 0 0 1
outer loop
vertex -78.70002746582031 -42.7249755859375 -0.5
vertex -78.70002746582031 -23.03722381591797 -0.5
vertex -79.66991424560547 -24.211654663085938 -0.5
endloop
endfacet
facet normal 0 0 1
outer loop
vertex 21.80474090576172 60.51737976074219 -0.5
vertex 24.679973602294922 59.1766357421875 -0.5
vertex 24.293312072753906 60.299503326416016 -0.5
endloop
endfacet
facet normal 0 0 1
outer loop
vertex 27.27870750427246 29.472965240478516 -0.5
vertex 24.679973602294922 27.65331268310547 -0.5
vertex 34.5384521484375 24.26497459411621 -0.5
endloop
endfacet
facet normal 0 0 1
outer loop
vertex 21.80474090576172 60.51737976074219 -0.5
vertex 24.293312072753906 60.299503326416016 -0.5
vertex 24.118274688720703 60.38869094848633 -0.5
endloop
endfacet
facet normal 0 0 1
outer loop
vertex 24.679973602294922 59.1766357421875 -0.5
vertex 26.668428421020508 58.844032287597656 -0.5
vertex 24.293312072753906 60.299503326416016 -0.5
endloop
endfacet
facet normal 0 0 1
outer loop
vertex 34.5384521484375 24.26497459411621 -0.5
vertex 24.679973602294922 27.65331268310547 -0.5
vertex 21.80474090576172 26.31256866455078 -0.5
endloop
endfacet
facet normal 0 0 1
outer loop
vertex -78.70002746582031 -42.7249755859375 -0.5
vertex -79.66991424560547 -24.211654663085938 -0.5
vertex -79.70326232910156 -44.71162796020508 -0.5
endloop
endfacet
facet normal 0 0 1
outer loop
vertex 34.5384521484375 24.26497459411621 -0.5
vertex 21.80474090576172 26.31256866455078 -0.5
vertex 18.74036979675293 25.491474151611328 -0.5
endloop
endfacet
facet normal 0 0 1
outer loop
vertex 18.74036979675293 25.491474151611328 -0.5
vertex 15.579974174499512 25.214975357055664 -0.5
vertex 34.5384521484375 24.26497459411621 -0.5
endloop
endfacet
facet normal 0 0 1
outer loop
vertex 24.679973602294922 59.1766357421875 -0.5
vertex 26.827360153198242 58.72856140136719 -0.5
vertex 26.668428421020508 58.844032287597656 -0.5
endloop
endfacet
facet normal 0 0 1
outer loop
vertex 15.579974174499512 25.214975357055664 -0.5
vertex -3.4200263023376465 24.26497459411621 -0.5
vertex 34.5384521484375 24.26497459411621 -0.5
endloop
endfacet
facet normal 0 0 1
outer loop
vertex 24.679973602294922 59.1766357421875 -0.5
vertex 27.27870750427246 57.35698318481445 -0.5
vertex 28.945547103881836 56.91946029663086 -0.5
endloop
endfacet
facet normal 0 0 1
outer loop
vertex 24.679973602294922 59.1766357421875 -0.5
vertex 28.945547103881836 56.91946029663086 -0.5
vertex 26.827360153198242 58.72856140136719 -0.5
endloop
endfacet
facet normal 0 0 1
outer loop
vertex 77.75872802734375 45.65699768066406 -0.5
vertex 80.86597442626953 42.865867614746094 -0.5
vertex 78.72218322753906 45.228702545166016 -0.5
endloop
endfacet
facet normal 0 0 1
outer loop
vertex -65.26670837402344 -44.53800582885742 -0.5
vertex -70.55805206298828 -44.57606887817383 -0.5
vertex -66.45805358886719 -45.30571746826172 -0.5
endloop
endfacet
facet normal 0 0 1
outer loop
vertex 79.70452117919922 42.840816497802734 -0.5
vertex 77.75872802734375 45.65699768066406 -0.5
vertex 76.96763610839844 43.26497268676758 -0.5
endloop
endfacet
facet normal 0 0 1
outer loop
vertex 77.22492218017578 43.15840530395508 -0.5
vertex 79.70452117919922 42.840816497802734 -0.5
vertex 76.96763610839844 43.26497268676758 -0.5
endloop
endfacet
facet normal 0 0 1
outer loop
vertex 27.27870750427246 57.35698318481445 -0.5
vertex 29.521982192993164 55.11370849609375 -0.5
vertex 30.8935604095459 54.66236114501953 -0.5
endloop
endfacet
facet normal 0 0 1
outer loop
vertex 27.27870750427246 57.35698318481445 -0.5
vertex 30.8935604095459 54.66236114501953 -0.5
vertex 29.08445930480957 56.780548095703125 -0.5
endloop
endfacet
facet normal 0 0 1
outer loop
vertex -79.66390228271484 -20.5183162689209 -0.5
vertex -78.70002746582031 -23.03722381591797 -0.5
vertex -79.63056182861328 -0.018344005569815636 -0.5
endloop
endfacet
facet normal 0 0 1
outer loop
vertex 27.27870750427246 57.35698318481445 -0.5
vertex 29.08445930480957 56.780548095703125 -0.5
vertex 28.945547103881836 56.91946029663086 -0.5
endloop
endfacet
facet normal 0 0 1
outer loop
vertex 77.22492218017578 43.15840530395508 -0.5
vertex 78.5934066772461 41.789920806884766 -0.5
vertex 79.70452117919922 42.840816497802734 -0.5
endloop
endfacet
facet normal 0 0 1
outer loop
vertex 78.5934066772461 41.789920806884766 -0.5
vertex 78.6999740600586 41.53263854980469 -0.5
vertex 79.70452117919922 42.840816497802734 -0.5
endloop
endfacet
facet normal 0 0 1
outer loop
vertex -3.4200263023376465 35.51497268676758 -0.5
vertex 3.881239175796509 29.472965240478516 -0.5
vertex 1.6379649639129639 31.71623992919922 -0.5
endloop
endfacet
facet normal 0 0 1
outer loop
vertex -66.95805358886719 -46.20426940917969 -0.5
vertex -66.45805358886719 -45.85416793823242 -0.5
vertex -66.45805358886719 -45.30571746826172 -0.5
endloop
endfacet
facet normal 0 0 1
outer loop
vertex -79.63056182861328 -0.018344005569815636 -0.5
vertex -78.70002746582031 -23.03722381591797 -0.5
vertex -79.62454986572266 3.6749930381774902 -0.5
endloop
endfacet
facet normal 0 0 1
outer loop
vertex -70.55805206298828 -44.57606887817383 -0.5
vertex -66.95805358886719 -46.20426940917969 -0.5
vertex -66.45805358886719 -45.30571746826172 -0.5
endloop
endfacet
facet normal 0 0 1
outer loop
vertex -13.025080680847168 43.15840530395508 -0.5
vertex -12.420025825500488 43.414974212646484 -0.5
vertex -13.829315185546875 45.80796813964844 -0.5
endloop
endfacet
facet normal 0 0 1
outer loop
vertex 31.341636657714844 52.51497268676758 -0.5
vertex 33.619693756103516 49.37971496582031 -0.5
vertex 32.55369186401367 51.95327377319336 -0.5
endloop
endfacet
facet normal 0 0 1
outer loop
vertex -70.55805206298828 -44.57606887817383 -0.5
vertex -68.22189331054688 -46.793609619140625 -0.5
vertex -66.95805358886719 -46.20426940917969 -0.5
endloop
endfacet
facet normal 0 0 1
outer loop
vertex -3.4200263023376465 24.26497459411621 -0.5
vertex 6.479973793029785 27.65331268310547 -0.5
vertex 3.881239175796509 29.472965240478516 -0.5
endloop
endfacet
facet normal 0 0 1
outer loop
vertex 15.579974174499512 25.214975357055664 -0.5
vertex 12.419576644897461 25.491474151611328 -0.5
vertex -3.4200263023376465 24.26497459411621 -0.5
endloop
endfacet
facet normal 0 0 1
outer loop
vertex -81.13055419921875 -0.015904059633612633 -0.5
vertex -79.63056182861328 -0.018344005569815636 -0.5
vertex -81.12454986572266 3.6774327754974365 -0.5
endloop
endfacet
facet normal 0 0 1
outer loop
vertex -70.55805206298828 -44.57606887817383 -0.5
vertex -69.5688705444336 -47.1545295715332 -0.5
vertex -68.22189331054688 -46.793609619140625 -0.5
endloop
endfacet
facet normal 0 0 1
outer loop
vertex -70.55805206298828 -44.57606887817383 -0.5
vertex -70.55805206298828 -47.24107360839844 -0.5
vertex -69.5688705444336 -47.1545295715332 -0.5
endloop
endfacet
facet normal 0 0 1
outer loop
vertex 12.419576644897461 25.491474151611328 -0.5
vertex 9.355207443237305 26.31256866455078 -0.5
vertex -3.4200263023376465 24.26497459411621 -0.5
endloop
endfacet
facet normal 0 0 1
outer loop
vertex -79.5912094116211 24.174964904785156 -0.5
vertex -79.62454986572266 3.6749930381774902 -0.5
vertex -78.70002746582031 -23.03722381591797 -0.5
endloop
endfacet
facet normal 0 0 1
outer loop
vertex 32.68238067626953 49.639739990234375 -0.5
vertex 34.10341262817383 47.438331604003906 -0.5
vertex 33.68040084838867 49.19287872314453 -0.5
endloop
endfacet
facet normal 0 0 1
outer loop
vertex 32.68238067626953 49.639739990234375 -0.5
vertex 33.68040084838867 49.19287872314453 -0.5
vertex 33.619693756103516 49.37971496582031 -0.5
endloop
endfacet
facet normal 0 0 1
outer loop
vertex -79.62454986572266 3.6749930381774902 -0.5
vertex -81.12454986572266 3.6774327754974365 -0.5
vertex -79.63056182861328 -0.018344005569815636 -0.5
endloop
endfacet
facet normal 0 0 1
outer loop
vertex 77.75872802734375 45.65699768066406 -0.5
vertex 37.03230667114258 43.26497268676758 -0.5
vertex 76.96763610839844 43.26497268676758 -0.5
endloop
endfacet
facet normal 0 0 1
outer loop
vertex -3.4200263023376465 24.26497459411621 -0.5
vertex 9.355207443237305 26.31256866455078 -0.5
vertex 6.479973793029785 27.65331268310547 -0.5
endloop
endfacet
facet normal 0 0 1
outer loop
vertex 59.512474060058594 -15.14238452911377 -0.5
vertex 59.512474060058594 5.357614994049072 -0.5
vertex 41.46149444580078 9.364974021911621 -0.5
endloop
endfacet
facet normal 0 0 1
outer loop
vertex 43.027587890625 -47.68502426147461 -0.5
vertex 48.4676399230957 -43.2650260925293 -0.5
vertex 24.87651824951172 -43.2650260925293 -0.5
endloop
endfacet
facet normal 0 0 1
outer loop
vertex 42.836246490478516 -47.723087310791016 -0.5
vertex 43.027587890625 -47.68502426147461 -0.5
vertex 24.87651824951172 -43.2650260925293 -0.5
endloop
endfacet
facet normal 0 0 1
outer loop
vertex 42.56564712524414 -47.993682861328125 -0.5
vertex 42.674034118652344 -47.83147048950195 -0.5
vertex 24.87651824951172 -43.2650260925293 -0.5
endloop
endfacet
facet normal 0 0 1
outer loop
vertex 42.674034118652344 -47.83147048950195 -0.5
vertex 42.836246490478516 -47.723087310791016 -0.5
vertex 24.87651824951172 -43.2650260925293 -0.5
endloop
endfacet
facet normal 0 0 1
outer loop
vertex 42.527587890625 -48.18502426147461 -0.5
vertex 42.56564712524414 -47.993682861328125 -0.5
vertex 24.87651824951172 -43.2650260925293 -0.5
endloop
endfacet
facet normal 0 0 1
outer loop
vertex 4.321816444396973 -50.38502502441406 -0.5
vertex 44.027587890625 -50.38502502441406 -0.5
vertex 48.127586364746094 -49.68502426147461 -0.5
endloop
endfacet
facet normal 0 0 1
outer loop
vertex 29.521982192993164 55.11370849609375 -0.5
vertex 31.341636657714844 52.51497268676758 -0.5
vertex 32.46450424194336 52.12831497192383 -0.5
endloop
endfacet
facet normal 0 0 1
outer loop
vertex 4.321816444396973 -50.38502502441406 -0.5
vertex 48.127586364746094 -49.68502426147461 -0.5
vertex 42.836246490478516 -49.64696502685547 -0.5
endloop
endfacet
facet normal 0 0 1
outer loop
vertex 31.341636657714844 52.51497268676758 -0.5
vertex 32.55369186401367 51.95327377319336 -0.5
vertex 32.46450424194336 52.12831497192383 -0.5
endloop
endfacet
facet normal 0 0 1
outer loop
vertex 24.87651824951172 -43.2650260925293 -0.5
vertex 21.599973678588867 -43.2650260925293 -0.5
vertex 21.599973678588867 -43.43502426147461 -0.5
endloop
endfacet
facet normal 0 0 1
outer loop
vertex 4.321816444396973 -50.38502502441406 -0.5
vertex 42.527587890625 -49.18502426147461 -0.5
vertex 42.527587890625 -48.18502426147461 -0.5
endloop
endfacet
facet normal 0 0 1
outer loop
vertex 4.321816444396973 -50.38502502441406 -0.5
vertex 42.674034118652344 -49.538578033447266 -0.5
vertex 42.56564712524414 -49.376365661621094 -0.5
endloop
endfacet
facet normal 0 0 1
outer loop
vertex 4.321816444396973 -50.38502502441406 -0.5
vertex 42.836246490478516 -49.64696502685547 -0.5
vertex 42.674034118652344 -49.538578033447266 -0.5
endloop
endfacet
facet normal 0 0 1
outer loop
vertex 4.321816444396973 -50.38502502441406 -0.5
vertex 42.56564712524414 -49.376365661621094 -0.5
vertex 42.527587890625 -49.18502426147461 -0.5
endloop
endfacet
facet normal 0 0 1
outer loop
vertex 4.321816444396973 -50.38502502441406 -0.5
vertex 42.527587890625 -48.18502426147461 -0.5
vertex 24.87651824951172 -43.2650260925293 -0.5
endloop
endfacet
facet normal 0 0 1
outer loop
vertex 24.87651824951172 -43.2650260925293 -0.5
vertex 21.599973678588867 -43.43502426147461 -0.5
vertex 4.321816444396973 -50.38502502441406 -0.5
endloop
endfacet
facet normal 0 0 1
outer loop
vertex 21.599973678588867 -43.43502426147461 -0.5
vertex -0.8701034784317017 -45.8033561706543 -0.5
vertex -0.8419643640518188 -45.82305908203125 -0.5
endloop
endfacet
facet normal 0 0 1
outer loop
vertex 29.521982192993164 55.11370849609375 -0.5
vertex 32.46450424194336 52.12831497192383 -0.5
vertex 31.009031295776367 54.5034294128418 -0.5
endloop
endfacet
facet normal 0 0 1
outer loop
vertex 21.599973678588867 -43.43502426147461 -0.5
vertex -0.9490934014320374 -45.76652526855469 -0.5
vertex -0.8701034784317017 -45.8033561706543 -0.5
endloop
endfacet
facet normal 0 0 1
outer loop
vertex 21.599973678588867 -43.43502426147461 -0.5
vertex -1.0332794189453125 -45.74396514892578 -0.5
vertex -0.9490934014320374 -45.76652526855469 -0.5
endloop
endfacet
facet normal 0 0 1
outer loop
vertex 21.599973678588867 -43.43502426147461 -0.5
vertex -1.1168098449707031 -45.736656188964844 -0.5
vertex -1.0332794189453125 -45.74396514892578 -0.5
endloop
endfacet
facet normal 0 0 1
outer loop
vertex -1.1168098449707031 -45.736656188964844 -0.5
vertex 21.599973678588867 -43.43502426147461 -0.5
vertex -16.400026321411133 -43.43502426147461 -0.5
endloop
endfacet
facet normal 0 0 1
outer loop
vertex 0.7639672160148621 -46.925113677978516 -0.5
vertex 21.599973678588867 -43.43502426147461 -0.5
vertex 0.7023387551307678 -46.863487243652344 -0.5
endloop
endfacet
facet normal 0 0 1
outer loop
vertex 0.7639672160148621 -46.925113677978516 -0.5
vertex 0.813957691192627 -46.99650955200195 -0.5
vertex 21.599973678588867 -43.43502426147461 -0.5
endloop
endfacet
facet normal 0 0 1
outer loop
vertex 0.813957691192627 -46.99650955200195 -0.5
vertex 0.8428847193717957 -47.05516815185547 -0.5
vertex 21.599973678588867 -43.43502426147461 -0.5
endloop
endfacet
facet normal 0 0 1
outer loop
vertex -71.3580551147461 -44.57606887817383 -0.5
vertex -76.6493911743164 -44.53800582885742 -0.5
vertex -75.45805358886719 -45.24639892578125 -0.5
endloop
endfacet
facet normal 0 0 1
outer loop
vertex -76.95805358886719 -44.07606887817383 -0.5
vertex -76.95805358886719 -43.43502426147461 -0.5
vertex -77.4000244140625 -43.43502426147461 -0.5
endloop
endfacet
facet normal 0 0 1
outer loop
vertex -76.81160736083984 -44.429622650146484 -0.5
vertex -76.91999053955078 -44.26741027832031 -0.5
vertex -79.74838256835938 -45.21812057495117 -0.5
endloop
endfacet
facet normal 0 0 1
outer loop
vertex -76.6493911743164 -44.53800582885742 -0.5
vertex -79.74838256835938 -45.21812057495117 -0.5
vertex -75.45805358886719 -45.24639892578125 -0.5
endloop
endfacet
facet normal 0 0 1
outer loop
vertex -76.6493911743164 -44.53800582885742 -0.5
vertex -76.81160736083984 -44.429622650146484 -0.5
vertex -79.74838256835938 -45.21812057495117 -0.5
endloop
endfacet
facet normal 0 0 1
outer loop
vertex -77.4000244140625 -43.43502426147461 -0.5
vertex -77.4000244140625 -43.13742446899414 -0.5
vertex -79.74838256835938 -45.21812057495117 -0.5
endloop
endfacet
facet normal 0 0 1
outer loop
vertex -76.95805358886719 -44.07606887817383 -0.5
vertex -77.4000244140625 -43.43502426147461 -0.5
vertex -79.74838256835938 -45.21812057495117 -0.5
endloop
endfacet
facet normal 0 0 1
outer loop
vertex -77.4000244140625 -43.13742446899414 -0.5
vertex -78.28997802734375 -43.13502502441406 -0.5
vertex -79.74838256835938 -45.21812057495117 -0.5
endloop
endfacet
facet normal 0 0 1
outer loop
vertex -78.28997802734375 -43.13502502441406 -0.5
vertex -78.70002746582031 -42.7249755859375 -0.5
vertex -79.70326232910156 -44.71162796020508 -0.5
endloop
endfacet
facet normal 0 0 1
outer loop
vertex -76.91999053955078 -44.26741027832031 -0.5
vertex -76.95805358886719 -44.07606887817383 -0.5
vertex -79.74838256835938 -45.21812057495117 -0.5
endloop
endfacet
facet normal 0 0 1
outer loop
vertex -79.70326232910156 -44.71162796020508 -0.5
vertex -79.74838256835938 -45.21812057495117 -0.5
vertex -78.28997802734375 -43.13502502441406 -0.5
endloop
endfacet
facet normal 0 0 1
outer loop
vertex 41.46149444580078 9.364974021911621 -0.5
vertex 59.512474060058594 5.357614994049072 -0.5
vertex 61.55536651611328 5.357614994049072 -0.5
endloop
endfacet
facet normal 0 0 1
outer loop
vertex 41.46149444580078 9.364974021911621 -0.5
vertex 61.55536651611328 5.357614994049072 -0.5
vertex 62.917625427246094 6.717182636260986 -0.5
endloop
endfacet
facet normal 0 0 1
outer loop
vertex 62.94844055175781 6.747996807098389 -0.5
vertex 63.019832611083984 6.79798698425293 -0.5
vertex 41.46149444580078 9.364974021911621 -0.5
endloop
endfacet
facet normal 0 0 1
outer loop
vertex 62.94844055175781 6.747996807098389 -0.5
vertex 41.46149444580078 9.364974021911621 -0.5
vertex 62.917625427246094 6.717182636260986 -0.5
endloop
endfacet
facet normal 0 0 1
outer loop
vertex 63.18301010131836 6.8573784828186035 -0.5
vertex 63.269832611083984 6.864974498748779 -0.5
vertex 41.46149444580078 9.364974021911621 -0.5
endloop
endfacet
facet normal 0 0 1
outer loop
vertex 63.09882354736328 6.834820747375488 -0.5
vertex 63.18301010131836 6.8573784828186035 -0.5
vertex 41.46149444580078 9.364974021911621 -0.5
endloop
endfacet
facet normal 0 0 1
outer loop
vertex 63.019832611083984 6.79798698425293 -0.5
vertex 63.09882354736328 6.834820747375488 -0.5
vertex 41.46149444580078 9.364974021911621 -0.5
endloop
endfacet
facet normal 0 0 1
outer loop
vertex 40.699974060058594 8.6034517288208 -0.5
vertex 59.512474060058594 -15.14238452911377 -0.5
vertex 41.46149444580078 9.364974021911621 -0.5
endloop
endfacet
facet normal 0 0 1
outer loop
vertex 40.699974060058594 8.6034517288208 -0.5
vertex 59.512474060058594 -27.15013885498047 -0.5
vertex 59.512474060058594 -15.14238452911377 -0.5
endloop
endfacet
facet normal 0 0 1
outer loop
vertex 63.269832611083984 6.864974498748779 -0.5
vertex 76.96763610839844 9.364974021911621 -0.5
vertex 41.46149444580078 9.364974021911621 -0.5
endloop
endfacet
facet normal 0 0 1
outer loop
vertex -79.70326232910156 -44.71162796020508 -0.5
vertex -80.25161743164062 -44.71073532104492 -0.5
vertex -79.74838256835938 -45.21812057495117 -0.5
endloop
endfacet
facet normal 0 0 1
outer loop
vertex 50.093406677246094 -20.34008026123047 -0.5
vertex 50.199974060058594 -20.597360610961914 -0.5
vertex 59.512474060058594 -27.15013885498047 -0.5
endloop
endfacet
facet normal 0 0 1
outer loop
vertex 48.4676399230957 -18.865026473999023 -0.5
vertex 48.724918365478516 -18.971593856811523 -0.5
vertex 40.699974060058594 8.6034517288208 -0.5
endloop
endfacet
facet normal 0 0 1
outer loop
vertex 0.8428847193717957 -47.05516815185547 -0.5
vertex 1.1180760860443115 -47.719539642333984 -0.5
vertex 21.599973678588867 -43.43502426147461 -0.5
endloop
endfacet
facet normal 0 0 1
outer loop
vertex 21.599973678588867 -43.43502426147461 -0.5
vertex 3.402961015701294 -50.004425048828125 -0.5
vertex 4.321816444396973 -50.38502502441406 -0.5
endloop
endfacet
facet normal 0 0 1
outer loop
vertex 21.599973678588867 -43.43502426147461 -0.5
vertex 1.1180760860443115 -47.719539642333984 -0.5
vertex 3.402961015701294 -50.004425048828125 -0.5
endloop
endfacet
facet normal 0 0 1
outer loop
vertex 21.599973678588867 -43.43502426147461 -0.5
vertex -0.8419643640518188 -45.82305908203125 -0.5
vertex 0.6590840220451355 -46.83319854736328 -0.5
endloop
endfacet
facet normal 0 0 1
outer loop
vertex 21.599973678588867 -43.43502426147461 -0.5
vertex 0.6590840220451355 -46.83319854736328 -0.5
vertex 0.7023387551307678 -46.863487243652344 -0.5
endloop
endfacet
facet normal 0 0 1
outer loop
vertex -71.3580551147461 -47.24107360839844 -0.5
vertex -71.3580551147461 -44.57606887817383 -0.5
vertex -73.6942138671875 -46.793609619140625 -0.5
endloop
endfacet
facet normal 0 0 1
outer loop
vertex -71.3580551147461 -44.57606887817383 -0.5
vertex -74.95805358886719 -46.20426940917969 -0.5
vertex -73.6942138671875 -46.793609619140625 -0.5
endloop
endfacet
facet normal 0 0 1
outer loop
vertex -71.3580551147461 -44.57606887817383 -0.5
vertex -75.45805358886719 -45.85416793823242 -0.5
vertex -74.95805358886719 -46.20426940917969 -0.5
endloop
endfacet
facet normal 0 0 1
outer loop
vertex -73.6942138671875 -46.793609619140625 -0.5
vertex -72.34723663330078 -47.1545295715332 -0.5
vertex -71.3580551147461 -47.24107360839844 -0.5
endloop
endfacet
facet normal 0 0 1
outer loop
vertex -71.3580551147461 -44.57606887817383 -0.5
vertex -75.45805358886719 -45.24639892578125 -0.5
vertex -75.45805358886719 -45.85416793823242 -0.5
endloop
endfacet
facet normal 0 0 1
outer loop
vertex -0.2373722791671753 54.083091735839844 -0.5
vertex -0.1816885620355606 52.51497268676758 -0.5
vertex -0.17883870005607605 54.14162826538086 -0.5
endloop
endfacet
facet normal 0 0 1
outer loop
vertex -0.2373722791671753 54.083091735839844 -0.5
vertex -0.35023078322410583 54.01376724243164 -0.5
vertex -0.1816885620355606 52.51497268676758 -0.5
endloop
endfacet
facet normal 0 0 1
outer loop
vertex -0.35023078322410583 54.01376724243164 -0.5
vertex -1.5449533462524414 53.46090316772461 -0.5
vertex -0.1816885620355606 52.51497268676758 -0.5
endloop
endfacet
facet normal 0 0 1
outer loop
vertex 37.03230667114258 43.26497268676758 -0.5
vertex 36.12982940673828 45.774742126464844 -0.5
vertex 36.0456428527832 45.79730224609375 -0.5
endloop
endfacet
facet normal 0 0 1
outer loop
vertex 44.027587890625 -50.38502502441406 -0.5
vertex 44.027587890625 -50.9631233215332 -0.5
vertex 44.527587890625 -51.313228607177734 -0.5
endloop
endfacet
facet normal 0 0 1
outer loop
vertex 44.027587890625 -50.38502502441406 -0.5
vertex 44.527587890625 -51.313228607177734 -0.5
vertex 48.127586364746094 -49.68502426147461 -0.5
endloop
endfacet
facet normal 0 0 1
outer loop
vertex 37.03230667114258 43.26497268676758 -0.5
vertex 36.215328216552734 45.76726531982422 -0.5
vertex 36.12982940673828 45.774742126464844 -0.5
endloop
endfacet
facet normal 0 0 1
outer loop
vertex 37.03230667114258 43.26497268676758 -0.5
vertex 35.96665573120117 45.83413314819336 -0.5
vertex 35.906585693359375 45.874900817871094 -0.5
endloop
endfacet
facet normal 0 0 1
outer loop
vertex 37.03230667114258 43.26497268676758 -0.5
vertex 36.0456428527832 45.79730224609375 -0.5
vertex 35.96665573120117 45.83413314819336 -0.5
endloop
endfacet
facet normal 0 0 1
outer loop
vertex -1.5449533462524414 53.46090316772461 -0.5
vertex -0.7412577271461487 51.31497573852539 -0.5
vertex -0.1816885620355606 52.51497268676758 -0.5
endloop
endfacet
facet normal 0 0 1
outer loop
vertex -1.5449533462524414 53.46090316772461 -0.5
vertex -1.7542831897735596 53.414974212646484 -0.5
vertex -0.7412577271461487 51.31497573852539 -0.5
endloop
endfacet
facet normal 0 0 1
outer loop
vertex 44.527587890625 -51.313228607177734 -0.5
vertex 45.79142761230469 -51.902565002441406 -0.5
vertex 48.127586364746094 -52.35002899169922 -0.5
endloop
endfacet
facet normal 0 0 1
outer loop
vertex 45.79142761230469 -51.902565002441406 -0.5
vertex 47.13840103149414 -52.26348876953125 -0.5
vertex 48.127586364746094 -52.35002899169922 -0.5
endloop
endfacet
facet normal 0 0 1
outer loop
vertex 44.527587890625 -51.313228607177734 -0.5
vertex 48.127586364746094 -52.35002899169922 -0.5
vertex 48.127586364746094 -49.68502426147461 -0.5
endloop
endfacet
facet normal 0 0 1
outer loop
vertex -1.7542831897735596 53.414974212646484 -0.5
vertex -9.420025825500488 51.31497573852539 -0.5
vertex -0.7412577271461487 51.31497573852539 -0.5
endloop
endfacet
facet normal 0 0 1
outer loop
vertex 48.927589416503906 -49.68502426147461 -0.5
vertex 48.927589416503906 -52.35002899169922 -0.5
vertex 49.91677474975586 -52.26348876953125 -0.5
endloop
endfacet
facet normal 0 0 1
outer loop
vertex 48.927589416503906 -49.68502426147461 -0.5
vertex 49.91677474975586 -52.26348876953125 -0.5
vertex 51.26374816894531 -51.902565002441406 -0.5
endloop
endfacet
facet normal 0 0 1
outer loop
vertex 48.927589416503906 -49.68502426147461 -0.5
vertex 51.26374816894531 -51.902565002441406 -0.5
vertex 52.527587890625 -51.313228607177734 -0.5
endloop
endfacet
facet normal 0 0 1
outer loop
vertex 76.96763610839844 9.364974021911621 -0.5
vertex 63.269832611083984 6.864974498748779 -0.5
vertex 77.43344116210938 6.864974498748779 -0.5
endloop
endfacet
facet normal 0 0 1
outer loop
vertex 43.027587890625 -47.68502426147461 -0.5
vertex 54.027587890625 -47.68502426147461 -0.5
vertex 48.724918365478516 -43.1584587097168 -0.5
endloop
endfacet
facet normal 0 0 1
outer loop
vertex 43.027587890625 -47.68502426147461 -0.5
vertex 48.724918365478516 -43.1584587097168 -0.5
vertex 48.4676399230957 -43.2650260925293 -0.5
endloop
endfacet
facet normal 0 0 1
outer loop
vertex 50.093406677246094 -41.78997039794922 -0.5
vertex 48.724918365478516 -43.1584587097168 -0.5
vertex 54.027587890625 -47.68502426147461 -0.5
endloop
endfacet
facet normal 0 0 1
outer loop
vertex 36.775028228759766 43.15840530395508 -0.5
vertex 37.03230667114258 43.26497268676758 -0.5
vertex 33.779972076416016 43.414974212646484 -0.5
endloop
endfacet
facet normal 0 0 1
outer loop
vertex -16.400026321411133 -43.43502426147461 -0.5
vertex -64.9961166381836 -44.26741027832031 -0.5
vertex -1.1168098449707031 -45.736656188964844 -0.5
endloop
endfacet
facet normal 0 0 1
outer loop
vertex 32.68238067626953 49.639739990234375 -0.5
vertex 33.503475189208984 46.57537078857422 -0.5
vertex 34.10341262817383 47.438331604003906 -0.5
endloop
endfacet
facet normal 0 0 1
outer loop
vertex 77.22492218017578 9.471543312072754 -0.5
vertex 77.43344116210938 6.864974498748779 -0.5
vertex 78.30252838134766 7.2004804611206055 -0.5
endloop
endfacet
facet normal 0 0 1
outer loop
vertex 77.22492218017578 9.471543312072754 -0.5
vertex 76.96763610839844 9.364974021911621 -0.5
vertex 77.43344116210938 6.864974498748779 -0.5
endloop
endfacet
facet normal 0 0 1
outer loop
vertex 33.503475189208984 46.57537078857422 -0.5
vertex 34.27784729003906 47.16239929199219 -0.5
vertex 34.204891204833984 47.233253479003906 -0.5
endloop
endfacet
facet normal 0 0 1
outer loop
vertex 77.22492218017578 9.471543312072754 -0.5
vertex 78.30252838134766 7.2004804611206055 -0.5
vertex 78.5934066772461 10.840028762817383 -0.5
endloop
endfacet
facet normal 0 0 1
outer loop
vertex 33.503475189208984 46.57537078857422 -0.5
vertex 34.118064880371094 47.38364028930664 -0.5
vertex 34.10341262817383 47.438331604003906 -0.5
endloop
endfacet
facet normal 0 0 1
outer loop
vertex 33.503475189208984 46.57537078857422 -0.5
vertex 34.15489959716797 47.304649353027344 -0.5
vertex 34.118064880371094 47.38364028930664 -0.5
endloop
endfacet
facet normal 0 0 1
outer loop
vertex 33.503475189208984 46.57537078857422 -0.5
vertex 34.204891204833984 47.233253479003906 -0.5
vertex 34.15489959716797 47.304649353027344 -0.5
endloop
endfacet
facet normal 0 0 1
outer loop
vertex -9.420025825500488 51.31497573852539 -0.5
vertex -1.7542831897735596 53.414974212646484 -0.5
vertex -10.455559730529785 53.414974212646484 -0.5
endloop
endfacet
facet normal 0 0 1
outer loop
vertex 78.30252838134766 7.2004804611206055 -0.5
vertex 80.6633071899414 9.342406272888184 -0.5
vertex 78.5934066772461 10.840028762817383 -0.5
endloop
endfacet
facet normal 0 0 1
outer loop
vertex 80.6633071899414 9.342406272888184 -0.5
vertex 78.6999740600586 11.097309112548828 -0.5
vertex 78.5934066772461 10.840028762817383 -0.5
endloop
endfacet
facet normal 0 0 1
outer loop
vertex 80.6633071899414 9.342406272888184 -0.5
vertex 81.09156036376953 10.304705619812012 -0.5
vertex 78.6999740600586 11.097309112548828 -0.5
endloop
endfacet
facet normal 0 0 1
outer loop
vertex -9.420025825500488 51.31497573852539 -0.5
vertex -10.455559730529785 53.414974212646484 -0.5
vertex -11.920025825500488 51.95050811767578 -0.5
endloop
endfacet
facet normal 0 0 1
outer loop
vertex -9.420025825500488 51.31497573852539 -0.5
vertex -11.920025825500488 51.95050811767578 -0.5
vertex -9.420025825500488 50.914974212646484 -0.5
endloop
endfacet
facet normal 0 0 1
outer loop
vertex 79.63334655761719 22.340940475463867 -0.5
vertex 78.6999740600586 11.097309112548828 -0.5
vertex 81.09156036376953 10.304705619812012 -0.5
endloop
endfacet
facet normal 0 0 1
outer loop
vertex -11.920025825500488 51.95050811767578 -0.5
vertex -9.420025825500488 43.414974212646484 -0.5
vertex -9.420025825500488 50.914974212646484 -0.5
endloop
endfacet
facet normal 0 0 1
outer loop
vertex 34.5384521484375 24.26497459411621 -0.5
vertex 35.29997253417969 25.02649688720703 -0.5
vertex 29.521982192993164 31.71623992919922 -0.5
endloop
endfacet
facet normal 0 0 1
outer loop
vertex -0.1816885620355606 34.31497573852539 -0.5
vertex -0.7412577271461487 35.51497268676758 -0.5
vertex -3.4200263023376465 35.51497268676758 -0.5
endloop
endfacet
facet normal 0 0 1
outer loop
vertex -9.420025825500488 43.414974212646484 -0.5
vertex -11.920025825500488 51.95050811767578 -0.5
vertex -11.920025825500488 47.91850280761719 -0.5
endloop
endfacet
facet normal 0 0 1
outer loop
vertex 33.503475189208984 46.57537078857422 -0.5
vertex 35.906585693359375 45.874900817871094 -0.5
vertex 34.27784729003906 47.16239929199219 -0.5
endloop
endfacet
facet normal 0 0 1
outer loop
vertex 33.503475189208984 46.57537078857422 -0.5
vertex 37.03230667114258 43.26497268676758 -0.5
vertex 35.906585693359375 45.874900817871094 -0.5
endloop
endfacet
facet normal 0 0 1
outer loop
vertex -9.420025825500488 43.414974212646484 -0.5
vertex -11.920025825500488 47.91850280761719 -0.5
vertex -11.92762279510498 47.83168029785156 -0.5
endloop
endfacet
facet normal 0 0 1
outer loop
vertex 37.03230667114258 43.26497268676758 -0.5
vertex 33.503475189208984 46.57537078857422 -0.5
vertex 33.779972076416016 43.414974212646484 -0.5
endloop
endfacet
facet normal 0 0 1
outer loop
vertex 36.775028228759766 43.15840530395508 -0.5
vertex 33.779972076416016 43.414974212646484 -0.5
vertex 35.40654373168945 41.789920806884766 -0.5
endloop
endfacet
facet normal 0 0 1
outer loop
vertex 33.779972076416016 43.414974212646484 -0.5
vertex 35.29997253417969 41.53263854980469 -0.5
vertex 35.40654373168945 41.789920806884766 -0.5
endloop
endfacet
facet normal 0 0 1
outer loop
vertex 33.779972076416016 43.414974212646484 -0.5
vertex 33.503475189208984 40.25457763671875 -0.5
vertex 35.29997253417969 41.53263854980469 -0.5
endloop
endfacet
facet normal 0 0 1
outer loop
vertex 48.724918365478516 -18.971593856811523 -0.5
vertex 50.093406677246094 -20.34008026123047 -0.5
vertex 40.699974060058594 8.6034517288208 -0.5
endloop
endfacet
facet normal 0 0 1
outer loop
vertex -13.282360076904297 43.26497268676758 -0.5
vertex -13.025080680847168 43.15840530395508 -0.5
vertex -13.829315185546875 45.80796813964844 -0.5
endloop
endfacet
facet normal 0 0 1
outer loop
vertex 78.6999740600586 11.097309112548828 -0.5
vertex 79.63334655761719 22.340940475463867 -0.5
vertex 79.70452117919922 42.840816497802734 -0.5
endloop
endfacet
facet normal 0 0 1
outer loop
vertex -9.420025825500488 43.414974212646484 -0.5
vertex -11.950180053710938 47.747493743896484 -0.5
vertex -11.987013816833496 47.66850280761719 -0.5
endloop
endfacet
facet normal 0 0 1
outer loop
vertex 37.03230667114258 43.26497268676758 -0.5
vertex 77.75872802734375 45.65699768066406 -0.5
vertex 36.215328216552734 45.76726531982422 -0.5
endloop
endfacet
facet normal 0 0 1
outer loop
vertex 78.6999740600586 41.53263854980469 -0.5
vertex 78.6999740600586 11.097309112548828 -0.5
vertex 79.70452117919922 42.840816497802734 -0.5
endloop
endfacet
facet normal 0 0 1
outer loop
vertex -9.420025825500488 43.414974212646484 -0.5
vertex -11.92762279510498 47.83168029785156 -0.5
vertex -11.950180053710938 47.747493743896484 -0.5
endloop
endfacet
facet normal 0 0 1
outer loop
vertex -9.420025825500488 43.414974212646484 -0.5
vertex -11.987013816833496 47.66850280761719 -0.5
vertex -12.037003517150879 47.597110748291016 -0.5
endloop
endfacet
facet normal 0 0 1
outer loop
vertex -12.068135261535645 47.56597900390625 -0.5
vertex -9.420025825500488 43.414974212646484 -0.5
vertex -12.037003517150879 47.597110748291016 -0.5
endloop
endfacet
facet normal 0 0 1
outer loop
vertex -12.420025825500488 43.414974212646484 -0.5
vertex -12.068135261535645 47.56597900390625 -0.5
vertex -13.829315185546875 45.80796813964844 -0.5
endloop
endfacet
facet normal 0 0 1
outer loop
vertex -13.829315185546875 45.80796813964844 -0.5
vertex -14.182106018066406 45.66057205200195 -0.5
vertex -13.282360076904297 43.26497268676758 -0.5
endloop
endfacet
facet normal 0 0 1
outer loop
vertex 33.503475189208984 40.25457763671875 -0.5
vertex 35.29997253417969 25.02649688720703 -0.5
vertex 35.29997253417969 41.53263854980469 -0.5
endloop
endfacet
facet normal 0 0 1
outer loop
vertex 32.68238067626953 37.190208435058594 -0.5
vertex 35.29997253417969 25.02649688720703 -0.5
vertex 33.503475189208984 40.25457763671875 -0.5
endloop
endfacet
facet normal 0 0 1
outer loop
vertex -9.420025825500488 43.414974212646484 -0.5
vertex -12.068135261535645 47.56597900390625 -0.5
vertex -12.420025825500488 43.414974212646484 -0.5
endloop
endfacet
facet normal 0 0 1
outer loop
vertex -13.025080680847168 43.15840530395508 -0.5
vertex -12.420025825500488 42.55335235595703 -0.5
vertex -12.420025825500488 43.414974212646484 -0.5
endloop
endfacet
facet normal 0 0 1
outer loop
vertex -79.5912094116211 24.174964904785156 -0.5
vertex -78.70002746582031 -23.03722381591797 -0.5
vertex -78.70002746582031 22.53264045715332 -0.5
endloop
endfacet
facet normal 0 0 1
outer loop
vertex 50.093406677246094 -20.34008026123047 -0.5
vertex 59.512474060058594 -27.15013885498047 -0.5
vertex 40.699974060058594 8.6034517288208 -0.5
endloop
endfacet
facet normal 0 0 1
outer loop
vertex -14.182106018066406 45.66057205200195 -0.5
vertex -72.21768951416016 43.26497268676758 -0.5
vertex -13.282360076904297 43.26497268676758 -0.5
endloop
endfacet
facet normal 0 0 1
outer loop
vertex -3.4200263023376465 35.51497268676758 -0.5
vertex 1.6379649639129639 31.71623992919922 -0.5
vertex -0.1816885620355606 34.31497573852539 -0.5
endloop
endfacet
facet normal 0 0 1
outer loop
vertex -3.4200263023376465 35.51497268676758 -0.5
vertex -3.4200263023376465 24.26497459411621 -0.5
vertex 3.881239175796509 29.472965240478516 -0.5
endloop
endfacet
facet normal 0 0 1
outer loop
vertex -72.21768951416016 43.26497268676758 -0.5
vertex -14.182106018066406 45.66057205200195 -0.5
vertex -72.6801528930664 45.765811920166016 -0.5
endloop
endfacet
facet normal 0 0 1
outer loop
vertex -79.5912094116211 24.174964904785156 -0.5
vertex -78.70002746582031 22.53264045715332 -0.5
vertex -78.59346008300781 22.789918899536133 -0.5
endloop
endfacet
facet normal 0 0 1
outer loop
vertex -0.1816885620355606 52.51497268676758 -0.5
vertex 2.0754892826080322 56.780548095703125 -0.5
vertex -0.17883870005607605 54.14162826538086 -0.5
endloop
endfacet
facet normal 0 0 1
outer loop
vertex -0.1816885620355606 52.51497268676758 -0.5
vertex 1.6379649639129639 55.11370849609375 -0.5
vertex 2.0754892826080322 56.780548095703125 -0.5
endloop
endfacet
facet normal 0 0 1
outer loop
vertex 2.0754892826080322 56.780548095703125 -0.5
vertex 1.6379649639129639 55.11370849609375 -0.5
vertex 3.881239175796509 57.35698318481445 -0.5
endloop
endfacet
facet normal 0 0 1
outer loop
vertex 2.2144007682800293 56.91946029663086 -0.5
vertex 2.0754892826080322 56.780548095703125 -0.5
vertex 4.332588195800781 58.72856140136719 -0.5
endloop
endfacet
facet normal 0 0 1
outer loop
vertex -80.66424560546875 24.286733627319336 -0.5
vertex -80.71305847167969 24.176790237426758 -0.5
vertex -79.5912094116211 24.174964904785156 -0.5
endloop
endfacet
facet normal 0 0 1
outer loop
vertex -79.5912094116211 24.174964904785156 -0.5
vertex -78.59346008300781 22.789918899536133 -0.5
vertex -77.22496795654297 24.158405303955078 -0.5
endloop
endfacet
facet normal 0 0 1
outer loop
vertex -80.66424560546875 24.286733627319336 -0.5
vertex -79.5912094116211 24.174964904785156 -0.5
vertex -73.95002746582031 26.624061584472656 -0.5
endloop
endfacet
facet normal 0 0 1
outer loop
vertex -73.95002746582031 26.624061584472656 -0.5
vertex -79.5912094116211 24.174964904785156 -0.5
vertex -77.22496795654297 24.158405303955078 -0.5
endloop
endfacet
facet normal 0 0 1
outer loop
vertex -80.66424560546875 24.286733627319336 -0.5
vertex -73.95002746582031 26.624061584472656 -0.5
vertex -78.4197769165039 26.32314109802246 -0.5
endloop
endfacet
facet normal 0 0 1
outer loop
vertex -73.95002746582031 26.624061584472656 -0.5
vertex -77.52816772460938 26.80130386352539 -0.5
vertex -78.4197769165039 26.32314109802246 -0.5
endloop
endfacet
facet normal 0 0 1
outer loop
vertex -73.95002746582031 26.624061584472656 -0.5
vertex -77.22496795654297 24.158405303955078 -0.5
vertex -76.96768951416016 24.26497459411621 -0.5
endloop
endfacet
facet normal 0 0 1
outer loop
vertex -76.96768951416016 24.26497459411621 -0.5
vertex -74.7115478515625 24.26497459411621 -0.5
vertex -73.95002746582031 26.624061584472656 -0.5
endloop
endfacet
facet normal 0 0 1
outer loop
vertex -73.95002746582031 26.624061584472656 -0.5
vertex -77.45677947998047 26.851293563842773 -0.5
vertex -77.52816772460938 26.80130386352539 -0.5
endloop
endfacet
facet normal 0 0 1
outer loop
vertex -73.95002746582031 26.624061584472656 -0.5
vertex -77.3506088256836 26.97652816772461 -0.5
vertex -77.39514923095703 26.912921905517578 -0.5
endloop
endfacet
facet normal 0 0 1
outer loop
vertex -73.95002746582031 26.624061584472656 -0.5
vertex -77.39514923095703 26.912921905517578 -0.5
vertex -77.45677947998047 26.851293563842773 -0.5
endloop
endfacet
facet normal 0 0 1
outer loop
vertex -74.7115478515625 24.26497459411621 -0.5
vertex -73.95002746582031 25.02649688720703 -0.5
vertex -73.95002746582031 26.624061584472656 -0.5
endloop
endfacet
facet normal 0 0 1
outer loop
vertex -73.95002746582031 26.624061584472656 -0.5
vertex -76.49951934814453 28.388126373291016 -0.5
vertex -77.3506088256836 26.97652816772461 -0.5
endloop
endfacet
facet normal 0 0 1
outer loop
vertex -76.45722961425781 28.474905014038086 -0.5
vertex -76.49951934814453 28.388126373291016 -0.5
vertex -73.95002746582031 26.624061584472656 -0.5
endloop
endfacet
facet normal 0 0 1
outer loop
vertex -76.43467712402344 28.559091567993164 -0.5
vertex -76.45722961425781 28.474905014038086 -0.5
vertex -73.95002746582031 26.624061584472656 -0.5
endloop
endfacet
facet normal 0 0 1
outer loop
vertex -76.43467712402344 28.559091567993164 -0.5
vertex -73.95002746582031 26.624061584472656 -0.5
vertex -76.42735290527344 28.642738342285156 -0.5
endloop
endfacet
facet normal 0 0 1
outer loop
vertex -76.34007263183594 42.33056640625 -0.5
vertex -76.42735290527344 28.642738342285156 -0.5
vertex -73.95002746582031 26.624061584472656 -0.5
endloop
endfacet
facet normal 0 0 1
outer loop
vertex 18.45521354675293 62.19641876220703 -0.5
vertex 21.80474090576172 60.51737976074219 -0.5
vertex 18.64924430847168 62.165687561035156 -0.5
endloop
endfacet
facet normal 0 0 1
outer loop
vertex 18.45521354675293 62.19641876220703 -0.5
vertex 18.74036979675293 61.33847427368164 -0.5
vertex 21.80474090576172 60.51737976074219 -0.5
endloop
endfacet
facet normal 0 0 1
outer loop
vertex 18.45521354675293 62.19641876220703 -0.5
vertex 15.579974174499512 61.61497497558594 -0.5
vertex 18.74036979675293 61.33847427368164 -0.5
endloop
endfacet
facet normal 0 0 1
outer loop
vertex 15.579974174499512 61.61497497558594 -0.5
vertex 18.45521354675293 62.19641876220703 -0.5
vertex 15.67819881439209 62.414974212646484 -0.5
endloop
endfacet
facet normal 0 0 1
outer loop
vertex 15.579974174499512 61.61497497558594 -0.5
vertex 15.67819881439209 62.414974212646484 -0.5
vertex 15.481748580932617 62.414974212646484 -0.5
endloop
endfacet
facet normal 0 0 1
outer loop
vertex 12.419576644897461 61.33847427368164 -0.5
vertex 15.579974174499512 61.61497497558594 -0.5
vertex 15.481748580932617 62.414974212646484 -0.5
endloop
endfacet
facet normal 0 0 1
outer loop
vertex 12.419576644897461 61.33847427368164 -0.5
vertex 15.481748580932617 62.414974212646484 -0.5
vertex 12.704734802246094 62.19641876220703 -0.5
endloop
endfacet
facet normal 0 0 1
outer loop
vertex 12.419576644897461 61.33847427368164 -0.5
vertex 12.704734802246094 62.19641876220703 -0.5
vertex 12.510703086853027 62.165687561035156 -0.5
endloop
endfacet
facet normal 0 0 1
outer loop
vertex 12.419576644897461 61.33847427368164 -0.5
vertex 12.510703086853027 62.165687561035156 -0.5
vertex 9.802068710327148 61.51539993286133 -0.5
endloop
endfacet
facet normal 0 0 1
outer loop
vertex 52.527587890625 -51.313228607177734 -0.5
vertex 53.027587890625 -50.9631233215332 -0.5
vertex 53.027587890625 -50.38502502441406 -0.5
endloop
endfacet
facet normal 0 0 1
outer loop
vertex 48.927589416503906 -49.68502426147461 -0.5
vertex 52.527587890625 -51.313228607177734 -0.5
vertex 53.027587890625 -50.38502502441406 -0.5
endloop
endfacet
facet normal 0 0 1
outer loop
vertex 54.218929290771484 -49.64696502685547 -0.5
vertex 48.927589416503906 -49.68502426147461 -0.5
vertex 53.027587890625 -50.38502502441406 -0.5
endloop
endfacet
facet normal 0 0 1
outer loop
vertex 54.218929290771484 -49.64696502685547 -0.5
vertex 53.027587890625 -50.38502502441406 -0.5
vertex 57.428131103515625 -50.38502502441406 -0.5
endloop
endfacet
facet normal 0 0 1
outer loop
vertex 54.381141662597656 -49.538578033447266 -0.5
vertex 54.218929290771484 -49.64696502685547 -0.5
vertex 57.428131103515625 -50.38502502441406 -0.5
endloop
endfacet
facet normal 0 0 1
outer loop
vertex 54.48952865600586 -49.376365661621094 -0.5
vertex 54.381141662597656 -49.538578033447266 -0.5
vertex 57.428131103515625 -50.38502502441406 -0.5
endloop
endfacet
facet normal 0 0 1
outer loop
vertex 54.527587890625 -49.18502426147461 -0.5
vertex 54.48952865600586 -49.376365661621094 -0.5
vertex 57.428131103515625 -50.38502502441406 -0.5
endloop
endfacet
facet normal 0 0 1
outer loop
vertex 54.527587890625 -48.18502426147461 -0.5
vertex 54.527587890625 -49.18502426147461 -0.5
vertex 57.428131103515625 -50.38502502441406 -0.5
endloop
endfacet
facet normal 0 0 1
outer loop
vertex 54.218929290771484 -47.723087310791016 -0.5
vertex 50.199974060058594 -41.532691955566406 -0.5
vertex 54.027587890625 -47.68502426147461 -0.5
endloop
endfacet
facet normal 0 0 1
outer loop
vertex 54.218929290771484 -47.723087310791016 -0.5
vertex 54.381141662597656 -47.83147048950195 -0.5
vertex 50.199974060058594 -41.532691955566406 -0.5
endloop
endfacet
facet normal 0 0 1
outer loop
vertex 54.48952865600586 -47.993682861328125 -0.5
vertex 54.527587890625 -48.18502426147461 -0.5
vertex 58.34698486328125 -50.004425048828125 -0.5
endloop
endfacet
facet normal 0 0 1
outer loop
vertex 54.527587890625 -48.18502426147461 -0.5
vertex 57.428131103515625 -50.38502502441406 -0.5
vertex 58.34698486328125 -50.004425048828125 -0.5
endloop
endfacet
facet normal 0 0 1
outer loop
vertex 40.699974060058594 8.6034517288208 -0.5
vertex 41.46149444580078 -18.865026473999023 -0.5
vertex 48.4676399230957 -18.865026473999023 -0.5
endloop
endfacet
facet normal 0 0 1
outer loop
vertex 40.699974060058594 8.6034517288208 -0.5
vertex 40.699974060058594 -18.10350227355957 -0.5
vertex 41.46149444580078 -18.865026473999023 -0.5
endloop
endfacet
facet normal 0 0 1
outer loop
vertex 59.512474060058594 -47.65013885498047 -0.5
vertex 58.34698486328125 -50.004425048828125 -0.5
vertex 60.66061782836914 -47.65013885498047 -0.5
endloop
endfacet
facet normal 0 0 1
outer loop
vertex 58.34698486328125 -50.004425048828125 -0.5
vertex 60.63187026977539 -47.719539642333984 -0.5
vertex 60.66061782836914 -47.65013885498047 -0.5
endloop
endfacet
facet normal 0 0 1
outer loop
vertex -72.47496795654297 43.15840530395508 -0.5
vertex -72.21768951416016 43.26497268676758 -0.5
vertex -73.55171966552734 45.43025207519531 -0.5
endloop
endfacet
facet normal 0 0 1
outer loop
vertex 50.199974060058594 -41.532691955566406 -0.5
vertex 50.093406677246094 -41.78997039794922 -0.5
vertex 54.027587890625 -47.68502426147461 -0.5
endloop
endfacet
facet normal 0 0 1
outer loop
vertex 54.48952865600586 -47.993682861328125 -0.5
vertex 50.199974060058594 -20.597360610961914 -0.5
vertex 54.381141662597656 -47.83147048950195 -0.5
endloop
endfacet
facet normal 0 0 1
outer loop
vertex 54.48952865600586 -47.993682861328125 -0.5
vertex 58.34698486328125 -50.004425048828125 -0.5
vertex 50.199974060058594 -20.597360610961914 -0.5
endloop
endfacet
facet normal 0 0 1
outer loop
vertex 59.512474060058594 -47.65013885498047 -0.5
vertex 50.199974060058594 -20.597360610961914 -0.5
vertex 58.34698486328125 -50.004425048828125 -0.5
endloop
endfacet
facet normal 0 0 1
outer loop
vertex -72.21768951416016 43.26497268676758 -0.5
vertex -72.6801528930664 45.765811920166016 -0.5
vertex -73.55171966552734 45.43025207519531 -0.5
endloop
endfacet
facet normal 0 0 1
outer loop
vertex -73.84346008300781 41.789920806884766 -0.5
vertex -72.47496795654297 43.15840530395508 -0.5
vertex -73.55171966552734 45.43025207519531 -0.5
endloop
endfacet
facet normal 0 0 1
outer loop
vertex 54.381141662597656 -47.83147048950195 -0.5
vertex 50.199974060058594 -20.597360610961914 -0.5
vertex 50.199974060058594 -41.532691955566406 -0.5
endloop
endfacet
facet normal 0 0 1
outer loop
vertex 50.199974060058594 -20.597360610961914 -0.5
vertex 59.512474060058594 -47.65013885498047 -0.5
vertex 59.512474060058594 -27.15013885498047 -0.5
endloop
endfacet
facet normal 0 0 1
outer loop
vertex -73.84346008300781 41.789920806884766 -0.5
vertex -73.55171966552734 45.43025207519531 -0.5
vertex -75.9119644165039 43.2888069152832 -0.5
endloop
endfacet
facet normal 0 0 1
outer loop
vertex -73.95002746582031 41.53263854980469 -0.5
vertex -73.84346008300781 41.789920806884766 -0.5
vertex -75.9119644165039 43.2888069152832 -0.5
endloop
endfacet
facet normal 0 0 1
outer loop
vertex 9.802068710327148 61.51539993286133 -0.5
vertex 9.615233421325684 61.45469665527344 -0.5
vertex 12.419576644897461 61.33847427368164 -0.5
endloop
endfacet
facet normal 0 0 1
outer loop
vertex 9.355207443237305 60.51737976074219 -0.5
vertex 12.419576644897461 61.33847427368164 -0.5
vertex 9.615233421325684 61.45469665527344 -0.5
endloop
endfacet
facet normal 0 0 1
outer loop
vertex 9.355207443237305 60.51737976074219 -0.5
vertex 9.615233421325684 61.45469665527344 -0.5
vertex 6.479973793029785 59.1766357421875 -0.5
endloop
endfacet
facet normal 0 0 1
outer loop
vertex 6.479973793029785 59.1766357421875 -0.5
vertex 9.615233421325684 61.45469665527344 -0.5
vertex 7.04167366027832 60.38869094848633 -0.5
endloop
endfacet
facet normal 0 0 1
outer loop
vertex -73.95002746582031 26.624061584472656 -0.5
vertex -73.95002746582031 41.53263854980469 -0.5
vertex -76.34007263183594 42.33056640625 -0.5
endloop
endfacet
facet normal 0 0 1
outer loop
vertex 3.881239175796509 57.35698318481445 -0.5
vertex 6.479973793029785 59.1766357421875 -0.5
vertex 7.04167366027832 60.38869094848633 -0.5
endloop
endfacet
facet normal 0 0 1
outer loop
vertex 2.0754892826080322 56.780548095703125 -0.5
vertex 7.04167366027832 60.38869094848633 -0.5
vertex 6.866634845733643 60.299503326416016 -0.5
endloop
endfacet
facet normal 0 0 1
outer loop
vertex 2.0754892826080322 56.780548095703125 -0.5
vertex 6.866634845733643 60.299503326416016 -0.5
vertex 4.491519927978516 58.844032287597656 -0.5
endloop
endfacet
facet normal 0 0 1
outer loop
vertex 2.0754892826080322 56.780548095703125 -0.5
vertex 3.881239175796509 57.35698318481445 -0.5
vertex 7.04167366027832 60.38869094848633 -0.5
endloop
endfacet
facet normal 0 0 1
outer loop
vertex 2.0754892826080322 56.780548095703125 -0.5
vertex 4.491519927978516 58.844032287597656 -0.5
vertex 4.332588195800781 58.72856140136719 -0.5
endloop
endfacet
facet normal 0 0 1
outer loop
vertex 32.68238067626953 37.190208435058594 -0.5
vertex 31.341636657714844 34.31497573852539 -0.5
vertex 35.29997253417969 25.02649688720703 -0.5
endloop
endfacet
facet normal 1 0 0
outer loop
vertex 59.512474060058594 -47.65013885498047 -0.5
vertex 59.512474060058594 -27.15013885498047 -1
vertex 59.512474060058594 -27.15013885498047 -0.5
endloop
endfacet
facet normal 0 0 1
outer loop
vertex 61.512474060058594 -46.90013885498047 -1
vertex 61.512474060058594 -27.15013885498047 -1
vertex 59.512474060058594 -27.15013885498047 -1
endloop
endfacet
facet normal 0 0 1
outer loop
vertex 61.512474060058594 -46.90013885498047 -1
vertex 59.512474060058594 -27.15013885498047 -1
vertex 59.512474060058594 -47.65013885498047 -1
endloop
endfacet
facet normal 1 0 0
outer loop
vertex 59.512474060058594 -47.65013885498047 -0.5
vertex 59.512474060058594 -47.65013885498047 -1
vertex 59.512474060058594 -27.15013885498047 -1
endloop
endfacet
facet normal 0 1 0
outer loop
vertex 59.512474060058594 -47.65013885498047 -1
vertex 59.512474060058594 -47.65013885498047 -0.5
vertex 60.66061782836914 -47.65013885498047 -0.5
endloop
endfacet
facet normal 0 1 0
outer loop
vertex 61.201812744140625 -47.65013885498047 -1
vertex 59.512474060058594 -47.65013885498047 -1
vertex 60.66061782836914 -47.65013885498047 -0.5
endloop
endfacet
facet normal 0 0 1
outer loop
vertex 59.512474060058594 -47.65013885498047 -1
vertex 61.201812744140625 -47.65013885498047 -1
vertex 61.512474060058594 -46.90013885498047 -1
endloop
endfacet
facet normal 0 0 1
outer loop
vertex 81.41348266601562 42.83488082885742 -1
vertex 79.70452117919922 42.840816497802734 -1
vertex 81.63333129882812 22.333995819091797 -1
endloop
endfacet
facet normal 0.9999939728230439 -0.003471932831322158 0
outer loop
vertex 79.63334655761719 22.340940475463867 -1
vertex 79.70452117919922 42.840816497802734 -1
vertex 79.63334655761719 22.340940475463867 -0.5
endloop
endfacet
facet normal 0 0 1
outer loop
vertex 79.70452117919922 42.840816497802734 -1
vertex 79.63334655761719 22.340940475463867 -1
vertex 81.63333129882812 22.333995819091797 -1
endloop
endfacet
facet normal 0.0034726604641766574 0.9999939702964715 0
outer loop
vertex 79.63334655761719 22.340940475463867 -1
vertex 79.63334655761719 22.340940475463867 -0.5
vertex 81.13333129882812 22.335731506347656 -0.5
endloop
endfacet
facet normal 0.0034723337446675487 0.9999939714305307 9.80160371196624e-7
outer loop
vertex 79.63334655761719 22.340940475463867 -1
vertex 81.13333129882812 22.335731506347656 -0.5
vertex 81.63333129882812 22.333995819091797 -1
endloop
endfacet
facet normal 0.9999939728230439 -0.003471932831322158 0
outer loop
vertex 79.63334655761719 22.340940475463867 -0.5
vertex 79.70452117919922 42.840816497802734 -1
vertex 79.70452117919922 42.840816497802734 -0.5
endloop
endfacet
facet normal 0 0 1
outer loop
vertex 81.701904296875 42.08387756347656 -1
vertex 81.41348266601562 42.83488082885742 -1
vertex 81.63333129882812 22.333995819091797 -1
endloop
endfacet
facet normal -0.003473239852878222 -0.9999939682842713 0
outer loop
vertex 79.70452117919922 42.840816497802734 -1
vertex 81.41348266601562 42.83488082885742 -1
vertex 79.70452117919922 42.840816497802734 -0.5
endloop
endfacet
facet normal 0.021485234119823886 -0.9961270385251315 0.08526023594834509
outer loop
vertex 79.70452117919922 42.840816497802734 -0.5
vertex 81.41348266601562 42.83488082885742 -1
vertex 80.86597442626953 42.865867614746094 -0.5
endloop
endfacet
facet normal 0.0016264893952137832 0.9999986772651351 4.76836527473991e-7
outer loop
vertex -79.62454986572266 3.6749930381774902 -0.5
vertex -81.62454986572266 3.678246259689331 -1
vertex -81.12454986572266 3.6774327754974365 -0.5
endloop
endfacet
facet normal 0 0 1
outer loop
vertex -81.25971221923828 24.17767906188965 -1
vertex -81.59242248535156 23.428220748901367 -1
vertex -79.5912094116211 24.174964904785156 -1
endloop
endfacet
facet normal -0.99999867746969 0.0016263636957526504 0
outer loop
vertex -79.5912094116211 24.174964904785156 -0.5
vertex -79.5912094116211 24.174964904785156 -1
vertex -79.62454986572266 3.6749930381774902 -1
endloop
endfacet
facet normal 0 0 1
outer loop
vertex -79.5912094116211 24.174964904785156 -1
vertex -81.59242248535156 23.428220748901367 -1
vertex -79.62454986572266 3.6749930381774902 -1
endloop
endfacet
facet normal -0.99999867746969 0.0016263636957526504 0
outer loop
vertex -79.62454986572266 3.6749930381774902 -1
vertex -79.62454986572266 3.6749930381774902 -0.5
vertex -79.5912094116211 24.174964904785156 -0.5
endloop
endfacet
facet normal 0 0 1
outer loop
vertex -81.62454986572266 3.678246259689331 -1
vertex -79.62454986572266 3.6749930381774902 -1
vertex -81.59242248535156 23.428220748901367 -1
endloop
endfacet
facet normal 0.0016266086040304382 0.9999986770713496 0
outer loop
vertex -79.62454986572266 3.6749930381774902 -1
vertex -81.62454986572266 3.678246259689331 -1
vertex -79.62454986572266 3.6749930381774902 -0.5
endloop
endfacet
facet normal -0.0016266999977828385 -0.9999986769223334 8.367260694324977e-7
outer loop
vertex -81.25971221923828 24.17767906188965 -1
vertex -79.5912094116211 24.174964904785156 -1
vertex -80.71305847167969 24.176790237426758 -0.5
endloop
endfacet
facet normal -0.0016270729195446128 -0.9999986763159812 0
outer loop
vertex -79.5912094116211 24.174964904785156 -1
vertex -79.5912094116211 24.174964904785156 -0.5
vertex -80.71305847167969 24.176790237426758 -0.5
endloop
endfacet
facet normal -0.9999986768645296 0.001626735746858168 0
outer loop
vertex -79.66991424560547 -24.211654663085938 -1
vertex -79.70326232910156 -44.71162796020508 -1
vertex -79.66991424560547 -24.211654663085938 -0.5
endloop
endfacet
facet normal 0 0 1
outer loop
vertex -80.95697021484375 -44.70958709716797 -1
vertex -79.70326232910156 -44.71162796020508 -1
vertex -81.66991424560547 -24.20840072631836 -1
endloop
endfacet
facet normal -0.9999986768645296 0.001626735746858168 0
outer loop
vertex -79.70326232910156 -44.71162796020508 -1
vertex -79.70326232910156 -44.71162796020508 -0.5
vertex -79.66991424560547 -24.211654663085938 -0.5
endloop
endfacet
facet normal 0 0 1
outer loop
vertex -81.66991424560547 -24.20840072631836 -1
vertex -79.70326232910156 -44.71162796020508 -1
vertex -79.66991424560547 -24.211654663085938 -1
endloop
endfacet
facet normal -0.0016269662304764722 -0.9999986764877475 0.0000019073461084132148
outer loop
vertex -81.66991424560547 -24.20840072631836 -1
vertex -79.66991424560547 -24.211654663085938 -1
vertex -81.16991424560547 -24.209213256835938 -0.5
endloop
endfacet
facet normal -0.0016276020108316569 -0.99999867545497 0
outer loop
vertex -79.66991424560547 -24.211654663085938 -0.5
vertex -81.16991424560547 -24.209213256835938 -0.5
vertex -79.66991424560547 -24.211654663085938 -1
endloop
endfacet
facet normal 0 0 1
outer loop
vertex -80.95697021484375 -44.70958709716797 -1
vertex -81.66991424560547 -24.20840072631836 -1
vertex -81.70203399658203 -43.9583740234375 -1
endloop
endfacet
facet normal 0.00162784657847977 0.9999986750568802 3.248172681856136e-8
outer loop
vertex -79.70326232910156 -44.71162796020508 -0.5
vertex -80.95697021484375 -44.70958709716797 -1
vertex -80.25161743164062 -44.71073532104492 -0.5
endloop
endfacet
facet normal 0.0016278595327098248 0.9999986750357932 0
outer loop
vertex -79.70326232910156 -44.71162796020508 -1
vertex -80.95697021484375 -44.70958709716797 -1
vertex -79.70326232910156 -44.71162796020508 -0.5
endloop
endfacet
facet normal 0 0 1
outer loop
vertex 59.512474060058594 5.357614994049072 -1
vertex 61.512474060058594 -15.14238452911377 -1
vertex 61.512474060058594 4.607614994049072 -1
endloop
endfacet
facet normal 0 0 1
outer loop
vertex 61.512474060058594 4.607614994049072 -1
vertex 62.262474060058594 5.357614994049072 -1
vertex 59.512474060058594 5.357614994049072 -1
endloop
endfacet
facet normal 1 0 0
outer loop
vertex 59.512474060058594 -15.14238452911377 -0.5
vertex 59.512474060058594 5.357614994049072 -1
vertex 59.512474060058594 5.357614994049072 -0.5
endloop
endfacet
facet normal 0 0 1
outer loop
vertex 59.512474060058594 -15.14238452911377 -1
vertex 61.512474060058594 -15.14238452911377 -1
vertex 59.512474060058594 5.357614994049072 -1
endloop
endfacet
facet normal 1 0 0
outer loop
vertex 59.512474060058594 -15.14238452911377 -0.5
vertex 59.512474060058594 -15.14238452911377 -1
vertex 59.512474060058594 5.357614994049072 -1
endloop
endfacet
facet normal 0 -1 0
outer loop
vertex 59.512474060058594 5.357614994049072 -1
vertex 62.262474060058594 5.357614994049072 -1
vertex 59.512474060058594 5.357614994049072 -0.5
endloop
endfacet
facet normal 0 -1 0
outer loop
vertex 59.512474060058594 5.357614994049072 -0.5
vertex 62.262474060058594 5.357614994049072 -1
vertex 61.55536651611328 5.357614994049072 -0.5
endloop
endfacet
facet normal 1 0 0
outer loop
vertex 59.512474060058594 -27.15013885498047 -0.5
vertex 59.512474060058594 -15.14238452911377 -1
vertex 59.512474060058594 -15.14238452911377 -0.5
endloop
endfacet
facet normal 0 0 1
outer loop
vertex 61.512474060058594 -27.15013885498047 -1
vertex 61.512474060058594 -15.14238452911377 -1
vertex 59.512474060058594 -15.14238452911377 -1
endloop
endfacet
facet normal 0 0 1
outer loop
vertex 59.512474060058594 -27.15013885498047 -1
vertex 61.512474060058594 -27.15013885498047 -1
vertex 59.512474060058594 -15.14238452911377 -1
endloop
endfacet
facet normal 1 0 0
outer loop
vertex 59.512474060058594 -27.15013885498047 -1
vertex 59.512474060058594 -15.14238452911377 -1
vertex 59.512474060058594 -27.15013885498047 -0.5
endloop
endfacet
facet normal -0.0016266343668281365 -0.9999986770294432 7.1364390138140795e-9
outer loop
vertex -81.63055419921875 -0.015090744942426682 -1
vertex -79.63056182861328 -0.018344005569815636 -1
vertex -81.13055419921875 -0.015904059633612633 -0.5
endloop
endfacet
facet normal -0.9999986774697412 0.0016263636642771257 0
outer loop
vertex -79.66390228271484 -20.5183162689209 -1
vertex -79.63056182861328 -0.018344005569815636 -0.5
vertex -79.63056182861328 -0.018344005569815636 -1
endloop
endfacet
facet normal 0 0 1
outer loop
vertex -81.63055419921875 -0.015090744942426682 -1
vertex -79.66390228271484 -20.5183162689209 -1
vertex -79.63056182861328 -0.018344005569815636 -1
endloop
endfacet
facet normal -0.9999986774697412 0.0016263636642771257 0
outer loop
vertex -79.66390228271484 -20.5183162689209 -1
vertex -79.66390228271484 -20.5183162689209 -0.5
vertex -79.63056182861328 -0.018344005569815636 -0.5
endloop
endfacet
facet normal 0 0 1
outer loop
vertex -81.66390228271484 -20.515064239501953 -1
vertex -79.66390228271484 -20.5183162689209 -1
vertex -81.63055419921875 -0.015090744942426682 -1
endloop
endfacet
facet normal -0.0016266367456469464 -0.9999986770255738 0
outer loop
vertex -79.63056182861328 -0.018344005569815636 -1
vertex -79.63056182861328 -0.018344005569815636 -0.5
vertex -81.13055419921875 -0.015904059633612633 -0.5
endloop
endfacet
facet normal 0.0016263304501239189 0.9999986775229506 -0.0000012715640735918052
outer loop
vertex -79.66390228271484 -20.5183162689209 -0.5
vertex -81.66390228271484 -20.515064239501953 -1
vertex -81.16390228271484 -20.51587677001953 -0.5
endloop
endfacet
facet normal 0.001626012559947395 0.9999986780407036 0
outer loop
vertex -79.66390228271484 -20.5183162689209 -1
vertex -81.66390228271484 -20.515064239501953 -1
vertex -79.66390228271484 -20.5183162689209 -0.5
endloop
endfacet
endsolid auto-kdk-case
