solid auto-kdk-case
facet normal 0 0 -1
outer loop
vertex -82.00199890136719 10.424304008483887 -5.699999809265137
vertex -83.34599304199219 10.451437950134277 -5.699999809265137
vertex -83.06134033203125 43.0333366394043 -5.699999809265137
endloop
endfacet
facet normal -0.7133579950919865 -0.7007998079611191 0
outer loop
vertex -65.74567413330078 3.5253918170928955 -3.700000047683716
vertex -64.92801666259766 2.693082094192505 -3.700000047683716
vertex -65.74567413330078 3.5253918170928955 9.5
endloop
endfacet
facet normal -0.945259014140655 -0.3263210017541576 0
outer loop
vertex -64.31246948242188 -47.19259262084961 -3.700000047683716
vertex -64.12340545654297 -47.740257263183594 -3.700000047683716
vertex -64.31246948242188 -47.19259262084961 9.5
endloop
endfacet
facet normal 0 0 1
outer loop
vertex 0.8995684385299683 -48.59974670410156 11.5
vertex 0.9718974232673645 -48.52742004394531 11.5
vertex -19.289920806884766 -36.72999572753906 11.5
endloop
endfacet
facet normal 0 0 -1
outer loop
vertex 80.3423080444336 -47.87529373168945 -5.699999809265137
vertex 80.1949462890625 -46.52999496459961 -5.699999809265137
vertex 80.84183502197266 -47.70016098022461 -5.699999809265137
endloop
endfacet
facet normal 0 0 1
outer loop
vertex -63.157772064208984 -46.9988899230957 11.5
vertex -62.56789779663086 -48.70756530761719 11.5
vertex -51.512474060058594 -34.60499954223633 11.5
endloop
endfacet
facet normal 0 0 -1
outer loop
vertex -59.80868911743164 -51.657859802246094 -5.699999809265137
vertex -58.821449279785156 -50.75629806518555 -5.699999809265137
vertex -58.772315979003906 -50.789127349853516 -5.699999809265137
endloop
endfacet
facet normal 0 0 1
outer loop
vertex -62.56789779663086 -48.70756530761719 11.5
vertex -57.48786163330078 -52.62529373168945 11.5
vertex -50.167320251464844 -35.5468864440918 11.5
endloop
endfacet
facet normal 0 0 -1
outer loop
vertex -62.56789779663086 -48.70756530761719 -5.699999809265137
vertex -63.157772064208984 -46.9988899230957 -5.699999809265137
vertex -61.32160568237305 -48.239837646484375 -5.699999809265137
endloop
endfacet
facet normal 0 0 -1
outer loop
vertex -61.28877258300781 -48.28897476196289 -5.699999809265137
vertex -62.56789779663086 -48.70756530761719 -5.699999809265137
vertex -61.32160568237305 -48.239837646484375 -5.699999809265137
endloop
endfacet
facet normal 0 0 -1
outer loop
vertex -58.821449279785156 -50.75629806518555 -5.699999809265137
vertex -59.80868911743164 -51.657859802246094 -5.699999809265137
vertex -61.28877258300781 -48.28897476196289 -5.699999809265137
endloop
endfacet
facet normal 0 0 1
outer loop
vertex 78.07538604736328 43.613555908203125 11.5
vertex 72.44242858886719 40.846778869628906 11.5
vertex 78.59532928466797 42.00044631958008 11.5
endloop
endfacet
facet normal 0 0 1
outer loop
vertex 72.30223846435547 41.11216354370117 11.5
vertex 78.07538604736328 43.613555908203125 11.5
vertex 71.8921890258789 41.522212982177734 11.5
endloop
endfacet
facet normal 0 0 -1
outer loop
vertex -61.800941467285156 -47.08261489868164 -5.699999809265137
vertex -63.157772064208984 -46.9988899230957 -5.699999809265137
vertex -61.81247329711914 -47.024654388427734 -5.699999809265137
endloop
endfacet
facet normal 0 0 1
outer loop
vertex 78.07538604736328 43.613555908203125 11.5
vertex 72.33305358886719 41.08134841918945 11.5
vertex 72.38304138183594 41.00995635986328 11.5
endloop
endfacet
facet normal 0 0 1
outer loop
vertex 72.30223846435547 41.11216354370117 11.5
vertex 72.33305358886719 41.08134841918945 11.5
vertex 78.07538604736328 43.613555908203125 11.5
endloop
endfacet
facet normal -0.38475850779827375 -0.9230172753945866 0
outer loop
vertex -57.718894958496094 -53.77999496459961 -3.700000047683716
vertex -60.48231506347656 -52.62806701660156 9.5
vertex -60.48231506347656 -52.62806701660156 -3.700000047683716
endloop
endfacet
facet normal 0 0 1
outer loop
vertex 72.38304138183594 41.00995635986328 11.5
vertex 72.41987609863281 40.930965423583984 11.5
vertex 78.07538604736328 43.613555908203125 11.5
endloop
endfacet
facet normal 0 0 1
outer loop
vertex 72.41987609863281 40.930965423583984 11.5
vertex 72.44242858886719 40.846778869628906 11.5
vertex 78.07538604736328 43.613555908203125 11.5
endloop
endfacet
facet normal -0.7303634294643698 -0.683058753623028 0
outer loop
vertex -60.48231506347656 -52.62806701660156 -3.700000047683716
vertex -63.579166412353516 -49.31674575805664 9.5
vertex -63.579166412353516 -49.31674575805664 -3.700000047683716
endloop
endfacet
facet normal 0 0 1
outer loop
vertex 72.44242858886719 40.846778869628906 11.5
vertex 72.45002746582031 40.75995635986328 11.5
vertex 78.59532928466797 42.00044631958008 11.5
endloop
endfacet
facet normal 0 0 1
outer loop
vertex 73.80826568603516 47.53234100341797 11.5
vertex 71.71099090576172 41.63985061645508 11.5
vertex 75.47687530517578 46.65670394897461 11.5
endloop
endfacet
facet normal 0 0 1
outer loop
vertex 71.71099090576172 41.63985061645508 11.5
vertex 71.8921890258789 41.522212982177734 11.5
vertex 75.47687530517578 46.65670394897461 11.5
endloop
endfacet
facet normal 0 0 1
outer loop
vertex 73.80826568603516 47.53234100341797 11.5
vertex 71.62680053710938 41.662410736083984 11.5
vertex 71.71099090576172 41.63985061645508 11.5
endloop
endfacet
facet normal 0 0 1
outer loop
vertex 73.80826568603516 47.53234100341797 11.5
vertex 71.53997802734375 41.670005798339844 11.5
vertex 71.62680053710938 41.662410736083984 11.5
endloop
endfacet
facet normal 0 0 -1
outer loop
vertex -61.81247329711914 4.417953968048096 -5.699999809265137
vertex -63.157772064208984 2.0665011405944824 -5.699999809265137
vertex -63.17531204223633 2.26701283454895 -5.699999809265137
endloop
endfacet
facet normal 0 0 -1
outer loop
vertex -61.81247329711914 4.417953968048096 -5.699999809265137
vertex -63.17531204223633 2.26701283454895 -5.699999809265137
vertex -63.22740936279297 2.4614319801330566 -5.699999809265137
endloop
endfacet
facet normal 0 0 -1
outer loop
vertex -61.81247329711914 4.417953968048096 -5.699999809265137
vertex -63.22740936279297 2.4614319801330566 -5.699999809265137
vertex -63.31247329711914 2.6438512802124023 -5.699999809265137
endloop
endfacet
facet normal 0 0 -1
outer loop
vertex -63.427921295166016 2.8087282180786133 -5.699999809265137
vertex -63.49185562133789 2.8726649284362793 -5.699999809265137
vertex -61.81247329711914 4.417953968048096 -5.699999809265137
endloop
endfacet
facet normal 0 0 -1
outer loop
vertex -63.31247329711914 2.6438512802124023 -5.699999809265137
vertex -63.427921295166016 2.8087282180786133 -5.699999809265137
vertex -61.81247329711914 4.417953968048096 -5.699999809265137
endloop
endfacet
facet normal -0.4665890996260245 -0.8844742009296686 0
outer loop
vertex -80.96395874023438 4.8681416511535645 9.5
vertex -78.8603515625 3.758419990539551 -3.700000047683716
vertex -78.8603515625 3.758419990539551 9.5
endloop
endfacet
facet normal -0.7606582399940749 -0.6491525567454205 0
outer loop
vertex -83.63520050048828 7.998225688934326 9.5
vertex -80.96395874023438 4.8681416511535645 -3.700000047683716
vertex -80.96395874023438 4.8681416511535645 9.5
endloop
endfacet
facet normal -0.952494413785094 -0.3045560567583412 0
outer loop
vertex -83.85694122314453 8.258049964904785 -3.700000047683716
vertex -83.85694122314453 8.258049964904785 9.5
vertex -84.00048828125 8.706991195678711 9.5
endloop
endfacet
facet normal -0.7606519404343387 -0.6491599383152555 9.380108457192919e-8
outer loop
vertex -83.85694122314453 8.258049964904785 9.5
vertex -83.63520050048828 7.998223781585693 -3.700000047683716
vertex -83.63520050048828 7.998225688934326 9.5
endloop
endfacet
facet normal -0.9524916572307274 -0.3045646777053407 3.2318134930431235e-7
outer loop
vertex -84.50226593017578 10.276244163513184 9.5
vertex -83.85694122314453 8.258049964904785 -3.700000047683716
vertex -84.00048828125 8.706991195678711 9.5
endloop
endfacet
facet normal -0.01776569783161185 -0.9998421775363129 0
outer loop
vertex -78.8603515625 3.758419990539551 9.5
vertex -65.74567413330078 3.5253918170928955 -3.700000047683716
vertex -65.74567413330078 3.5253918170928955 9.5
endloop
endfacet
facet normal -0.713359837836714 -0.7007979321898554 0
outer loop
vertex -64.31246948242188 2.0665011405944824 9.5
vertex -64.92801666259766 2.693082094192505 9.5
vertex -64.31246948242188 2.0665011405944824 -3.700000047683716
endloop
endfacet
facet normal -0.7133579950919756 -0.7007998079611084 1.7497112572250226e-7
outer loop
vertex -65.74567413330078 3.5253918170928955 9.5
vertex -64.31246948242188 2.0665011405944824 -3.700000047683716
vertex -64.92801666259766 2.693082094192505 9.5
endloop
endfacet
facet normal -0.7133598378366948 -0.7007979321898365 -2.324209577723753e-7
outer loop
vertex -64.92801666259766 2.693082094192505 -3.700000047683716
vertex -64.31246948242188 2.0665011405944824 -3.700000047683716
vertex -65.74567413330078 3.5253918170928955 9.5
endloop
endfacet
facet normal -0.9999618396729245 0.008736085962275557 0
outer loop
vertex -84.28609466552734 35.019935607910156 9.5
vertex -84.50226593017578 10.276244163513184 -3.700000047683716
vertex -84.50226593017578 10.276244163513184 9.5
endloop
endfacet
facet normal 0.7071076034634934 0.7071059589086454 0
outer loop
vertex -76.28992462158203 11.270005226135254 5.300000190734863
vertex -76.6999740600586 11.680055618286133 5.300000190734863
vertex -76.28992462158203 11.270005226135254 10.5
endloop
endfacet
facet normal 0.7071076034634934 0.7071059589086454 0
outer loop
vertex -76.28992462158203 11.270005226135254 10.5
vertex -76.6999740600586 11.680055618286133 5.300000190734863
vertex -76.6999740600586 11.680055618286133 10.5
endloop
endfacet
facet normal 1 0 0
outer loop
vertex -76.6999740600586 11.680055618286133 10.5
vertex -76.6999740600586 11.680055618286133 5.300000190734863
vertex -76.6999740600586 40.75995635986328 5.300000190734863
endloop
endfacet
facet normal 0 1 0
outer loop
vertex -76.28992462158203 11.270005226135254 5.300000190734863
vertex -76.28992462158203 11.270005226135254 10.5
vertex -40.11186981201172 11.270005226135254 5.300000190734863
endloop
endfacet
facet normal 0 1 0
outer loop
vertex -40.11186981201172 11.270005226135254 5.300000190734863
vertex -76.28992462158203 11.270005226135254 10.5
vertex -40.11186981201172 11.270005226135254 10.5
endloop
endfacet
facet normal -0.9524916572307772 -0.3045646777053566 0
outer loop
vertex -84.50226593017578 10.276244163513184 -3.700000047683716
vertex -84.00048828125 8.706991195678711 -3.700000047683716
vertex -84.50226593017578 10.276244163513184 9.5
endloop
endfacet
facet normal 0 0 1
outer loop
vertex 72.45002746582031 40.75995635986328 11.5
vertex 72.45002746582031 23.72442054748535 11.5
vertex 78.59532928466797 42.00044631958008 11.5
endloop
endfacet
facet normal 0 0 -1
outer loop
vertex -81.89108276367188 42.36963653564453 -5.699999809265137
vertex -82.00199890136719 10.424304008483887 -5.699999809265137
vertex -83.06134033203125 43.0333366394043 -5.699999809265137
endloop
endfacet
facet normal 0 0 1
outer loop
vertex 72.45002746582031 23.72442054748535 11.5
vertex 78.59532928466797 30.026535034179688 11.5
vertex 78.59532928466797 42.00044631958008 11.5
endloop
endfacet
facet normal -0.9999618396729129 0.008736085962275455 -1.5288454665913304e-7
outer loop
vertex -84.28609466552734 35.019935607910156 -3.700000047683716
vertex -84.50226593017578 10.276244163513184 -3.700000047683716
vertex -84.21355438232422 43.32337188720703 9.5
endloop
endfacet
facet normal -0.9524944137844862 -0.30455605675814684 -0.0000011296684833218175
outer loop
vertex -84.00048828125 8.706991195678711 -3.700000047683716
vertex -83.85694122314453 8.258049964904785 -3.700000047683716
vertex -84.50226593017578 10.276244163513184 9.5
endloop
endfacet
facet normal 0 0 -1
outer loop
vertex -81.87798309326172 42.43075942993164 -5.699999809265137
vertex -81.89108276367188 42.36963653564453 -5.699999809265137
vertex -83.06134033203125 43.0333366394043 -5.699999809265137
endloop
endfacet
facet normal 0 0 -1
outer loop
vertex -81.87798309326172 42.43075942993164 -5.699999809265137
vertex -83.06134033203125 43.0333366394043 -5.699999809265137
vertex -81.33865356445312 43.64263153076172 -5.699999809265137
endloop
endfacet
facet normal 0 0 -1
outer loop
vertex -81.33865356445312 43.64263153076172 -5.699999809265137
vertex -83.06134033203125 43.0333366394043 -5.699999809265137
vertex -82.18510437011719 44.69828796386719 -5.699999809265137
endloop
endfacet
facet normal -0.7606542935159419 -0.649157181086186 0
outer loop
vertex -83.85694122314453 8.258049964904785 -3.700000047683716
vertex -83.63520050048828 7.998223781585693 -3.700000047683716
vertex -83.85694122314453 8.258049964904785 9.5
endloop
endfacet
facet normal 0 0 -1
outer loop
vertex -81.33865356445312 43.64263153076172 -5.699999809265137
vertex -82.18510437011719 44.69828796386719 -5.699999809265137
vertex -81.30200958251953 43.693275451660156 -5.699999809265137
endloop
endfacet
facet normal 0 0 -1
outer loop
vertex -81.30200958251953 43.693275451660156 -5.699999809265137
vertex -82.18510437011719 44.69828796386719 -5.699999809265137
vertex -79.14260864257812 47.29587173461914 -5.699999809265137
endloop
endfacet
facet normal 0 0 -1
outer loop
vertex -81.30200958251953 43.693275451660156 -5.699999809265137
vertex -79.14260864257812 47.29587173461914 -5.699999809265137
vertex -78.75013732910156 46.00858688354492 -5.699999809265137
endloop
endfacet
facet normal -0.4665890996260245 -0.8844742009296686 0
outer loop
vertex -80.96395874023438 4.8681416511535645 -3.700000047683716
vertex -78.8603515625 3.758419990539551 -3.700000047683716
vertex -80.96395874023438 4.8681416511535645 9.5
endloop
endfacet
facet normal 0 0 1
outer loop
vertex 80.35828399658203 27.515165328979492 11.5
vertex 77.05223846435547 22.112163543701172 11.5
vertex 82.82263946533203 24.618898391723633 11.5
endloop
endfacet
facet normal -0.7606580446692518 -0.6491527856213374 9.380005103549611e-8
outer loop
vertex -83.63520050048828 7.998223781585693 -3.700000047683716
vertex -80.96395874023438 4.8681416511535645 -3.700000047683716
vertex -83.63520050048828 7.998225688934326 9.5
endloop
endfacet
facet normal -0.01776569783161185 -0.9998421775363129 0
outer loop
vertex -78.8603515625 3.758419990539551 -3.700000047683716
vertex -65.74567413330078 3.5253918170928955 -3.700000047683716
vertex -78.8603515625 3.758419990539551 9.5
endloop
endfacet
facet normal 0 0 -1
outer loop
vertex -78.75013732910156 46.00858688354492 -5.699999809265137
vertex -79.14260864257812 47.29587173461914 -5.699999809265137
vertex -78.70291900634766 46.037696838378906 -5.699999809265137
endloop
endfacet
facet normal 0 0 -1
outer loop
vertex -78.70291900634766 46.037696838378906 -5.699999809265137
vertex -79.14260864257812 47.29587173461914 -5.699999809265137
vertex -77.6070785522461 46.46029281616211 -5.699999809265137
endloop
endfacet
facet normal 0 0 -1
outer loop
vertex -77.6070785522461 46.46029281616211 -5.699999809265137
vertex -79.14260864257812 47.29587173461914 -5.699999809265137
vertex -77.52800750732422 47.81543731689453 -5.699999809265137
endloop
endfacet
facet normal 0 0 -1
outer loop
vertex -61.81247329711914 -47.024654388427734 -5.699999809265137
vertex -63.157772064208984 -46.9988899230957 -5.699999809265137
vertex -63.157772064208984 2.0665011405944824 -5.699999809265137
endloop
endfacet
facet normal 0 0 -1
outer loop
vertex -77.6070785522461 46.46029281616211 -5.699999809265137
vertex -77.52800750732422 47.81543731689453 -5.699999809265137
vertex -77.55253601074219 46.47042465209961 -5.699999809265137
endloop
endfacet
facet normal 0 0 1
outer loop
vertex 78.72978210449219 29.48576545715332 11.5
vertex 72.45002746582031 23.72442054748535 11.5
vertex 79.31454467773438 28.388696670532227 11.5
endloop
endfacet
facet normal 0 0 1
outer loop
vertex 72.45002746582031 23.72442054748535 11.5
vertex 79.59001159667969 28.043560028076172 11.5
vertex 79.31454467773438 28.388696670532227 11.5
endloop
endfacet
facet normal 0 0 1
outer loop
vertex 72.45002746582031 23.72442054748535 11.5
vertex 78.61286926269531 29.82602310180664 11.5
vertex 78.59532928466797 30.026535034179688 11.5
endloop
endfacet
facet normal 0 0 1
outer loop
vertex 72.45002746582031 23.72442054748535 11.5
vertex 78.66496276855469 29.63160514831543 11.5
vertex 78.61286926269531 29.82602310180664 11.5
endloop
endfacet
facet normal 0 0 1
outer loop
vertex 72.45002746582031 23.72442054748535 11.5
vertex 78.72978210449219 29.48576545715332 11.5
vertex 78.66496276855469 29.63160514831543 11.5
endloop
endfacet
facet normal 0 0 1
outer loop
vertex 79.68643951416016 27.97603988647461 11.5
vertex 76.46099090576172 22.63985252380371 11.5
vertex 80.35828399658203 27.515165328979492 11.5
endloop
endfacet
facet normal 0 0 1
outer loop
vertex 76.28997802734375 22.670005798339844 11.5
vertex 79.68643951416016 27.97603988647461 11.5
vertex 79.59001159667969 28.043560028076172 11.5
endloop
endfacet
facet normal 0 0 1
outer loop
vertex 80.35828399658203 27.515165328979492 11.5
vertex 76.6435317993164 22.5235595703125 11.5
vertex 77.05223846435547 22.112163543701172 11.5
endloop
endfacet
facet normal 0 0 1
outer loop
vertex 76.46099090576172 22.63985252380371 11.5
vertex 76.6435317993164 22.5235595703125 11.5
vertex 80.35828399658203 27.515165328979492 11.5
endloop
endfacet
facet normal 0 0 1
outer loop
vertex 79.68643951416016 27.97603988647461 11.5
vertex 76.37680053710938 22.66240882873535 11.5
vertex 76.46099090576172 22.63985252380371 11.5
endloop
endfacet
facet normal 0 0 1
outer loop
vertex 76.28997802734375 22.670005798339844 11.5
vertex 76.37680053710938 22.66240882873535 11.5
vertex 79.68643951416016 27.97603988647461 11.5
endloop
endfacet
facet normal 0 0 1
outer loop
vertex 72.45002746582031 23.72442054748535 11.5
vertex 76.28997802734375 22.670005798339844 11.5
vertex 79.59001159667969 28.043560028076172 11.5
endloop
endfacet
facet normal 0.3263245609843318 -0.9452577854206666 0
outer loop
vertex -4.024872779846191 -53.77999496459961 9.5
vertex -1.9151487350463867 -53.05167007446289 -3.700000047683716
vertex -1.9151487350463867 -53.05167007446289 9.5
endloop
endfacet
facet normal -0.9999618417960416 0.008735842939755266 0
outer loop
vertex -84.21355438232422 43.32337188720703 -3.700000047683716
vertex -84.28609466552734 35.019935607910156 -3.700000047683716
vertex -84.21355438232422 43.32337188720703 9.5
endloop
endfacet
facet normal -0.8849285688507186 0.4657267740122088 0
outer loop
vertex -83.10359954833984 45.43239974975586 -3.700000047683716
vertex -84.21355438232422 43.32337188720703 -3.700000047683716
vertex -83.10359954833984 45.43239974975586 9.5
endloop
endfacet
facet normal -0.649308596533936 0.7605250465738884 -9.566938695437191e-7
outer loop
vertex -82.13471984863281 46.25959396362305 -3.700000047683716
vertex -83.10359954833984 45.43239974975586 -3.700000047683716
vertex -79.71647644042969 48.32421875 9.5
endloop
endfacet
facet normal -0.6493116169848877 0.7605224678130623 0
outer loop
vertex -79.71647644042969 48.32421875 -3.700000047683716
vertex -82.13471984863281 46.25959396362305 -3.700000047683716
vertex -79.71647644042969 48.32421875 9.5
endloop
endfacet
facet normal -0.3063217645928999 0.9519280311749865 -7.620779621751282e-8
outer loop
vertex -78.22441101074219 48.804351806640625 -3.700000047683716
vertex -79.71647644042969 48.32421875 -3.700000047683716
vertex -78.22431945800781 48.80438232421875 9.5
endloop
endfacet
facet normal -0.3063242874888724 0.9519272193263699 0
outer loop
vertex -77.70816040039062 48.97047805786133 -3.700000047683716
vertex -78.22441101074219 48.804351806640625 -3.700000047683716
vertex -77.70816040039062 48.97047805786133 9.5
endloop
endfacet
facet normal 0 0 1
outer loop
vertex 82.82263946533203 24.618898391723633 11.5
vertex 77.19242858886719 21.846778869628906 11.5
vertex 83.34336853027344 23.01166343688965 11.5
endloop
endfacet
facet normal 0 0 1
outer loop
vertex 77.05223846435547 22.112163543701172 11.5
vertex 77.19242858886719 21.846778869628906 11.5
vertex 82.82263946533203 24.618898391723633 11.5
endloop
endfacet
facet normal 0 0 1
outer loop
vertex 77.19242858886719 21.846778869628906 11.5
vertex 77.20002746582031 21.75995445251465 11.5
vertex 83.34336853027344 23.01166343688965 11.5
endloop
endfacet
facet normal -0.999961841795938 0.00873584293975436 4.555858478270868e-7
outer loop
vertex -84.21355438232422 43.32337188720703 9.5
vertex -84.50226593017578 10.276244163513184 -3.700000047683716
vertex -84.28609466552734 35.019935607910156 9.5
endloop
endfacet
facet normal 1 0 0
outer loop
vertex -76.6999740600586 11.680055618286133 10.5
vertex -76.6999740600586 40.75995635986328 5.300000190734863
vertex -76.6999740600586 40.75995635986328 10.5
endloop
endfacet
facet normal -0.8849285688507186 0.4657267740122088 0
outer loop
vertex -83.10359954833984 45.43239974975586 9.5
vertex -84.21355438232422 43.32337188720703 -3.700000047683716
vertex -84.21355438232422 43.32337188720703 9.5
endloop
endfacet
facet normal -0.6493085965342331 0.7605250465742365 0
outer loop
vertex -83.10359954833984 45.43239974975586 -3.700000047683716
vertex -83.10359954833984 45.43239974975586 9.5
vertex -82.13471984863281 46.25959396362305 9.5
endloop
endfacet
facet normal 0 0 1
outer loop
vertex 73.50444030761719 22.670005798339844 11.5
vertex 76.28997802734375 22.670005798339844 11.5
vertex 72.45002746582031 23.72442054748535 11.5
endloop
endfacet
facet normal -0.6493116169848401 0.7605224678130066 3.8330224448027524e-7
outer loop
vertex -79.71647644042969 48.32421875 9.5
vertex -83.10359954833984 45.43239974975586 -3.700000047683716
vertex -82.13471984863281 46.25959396362305 9.5
endloop
endfacet
facet normal -0.30632237548838775 0.9519278345941731 0
outer loop
vertex -78.22431945800781 48.80438232421875 9.5
vertex -79.71647644042969 48.32421875 -3.700000047683716
vertex -79.71647644042969 48.32421875 9.5
endloop
endfacet
facet normal -0.30632252190955805 0.9519277874770556 -7.620198019620935e-8
outer loop
vertex -77.70816040039062 48.97047805786133 9.5
vertex -78.22441101074219 48.804351806640625 -3.700000047683716
vertex -78.22431945800781 48.80438232421875 9.5
endloop
endfacet
facet normal 0.7071067811865476 -0.7071067811865476 0
outer loop
vertex -76.28992462158203 41.170005798339844 5.300000190734863
vertex -76.6999740600586 40.75995635986328 10.5
vertex -76.6999740600586 40.75995635986328 5.300000190734863
endloop
endfacet
facet normal 0.7071067811865476 -0.7071067811865476 0
outer loop
vertex -76.6999740600586 40.75995635986328 10.5
vertex -76.28992462158203 41.170005798339844 5.300000190734863
vertex -76.28992462158203 41.170005798339844 10.5
endloop
endfacet
facet normal 0.0018707103930650825 0.9999982502197817 0
outer loop
vertex -77.70816040039062 48.97047805786133 -3.700000047683716
vertex -77.70816040039062 48.97047805786133 9.5
vertex -25.725719451904297 48.873233795166016 9.5
endloop
endfacet
facet normal 0.70710770624791 0.7071058561239748 0
outer loop
vertex -38.69997024536133 2.180055856704712 5.300000190734863
vertex -38.289920806884766 1.7700053453445435 10.5
vertex -38.289920806884766 1.7700053453445435 5.300000190734863
endloop
endfacet
facet normal 0.70710770624791 0.7071058561239748 0
outer loop
vertex -38.289920806884766 1.7700053453445435 10.5
vertex -38.69997024536133 2.180055856704712 5.300000190734863
vertex -38.69997024536133 2.180055856704712 10.5
endloop
endfacet
facet normal 0 1 0
outer loop
vertex -38.289920806884766 1.7700053453445435 5.300000190734863
vertex -38.289920806884766 1.7700053453445435 10.5
vertex -21.11187171936035 1.7700053453445435 10.5
endloop
endfacet
facet normal 1 0 0
outer loop
vertex -38.69997024536133 2.180055856704712 10.5
vertex -38.69997024536133 2.180055856704712 5.300000190734863
vertex -38.69997024536133 9.85810661315918 5.300000190734863
endloop
endfacet
facet normal 0.7071062442689526 0.7071073181037348 0
outer loop
vertex -40.001609802246094 11.224332809448242 5.300000190734863
vertex -38.745643615722656 9.968368530273438 10.5
vertex -38.745643615722656 9.968368530273438 5.300000190734863
endloop
endfacet
facet normal 0.9238754180494877 0.3826933654035363 0
outer loop
vertex -38.745643615722656 9.968368530273438 5.300000190734863
vertex -38.69997024536133 9.85810661315918 10.5
vertex -38.69997024536133 9.85810661315918 5.300000190734863
endloop
endfacet
facet normal 0 0 1
outer loop
vertex 77.20002746582031 21.75995445251465 11.5
vertex 77.20002746582031 -35.819942474365234 11.5
vertex 83.34336853027344 23.01166343688965 11.5
endloop
endfacet
facet normal 1 0 0
outer loop
vertex -38.69997024536133 2.180055856704712 10.5
vertex -38.69997024536133 9.85810661315918 5.300000190734863
vertex -38.69997024536133 9.85810661315918 10.5
endloop
endfacet
facet normal 0 0 1
outer loop
vertex -57.48786163330078 -52.62529373168945 11.5
vertex -49.187957763671875 -44.86368942260742 11.5
vertex -49.24997329711914 -44.77748107910156 11.5
endloop
endfacet
facet normal 0 0 1
outer loop
vertex -77.52800750732422 47.81543731689453 11.5
vertex 71.53997802734375 41.670005798339844 11.5
vertex 73.80826568603516 47.53234100341797 11.5
endloop
endfacet
facet normal 0 0 1
outer loop
vertex -49.187957763671875 -44.86368942260742 11.5
vertex -57.48786163330078 -52.62529373168945 11.5
vertex -48.54997253417969 -45.75050735473633 11.5
endloop
endfacet
facet normal 0.9238754180494877 0.3826933654035363 0
outer loop
vertex -38.69997024536133 9.85810661315918 10.5
vertex -38.745643615722656 9.968368530273438 5.300000190734863
vertex -38.745643615722656 9.968368530273438 10.5
endloop
endfacet
facet normal -0.7071067811865476 -0.7071067811865476 0
outer loop
vertex 71.53997802734375 41.170005798339844 10.5
vertex 71.95002746582031 40.75995635986328 5.300000190734863
vertex 71.95002746582031 40.75995635986328 10.5
endloop
endfacet
facet normal -0.7071067811865476 -0.7071067811865476 0
outer loop
vertex 71.53997802734375 41.170005798339844 5.300000190734863
vertex 71.95002746582031 40.75995635986328 5.300000190734863
vertex 71.53997802734375 41.170005798339844 10.5
endloop
endfacet
facet normal 0.9517761282853254 0.30679341847982167 0.0000019133496871581973
outer loop
vertex 79.75003051757812 42.181941986083984 9.5
vertex 79.10353088378906 44.18768310546875 -3.700000047683716
vertex 79.62720489501953 42.56298828125 9.5
endloop
endfacet
facet normal 0.7604777256741999 0.6493640186778109 0
outer loop
vertex 79.10353088378906 44.18768310546875 9.5
vertex 76.21048736572266 47.57575988769531 -3.700000047683716
vertex 76.21048736572266 47.57575988769531 9.5
endloop
endfacet
facet normal 0.46467582308505184 0.8854808746891302 -5.1261478549189136e-8
outer loop
vertex 76.21048736572266 47.57575988769531 9.5
vertex 74.09385681152344 48.68650817871094 -3.700000047683716
vertex 74.5118179321289 48.4671745300293 9.5
endloop
endfacet
facet normal 0.46467455371561617 0.8854815408178722 0
outer loop
vertex 74.09385681152344 48.68650817871094 -3.700000047683716
vertex 74.09385681152344 48.68650817871094 9.5
vertex 74.5118179321289 48.4671745300293 9.5
endloop
endfacet
facet normal 0.9517806673837774 0.3067793363225286 0
outer loop
vertex 79.10353088378906 44.18768310546875 9.5
vertex 79.62720489501953 42.56298828125 9.5
vertex 79.10353088378906 44.18768310546875 -3.700000047683716
endloop
endfacet
facet normal 1 0 0
outer loop
vertex 79.75003051757812 30.026535034179688 9.5
vertex 79.75003051757812 42.181941986083984 -3.700000047683716
vertex 79.75003051757812 42.181941986083984 9.5
endloop
endfacet
facet normal -0.9452579267552559 -0.32632415158298533 0
outer loop
vertex -63.579166412353516 -49.31674575805664 9.5
vertex -64.12340545654297 -47.740257263183594 9.5
vertex -63.579166412353516 -49.31674575805664 -3.700000047683716
endloop
endfacet
facet normal -0.9452590141405712 -0.3263210017541287 -4.210201877245627e-7
outer loop
vertex -64.31246948242188 -47.19259262084961 9.5
vertex -63.579166412353516 -49.31674575805664 -3.700000047683716
vertex -64.12340545654297 -47.740257263183594 9.5
endloop
endfacet
facet normal 0 0 1
outer loop
vertex -57.48786163330078 -52.62529373168945 11.5
vertex -49.24997329711914 -44.77748107910156 11.5
vertex -49.24997329711914 -36.15114974975586 11.5
endloop
endfacet
facet normal -1 0 0
outer loop
vertex -64.31246948242188 -47.19259262084961 -3.700000047683716
vertex -64.31246948242188 -47.19259262084961 9.5
vertex -64.31246948242188 2.0665011405944824 9.5
endloop
endfacet
facet normal 0 1 0
outer loop
vertex -21.11187171936035 1.7700053453445435 5.300000190734863
vertex -38.289920806884766 1.7700053453445435 5.300000190734863
vertex -21.11187171936035 1.7700053453445435 10.5
endloop
endfacet
facet normal 0.382692195345258 0.9238759027173655 0
outer loop
vertex -40.11186981201172 11.270005226135254 5.300000190734863
vertex -40.001609802246094 11.224332809448242 10.5
vertex -40.001609802246094 11.224332809448242 5.300000190734863
endloop
endfacet
facet normal -1 0 0
outer loop
vertex 71.95002746582031 40.75995635986328 5.300000190734863
vertex 71.95002746582031 23.581905364990234 5.300000190734863
vertex 71.95002746582031 40.75995635986328 10.5
endloop
endfacet
facet normal -1 0 0
outer loop
vertex 71.95002746582031 23.581905364990234 5.300000190734863
vertex 71.95002746582031 23.581905364990234 10.5
vertex 71.95002746582031 40.75995635986328 10.5
endloop
endfacet
facet normal -0.7303634294643698 -0.683058753623028 0
outer loop
vertex -63.579166412353516 -49.31674575805664 9.5
vertex -60.48231506347656 -52.62806701660156 -3.700000047683716
vertex -60.48231506347656 -52.62806701660156 9.5
endloop
endfacet
facet normal -0.38475850779827375 -0.9230172753945866 0
outer loop
vertex -60.48231506347656 -52.62806701660156 9.5
vertex -57.718894958496094 -53.77999496459961 -3.700000047683716
vertex -57.718894958496094 -53.77999496459961 9.5
endloop
endfacet
facet normal -0.9238850385581321 -0.38267013932155813 2.4112956981425866e-7
outer loop
vertex 71.95002746582031 23.581905364990234 10.5
vertex 71.99569702148438 23.471641540527344 5.300000190734863
vertex 71.9813461303711 23.50629234313965 10.5
endloop
endfacet
facet normal -0.9238978315315103 -0.38263925163445167 0
outer loop
vertex 71.99569702148438 23.471641540527344 5.300000190734863
vertex 71.99569702148438 23.471641540527344 10.5
vertex 71.9813461303711 23.50629234313965 10.5
endloop
endfacet
facet normal -0.9238890588690446 -0.38266043289327806 0
outer loop
vertex 71.95002746582031 23.581905364990234 5.300000190734863
vertex 71.99569702148438 23.471641540527344 5.300000190734863
vertex 71.95002746582031 23.581905364990234 10.5
endloop
endfacet
facet normal 0.8835590859195349 0.4683197002999511 0
outer loop
vertex 79.93384552001953 29.679738998413086 9.5
vertex 79.75003051757812 30.026535034179688 -3.700000047683716
vertex 79.75003051757812 30.026535034179688 9.5
endloop
endfacet
facet normal 0.7616105833667051 0.6480349676551622 0
outer loop
vertex 83.85052490234375 25.192718505859375 9.5
vertex 81.57676696777344 27.864978790283203 -3.700000047683716
vertex 81.57676696777344 27.864978790283203 9.5
endloop
endfacet
facet normal 0.8835585846128028 0.4683206460930582 3.1829166427573556e-8
outer loop
vertex 80.33223724365234 28.928112030029297 9.5
vertex 79.75003051757812 30.026535034179688 -3.700000047683716
vertex 79.93384552001953 29.679738998413086 9.5
endloop
endfacet
facet normal 0.5613502593563766 0.8275783263960752 0
outer loop
vertex 81.13616943359375 28.382801055908203 9.5
vertex 80.33223724365234 28.928112030029297 -3.700000047683716
vertex 80.33223724365234 28.928112030029297 9.5
endloop
endfacet
facet normal 0.7616136239583419 0.6480313941477228 0
outer loop
vertex 81.57676696777344 27.864978790283203 -3.700000047683716
vertex 81.13616943359375 28.382801055908203 9.5
vertex 81.57676696777344 27.864978790283203 9.5
endloop
endfacet
facet normal 0.951316304226679 0.3082163028008702 -5.053099576593307e-7
outer loop
vertex 84.40607452392578 23.478002548217773 9.5
vertex 84.40606689453125 23.478004455566406 -3.700000047683716
vertex 83.85052490234375 25.192718505859375 9.5
endloop
endfacet
facet normal 0.9513201187844355 0.30820452883712174 -5.05313863706267e-7
outer loop
vertex 84.49784088134766 23.194751739501953 9.5
vertex 84.40606689453125 23.478004455566406 -3.700000047683716
vertex 84.40607452392578 23.478002548217773 9.5
endloop
endfacet
facet normal 0.9517806673836817 0.3067793363224977 -4.487478360847165e-7
outer loop
vertex 79.62720489501953 42.56298828125 -3.700000047683716
vertex 79.10353088378906 44.18768310546875 -3.700000047683716
vertex 79.75003051757812 42.181941986083984 9.5
endloop
endfacet
facet normal 0.4646758230850525 0.8854808746891314 0
outer loop
vertex 76.21048736572266 47.57575988769531 -3.700000047683716
vertex 74.5118179321289 48.4671745300293 -3.700000047683716
vertex 76.21048736572266 47.57575988769531 9.5
endloop
endfacet
facet normal 0.464674553715606 0.8854815408178529 2.0833605793732858e-7
outer loop
vertex 74.5118179321289 48.4671745300293 -3.700000047683716
vertex 74.09385681152344 48.68650817871094 -3.700000047683716
vertex 76.21048736572266 47.57575988769531 9.5
endloop
endfacet
facet normal 0.7604777256741999 0.6493640186778109 0
outer loop
vertex 79.10353088378906 44.18768310546875 -3.700000047683716
vertex 76.21048736572266 47.57575988769531 -3.700000047683716
vertex 79.10353088378906 44.18768310546875 9.5
endloop
endfacet
facet normal 0.9517761282870675 0.3067934184803832 0
outer loop
vertex 79.75003051757812 42.181941986083984 -3.700000047683716
vertex 79.62720489501953 42.56298828125 -3.700000047683716
vertex 79.75003051757812 42.181941986083984 9.5
endloop
endfacet
facet normal 0.3826783788523263 0.9238816257286186 0
outer loop
vertex -40.11186981201172 11.270005226135254 5.300000190734863
vertex -40.11186981201172 11.270005226135254 10.5
vertex -40.036258697509766 11.238686561584473 10.5
endloop
endfacet
facet normal 0.38272234492224866 0.9238634134419732 -7.489823434829775e-7
outer loop
vertex -40.001609802246094 11.224332809448242 10.5
vertex -40.11186981201172 11.270005226135254 5.300000190734863
vertex -40.036258697509766 11.238686561584473 10.5
endloop
endfacet
facet normal 0 0 1
outer loop
vertex -50.167320251464844 -35.5468864440918 11.5
vertex -57.48786163330078 -52.62529373168945 11.5
vertex -49.24997329711914 -36.15114974975586 11.5
endloop
endfacet
facet normal 0.7071062442689526 0.7071073181037348 0
outer loop
vertex -38.745643615722656 9.968368530273438 10.5
vertex -40.001609802246094 11.224332809448242 5.300000190734863
vertex -40.001609802246094 11.224332809448242 10.5
endloop
endfacet
facet normal 0.9238819460693525 0.3826776054685013 0
outer loop
vertex -19.69997215270996 0.35810616612434387 10.5
vertex -19.69997215270996 0.35810616612434387 5.300000190734863
vertex -19.745643615722656 0.468368798494339 5.300000190734863
endloop
endfacet
facet normal 0.7071067727972068 0.7071067895758882 0
outer loop
vertex -21.00160789489746 1.7243330478668213 5.300000190734863
vertex -19.745643615722656 0.468368798494339 10.5
vertex -19.745643615722656 0.468368798494339 5.300000190734863
endloop
endfacet
facet normal 0 0 1
outer loop
vertex -63.157772064208984 -46.9988899230957 11.5
vertex -55.124977111816406 -30.992496490478516 11.5
vertex -56.066864013671875 -29.647342681884766 11.5
endloop
endfacet
facet normal 0 0 1
outer loop
vertex -63.157772064208984 -46.9988899230957 11.5
vertex -56.066864013671875 -29.647342681884766 11.5
vertex -56.859989166259766 -28.11775016784668 11.5
endloop
endfacet
facet normal 0.38268004203697886 0.9238809368238833 0
outer loop
vertex -21.00160789489746 1.7243330478668213 5.300000190734863
vertex -21.11187171936035 1.7700053453445435 5.300000190734863
vertex -21.00160789489746 1.7243330478668213 10.5
endloop
endfacet
facet normal 0 0 1
outer loop
vertex -63.157772064208984 -46.9988899230957 11.5
vertex -51.512474060058594 -34.60499954223633 11.5
vertex -52.86153030395508 -33.50912094116211 11.5
endloop
endfacet
facet normal 0 0 1
outer loop
vertex -51.512474060058594 -34.60499954223633 11.5
vertex -62.56789779663086 -48.70756530761719 11.5
vertex -50.167320251464844 -35.5468864440918 11.5
endloop
endfacet
facet normal 0 0 1
outer loop
vertex -55.124977111816406 -30.992496490478516 11.5
vertex -63.157772064208984 -46.9988899230957 11.5
vertex -54.02909851074219 -32.341552734375 11.5
endloop
endfacet
facet normal 0 0 -1
outer loop
vertex 74.42093658447266 45.810455322265625 -5.699999809265137
vertex 73.80826568603516 47.53234100341797 -5.699999809265137
vertex 75.47687530517578 46.65670394897461 -5.699999809265137
endloop
endfacet
facet normal 0 0 -1
outer loop
vertex 75.47687530517578 46.65670394897461 -5.699999809265137
vertex 74.4717788696289 45.77372360229492 -5.699999809265137
vertex 74.42093658447266 45.810455322265625 -5.699999809265137
endloop
endfacet
facet normal 0 0 1
outer loop
vertex -54.02909851074219 -32.341552734375 11.5
vertex -63.157772064208984 -46.9988899230957 11.5
vertex -52.86153030395508 -33.50912094116211 11.5
endloop
endfacet
facet normal 0 0 1
outer loop
vertex -63.157772064208984 -46.9988899230957 11.5
vertex -56.859989166259766 -28.11775016784668 11.5
vertex -57.543087005615234 -26.652843475341797 11.5
endloop
endfacet
facet normal 0 0 1
outer loop
vertex -63.157772064208984 -46.9988899230957 11.5
vertex -57.543087005615234 -26.652843475341797 11.5
vertex -58.42168426513672 -23.501659393310547 11.5
endloop
endfacet
facet normal 0 0 1
outer loop
vertex -58.42168426513672 -23.501659393310547 11.5
vertex -58.709991455078125 -20.329994201660156 11.5
vertex -63.157772064208984 -46.9988899230957 11.5
endloop
endfacet
facet normal 0 0 -1
outer loop
vertex 78.07538604736328 43.613555908203125 -5.699999809265137
vertex 77.23987579345703 42.07882308959961 -5.699999809265137
vertex 76.81731414794922 43.173431396484375 -5.699999809265137
endloop
endfacet
facet normal 0 0 -1
outer loop
vertex 78.59532928466797 42.00044631958008 -5.699999809265137
vertex 77.23987579345703 42.07882308959961 -5.699999809265137
vertex 78.07538604736328 43.613555908203125 -5.699999809265137
endloop
endfacet
facet normal 0 0 -1
outer loop
vertex 76.78822326660156 43.220603942871094 -5.699999809265137
vertex 78.07538604736328 43.613555908203125 -5.699999809265137
vertex 76.81731414794922 43.173431396484375 -5.699999809265137
endloop
endfacet
facet normal 0 0 -1
outer loop
vertex 74.4717788696289 45.77372360229492 -5.699999809265137
vertex 75.47687530517578 46.65670394897461 -5.699999809265137
vertex 78.07538604736328 43.613555908203125 -5.699999809265137
endloop
endfacet
facet normal 0 0 -1
outer loop
vertex 76.78822326660156 43.220603942871094 -5.699999809265137
vertex 74.4717788696289 45.77372360229492 -5.699999809265137
vertex 78.07538604736328 43.613555908203125 -5.699999809265137
endloop
endfacet
facet normal 0 0 1
outer loop
vertex -58.709991455078125 -20.329994201660156 11.5
vertex -58.42168426513672 -17.1583309173584 11.5
vertex -63.157772064208984 -46.9988899230957 11.5
endloop
endfacet
facet normal 0.923881945690753 0.38267760638253784 2.2706782399846386e-11
outer loop
vertex -19.69997215270996 0.35810616612434387 10.5
vertex -19.745643615722656 0.468368798494339 5.300000190734863
vertex -19.731290817260742 0.4337174594402313 10.5
endloop
endfacet
facet normal 0.9238819468954793 0.38267760347401913 0
outer loop
vertex -19.731290817260742 0.4337174594402313 10.5
vertex -19.745643615722656 0.468368798494339 5.300000190734863
vertex -19.745643615722656 0.468368798494339 10.5
endloop
endfacet
facet normal 0 0 1
outer loop
vertex -48.74997329711914 -36.3778190612793 11.5
vertex -48.74997329711914 -36.28181076049805 11.5
vertex -49.24997329711914 -36.15114974975586 11.5
endloop
endfacet
facet normal 0.7071067727972068 0.7071067895758882 0
outer loop
vertex -19.745643615722656 0.468368798494339 10.5
vertex -21.00160789489746 1.7243330478668213 5.300000190734863
vertex -21.00160789489746 1.7243330478668213 10.5
endloop
endfacet
facet normal 0 -1 0
outer loop
vertex -57.718894958496094 -53.77999496459961 9.5
vertex -4.024872779846191 -53.77999496459961 -3.700000047683716
vertex -4.024872779846191 -53.77999496459961 9.5
endloop
endfacet
facet normal 0 0 1
outer loop
vertex -48.74997329711914 -36.28181076049805 11.5
vertex -50.167320251464844 -35.5468864440918 11.5
vertex -49.24997329711914 -36.15114974975586 11.5
endloop
endfacet
facet normal 0 0 1
outer loop
vertex -63.157772064208984 2.0665011405944824 11.5
vertex -63.157772064208984 -46.9988899230957 11.5
vertex -58.42168426513672 -17.1583309173584 11.5
endloop
endfacet
facet normal 0 0 1
outer loop
vertex -63.157772064208984 2.0665011405944824 11.5
vertex -58.42168426513672 -17.1583309173584 11.5
vertex -57.543087005615234 -14.007144927978516 11.5
endloop
endfacet
facet normal 0 0 1
outer loop
vertex -63.157772064208984 2.0665011405944824 11.5
vertex -57.543087005615234 -14.007144927978516 11.5
vertex -56.859989166259766 -12.542238235473633 11.5
endloop
endfacet
facet normal 0 0 1
outer loop
vertex -63.157772064208984 2.0665011405944824 11.5
vertex -56.859989166259766 -12.542238235473633 11.5
vertex -56.580814361572266 -12.00383472442627 11.5
endloop
endfacet
facet normal 0 0 -1
outer loop
vertex 78.59532928466797 42.00044631958008 -5.699999809265137
vertex 77.25003051757812 42.02434158325195 -5.699999809265137
vertex 77.23987579345703 42.07882308959961 -5.699999809265137
endloop
endfacet
facet normal 0 0 1
outer loop
vertex -63.157772064208984 2.0665011405944824 11.5
vertex -56.580814361572266 -12.00383472442627 11.5
vertex -55.953582763671875 -10.408787727355957 11.5
endloop
endfacet
facet normal 0 0 -1
outer loop
vertex 78.59532928466797 30.026535034179688 -5.699999809265137
vertex 77.25003051757812 42.02434158325195 -5.699999809265137
vertex 78.59532928466797 42.00044631958008 -5.699999809265137
endloop
endfacet
facet normal 0.38268004203697886 0.9238809368238833 0
outer loop
vertex -21.00160789489746 1.7243330478668213 10.5
vertex -21.11187171936035 1.7700053453445435 5.300000190734863
vertex -21.11187171936035 1.7700053453445435 10.5
endloop
endfacet
facet normal 0 0 -1
outer loop
vertex -77.55253601074219 46.47042465209961 -5.699999809265137
vertex -77.52800750732422 47.81543731689453 -5.699999809265137
vertex 73.80826568603516 47.53234100341797 -5.699999809265137
endloop
endfacet
facet normal 0 0 -1
outer loop
vertex -61.81247329711914 4.417953968048096 -5.699999809265137
vertex -64.92195129394531 4.334603309631348 -5.699999809265137
vertex -63.383235931396484 5.9976911544799805 -5.699999809265137
endloop
endfacet
facet normal 0 0 1
outer loop
vertex -63.157772064208984 2.0665011405944824 11.5
vertex -55.953582763671875 -10.408787727355957 11.5
vertex -55.289459228515625 -9.127264022827148 11.5
endloop
endfacet
facet normal 0.0018706485818932863 0.999998250335407 8.742972243452711e-8
outer loop
vertex -25.703609466552734 48.87319564819336 -3.700000047683716
vertex -77.70816040039062 48.97047805786133 -3.700000047683716
vertex 74.09385681152344 48.68650817871094 9.5
endloop
endfacet
facet normal 0 -1 0
outer loop
vertex -76.28992462158203 41.170005798339844 10.5
vertex -76.28992462158203 41.170005798339844 5.300000190734863
vertex 71.53997802734375 41.170005798339844 5.300000190734863
endloop
endfacet
facet normal 0 0 -1
outer loop
vertex 73.20417785644531 46.349945068359375 -5.699999809265137
vertex 73.80826568603516 47.53234100341797 -5.699999809265137
vertex 74.42093658447266 45.810455322265625 -5.699999809265137
endloop
endfacet
facet normal 0 0 -1
outer loop
vertex 73.142822265625 46.36296081542969 -5.699999809265137
vertex 73.80826568603516 47.53234100341797 -5.699999809265137
vertex 73.20417785644531 46.349945068359375 -5.699999809265137
endloop
endfacet
facet normal 1 0 0
outer loop
vertex 79.75003051757812 30.026535034179688 9.5
vertex 79.75003051757812 30.026535034179688 -3.700000047683716
vertex 79.75003051757812 42.181941986083984 -3.700000047683716
endloop
endfacet
facet normal 0.7616136239583419 0.6480313941477228 0
outer loop
vertex 81.57676696777344 27.864978790283203 -3.700000047683716
vertex 81.13616943359375 28.382801055908203 -3.700000047683716
vertex 81.13616943359375 28.382801055908203 9.5
endloop
endfacet
facet normal 0.5613502593563766 0.8275783263960752 0
outer loop
vertex 81.13616943359375 28.382801055908203 -3.700000047683716
vertex 80.33223724365234 28.928112030029297 -3.700000047683716
vertex 81.13616943359375 28.382801055908203 9.5
endloop
endfacet
facet normal 0.8835590859195328 0.46831970029995 -6.898485269267838e-8
outer loop
vertex 80.33223724365234 28.928112030029297 9.5
vertex 79.93384552001953 29.679738998413086 -3.700000047683716
vertex 79.75003051757812 30.026535034179688 -3.700000047683716
endloop
endfacet
facet normal 0.8835585846128033 0.4683206460930585 0
outer loop
vertex 80.33223724365234 28.928112030029297 -3.700000047683716
vertex 79.93384552001953 29.679738998413086 -3.700000047683716
vertex 80.33223724365234 28.928112030029297 9.5
endloop
endfacet
facet normal 0.7616105833667051 0.6480349676551622 0
outer loop
vertex 83.85052490234375 25.192718505859375 -3.700000047683716
vertex 81.57676696777344 27.864978790283203 -3.700000047683716
vertex 83.85052490234375 25.192718505859375 9.5
endloop
endfacet
facet normal 0.9513174447882009 0.3082127824111912 0
outer loop
vertex 84.40606689453125 23.478004455566406 -3.700000047683716
vertex 83.85052490234375 25.192718505859375 -3.700000047683716
vertex 83.85052490234375 25.192718505859375 9.5
endloop
endfacet
facet normal 0.9513132141829713 0.30822584012516563 0
outer loop
vertex 84.49784088134766 23.194751739501953 9.5
vertex 84.49784088134766 23.194751739501953 -3.700000047683716
vertex 84.40606689453125 23.478004455566406 -3.700000047683716
endloop
endfacet
facet normal 0 0 1
outer loop
vertex -63.157772064208984 2.0665011405944824 11.5
vertex -55.289459228515625 -9.127264022827148 11.5
vertex -55.03845977783203 -8.686412811279297 11.5
endloop
endfacet
facet normal 0 0 1
outer loop
vertex -63.157772064208984 2.0665011405944824 11.5
vertex -55.03845977783203 -8.686412811279297 11.5
vertex -54.23554992675781 -7.310061454772949 11.5
endloop
endfacet
facet normal 0 0 1
outer loop
vertex -63.157772064208984 2.0665011405944824 11.5
vertex -54.23554992675781 -7.310061454772949 11.5
vertex -52.942596435546875 -5.621444225311279 11.5
endloop
endfacet
facet normal 0.0018706279544034442 0.9999982503739449 3.246498360972096e-7
outer loop
vertex 74.09385681152344 48.68650817871094 9.5
vertex -77.70816040039062 48.97047805786133 -3.700000047683716
vertex -25.725719451904297 48.873233795166016 9.5
endloop
endfacet
facet normal 0 0 -1
outer loop
vertex 78.59532928466797 30.026535034179688 -5.699999809265137
vertex 77.25003051757812 28.7218074798584 -5.699999809265137
vertex 77.25003051757812 42.02434158325195 -5.699999809265137
endloop
endfacet
facet normal 0 0 1
outer loop
vertex -63.157772064208984 2.0665011405944824 11.5
vertex -52.942596435546875 -5.621444225311279 11.5
vertex -51.65705490112305 -4.301326274871826 11.5
endloop
endfacet
facet normal 0 0 -1
outer loop
vertex -63.383235931396484 5.9976911544799805 -5.699999809265137
vertex -65.16831970214844 4.525392055511475 -5.699999809265137
vertex -65.35073852539062 4.610455513000488 -5.699999809265137
endloop
endfacet
facet normal 0 0 1
outer loop
vertex -48.54997253417969 -45.75050735473633 11.5
vertex -57.48786163330078 -52.62529373168945 11.5
vertex -4.218578338623047 -52.62529373168945 11.5
endloop
endfacet
facet normal 0 0 -1
outer loop
vertex -63.383235931396484 5.9976911544799805 -5.699999809265137
vertex -65.0034408569336 4.409943580627441 -5.699999809265137
vertex -65.16831970214844 4.525392055511475 -5.699999809265137
endloop
endfacet
facet normal 0 0 1
outer loop
vertex -33.14997100830078 -45.75050735473633 11.5
vertex -48.54997253417969 -45.75050735473633 11.5
vertex -4.218578338623047 -52.62529373168945 11.5
endloop
endfacet
facet normal 0 0 -1
outer loop
vertex -64.92195129394531 4.334603309631348 -5.699999809265137
vertex -65.0034408569336 4.409943580627441 -5.699999809265137
vertex -63.383235931396484 5.9976911544799805 -5.699999809265137
endloop
endfacet
facet normal 0 0 1
outer loop
vertex -32.511985778808594 -44.86368942260742 11.5
vertex -33.14997100830078 -45.75050735473633 11.5
vertex -4.218578338623047 -52.62529373168945 11.5
endloop
endfacet
facet normal 0 0 -1
outer loop
vertex -65.35073852539062 4.610455513000488 -5.699999809265137
vertex -65.54515838623047 4.66254997253418 -5.699999809265137
vertex -63.383235931396484 5.9976911544799805 -5.699999809265137
endloop
endfacet
facet normal 0 0 -1
outer loop
vertex -65.54515838623047 4.66254997253418 -5.699999809265137
vertex -65.72518157958984 4.678300380706787 -5.699999809265137
vertex -63.383235931396484 5.9976911544799805 -5.699999809265137
endloop
endfacet
facet normal 0.7071084257299212 0.707105136639349 0
outer loop
vertex -19.69997215270996 -35.819942474365234 5.300000190734863
vertex -19.289920806884766 -36.22999572753906 10.5
vertex -19.289920806884766 -36.22999572753906 5.300000190734863
endloop
endfacet
facet normal 0 0 1
outer loop
vertex -32.449974060058594 -44.77748107910156 11.5
vertex -32.511985778808594 -44.86368942260742 11.5
vertex -20.19997215270996 -35.819942474365234 11.5
endloop
endfacet
facet normal 0 0 1
outer loop
vertex -32.94997024536133 -36.28181076049805 11.5
vertex -32.94997024536133 -36.3778190612793 11.5
vertex -32.66470718383789 -36.25701904296875 11.5
endloop
endfacet
facet normal 0 0 1
outer loop
vertex -32.94997024536133 -36.28181076049805 11.5
vertex -32.66470718383789 -36.25701904296875 11.5
vertex -32.449974060058594 -36.15114974975586 11.5
endloop
endfacet
facet normal 0 0 1
outer loop
vertex -31.532623291015625 -35.5468864440918 11.5
vertex -32.94997024536133 -36.28181076049805 11.5
vertex -32.449974060058594 -36.15114974975586 11.5
endloop
endfacet
facet normal 0 0 1
outer loop
vertex -32.449974060058594 -36.15114974975586 11.5
vertex -32.449974060058594 -44.77748107910156 11.5
vertex -20.19997215270996 -35.819942474365234 11.5
endloop
endfacet
facet normal 0 0 1
outer loop
vertex -31.532623291015625 -35.5468864440918 11.5
vertex -32.449974060058594 -36.15114974975586 11.5
vertex -20.19997215270996 -35.819942474365234 11.5
endloop
endfacet
facet normal 0 0 1
outer loop
vertex -30.187469482421875 -34.60499954223633 11.5
vertex -31.532623291015625 -35.5468864440918 11.5
vertex -20.19997215270996 -35.819942474365234 11.5
endloop
endfacet
facet normal 0 0 -1
outer loop
vertex 80.35828399658203 27.515165328979492 -5.699999809265137
vertex 79.32942962646484 26.6458683013916 -5.699999809265137
vertex 79.68643951416016 27.97603988647461 -5.699999809265137
endloop
endfacet
facet normal 0 0 -1
outer loop
vertex 80.35828399658203 27.515165328979492 -5.699999809265137
vertex 79.36273193359375 26.61836814880371 -5.699999809265137
vertex 79.32942962646484 26.6458683013916 -5.699999809265137
endloop
endfacet
facet normal 0 0 1
outer loop
vertex -30.187469482421875 -34.60499954223633 11.5
vertex -20.19997215270996 -35.819942474365234 11.5
vertex -28.83841323852539 -33.50912094116211 11.5
endloop
endfacet
facet normal 0 0 1
outer loop
vertex -32.511985778808594 -44.86368942260742 11.5
vertex -19.4609317779541 -36.6998405456543 11.5
vertex -19.64212989807129 -36.58220291137695 11.5
endloop
endfacet
facet normal 0 0 1
outer loop
vertex -19.4609317779541 -36.6998405456543 11.5
vertex -32.511985778808594 -44.86368942260742 11.5
vertex -19.376745223999023 -36.72239685058594 11.5
endloop
endfacet
facet normal 0 0 1
outer loop
vertex -82.82783508300781 8.83095645904541 11.5
vertex -80.22935485839844 5.786136627197266 11.5
vertex -77.05217742919922 11.327847480773926 11.5
endloop
endfacet
facet normal 0 0 1
outer loop
vertex -83.34599304199219 10.451437950134277 11.5
vertex -82.82783508300781 8.83095645904541 11.5
vertex -77.19237518310547 11.593232154846191 11.5
endloop
endfacet
facet normal 0 0 1
outer loop
vertex -20.05217933654785 -36.17215347290039 11.5
vertex -32.511985778808594 -44.86368942260742 11.5
vertex -19.64212989807129 -36.58220291137695 11.5
endloop
endfacet
facet normal 0 0 -1
outer loop
vertex 82.82263946533203 24.618898391723633 -5.699999809265137
vertex 81.5656509399414 24.175382614135742 -5.699999809265137
vertex 81.53663635253906 24.222347259521484 -5.699999809265137
endloop
endfacet
facet normal 0 0 -1
outer loop
vertex 83.34336853027344 23.01166343688965 -5.699999809265137
vertex 81.98809814453125 23.08577537536621 -5.699999809265137
vertex 82.82263946533203 24.618898391723633 -5.699999809265137
endloop
endfacet
facet normal 0 0 -1
outer loop
vertex 81.98809814453125 23.08577537536621 -5.699999809265137
vertex 81.5656509399414 24.175382614135742 -5.699999809265137
vertex 82.82263946533203 24.618898391723633 -5.699999809265137
endloop
endfacet
facet normal 0 0 -1
outer loop
vertex 79.36273193359375 26.61836814880371 -5.699999809265137
vertex 80.35828399658203 27.515165328979492 -5.699999809265137
vertex 82.82263946533203 24.618898391723633 -5.699999809265137
endloop
endfacet
facet normal 0 0 -1
outer loop
vertex 81.53663635253906 24.222347259521484 -5.699999809265137
vertex 79.36273193359375 26.61836814880371 -5.699999809265137
vertex 82.82263946533203 24.618898391723633 -5.699999809265137
endloop
endfacet
facet normal 0.7071084257299212 0.707105136639349 0
outer loop
vertex -19.289920806884766 -36.22999572753906 10.5
vertex -19.69997215270996 -35.819942474365234 5.300000190734863
vertex -19.69997215270996 -35.819942474365234 10.5
endloop
endfacet
facet normal 0 0 1
outer loop
vertex -80.22935485839844 5.786136627197266 11.5
vertex -78.56484985351562 4.90805196762085 11.5
vertex -76.46092987060547 10.800159454345703 11.5
endloop
endfacet
facet normal 0 0 -1
outer loop
vertex 78.61286926269531 29.82602310180664 -5.699999809265137
vertex 77.25003051757812 28.7218074798584 -5.699999809265137
vertex 78.59532928466797 30.026535034179688 -5.699999809265137
endloop
endfacet
facet normal 0 0 -1
outer loop
vertex 78.66496276855469 29.63160514831543 -5.699999809265137
vertex 77.25003051757812 28.7218074798584 -5.699999809265137
vertex 78.61286926269531 29.82602310180664 -5.699999809265137
endloop
endfacet
facet normal 0 0 -1
outer loop
vertex 78.73233795166016 29.487119674682617 -5.699999809265137
vertex 77.25003051757812 28.7218074798584 -5.699999809265137
vertex 78.66496276855469 29.63160514831543 -5.699999809265137
endloop
endfacet
facet normal 0 0 -1
outer loop
vertex 79.31454467773438 28.388696670532227 -5.699999809265137
vertex 77.25003051757812 28.7218074798584 -5.699999809265137
vertex 78.73233795166016 29.487119674682617 -5.699999809265137
endloop
endfacet
facet normal 0 0 -1
outer loop
vertex 79.31454467773438 28.388696670532227 -5.699999809265137
vertex 77.94283294677734 27.48940658569336 -5.699999809265137
vertex 77.25003051757812 28.7218074798584 -5.699999809265137
endloop
endfacet
facet normal 0 0 -1
outer loop
vertex 79.68643951416016 27.97603988647461 -5.699999809265137
vertex 77.94283294677734 27.48940658569336 -5.699999809265137
vertex 79.31454467773438 28.388696670532227 -5.699999809265137
endloop
endfacet
facet normal 0 0 -1
outer loop
vertex 77.94283294677734 27.48940658569336 -5.699999809265137
vertex 79.68643951416016 27.97603988647461 -5.699999809265137
vertex 79.32942962646484 26.6458683013916 -5.699999809265137
endloop
endfacet
facet normal 0 0 1
outer loop
vertex -76.46092987060547 10.800159454345703 11.5
vertex -78.56484985351562 4.90805196762085 11.5
vertex -76.37674713134766 10.77760124206543 11.5
endloop
endfacet
facet normal 0 0 1
outer loop
vertex -77.05217742919922 11.327847480773926 11.5
vertex -80.22935485839844 5.786136627197266 11.5
vertex -76.64212799072266 10.917797088623047 11.5
endloop
endfacet
facet normal 0 0 -1
outer loop
vertex 1.2727530002593994 -48.34856414794922 -5.699999809265137
vertex 1.2649486064910889 -46.52999496459961 -5.699999809265137
vertex 2.1917786598205566 -47.96350860595703 -5.699999809265137
endloop
endfacet
facet normal 0 0 -1
outer loop
vertex -57.61509323120117 -51.26846694946289 -5.699999809265137
vertex -59.80868911743164 -51.657859802246094 -5.699999809265137
vertex -58.772315979003906 -50.789127349853516 -5.699999809265137
endloop
endfacet
facet normal 0 0 -1
outer loop
vertex -59.80868911743164 -51.657859802246094 -5.699999809265137
vertex -62.56789779663086 -48.70756530761719 -5.699999809265137
vertex -61.28877258300781 -48.28897476196289 -5.699999809265137
endloop
endfacet
facet normal 0 0 -1
outer loop
vertex -61.32160568237305 -48.239837646484375 -5.699999809265137
vertex -63.157772064208984 -46.9988899230957 -5.699999809265137
vertex -61.800941467285156 -47.08261489868164 -5.699999809265137
endloop
endfacet
facet normal -0.7071084257375708 -0.7071051366316995 0
outer loop
vertex 76.28997802734375 22.170005798339844 10.5
vertex 76.70002746582031 21.75995445251465 5.300000190734863
vertex 76.70002746582031 21.75995445251465 10.5
endloop
endfacet
facet normal 0 -1 0
outer loop
vertex 73.36193084716797 22.170005798339844 10.5
vertex 76.28997802734375 22.170005798339844 5.300000190734863
vertex 76.28997802734375 22.170005798339844 10.5
endloop
endfacet
facet normal -0.7071084257375708 -0.7071051366316995 0
outer loop
vertex 76.70002746582031 21.75995445251465 5.300000190734863
vertex 76.28997802734375 22.170005798339844 10.5
vertex 76.28997802734375 22.170005798339844 5.300000190734863
endloop
endfacet
facet normal 0 -1 0
outer loop
vertex 73.36193084716797 22.170005798339844 10.5
vertex 73.36193084716797 22.170005798339844 5.300000190734863
vertex 76.28997802734375 22.170005798339844 5.300000190734863
endloop
endfacet
facet normal 0 0 1
outer loop
vertex -76.64212799072266 10.917797088623047 11.5
vertex -80.22935485839844 5.786136627197266 11.5
vertex -76.46092987060547 10.800159454345703 11.5
endloop
endfacet
facet normal -0.7071062442689526 -0.7071073181037348 0
outer loop
vertex 71.99569702148438 23.471641540527344 10.5
vertex 73.25166320800781 22.21567726135254 5.300000190734863
vertex 73.25166320800781 22.21567726135254 10.5
endloop
endfacet
facet normal -0.3826627740853655 -0.923888089180336 0
outer loop
vertex 73.25166320800781 22.21567726135254 10.5
vertex 73.36193084716797 22.170005798339844 5.300000190734863
vertex 73.36193084716797 22.170005798339844 10.5
endloop
endfacet
facet normal -0.3826627740853655 -0.923888089180336 0
outer loop
vertex 73.36193084716797 22.170005798339844 5.300000190734863
vertex 73.25166320800781 22.21567726135254 10.5
vertex 73.25166320800781 22.21567726135254 5.300000190734863
endloop
endfacet
facet normal -0.7071062442689526 -0.7071073181037348 0
outer loop
vertex 73.25166320800781 22.21567726135254 5.300000190734863
vertex 71.99569702148438 23.471641540527344 10.5
vertex 71.99569702148438 23.471641540527344 5.300000190734863
endloop
endfacet
facet normal 0.9999992287316374 0.0012419887802643933 0
outer loop
vertex 84.5422592163086 -12.569098472595215 9.5
vertex 84.49784088134766 23.194751739501953 -3.700000047683716
vertex 84.49784088134766 23.194751739501953 9.5
endloop
endfacet
facet normal -1 0 0
outer loop
vertex 76.70002746582031 21.75995445251465 5.300000190734863
vertex 76.70002746582031 -35.819942474365234 5.300000190734863
vertex 76.70002746582031 21.75995445251465 10.5
endloop
endfacet
facet normal 0 0 -1
outer loop
vertex -78.56484985351562 4.90805196762085 -5.699999809265137
vertex -63.383235931396484 5.9976911544799805 -5.699999809265137
vertex -65.72518157958984 4.678300380706787 -5.699999809265137
endloop
endfacet
facet normal 0 0 1
outer loop
vertex -32.511985778808594 -44.86368942260742 11.5
vertex -20.05217933654785 -36.17215347290039 11.5
vertex -20.19237518310547 -35.906768798828125 11.5
endloop
endfacet
facet normal 0 0 -1
outer loop
vertex 83.34336853027344 23.01166343688965 -5.699999809265137
vertex 81.99832153320312 23.031530380249023 -5.699999809265137
vertex 81.98809814453125 23.08577537536621 -5.699999809265137
endloop
endfacet
facet normal 0 0 -1
outer loop
vertex -77.90510559082031 6.080394268035889 -5.699999809265137
vertex -63.383235931396484 5.9976911544799805 -5.699999809265137
vertex -78.56484985351562 4.90805196762085 -5.699999809265137
endloop
endfacet
facet normal 0 0 1
outer loop
vertex -20.19997215270996 -35.819942474365234 11.5
vertex -32.511985778808594 -44.86368942260742 11.5
vertex -20.19237518310547 -35.906768798828125 11.5
endloop
endfacet
facet normal 0 0 1
outer loop
vertex -19.376745223999023 -36.72239685058594 11.5
vertex -32.511985778808594 -44.86368942260742 11.5
vertex -19.289920806884766 -36.72999572753906 11.5
endloop
endfacet
facet normal 0 0 -1
outer loop
vertex -63.49185562133789 2.8726649284362793 -5.699999809265137
vertex -64.92195129394531 4.334603309631348 -5.699999809265137
vertex -61.81247329711914 4.417953968048096 -5.699999809265137
endloop
endfacet
facet normal 0 0 1
outer loop
vertex -78.56484985351562 4.90805196762085 11.5
vertex -65.72518157958984 4.678300380706787 11.5
vertex -76.37674713134766 10.77760124206543 11.5
endloop
endfacet
facet normal 0 0 1
outer loop
vertex -76.37674713134766 10.77760124206543 11.5
vertex -65.72518157958984 4.678300380706787 11.5
vertex -76.28992462158203 10.770005226135254 11.5
endloop
endfacet
facet normal 0 0 -1
outer loop
vertex 83.34336853027344 23.01166343688965 -5.699999809265137
vertex 83.4278564453125 -45.0118408203125 -5.699999809265137
vertex 81.99832153320312 23.031530380249023 -5.699999809265137
endloop
endfacet
facet normal 0 -1 0
outer loop
vertex 71.53997802734375 41.170005798339844 5.300000190734863
vertex 71.53997802734375 41.170005798339844 10.5
vertex -76.28992462158203 41.170005798339844 10.5
endloop
endfacet
facet normal 0.0018706601459975221 0.9999982503137783 0
outer loop
vertex 74.09385681152344 48.68650817871094 -3.700000047683716
vertex -25.703609466552734 48.87319564819336 -3.700000047683716
vertex 74.09385681152344 48.68650817871094 9.5
endloop
endfacet
facet normal 0 0 1
outer loop
vertex -27.670846939086914 -32.341552734375 11.5
vertex -28.83841323852539 -33.50912094116211 11.5
vertex -20.19997215270996 -35.819942474365234 11.5
endloop
endfacet
facet normal 0 0 -1
outer loop
vertex -78.56484985351562 4.90805196762085 -5.699999809265137
vertex -77.9660415649414 6.0935587882995605 -5.699999809265137
vertex -77.90510559082031 6.080394268035889 -5.699999809265137
endloop
endfacet
facet normal 0 0 -1
outer loop
vertex -78.56484985351562 4.90805196762085 -5.699999809265137
vertex -79.17398071289062 6.632742881774902 -5.699999809265137
vertex -77.9660415649414 6.0935587882995605 -5.699999809265137
endloop
endfacet
facet normal 0 0 -1
outer loop
vertex -77.55253601074219 46.47042465209961 -5.699999809265137
vertex 73.80826568603516 47.53234100341797 -5.699999809265137
vertex 73.142822265625 46.36296081542969 -5.699999809265137
endloop
endfacet
facet normal 0 0 1
outer loop
vertex -83.34599304199219 10.451437950134277 11.5
vertex -77.19237518310547 11.593232154846191 11.5
vertex -77.1999740600586 11.680055618286133 11.5
endloop
endfacet
facet normal 0 0 1
outer loop
vertex 77.20002746582031 -35.819942474365234 11.5
vertex 83.4278564453125 -45.0118408203125 11.5
vertex 83.34336853027344 23.01166343688965 11.5
endloop
endfacet
facet normal 0.7081201325263763 -0.7060919755321026 0
outer loop
vertex -1.9151487350463867 -53.05167007446289 -3.700000047683716
vertex 1.7141246795654297 -49.41197204589844 -3.700000047683716
vertex -1.9151487350463867 -53.05167007446289 9.5
endloop
endfacet
facet normal 0.3263245609843318 -0.9452577854206666 0
outer loop
vertex -4.024872779846191 -53.77999496459961 9.5
vertex -4.024872779846191 -53.77999496459961 -3.700000047683716
vertex -1.9151487350463867 -53.05167007446289 -3.700000047683716
endloop
endfacet
facet normal 0 0 -1
outer loop
vertex -0.42833802103996277 -48.239837646484375 -5.699999809265137
vertex 0.8995684385299683 -48.59974670410156 -5.699999809265137
vertex -0.46116936206817627 -48.28897476196289 -5.699999809265137
endloop
endfacet
facet normal 0 0 -1
outer loop
vertex -2.5443108081817627 -52.047298431396484 -5.699999809265137
vertex -0.46116936206817627 -48.28897476196289 -5.699999809265137
vertex 0.8995684385299683 -48.59974670410156 -5.699999809265137
endloop
endfacet
facet normal 0 0 -1
outer loop
vertex -2.5443108081817627 -52.047298431396484 -5.699999809265137
vertex -2.928492784500122 -50.75629806518555 -5.699999809265137
vertex -0.46116936206817627 -48.28897476196289 -5.699999809265137
endloop
endfacet
facet normal 0 0 -1
outer loop
vertex -79.22447204589844 6.669315338134766 -5.699999809265137
vertex -82.82783508300781 8.83095645904541 -5.699999809265137
vertex -81.5400619506836 9.221500396728516 -5.699999809265137
endloop
endfacet
facet normal 0 0 -1
outer loop
vertex -81.991943359375 10.369537353515625 -5.699999809265137
vertex -83.34599304199219 10.451437950134277 -5.699999809265137
vertex -82.00199890136719 10.424304008483887 -5.699999809265137
endloop
endfacet
facet normal 0 0 -1
outer loop
vertex -81.56925201416016 9.268919944763184 -5.699999809265137
vertex -83.34599304199219 10.451437950134277 -5.699999809265137
vertex -81.991943359375 10.369537353515625 -5.699999809265137
endloop
endfacet
facet normal 0 0 -1
outer loop
vertex -2.5443108081817627 -52.047298431396484 -5.699999809265137
vertex -2.977628469467163 -50.789127349853516 -5.699999809265137
vertex -2.928492784500122 -50.75629806518555 -5.699999809265137
endloop
endfacet
facet normal 0 0 -1
outer loop
vertex -2.5443108081817627 -52.047298431396484 -5.699999809265137
vertex -4.218578338623047 -52.62529373168945 -5.699999809265137
vertex -2.977628469467163 -50.789127349853516 -5.699999809265137
endloop
endfacet
facet normal 0 0 -1
outer loop
vertex -4.218578338623047 -52.62529373168945 -5.699999809265137
vertex -4.134851455688477 -51.26846694946289 -5.699999809265137
vertex -2.977628469467163 -50.789127349853516 -5.699999809265137
endloop
endfacet
facet normal 0 0 -1
outer loop
vertex -4.218578338623047 -52.62529373168945 -5.699999809265137
vertex -4.192810535430908 -51.27999496459961 -5.699999809265137
vertex -4.134851455688477 -51.26846694946289 -5.699999809265137
endloop
endfacet
facet normal 0 0 -1
outer loop
vertex -82.82783508300781 8.83095645904541 -5.699999809265137
vertex -81.56925201416016 9.268919944763184 -5.699999809265137
vertex -81.5400619506836 9.221500396728516 -5.699999809265137
endloop
endfacet
facet normal 0 0 1
outer loop
vertex -77.19237518310547 11.593232154846191 11.5
vertex -82.82783508300781 8.83095645904541 11.5
vertex -77.05217742919922 11.327847480773926 11.5
endloop
endfacet
facet normal 0 0 -1
outer loop
vertex -82.82783508300781 8.83095645904541 -5.699999809265137
vertex -83.34599304199219 10.451437950134277 -5.699999809265137
vertex -81.56925201416016 9.268919944763184 -5.699999809265137
endloop
endfacet
facet normal 0 0 1
outer loop
vertex 77.19242858886719 -35.906768798828125 11.5
vertex 83.4278564453125 -45.0118408203125 11.5
vertex 77.20002746582031 -35.819942474365234 11.5
endloop
endfacet
facet normal 0 0 1
outer loop
vertex -26.574966430664062 -30.992496490478516 11.5
vertex -27.670846939086914 -32.341552734375 11.5
vertex -20.19997215270996 -35.819942474365234 11.5
endloop
endfacet
facet normal -1 0 0
outer loop
vertex -64.31246948242188 2.0665011405944824 -3.700000047683716
vertex -64.31246948242188 -47.19259262084961 -3.700000047683716
vertex -64.31246948242188 2.0665011405944824 9.5
endloop
endfacet
facet normal 0 0 1
outer loop
vertex 77.16987609863281 -35.9909553527832 11.5
vertex 83.4278564453125 -45.0118408203125 11.5
vertex 77.19242858886719 -35.906768798828125 11.5
endloop
endfacet
facet normal 0 0 1
outer loop
vertex 77.05223846435547 -36.17215347290039 11.5
vertex 83.4278564453125 -45.0118408203125 11.5
vertex 77.16987609863281 -35.9909553527832 11.5
endloop
endfacet
facet normal 0 0 1
outer loop
vertex 76.6421890258789 -36.58220291137695 11.5
vertex 83.4278564453125 -45.0118408203125 11.5
vertex 77.05223846435547 -36.17215347290039 11.5
endloop
endfacet
facet normal 0 0 1
outer loop
vertex 76.61137390136719 -36.61301803588867 11.5
vertex 83.4278564453125 -45.0118408203125 11.5
vertex 76.6421890258789 -36.58220291137695 11.5
endloop
endfacet
facet normal 0 0 1
outer loop
vertex 76.53997802734375 -36.66300582885742 11.5
vertex 83.4278564453125 -45.0118408203125 11.5
vertex 76.61137390136719 -36.61301803588867 11.5
endloop
endfacet
facet normal 0 0 1
outer loop
vertex 76.46099090576172 -36.6998405456543 11.5
vertex 83.4278564453125 -45.0118408203125 11.5
vertex 76.53997802734375 -36.66300582885742 11.5
endloop
endfacet
facet normal 0 0 1
outer loop
vertex 76.37680053710938 -36.72239685058594 11.5
vertex 80.3423080444336 -47.87529373168945 11.5
vertex 76.46099090576172 -36.6998405456543 11.5
endloop
endfacet
facet normal 0 0 1
outer loop
vertex 76.28997802734375 -36.72999572753906 11.5
vertex 80.3423080444336 -47.87529373168945 11.5
vertex 76.37680053710938 -36.72239685058594 11.5
endloop
endfacet
facet normal 0 0 1
outer loop
vertex 76.46099090576172 -36.6998405456543 11.5
vertex 83.20193481445312 -45.480613708496094 11.5
vertex 83.4278564453125 -45.0118408203125 11.5
endloop
endfacet
facet normal 0 0 1
outer loop
vertex -83.34599304199219 10.451437950134277 11.5
vertex -77.1999740600586 11.680055618286133 11.5
vertex -77.1999740600586 40.75995635986328 11.5
endloop
endfacet
facet normal 0 0 1
outer loop
vertex 76.46099090576172 -36.6998405456543 11.5
vertex 80.84183502197266 -47.70016098022461 11.5
vertex 83.20193481445312 -45.480613708496094 11.5
endloop
endfacet
facet normal 0 0 1
outer loop
vertex -63.157772064208984 2.0665011405944824 11.5
vertex -51.65705490112305 -4.301326274871826 11.5
vertex -49.975868225097656 -2.847560405731201 11.5
endloop
endfacet
facet normal 0 0 1
outer loop
vertex -63.157772064208984 2.0665011405944824 11.5
vertex -49.975868225097656 -2.847560405731201 11.5
vertex -48.15599822998047 -1.6883217096328735 11.5
endloop
endfacet
facet normal 0 0 1
outer loop
vertex -76.28992462158203 10.770005226135254 11.5
vertex -65.72518157958984 4.678300380706787 11.5
vertex -40.25438690185547 10.770005226135254 11.5
endloop
endfacet
facet normal 0 0 1
outer loop
vertex -63.22740936279297 2.4614319801330566 11.5
vertex -63.17531204223633 2.26701283454895 11.5
vertex -40.25438690185547 10.770005226135254 11.5
endloop
endfacet
facet normal 0 0 1
outer loop
vertex -63.427921295166016 2.8087282180786133 11.5
vertex -63.31247329711914 2.6438512802124023 11.5
vertex -40.25438690185547 10.770005226135254 11.5
endloop
endfacet
facet normal 0 0 1
outer loop
vertex -63.31247329711914 2.6438512802124023 11.5
vertex -63.22740936279297 2.4614319801330566 11.5
vertex -40.25438690185547 10.770005226135254 11.5
endloop
endfacet
facet normal 0 0 1
outer loop
vertex 80.3423080444336 -47.87529373168945 11.5
vertex 80.84183502197266 -47.70016098022461 11.5
vertex 76.46099090576172 -36.6998405456543 11.5
endloop
endfacet
facet normal 0 0 1
outer loop
vertex -63.49185562133789 2.8726649284362793 11.5
vertex -63.427921295166016 2.8087282180786133 11.5
vertex -40.25438690185547 10.770005226135254 11.5
endloop
endfacet
facet normal 0 0 1
outer loop
vertex -40.25438690185547 10.770005226135254 11.5
vertex -65.72518157958984 4.678300380706787 11.5
vertex -65.54515838623047 4.66254997253418 11.5
endloop
endfacet
facet normal 0 0 1
outer loop
vertex -65.16831970214844 4.525392055511475 11.5
vertex -65.0034408569336 4.409943580627441 11.5
vertex -40.25438690185547 10.770005226135254 11.5
endloop
endfacet
facet normal 0 0 1
outer loop
vertex 76.28997802734375 -36.72999572753906 11.5
vertex 2.6344282627105713 -47.87529373168945 11.5
vertex 80.3423080444336 -47.87529373168945 11.5
endloop
endfacet
facet normal 0 0 1
outer loop
vertex -65.54515838623047 4.66254997253418 11.5
vertex -65.35073852539062 4.610455513000488 11.5
vertex -40.25438690185547 10.770005226135254 11.5
endloop
endfacet
facet normal 0 0 1
outer loop
vertex 18.63035774230957 -40.499664306640625 11.5
vertex 18.723630905151367 -40.61331558227539 11.5
vertex 76.28997802734375 -36.72999572753906 11.5
endloop
endfacet
facet normal 0 0 1
outer loop
vertex 76.28997802734375 -36.72999572753906 11.5
vertex 18.387041091918945 -40.33708572387695 11.5
vertex 18.516706466674805 -40.40639114379883 11.5
endloop
endfacet
facet normal 0 0 1
outer loop
vertex 18.516706466674805 -40.40639114379883 11.5
vertex 18.63035774230957 -40.499664306640625 11.5
vertex 76.28997802734375 -36.72999572753906 11.5
endloop
endfacet
facet normal 0 0 1
outer loop
vertex 18.24634552001953 -40.29440689086914 11.5
vertex 18.387041091918945 -40.33708572387695 11.5
vertex 76.28997802734375 -36.72999572753906 11.5
endloop
endfacet
facet normal 0 0 1
outer loop
vertex 76.28997802734375 -36.72999572753906 11.5
vertex 18.10002899169922 -40.27999496459961 11.5
vertex 18.24634552001953 -40.29440689086914 11.5
endloop
endfacet
facet normal 0 0 1
outer loop
vertex 18.723630905151367 -40.61331558227539 11.5
vertex 18.792938232421875 -40.74298095703125 11.5
vertex 76.28997802734375 -36.72999572753906 11.5
endloop
endfacet
facet normal 0 0 1
outer loop
vertex 18.792938232421875 -40.74298095703125 11.5
vertex 18.835617065429688 -40.8836784362793 11.5
vertex 76.28997802734375 -36.72999572753906 11.5
endloop
endfacet
facet normal 0 0 1
outer loop
vertex 18.835617065429688 -40.8836784362793 11.5
vertex 18.85002899169922 -41.02999496459961 11.5
vertex 76.28997802734375 -36.72999572753906 11.5
endloop
endfacet
facet normal 0 0 1
outer loop
vertex 18.85002899169922 -41.02999496459961 11.5
vertex 18.835617065429688 -41.17631149291992 11.5
vertex 76.28997802734375 -36.72999572753906 11.5
endloop
endfacet
facet normal 0 0 1
outer loop
vertex 18.835617065429688 -41.17631149291992 11.5
vertex 18.792938232421875 -41.31700897216797 11.5
vertex 76.28997802734375 -36.72999572753906 11.5
endloop
endfacet
facet normal 0 0 1
outer loop
vertex 18.792938232421875 -41.31700897216797 11.5
vertex 18.723630905151367 -41.44667053222656 11.5
vertex 76.28997802734375 -36.72999572753906 11.5
endloop
endfacet
facet normal 0 0 1
outer loop
vertex 18.723630905151367 -41.44667053222656 11.5
vertex 18.63035774230957 -41.560325622558594 11.5
vertex 76.28997802734375 -36.72999572753906 11.5
endloop
endfacet
facet normal 0 0 1
outer loop
vertex 18.63035774230957 -41.560325622558594 11.5
vertex 18.516706466674805 -41.653594970703125 11.5
vertex 76.28997802734375 -36.72999572753906 11.5
endloop
endfacet
facet normal 0 0 1
outer loop
vertex 18.516706466674805 -41.653594970703125 11.5
vertex 18.387041091918945 -41.722904205322266 11.5
vertex 76.28997802734375 -36.72999572753906 11.5
endloop
endfacet
facet normal 0 0 1
outer loop
vertex 18.387041091918945 -41.722904205322266 11.5
vertex 18.24634552001953 -41.76558303833008 11.5
vertex 76.28997802734375 -36.72999572753906 11.5
endloop
endfacet
facet normal 0 0 1
outer loop
vertex 76.28997802734375 -36.72999572753906 11.5
vertex -19.289920806884766 -36.72999572753906 11.5
vertex 18.10002899169922 -40.27999496459961 11.5
endloop
endfacet
facet normal 0 0 1
outer loop
vertex 18.24634552001953 -41.76558303833008 11.5
vertex 2.6344282627105713 -47.87529373168945 11.5
vertex 76.28997802734375 -36.72999572753906 11.5
endloop
endfacet
facet normal 0 0 1
outer loop
vertex -40.25438690185547 10.770005226135254 11.5
vertex -65.35073852539062 4.610455513000488 11.5
vertex -65.16831970214844 4.525392055511475 11.5
endloop
endfacet
facet normal 0 0 1
outer loop
vertex -64.92195129394531 4.334603309631348 11.5
vertex -63.49185562133789 2.8726649284362793 11.5
vertex -40.25438690185547 10.770005226135254 11.5
endloop
endfacet
facet normal 0 0 1
outer loop
vertex -19.289920806884766 -36.72999572753906 11.5
vertex 17.953710556030273 -40.29440689086914 11.5
vertex 18.10002899169922 -40.27999496459961 11.5
endloop
endfacet
facet normal 0 0 1
outer loop
vertex -19.289920806884766 -36.72999572753906 11.5
vertex 17.81301498413086 -40.33708572387695 11.5
vertex 17.953710556030273 -40.29440689086914 11.5
endloop
endfacet
facet normal 0 0 1
outer loop
vertex -19.289920806884766 -36.72999572753906 11.5
vertex 17.683349609375 -40.40639114379883 11.5
vertex 17.81301498413086 -40.33708572387695 11.5
endloop
endfacet
facet normal 0 0 1
outer loop
vertex -19.289920806884766 -36.72999572753906 11.5
vertex 17.569698333740234 -40.499664306640625 11.5
vertex 17.683349609375 -40.40639114379883 11.5
endloop
endfacet
facet normal 0 0 1
outer loop
vertex -19.289920806884766 -36.72999572753906 11.5
vertex 17.476425170898438 -40.61331558227539 11.5
vertex 17.569698333740234 -40.499664306640625 11.5
endloop
endfacet
facet normal 0 0 1
outer loop
vertex -19.289920806884766 -36.72999572753906 11.5
vertex 17.40711784362793 -40.74298095703125 11.5
vertex 17.476425170898438 -40.61331558227539 11.5
endloop
endfacet
facet normal 0 0 1
outer loop
vertex -19.289920806884766 -36.72999572753906 11.5
vertex 17.364439010620117 -40.8836784362793 11.5
vertex 17.40711784362793 -40.74298095703125 11.5
endloop
endfacet
facet normal 0 0 1
outer loop
vertex -19.289920806884766 -36.72999572753906 11.5
vertex 17.35002899169922 -41.02999496459961 11.5
vertex 17.364439010620117 -40.8836784362793 11.5
endloop
endfacet
facet normal 0 0 1
outer loop
vertex 17.569698333740234 -41.560325622558594 11.5
vertex 2.6344282627105713 -47.87529373168945 11.5
vertex 17.683349609375 -41.653594970703125 11.5
endloop
endfacet
facet normal 0 0 1
outer loop
vertex 18.24634552001953 -41.76558303833008 11.5
vertex 18.10002899169922 -41.77999496459961 11.5
vertex 2.6344282627105713 -47.87529373168945 11.5
endloop
endfacet
facet normal 0 0 1
outer loop
vertex 17.81301498413086 -41.722904205322266 11.5
vertex 2.6344282627105713 -47.87529373168945 11.5
vertex 17.953710556030273 -41.76558303833008 11.5
endloop
endfacet
facet normal 0 0 1
outer loop
vertex 18.10002899169922 -41.77999496459961 11.5
vertex 17.953710556030273 -41.76558303833008 11.5
vertex 2.6344282627105713 -47.87529373168945 11.5
endloop
endfacet
facet normal 0 0 1
outer loop
vertex 17.81301498413086 -41.722904205322266 11.5
vertex 17.683349609375 -41.653594970703125 11.5
vertex 2.6344282627105713 -47.87529373168945 11.5
endloop
endfacet
facet normal 0 0 1
outer loop
vertex 17.35002899169922 -41.02999496459961 11.5
vertex 2.6344282627105713 -47.87529373168945 11.5
vertex 17.364439010620117 -41.17631149291992 11.5
endloop
endfacet
facet normal 0 0 1
outer loop
vertex 17.40711784362793 -41.31700897216797 11.5
vertex 17.364439010620117 -41.17631149291992 11.5
vertex 2.6344282627105713 -47.87529373168945 11.5
endloop
endfacet
facet normal 0 0 1
outer loop
vertex 2.6344282627105713 -47.87529373168945 11.5
vertex 17.476425170898438 -41.44667053222656 11.5
vertex 17.40711784362793 -41.31700897216797 11.5
endloop
endfacet
facet normal 0 0 1
outer loop
vertex 17.569698333740234 -41.560325622558594 11.5
vertex 17.476425170898438 -41.44667053222656 11.5
vertex 2.6344282627105713 -47.87529373168945 11.5
endloop
endfacet
facet normal 0 0 1
outer loop
vertex 2.6344282627105713 -47.87529373168945 11.5
vertex 17.35002899169922 -41.02999496459961 11.5
vertex -19.289920806884766 -36.72999572753906 11.5
endloop
endfacet
facet normal 0 0 1
outer loop
vertex -65.0034408569336 4.409943580627441 11.5
vertex -64.92195129394531 4.334603309631348 11.5
vertex -40.25438690185547 10.770005226135254 11.5
endloop
endfacet
facet normal 0 0 1
outer loop
vertex -63.17531204223633 2.26701283454895 11.5
vertex -63.157772064208984 2.0665011405944824 11.5
vertex -39.19997024536133 9.71558952331543 11.5
endloop
endfacet
facet normal 0 0 1
outer loop
vertex -63.157772064208984 2.0665011405944824 11.5
vertex -48.15599822998047 -1.6883217096328735 11.5
vertex -46.3450813293457 -0.86863112449646 11.5
endloop
endfacet
facet normal 0 0 1
outer loop
vertex -46.3450813293457 -0.86863112449646 11.5
vertex -46.27235794067383 -0.8396440744400024 11.5
vertex -63.157772064208984 2.0665011405944824 11.5
endloop
endfacet
facet normal 0 0 1
outer loop
vertex -46.27235794067383 -0.8396440744400024 11.5
vertex -44.430824279785156 -0.22227159142494202 11.5
vertex -63.157772064208984 2.0665011405944824 11.5
endloop
endfacet
facet normal 0 0 1
outer loop
vertex -44.430824279785156 -0.22227159142494202 11.5
vertex -42.58422088623047 0.12066350877285004 11.5
vertex -63.157772064208984 2.0665011405944824 11.5
endloop
endfacet
facet normal 0 0 1
outer loop
vertex -42.58422088623047 0.12066350877285004 11.5
vertex -40.849971771240234 0.213164821267128 11.5
vertex -63.157772064208984 2.0665011405944824 11.5
endloop
endfacet
facet normal 0 0 1
outer loop
vertex -40.849971771240234 0.213164821267128 11.5
vertex -39.19237518310547 2.093231678009033 11.5
vertex -63.157772064208984 2.0665011405944824 11.5
endloop
endfacet
facet normal 0 0 1
outer loop
vertex -63.157772064208984 2.0665011405944824 11.5
vertex -39.19237518310547 2.093231678009033 11.5
vertex -39.19997024536133 2.180055856704712 11.5
endloop
endfacet
facet normal 0 0 1
outer loop
vertex -40.25438690185547 10.770005226135254 11.5
vertex -63.17531204223633 2.26701283454895 11.5
vertex -39.19997024536133 9.71558952331543 11.5
endloop
endfacet
facet normal 0 0 1
outer loop
vertex -39.19997024536133 9.71558952331543 11.5
vertex -63.157772064208984 2.0665011405944824 11.5
vertex -39.19997024536133 2.180055856704712 11.5
endloop
endfacet
facet normal 0.9999992284936665 0.0012421802617179662 5.187973158717779e-7
outer loop
vertex 84.5828857421875 -45.27489471435547 9.5
vertex 84.49784088134766 23.194751739501953 -3.700000047683716
vertex 84.5422592163086 -12.569098472595215 9.5
endloop
endfacet
facet normal -1 0 0
outer loop
vertex 76.70002746582031 -35.819942474365234 5.300000190734863
vertex 76.70002746582031 -35.819942474365234 10.5
vertex 76.70002746582031 21.75995445251465 10.5
endloop
endfacet
facet normal 0.9999992287369435 0.0012419844086158489 -4.971127826033316e-7
outer loop
vertex 84.5828857421875 -45.27489471435547 9.5
vertex 84.5422592163086 -12.56922435760498 -3.700000047683716
vertex 84.49784088134766 23.194751739501953 -3.700000047683716
endloop
endfacet
facet normal 0 0 -1
outer loop
vertex -79.17398071289062 6.632742881774902 -5.699999809265137
vertex -80.22935485839844 5.786136627197266 -5.699999809265137
vertex -79.22447204589844 6.669315338134766 -5.699999809265137
endloop
endfacet
facet normal 0 0 1
outer loop
vertex -26.574966430664062 -30.992496490478516 11.5
vertex -20.19997215270996 -35.819942474365234 11.5
vertex -25.633079528808594 -29.647342681884766 11.5
endloop
endfacet
facet normal 0 0 1
outer loop
vertex -83.34599304199219 10.451437950134277 11.5
vertex -77.1999740600586 40.75995635986328 11.5
vertex -83.06134033203125 43.0333366394043 11.5
endloop
endfacet
facet normal 0 0 -1
outer loop
vertex -80.22935485839844 5.786136627197266 -5.699999809265137
vertex -79.17398071289062 6.632742881774902 -5.699999809265137
vertex -78.56484985351562 4.90805196762085 -5.699999809265137
endloop
endfacet
facet normal 0 0 1
outer loop
vertex -83.06134033203125 43.0333366394043 11.5
vertex -77.1999740600586 40.75995635986328 11.5
vertex -77.19237518310547 40.846778869628906 11.5
endloop
endfacet
facet normal 0 0 -1
outer loop
vertex 81.99832153320312 23.031530380249023 -5.699999809265137
vertex 83.20193481445312 -45.480613708496094 -5.699999809265137
vertex 82.19374084472656 -44.525413513183594 -5.699999809265137
endloop
endfacet
facet normal 0 0 -1
outer loop
vertex 83.4278564453125 -45.0118408203125 -5.699999809265137
vertex 83.20193481445312 -45.480613708496094 -5.699999809265137
vertex 81.99832153320312 23.031530380249023 -5.699999809265137
endloop
endfacet
facet normal -0.7071100702771196 0.7071034920806764 0
outer loop
vertex 76.70002746582031 -35.819942474365234 10.5
vertex 76.28997802734375 -36.22999572753906 5.300000190734863
vertex 76.28997802734375 -36.22999572753906 10.5
endloop
endfacet
facet normal -0.7071100702771196 0.7071034920806764 0
outer loop
vertex 76.70002746582031 -35.819942474365234 5.300000190734863
vertex 76.28997802734375 -36.22999572753906 5.300000190734863
vertex 76.70002746582031 -35.819942474365234 10.5
endloop
endfacet
facet normal 0 0 1
outer loop
vertex -83.06134033203125 43.0333366394043 11.5
vertex -77.19237518310547 40.846778869628906 11.5
vertex -77.16981506347656 40.930965423583984 11.5
endloop
endfacet
facet normal 0 0 1
outer loop
vertex -82.18510437011719 44.69828796386719 11.5
vertex -77.16981506347656 40.930965423583984 11.5
vertex -77.05217742919922 41.11216354370117 11.5
endloop
endfacet
facet normal 0 0 -1
outer loop
vertex -80.22935485839844 5.786136627197266 -5.699999809265137
vertex -82.82783508300781 8.83095645904541 -5.699999809265137
vertex -79.22447204589844 6.669315338134766 -5.699999809265137
endloop
endfacet
facet normal 0 0 1
outer loop
vertex -83.06134033203125 43.0333366394043 11.5
vertex -77.16981506347656 40.930965423583984 11.5
vertex -82.18510437011719 44.69828796386719 11.5
endloop
endfacet
facet normal 0 0 1
outer loop
vertex -82.18510437011719 44.69828796386719 11.5
vertex -77.05217742919922 41.11216354370117 11.5
vertex -79.14260864257812 47.29587173461914 11.5
endloop
endfacet
facet normal 0.9008390549616974 -0.43415319537660446 0
outer loop
vertex 84.14910125732422 -46.17496871948242 9.5
vertex 84.5828857421875 -45.27489471435547 -3.700000047683716
vertex 84.5828857421875 -45.27489471435547 9.5
endloop
endfacet
facet normal 0.6850825101282267 -0.7284654791521751 0
outer loop
vertex 81.4547119140625 -48.70889663696289 9.5
vertex 84.14910125732422 -46.17496871948242 -3.700000047683716
vertex 84.14910125732422 -46.17496871948242 9.5
endloop
endfacet
facet normal 0.33085671917370163 -0.943681000856547 0
outer loop
vertex 80.53886413574219 -49.02999496459961 9.5
vertex 81.4547119140625 -48.70889663696289 -3.700000047683716
vertex 81.4547119140625 -48.70889663696289 9.5
endloop
endfacet
facet normal 0 1 0
outer loop
vertex 76.28997802734375 -36.22999572753906 5.300000190734863
vertex -19.289920806884766 -36.22999572753906 5.300000190734863
vertex 76.28997802734375 -36.22999572753906 10.5
endloop
endfacet
facet normal 0 -1 0
outer loop
vertex 2.6344282627105713 -49.02999496459961 9.5
vertex 80.53886413574219 -49.02999496459961 -3.700000047683716
vertex 80.53886413574219 -49.02999496459961 9.5
endloop
endfacet
facet normal 0.999999228487862 0.0012421850428961795 0
outer loop
vertex 84.5828857421875 -45.27489471435547 9.5
vertex 84.5828857421875 -45.27489471435547 -3.700000047683716
vertex 84.5422592163086 -12.56922435760498 -3.700000047683716
endloop
endfacet
facet normal 0 0 1
outer loop
vertex -24.839954376220703 -28.11775016784668 11.5
vertex -25.633079528808594 -29.647342681884766 11.5
vertex -20.19997215270996 -35.819942474365234 11.5
endloop
endfacet
facet normal 0 0 -1
outer loop
vertex -61.81247329711914 4.417953968048096 -5.699999809265137
vertex -61.81247329711914 -47.024654388427734 -5.699999809265137
vertex -63.157772064208984 2.0665011405944824 -5.699999809265137
endloop
endfacet
facet normal 0 0 1
outer loop
vertex -30.04288673400879 -4.301326274871826 11.5
vertex -28.75734519958496 -5.621444225311279 11.5
vertex -20.19997215270996 0.2155897468328476 11.5
endloop
endfacet
facet normal 0.9008390549616974 -0.43415319537660446 0
outer loop
vertex 84.5828857421875 -45.27489471435547 -3.700000047683716
vertex 84.14910125732422 -46.17496871948242 9.5
vertex 84.14910125732422 -46.17496871948242 -3.700000047683716
endloop
endfacet
facet normal 0 0 1
outer loop
vertex -27.46439552307129 -7.310061454772949 11.5
vertex -26.661483764648438 -8.686412811279297 11.5
vertex -20.19997215270996 0.2155897468328476 11.5
endloop
endfacet
facet normal 0 0 1
outer loop
vertex -79.14260864257812 47.29587173461914 11.5
vertex -77.05217742919922 41.11216354370117 11.5
vertex -76.64212799072266 41.522212982177734 11.5
endloop
endfacet
facet normal 0 0 1
outer loop
vertex -79.14260864257812 47.29587173461914 11.5
vertex -76.64212799072266 41.522212982177734 11.5
vertex -76.37674713134766 41.662410736083984 11.5
endloop
endfacet
facet normal 0.6850825101282267 -0.7284654791521751 0
outer loop
vertex 81.4547119140625 -48.70889663696289 -3.700000047683716
vertex 84.14910125732422 -46.17496871948242 -3.700000047683716
vertex 81.4547119140625 -48.70889663696289 9.5
endloop
endfacet
facet normal 0.33085671917370163 -0.943681000856547 0
outer loop
vertex 81.4547119140625 -48.70889663696289 -3.700000047683716
vertex 80.53886413574219 -49.02999496459961 9.5
vertex 80.53886413574219 -49.02999496459961 -3.700000047683716
endloop
endfacet
facet normal 0 0 1
outer loop
vertex -76.28992462158203 41.670005798339844 11.5
vertex -77.52800750732422 47.81543731689453 11.5
vertex -76.37674713134766 41.662410736083984 11.5
endloop
endfacet
facet normal 0 0 1
outer loop
vertex -79.14260864257812 47.29587173461914 11.5
vertex -76.37674713134766 41.662410736083984 11.5
vertex -77.52800750732422 47.81543731689453 11.5
endloop
endfacet
facet normal 0 0 1
outer loop
vertex -28.75734519958496 -5.621444225311279 11.5
vertex -27.46439552307129 -7.310061454772949 11.5
vertex -20.19997215270996 0.2155897468328476 11.5
endloop
endfacet
facet normal 0 0 1
outer loop
vertex -25.746360778808594 -10.408787727355957 11.5
vertex -25.119129180908203 -12.00383472442627 11.5
vertex -20.19997215270996 0.2155897468328476 11.5
endloop
endfacet
facet normal 0 0 1
outer loop
vertex -24.839954376220703 -12.542238235473633 11.5
vertex -24.156858444213867 -14.007144927978516 11.5
vertex -20.19997215270996 0.2155897468328476 11.5
endloop
endfacet
facet normal 0 0 1
outer loop
vertex -25.119129180908203 -12.00383472442627 11.5
vertex -24.839954376220703 -12.542238235473633 11.5
vertex -20.19997215270996 0.2155897468328476 11.5
endloop
endfacet
facet normal 0 0 1
outer loop
vertex -40.849971771240234 0.213164821267128 11.5
vertex -39.11572265625 0.12066350877285004 11.5
vertex -39.16981887817383 2.0090458393096924 11.5
endloop
endfacet
facet normal 0 0 1
outer loop
vertex -24.839954376220703 -28.11775016784668 11.5
vertex -20.19997215270996 -35.819942474365234 11.5
vertex -24.156858444213867 -26.652843475341797 11.5
endloop
endfacet
facet normal 0 0 1
outer loop
vertex -24.156858444213867 -26.652843475341797 11.5
vertex -20.19997215270996 -35.819942474365234 11.5
vertex -23.27825927734375 -23.501659393310547 11.5
endloop
endfacet
facet normal 0 0 1
outer loop
vertex -39.11572265625 0.12066350877285004 11.5
vertex -37.26911926269531 -0.22227159142494202 11.5
vertex -38.289920806884766 1.2700053453445435 11.5
endloop
endfacet
facet normal 0 0 1
outer loop
vertex -39.19237518310547 2.093231678009033 11.5
vertex -40.849971771240234 0.213164821267128 11.5
vertex -39.16981887817383 2.0090458393096924 11.5
endloop
endfacet
facet normal 0 0 1
outer loop
vertex -19.289920806884766 -36.72999572753906 11.5
vertex -32.511985778808594 -44.86368942260742 11.5
vertex -4.218578338623047 -52.62529373168945 11.5
endloop
endfacet
facet normal 0 0 -1
outer loop
vertex 83.20193481445312 -45.480613708496094 -5.699999809265137
vertex 82.1482162475586 -44.635982513427734 -5.699999809265137
vertex 82.19374084472656 -44.525413513183594 -5.699999809265137
endloop
endfacet
facet normal 0 0 1
outer loop
vertex -39.11572265625 0.12066350877285004 11.5
vertex -38.64347457885742 1.4164519309997559 11.5
vertex -39.052181243896484 1.8278478384017944 11.5
endloop
endfacet
facet normal 0 0 -1
outer loop
vertex 80.84183502197266 -47.70016098022461 -5.699999809265137
vertex 82.1482162475586 -44.635982513427734 -5.699999809265137
vertex 83.20193481445312 -45.480613708496094 -5.699999809265137
endloop
endfacet
facet normal 0 0 -1
outer loop
vertex 80.84183502197266 -47.70016098022461 -5.699999809265137
vertex 80.30538177490234 -46.48415756225586 -5.699999809265137
vertex 82.1482162475586 -44.635982513427734 -5.699999809265137
endloop
endfacet
facet normal 0 0 -1
outer loop
vertex 80.84183502197266 -47.70016098022461 -5.699999809265137
vertex 80.1949462890625 -46.52999496459961 -5.699999809265137
vertex 80.30538177490234 -46.48415756225586 -5.699999809265137
endloop
endfacet
facet normal 0 0 1
outer loop
vertex -39.08299255371094 1.8586620092391968 11.5
vertex -39.13298416137695 1.930055856704712 11.5
vertex -39.11572265625 0.12066350877285004 11.5
endloop
endfacet
facet normal 0 0 1
outer loop
vertex -39.11572265625 0.12066350877285004 11.5
vertex -39.13298416137695 1.930055856704712 11.5
vertex -39.16981887817383 2.0090458393096924 11.5
endloop
endfacet
facet normal 0 0 1
outer loop
vertex -39.08299255371094 1.8586620092391968 11.5
vertex -39.11572265625 0.12066350877285004 11.5
vertex -39.052181243896484 1.8278478384017944 11.5
endloop
endfacet
facet normal 0 0 1
outer loop
vertex -19.289920806884766 -36.72999572753906 11.5
vertex -4.218578338623047 -52.62529373168945 11.5
vertex -2.5443108081817627 -52.047298431396484 11.5
endloop
endfacet
facet normal 0 0 1
outer loop
vertex -19.289920806884766 -36.72999572753906 11.5
vertex -2.5443108081817627 -52.047298431396484 11.5
vertex 0.8995684385299683 -48.59974670410156 11.5
endloop
endfacet
facet normal -0.9452579267552458 -0.32632415158298184 1.4626025247159192e-7
outer loop
vertex -64.12340545654297 -47.740257263183594 -3.700000047683716
vertex -63.579166412353516 -49.31674575805664 -3.700000047683716
vertex -64.31246948242188 -47.19259262084961 9.5
endloop
endfacet
facet normal 0 0 1
outer loop
vertex -59.80868911743164 -51.657859802246094 11.5
vertex -57.48786163330078 -52.62529373168945 11.5
vertex -62.56789779663086 -48.70756530761719 11.5
endloop
endfacet
facet normal 0 0 1
outer loop
vertex 75.47687530517578 46.65670394897461 11.5
vertex 71.8921890258789 41.522212982177734 11.5
vertex 78.07538604736328 43.613555908203125 11.5
endloop
endfacet
facet normal 0 0 -1
outer loop
vertex -59.80868911743164 -51.657859802246094 -5.699999809265137
vertex -57.61509323120117 -51.26846694946289 -5.699999809265137
vertex -57.557132720947266 -51.27999496459961 -5.699999809265137
endloop
endfacet
facet normal 0 0 1
outer loop
vertex -38.376747131347656 1.2776014804840088 11.5
vertex -38.46092987060547 1.300158977508545 11.5
vertex -39.11572265625 0.12066350877285004 11.5
endloop
endfacet
facet normal 0 0 1
outer loop
vertex 0.9718974232673645 -48.52742004394531 11.5
vertex 1.1367744207382202 -48.41197204589844 11.5
vertex -19.289920806884766 -36.72999572753906 11.5
endloop
endfacet
facet normal 0 0 -1
outer loop
vertex 17.60002899169922 -47.87529373168945 -5.699999809265137
vertex 80.1949462890625 -46.52999496459961 -5.699999809265137
vertex 80.3423080444336 -47.87529373168945 -5.699999809265137
endloop
endfacet
facet normal 0 0 1
outer loop
vertex -38.64347457885742 1.4164519309997559 11.5
vertex -39.11572265625 0.12066350877285004 11.5
vertex -38.46092987060547 1.300158977508545 11.5
endloop
endfacet
facet normal 0 1 0
outer loop
vertex -19.289920806884766 -36.22999572753906 5.300000190734863
vertex -19.289920806884766 -36.22999572753906 10.5
vertex 76.28997802734375 -36.22999572753906 10.5
endloop
endfacet
facet normal 0.3833470863965855 -0.9236043586683905 0
outer loop
vertex 1.7141246795654297 -49.41197204589844 9.5
vertex 2.6344282627105713 -49.02999496459961 -3.700000047683716
vertex 2.6344282627105713 -49.02999496459961 9.5
endloop
endfacet
facet normal 0.7081201325263763 -0.7060919755321026 0
outer loop
vertex -1.9151487350463867 -53.05167007446289 9.5
vertex 1.7141246795654297 -49.41197204589844 -3.700000047683716
vertex 1.7141246795654297 -49.41197204589844 9.5
endloop
endfacet
facet normal 0 -1 0
outer loop
vertex 2.6344282627105713 -49.02999496459961 9.5
vertex 16.10002899169922 -49.02999496459961 -3.450000047683716
vertex 80.53886413574219 -49.02999496459961 -3.700000047683716
endloop
endfacet
facet normal 0 0 1
outer loop
vertex -38.289920806884766 1.2700053453445435 11.5
vertex -38.376747131347656 1.2776014804840088 11.5
vertex -39.11572265625 0.12066350877285004 11.5
endloop
endfacet
facet normal 0 0 1
outer loop
vertex -38.289920806884766 1.2700053453445435 11.5
vertex -37.26911926269531 -0.22227159142494202 11.5
vertex -20.19997215270996 0.2155897468328476 11.5
endloop
endfacet
facet normal 0 -1 0
outer loop
vertex -57.718894958496094 -53.77999496459961 9.5
vertex -57.718894958496094 -53.77999496459961 -3.700000047683716
vertex -4.024872779846191 -53.77999496459961 -3.700000047683716
endloop
endfacet
facet normal 0 0 1
outer loop
vertex -26.661483764648438 -8.686412811279297 11.5
vertex -26.410486221313477 -9.127264022827148 11.5
vertex -20.19997215270996 0.2155897468328476 11.5
endloop
endfacet
facet normal 0 0 -1
outer loop
vertex 17.60002899169922 -46.52999496459961 -5.699999809265137
vertex 80.1949462890625 -46.52999496459961 -5.699999809265137
vertex 17.60002899169922 -47.87529373168945 -5.699999809265137
endloop
endfacet
facet normal 0 -1 0
outer loop
vertex 16.10002899169922 -49.02999496459961 -3.450000047683716
vertex 16.674053192138672 -49.02999496459961 -3.564180612564087
vertex 80.53886413574219 -49.02999496459961 -3.700000047683716
endloop
endfacet
facet normal 0 -1 0
outer loop
vertex 16.674053192138672 -49.02999496459961 -3.564180612564087
vertex 16.877321243286133 -49.02999496459961 -3.700000047683716
vertex 80.53886413574219 -49.02999496459961 -3.700000047683716
endloop
endfacet
facet normal 0 0 1
outer loop
vertex 1.1367744207382202 -48.41197204589844 11.5
vertex 1.2727530002593994 -48.34856414794922 11.5
vertex -19.289920806884766 -36.72999572753906 11.5
endloop
endfacet
facet normal 0 0 1
outer loop
vertex 1.2727530002593994 -48.34856414794922 11.5
vertex 2.193056583404541 -47.96658706665039 11.5
vertex -19.289920806884766 -36.72999572753906 11.5
endloop
endfacet
facet normal 0 0 1
outer loop
vertex 2.193056583404541 -47.96658706665039 11.5
vertex 2.239497423171997 -47.94493103027344 11.5
vertex -19.289920806884766 -36.72999572753906 11.5
endloop
endfacet
facet normal 0 0 1
outer loop
vertex 2.239497423171997 -47.94493103027344 11.5
vertex 2.4339168071746826 -47.89283752441406 11.5
vertex -19.289920806884766 -36.72999572753906 11.5
endloop
endfacet
facet normal 0 -1 0
outer loop
vertex 2.6344282627105713 -49.02999496459961 9.5
vertex 4.100028038024902 -49.02999496459961 -3.450000047683716
vertex 16.10002899169922 -49.02999496459961 -3.450000047683716
endloop
endfacet
facet normal 0 -1 0
outer loop
vertex 2.6344282627105713 -49.02999496459961 9.5
vertex 3.526003122329712 -49.02999496459961 -3.564180612564087
vertex 4.100028038024902 -49.02999496459961 -3.450000047683716
endloop
endfacet
facet normal 0 -1 0
outer loop
vertex 2.6344282627105713 -49.02999496459961 9.5
vertex 3.322735071182251 -49.02999496459961 -3.700000047683716
vertex 3.526003122329712 -49.02999496459961 -3.564180612564087
endloop
endfacet
facet normal 0 -1 0
outer loop
vertex 2.6344282627105713 -49.02999496459961 9.5
vertex 2.6344282627105713 -49.02999496459961 -3.700000047683716
vertex 3.322735071182251 -49.02999496459961 -3.700000047683716
endloop
endfacet
facet normal 0.3833470863965855 -0.9236043586683905 0
outer loop
vertex 2.6344282627105713 -49.02999496459961 -3.700000047683716
vertex 1.7141246795654297 -49.41197204589844 9.5
vertex 1.7141246795654297 -49.41197204589844 -3.700000047683716
endloop
endfacet
facet normal 0 0 1
outer loop
vertex -26.410486221313477 -9.127264022827148 11.5
vertex -25.746360778808594 -10.408787727355957 11.5
vertex -20.19997215270996 0.2155897468328476 11.5
endloop
endfacet
facet normal 0 0 -1
outer loop
vertex -57.48786163330078 -52.62529373168945 -5.699999809265137
vertex -4.192810535430908 -51.27999496459961 -5.699999809265137
vertex -4.218578338623047 -52.62529373168945 -5.699999809265137
endloop
endfacet
facet normal 0 0 1
outer loop
vertex -24.156858444213867 -14.007144927978516 11.5
vertex -23.68659019470215 -15.634419441223145 11.5
vertex -20.19997215270996 0.2155897468328476 11.5
endloop
endfacet
facet normal 0 0 -1
outer loop
vertex -4.192810535430908 -51.27999496459961 -5.699999809265137
vertex -59.80868911743164 -51.657859802246094 -5.699999809265137
vertex -57.557132720947266 -51.27999496459961 -5.699999809265137
endloop
endfacet
facet normal 0 0 -1
outer loop
vertex -57.48786163330078 -52.62529373168945 -5.699999809265137
vertex -59.80868911743164 -51.657859802246094 -5.699999809265137
vertex -4.192810535430908 -51.27999496459961 -5.699999809265137
endloop
endfacet
facet normal 1 0 0
outer loop
vertex -19.69997215270996 -35.819942474365234 10.5
vertex -19.69997215270996 0.35810616612434387 5.300000190734863
vertex -19.69997215270996 0.35810616612434387 10.5
endloop
endfacet
facet normal 1 0 0
outer loop
vertex -19.69997215270996 -35.819942474365234 10.5
vertex -19.69997215270996 -35.819942474365234 5.300000190734863
vertex -19.69997215270996 0.35810616612434387 5.300000190734863
endloop
endfacet
facet normal 0 0 1
outer loop
vertex 2.4339168071746826 -47.89283752441406 11.5
vertex 2.6344282627105713 -47.87529373168945 11.5
vertex -19.289920806884766 -36.72999572753906 11.5
endloop
endfacet
facet normal 0 0 1
outer loop
vertex -20.19997215270996 0.2155897468328476 11.5
vertex -37.26911926269531 -0.22227159142494202 11.5
vertex -35.42758560180664 -0.8396440744400024 11.5
endloop
endfacet
facet normal 0 0 -1
outer loop
vertex 1.2649486064910889 -46.52999496459961 -5.699999809265137
vertex 2.6000282764434814 -46.52999496459961 -5.699999809265137
vertex 2.6000282764434814 -47.87830352783203 -5.699999809265137
endloop
endfacet
facet normal 0 0 1
outer loop
vertex -20.19997215270996 0.2155897468328476 11.5
vertex -35.42758560180664 -0.8396440744400024 11.5
vertex -35.354862213134766 -0.86863112449646 11.5
endloop
endfacet
facet normal 0 0 1
outer loop
vertex -20.19997215270996 0.2155897468328476 11.5
vertex -35.354862213134766 -0.86863112449646 11.5
vertex -33.5439453125 -1.6883217096328735 11.5
endloop
endfacet
facet normal 0 0 1
outer loop
vertex -33.5439453125 -1.6883217096328735 11.5
vertex -31.724075317382812 -2.847560405731201 11.5
vertex -20.19997215270996 0.2155897468328476 11.5
endloop
endfacet
facet normal 0 0 1
outer loop
vertex -20.19997215270996 0.2155897468328476 11.5
vertex -31.724075317382812 -2.847560405731201 11.5
vertex -30.04288673400879 -4.301326274871826 11.5
endloop
endfacet
facet normal 0 0 1
outer loop
vertex -21.25438690185547 1.2700053453445435 11.5
vertex -38.289920806884766 1.2700053453445435 11.5
vertex -20.19997215270996 0.2155897468328476 11.5
endloop
endfacet
facet normal 0 0 1
outer loop
vertex -77.52800750732422 47.81543731689453 11.5
vertex -76.28992462158203 41.670005798339844 11.5
vertex 71.53997802734375 41.670005798339844 11.5
endloop
endfacet
facet normal 0 0 1
outer loop
vertex -23.68659019470215 -15.634419441223145 11.5
vertex -23.27825927734375 -17.1583309173584 11.5
vertex -20.19997215270996 0.2155897468328476 11.5
endloop
endfacet
facet normal 0 0 -1
outer loop
vertex 0.8995684385299683 -48.59974670410156 -5.699999809265137
vertex -0.09705860167741776 -47.440059661865234 -5.699999809265137
vertex 0.9718974232673645 -48.52742004394531 -5.699999809265137
endloop
endfacet
facet normal 0 0 -1
outer loop
vertex 0.8995684385299683 -48.59974670410156 -5.699999809265137
vertex -0.42833802103996277 -48.239837646484375 -5.699999809265137
vertex -0.09705860167741776 -47.440059661865234 -5.699999809265137
endloop
endfacet
facet normal 0 0 -1
outer loop
vertex 0.9718974232673645 -48.52742004394531 -5.699999809265137
vertex -0.09705860167741776 -47.440059661865234 -5.699999809265137
vertex 1.1367744207382202 -48.41197204589844 -5.699999809265137
endloop
endfacet
facet normal 0 0 -1
outer loop
vertex 1.2727530002593994 -48.34856414794922 -5.699999809265137
vertex 1.1367744207382202 -48.41197204589844 -5.699999809265137
vertex 1.2649486064910889 -46.52999496459961 -5.699999809265137
endloop
endfacet
facet normal 0 0 -1
outer loop
vertex 1.1367744207382202 -48.41197204589844 -5.699999809265137
vertex -0.09705860167741776 -47.440059661865234 -5.699999809265137
vertex 1.2649486064910889 -46.52999496459961 -5.699999809265137
endloop
endfacet
facet normal 0 0 1
outer loop
vertex -23.27825927734375 -23.501659393310547 11.5
vertex -20.19997215270996 -35.819942474365234 11.5
vertex -20.19997215270996 0.2155897468328476 11.5
endloop
endfacet
facet normal 0 0 1
outer loop
vertex -22.989953994750977 -20.329994201660156 11.5
vertex -23.27825927734375 -23.501659393310547 11.5
vertex -20.19997215270996 0.2155897468328476 11.5
endloop
endfacet
facet normal 0 0 1
outer loop
vertex -23.27825927734375 -17.1583309173584 11.5
vertex -22.989953994750977 -20.329994201660156 11.5
vertex -20.19997215270996 0.2155897468328476 11.5
endloop
endfacet
facet normal 0 0 -1
outer loop
vertex 2.4339168071746826 -47.89283752441406 -5.699999809265137
vertex 1.2649486064910889 -46.52999496459961 -5.699999809265137
vertex 2.6000282764434814 -47.87830352783203 -5.699999809265137
endloop
endfacet
facet normal 0 0 -1
outer loop
vertex 2.1917786598205566 -47.96350860595703 -5.699999809265137
vertex 1.2649486064910889 -46.52999496459961 -5.699999809265137
vertex 2.4339168071746826 -47.89283752441406 -5.699999809265137
endloop
endfacet
facet normal -0.6344012962586288 -0.7730038779368259 0
outer loop
vertex 18.516706466674805 -40.40639114379883 11.5
vertex 18.63035774230957 -40.499664306640625 5.300000190734863
vertex 18.63035774230957 -40.499664306640625 11.5
endloop
endfacet
facet normal -0.8819219980712056 -0.4713953641245241 0
outer loop
vertex 18.723630905151367 -40.61331558227539 11.5
vertex 18.792938232421875 -40.74298095703125 5.300000190734863
vertex 18.792938232421875 -40.74298095703125 11.5
endloop
endfacet
facet normal -0.7730038779368259 -0.6344012962586288 0
outer loop
vertex 18.63035774230957 -40.499664306640625 11.5
vertex 18.723630905151367 -40.61331558227539 5.300000190734863
vertex 18.723630905151367 -40.61331558227539 11.5
endloop
endfacet
facet normal -0.9569427553947636 -0.29027670057632554 0
outer loop
vertex 18.792938232421875 -40.74298095703125 11.5
vertex 18.835617065429688 -40.8836784362793 5.300000190734863
vertex 18.835617065429688 -40.8836784362793 11.5
endloop
endfacet
facet normal -0.2902803041466764 -0.9569416622890411 0
outer loop
vertex 18.24634552001953 -40.29440689086914 11.5
vertex 18.387041091918945 -40.33708572387695 5.300000190734863
vertex 18.387041091918945 -40.33708572387695 11.5
endloop
endfacet
facet normal -0.4713852739059721 -0.8819273913109807 0
outer loop
vertex 18.387041091918945 -40.33708572387695 11.5
vertex 18.516706466674805 -40.40639114379883 5.300000190734863
vertex 18.516706466674805 -40.40639114379883 11.5
endloop
endfacet
facet normal -0.09802391739312354 -0.9951840591663966 0
outer loop
vertex 18.10002899169922 -40.27999496459961 11.5
vertex 18.24634552001953 -40.29440689086914 5.300000190734863
vertex 18.24634552001953 -40.29440689086914 11.5
endloop
endfacet
facet normal 0.098022651870274 -0.9951841838174073 0
outer loop
vertex 17.953710556030273 -40.29440689086914 11.5
vertex 18.10002899169922 -40.27999496459961 5.300000190734863
vertex 18.10002899169922 -40.27999496459961 11.5
endloop
endfacet
facet normal 0.2902803041466764 -0.9569416622890411 0
outer loop
vertex 17.81301498413086 -40.33708572387695 11.5
vertex 17.953710556030273 -40.29440689086914 5.300000190734863
vertex 17.953710556030273 -40.29440689086914 11.5
endloop
endfacet
facet normal 0.4713852739059721 -0.8819273913109807 0
outer loop
vertex 17.683349609375 -40.40639114379883 11.5
vertex 17.81301498413086 -40.33708572387695 5.300000190734863
vertex 17.81301498413086 -40.33708572387695 11.5
endloop
endfacet
facet normal 0.6344012962586288 -0.7730038779368259 0
outer loop
vertex 17.569698333740234 -40.499664306640625 11.5
vertex 17.683349609375 -40.40639114379883 5.300000190734863
vertex 17.683349609375 -40.40639114379883 11.5
endloop
endfacet
facet normal 0.7730038779368259 -0.6344012962586288 0
outer loop
vertex 17.476425170898438 -40.61331558227539 11.5
vertex 17.569698333740234 -40.499664306640625 5.300000190734863
vertex 17.569698333740234 -40.499664306640625 11.5
endloop
endfacet
facet normal 0.8819219980712056 -0.4713953641245241 0
outer loop
vertex 17.40711784362793 -40.74298095703125 11.5
vertex 17.476425170898438 -40.61331558227539 5.300000190734863
vertex 17.476425170898438 -40.61331558227539 11.5
endloop
endfacet
facet normal 0.9569427553947636 -0.29027670057632554 0
outer loop
vertex 17.364439010620117 -40.8836784362793 11.5
vertex 17.40711784362793 -40.74298095703125 5.300000190734863
vertex 17.40711784362793 -40.74298095703125 11.5
endloop
endfacet
facet normal 0.9951853246241753 -0.0980110690313855 0
outer loop
vertex 17.35002899169922 -41.02999496459961 11.5
vertex 17.364439010620117 -40.8836784362793 5.300000190734863
vertex 17.364439010620117 -40.8836784362793 11.5
endloop
endfacet
facet normal -0.6344012962586288 -0.7730038779368259 0
outer loop
vertex 18.516706466674805 -40.40639114379883 5.300000190734863
vertex 18.63035774230957 -40.499664306640625 5.300000190734863
vertex 18.516706466674805 -40.40639114379883 11.5
endloop
endfacet
facet normal -0.8819219980712056 -0.4713953641245241 0
outer loop
vertex 18.792938232421875 -40.74298095703125 5.300000190734863
vertex 18.723630905151367 -40.61331558227539 11.5
vertex 18.723630905151367 -40.61331558227539 5.300000190734863
endloop
endfacet
facet normal -0.7730038779368259 -0.6344012962586288 0
outer loop
vertex 18.723630905151367 -40.61331558227539 5.300000190734863
vertex 18.63035774230957 -40.499664306640625 11.5
vertex 18.63035774230957 -40.499664306640625 5.300000190734863
endloop
endfacet
facet normal -0.9569427553947636 -0.29027670057632554 0
outer loop
vertex 18.835617065429688 -40.8836784362793 5.300000190734863
vertex 18.792938232421875 -40.74298095703125 11.5
vertex 18.792938232421875 -40.74298095703125 5.300000190734863
endloop
endfacet
facet normal -0.9951840591663966 -0.09802391739312354 0
outer loop
vertex 18.85002899169922 -41.02999496459961 5.300000190734863
vertex 18.835617065429688 -40.8836784362793 11.5
vertex 18.835617065429688 -40.8836784362793 5.300000190734863
endloop
endfacet
facet normal -0.2902803041466764 -0.9569416622890411 0
outer loop
vertex 18.387041091918945 -40.33708572387695 5.300000190734863
vertex 18.24634552001953 -40.29440689086914 11.5
vertex 18.24634552001953 -40.29440689086914 5.300000190734863
endloop
endfacet
facet normal -0.4713852739059721 -0.8819273913109807 0
outer loop
vertex 18.516706466674805 -40.40639114379883 5.300000190734863
vertex 18.387041091918945 -40.33708572387695 11.5
vertex 18.387041091918945 -40.33708572387695 5.300000190734863
endloop
endfacet
facet normal -0.09802391739312354 -0.9951840591663966 0
outer loop
vertex 18.10002899169922 -40.27999496459961 5.300000190734863
vertex 18.24634552001953 -40.29440689086914 5.300000190734863
vertex 18.10002899169922 -40.27999496459961 11.5
endloop
endfacet
facet normal 0.098022651870274 -0.9951841838174073 0
outer loop
vertex 17.953710556030273 -40.29440689086914 5.300000190734863
vertex 18.10002899169922 -40.27999496459961 5.300000190734863
vertex 17.953710556030273 -40.29440689086914 11.5
endloop
endfacet
facet normal 0.2902803041466764 -0.9569416622890411 0
outer loop
vertex 17.81301498413086 -40.33708572387695 5.300000190734863
vertex 17.953710556030273 -40.29440689086914 5.300000190734863
vertex 17.81301498413086 -40.33708572387695 11.5
endloop
endfacet
facet normal 0.4713852739059721 -0.8819273913109807 0
outer loop
vertex 17.683349609375 -40.40639114379883 5.300000190734863
vertex 17.81301498413086 -40.33708572387695 5.300000190734863
vertex 17.683349609375 -40.40639114379883 11.5
endloop
endfacet
facet normal 0.6344012962586288 -0.7730038779368259 0
outer loop
vertex 17.569698333740234 -40.499664306640625 5.300000190734863
vertex 17.683349609375 -40.40639114379883 5.300000190734863
vertex 17.569698333740234 -40.499664306640625 11.5
endloop
endfacet
facet normal 0.7730038779368259 -0.6344012962586288 0
outer loop
vertex 17.476425170898438 -40.61331558227539 5.300000190734863
vertex 17.569698333740234 -40.499664306640625 5.300000190734863
vertex 17.476425170898438 -40.61331558227539 11.5
endloop
endfacet
facet normal 0.8819219980712056 -0.4713953641245241 0
outer loop
vertex 17.40711784362793 -40.74298095703125 5.300000190734863
vertex 17.476425170898438 -40.61331558227539 5.300000190734863
vertex 17.40711784362793 -40.74298095703125 11.5
endloop
endfacet
facet normal 0.9569427553947636 -0.29027670057632554 0
outer loop
vertex 17.364439010620117 -40.8836784362793 5.300000190734863
vertex 17.40711784362793 -40.74298095703125 5.300000190734863
vertex 17.364439010620117 -40.8836784362793 11.5
endloop
endfacet
facet normal -0.9951840591663966 -0.09802391739312354 0
outer loop
vertex 18.85002899169922 -41.02999496459961 5.300000190734863
vertex 18.85002899169922 -41.02999496459961 11.5
vertex 18.835617065429688 -40.8836784362793 11.5
endloop
endfacet
facet normal -0.9951840591663966 0.09802391739312354 0
outer loop
vertex 18.85002899169922 -41.02999496459961 11.5
vertex 18.835617065429688 -41.17631149291992 5.300000190734863
vertex 18.835617065429688 -41.17631149291992 11.5
endloop
endfacet
facet normal -0.9569427553947636 0.29027670057632554 0
outer loop
vertex 18.835617065429688 -41.17631149291992 11.5
vertex 18.792938232421875 -41.31700897216797 5.300000190734863
vertex 18.792938232421875 -41.31700897216797 11.5
endloop
endfacet
facet normal -0.8819162323750103 0.4714061508651184 0
outer loop
vertex 18.792938232421875 -41.31700897216797 11.5
vertex 18.723630905151367 -41.44667053222656 5.300000190734863
vertex 18.723630905151367 -41.44667053222656 11.5
endloop
endfacet
facet normal -0.7730143199080985 0.6343885727352124 0
outer loop
vertex 18.723630905151367 -41.44667053222656 11.5
vertex 18.63035774230957 -41.560325622558594 5.300000190734863
vertex 18.63035774230957 -41.560325622558594 11.5
endloop
endfacet
facet normal -0.6343857923391509 0.7730166016834488 0
outer loop
vertex 18.63035774230957 -41.560325622558594 11.5
vertex 18.516706466674805 -41.653594970703125 5.300000190734863
vertex 18.516706466674805 -41.653594970703125 11.5
endloop
endfacet
facet normal -0.471405454157962 0.881916604781952 0
outer loop
vertex 18.516706466674805 -41.653594970703125 11.5
vertex 18.387041091918945 -41.722904205322266 5.300000190734863
vertex 18.387041091918945 -41.722904205322266 11.5
endloop
endfacet
facet normal 0.9951853246241753 0.0980110690313855 0
outer loop
vertex 17.364439010620117 -41.17631149291992 11.5
vertex 17.35002899169922 -41.02999496459961 5.300000190734863
vertex 17.35002899169922 -41.02999496459961 11.5
endloop
endfacet
facet normal 0.9569427553947636 0.29027670057632554 0
outer loop
vertex 17.40711784362793 -41.31700897216797 11.5
vertex 17.364439010620117 -41.17631149291992 5.300000190734863
vertex 17.364439010620117 -41.17631149291992 11.5
endloop
endfacet
facet normal 0.471405454157962 0.881916604781952 0
outer loop
vertex 17.81301498413086 -41.722904205322266 11.5
vertex 17.683349609375 -41.653594970703125 5.300000190734863
vertex 17.683349609375 -41.653594970703125 11.5
endloop
endfacet
facet normal 0.2902803041466764 0.9569416622890411 0
outer loop
vertex 17.953710556030273 -41.76558303833008 11.5
vertex 17.81301498413086 -41.722904205322266 5.300000190734863
vertex 17.81301498413086 -41.722904205322266 11.5
endloop
endfacet
facet normal 0.6343857923391509 0.7730166016834488 0
outer loop
vertex 17.683349609375 -41.653594970703125 11.5
vertex 17.569698333740234 -41.560325622558594 5.300000190734863
vertex 17.569698333740234 -41.560325622558594 11.5
endloop
endfacet
facet normal 0.8819162323750103 0.4714061508651184 0
outer loop
vertex 17.476425170898438 -41.44667053222656 11.5
vertex 17.40711784362793 -41.31700897216797 5.300000190734863
vertex 17.40711784362793 -41.31700897216797 11.5
endloop
endfacet
facet normal 0.7730143199080985 0.6343885727352124 0
outer loop
vertex 17.569698333740234 -41.560325622558594 11.5
vertex 17.476425170898438 -41.44667053222656 5.300000190734863
vertex 17.476425170898438 -41.44667053222656 11.5
endloop
endfacet
facet normal -0.2902803041466764 0.9569416622890411 0
outer loop
vertex 18.387041091918945 -41.722904205322266 11.5
vertex 18.24634552001953 -41.76558303833008 5.300000190734863
vertex 18.24634552001953 -41.76558303833008 11.5
endloop
endfacet
facet normal -0.09802391739312354 0.9951840591663966 0
outer loop
vertex 18.24634552001953 -41.76558303833008 11.5
vertex 18.10002899169922 -41.77999496459961 5.300000190734863
vertex 18.10002899169922 -41.77999496459961 11.5
endloop
endfacet
facet normal 0.098022651870274 0.9951841838174073 0
outer loop
vertex 18.10002899169922 -41.77999496459961 11.5
vertex 17.953710556030273 -41.76558303833008 5.300000190734863
vertex 17.953710556030273 -41.76558303833008 11.5
endloop
endfacet
facet normal -0.9951840591663966 0.09802391739312354 0
outer loop
vertex 18.835617065429688 -41.17631149291992 5.300000190734863
vertex 18.85002899169922 -41.02999496459961 11.5
vertex 18.85002899169922 -41.02999496459961 5.300000190734863
endloop
endfacet
facet normal -0.9569427553947636 0.29027670057632554 0
outer loop
vertex 18.792938232421875 -41.31700897216797 5.300000190734863
vertex 18.835617065429688 -41.17631149291992 11.5
vertex 18.835617065429688 -41.17631149291992 5.300000190734863
endloop
endfacet
facet normal -0.8819162323750103 0.4714061508651184 0
outer loop
vertex 18.723630905151367 -41.44667053222656 5.300000190734863
vertex 18.792938232421875 -41.31700897216797 11.5
vertex 18.792938232421875 -41.31700897216797 5.300000190734863
endloop
endfacet
facet normal -0.7730143199080985 0.6343885727352124 0
outer loop
vertex 18.63035774230957 -41.560325622558594 5.300000190734863
vertex 18.723630905151367 -41.44667053222656 11.5
vertex 18.723630905151367 -41.44667053222656 5.300000190734863
endloop
endfacet
facet normal -0.6343857923391509 0.7730166016834488 0
outer loop
vertex 18.516706466674805 -41.653594970703125 5.300000190734863
vertex 18.63035774230957 -41.560325622558594 11.5
vertex 18.63035774230957 -41.560325622558594 5.300000190734863
endloop
endfacet
facet normal -0.471405454157962 0.881916604781952 0
outer loop
vertex 18.387041091918945 -41.722904205322266 5.300000190734863
vertex 18.516706466674805 -41.653594970703125 11.5
vertex 18.516706466674805 -41.653594970703125 5.300000190734863
endloop
endfacet
facet normal -0.2902803041466764 0.9569416622890411 0
outer loop
vertex 18.24634552001953 -41.76558303833008 5.300000190734863
vertex 18.387041091918945 -41.722904205322266 11.5
vertex 18.387041091918945 -41.722904205322266 5.300000190734863
endloop
endfacet
facet normal 0.9951853246241753 -0.0980110690313855 0
outer loop
vertex 17.35002899169922 -41.02999496459961 5.300000190734863
vertex 17.364439010620117 -40.8836784362793 5.300000190734863
vertex 17.35002899169922 -41.02999496459961 11.5
endloop
endfacet
facet normal 0.9951853246241753 0.0980110690313855 0
outer loop
vertex 17.364439010620117 -41.17631149291992 5.300000190734863
vertex 17.35002899169922 -41.02999496459961 5.300000190734863
vertex 17.364439010620117 -41.17631149291992 11.5
endloop
endfacet
facet normal 0.9569427553947636 0.29027670057632554 0
outer loop
vertex 17.40711784362793 -41.31700897216797 5.300000190734863
vertex 17.364439010620117 -41.17631149291992 5.300000190734863
vertex 17.40711784362793 -41.31700897216797 11.5
endloop
endfacet
facet normal 0.471405454157962 0.881916604781952 0
outer loop
vertex 17.81301498413086 -41.722904205322266 5.300000190734863
vertex 17.683349609375 -41.653594970703125 5.300000190734863
vertex 17.81301498413086 -41.722904205322266 11.5
endloop
endfacet
facet normal 0.6343857923391509 0.7730166016834488 0
outer loop
vertex 17.683349609375 -41.653594970703125 5.300000190734863
vertex 17.569698333740234 -41.560325622558594 5.300000190734863
vertex 17.683349609375 -41.653594970703125 11.5
endloop
endfacet
facet normal 0.8819162323750103 0.4714061508651184 0
outer loop
vertex 17.476425170898438 -41.44667053222656 5.300000190734863
vertex 17.40711784362793 -41.31700897216797 5.300000190734863
vertex 17.476425170898438 -41.44667053222656 11.5
endloop
endfacet
facet normal 0.7730143199080985 0.6343885727352124 0
outer loop
vertex 17.569698333740234 -41.560325622558594 5.300000190734863
vertex 17.476425170898438 -41.44667053222656 5.300000190734863
vertex 17.569698333740234 -41.560325622558594 11.5
endloop
endfacet
facet normal -0.09802391739312354 0.9951840591663966 0
outer loop
vertex 18.10002899169922 -41.77999496459961 5.300000190734863
vertex 18.24634552001953 -41.76558303833008 11.5
vertex 18.24634552001953 -41.76558303833008 5.300000190734863
endloop
endfacet
facet normal 0.098022651870274 0.9951841838174073 0
outer loop
vertex 18.10002899169922 -41.77999496459961 5.300000190734863
vertex 17.953710556030273 -41.76558303833008 5.300000190734863
vertex 18.10002899169922 -41.77999496459961 11.5
endloop
endfacet
facet normal 0.2902803041466764 0.9569416622890411 0
outer loop
vertex 17.953710556030273 -41.76558303833008 5.300000190734863
vertex 17.81301498413086 -41.722904205322266 5.300000190734863
vertex 17.953710556030273 -41.76558303833008 11.5
endloop
endfacet
facet normal 0 1 0
outer loop
vertex 67.13516235351562 -46.52999496459961 -0.44999998807907104
vertex 1.2649486064910889 -46.52999496459961 0
vertex 67.13516235351562 -46.52999496459961 0
endloop
endfacet
facet normal -0.19507790796352512 0.9807877496301504 0
outer loop
vertex -4.134851455688477 -51.26846694946289 -5.699999809265137
vertex -4.192810535430908 -51.27999496459961 -5.699999809265137
vertex -4.192810535430908 -51.27999496459961 0
endloop
endfacet
facet normal 0.9335225516382156 0.35851868233451245 0
outer loop
vertex -81.56925201416016 9.268919944763184 -5.699999809265137
vertex -81.991943359375 10.369537353515625 -5.699999809265137
vertex -81.991943359375 10.369537353515625 0
endloop
endfacet
facet normal -0.0007130821171369478 -0.9999997457564246 -9.902150347187892e-7
outer loop
vertex 73.142822265625 46.36296081542969 0
vertex -77.55253601074219 46.47042465209961 -5.699999809265137
vertex 69.33537292480469 46.36567687988281 -1.0499999523162842
endloop
endfacet
facet normal 0 1 0
outer loop
vertex 2.7142088413238525 -46.52999496459961 -4.375974655151367
vertex 2.6000282764434814 -46.52999496459961 -4.949999809265137
vertex 1.2649486064910889 -46.52999496459961 0
endloop
endfacet
facet normal 0.9999939726948481 -0.00347196975435171 0
outer loop
vertex -81.95716094970703 23.3384952545166 0
vertex -82.00199890136719 10.424304008483887 0
vertex -81.95716094970703 23.3384952545166 -1
endloop
endfacet
facet normal 0 1 0
outer loop
vertex 2.6000282764434814 -46.52999496459961 -4.949999809265137
vertex 1.2649486064910889 -46.52999496459961 -5.699999809265137
vertex 1.2649486064910889 -46.52999496459961 0
endloop
endfacet
facet normal 0.5555639466029874 0.8314738127174619 0
outer loop
vertex -58.772315979003906 -50.789127349853516 -5.699999809265137
vertex -58.821449279785156 -50.75629806518555 -5.699999809265137
vertex -58.821449279785156 -50.75629806518555 0
endloop
endfacet
facet normal 0.38268496069055863 0.9238788994566689 0
outer loop
vertex -57.61509323120117 -51.26846694946289 -5.699999809265137
vertex -58.772315979003906 -50.789127349853516 -5.699999809265137
vertex -58.772315979003906 -50.789127349853516 0
endloop
endfacet
facet normal 0.8314639180569044 0.5555787549659015 0
outer loop
vertex -61.28877258300781 -48.28897476196289 -5.699999809265137
vertex -61.32160568237305 -48.239837646484375 -5.699999809265137
vertex -61.32160568237305 -48.239837646484375 0
endloop
endfacet
facet normal 0.9238799762035904 0.38268236119535654 0
outer loop
vertex -61.32160568237305 -48.239837646484375 -5.699999809265137
vertex -61.800941467285156 -47.08261489868164 -5.699999809265137
vertex -61.800941467285156 -47.08261489868164 0
endloop
endfacet
facet normal 0.7071067811865476 0.7071067811865476 0
outer loop
vertex -58.821449279785156 -50.75629806518555 -5.699999809265137
vertex -61.28877258300781 -48.28897476196289 -5.699999809265137
vertex -61.28877258300781 -48.28897476196289 0
endloop
endfacet
facet normal 0.1950732765035795 0.9807886708125039 0
outer loop
vertex -57.557132720947266 -51.27999496459961 -5.699999809265137
vertex -57.61509323120117 -51.26846694946289 -5.699999809265137
vertex -57.61509323120117 -51.26846694946289 0
endloop
endfacet
facet normal 1 0 0
outer loop
vertex -61.81247329711914 4.417953968048096 -5.699999809265137
vertex -61.81247329711914 4.417953968048096 -1
vertex -61.81247329711914 -14.458282470703125 -1
endloop
endfacet
facet normal 0.7091181770779692 0.7050896474474845 0
outer loop
vertex -61.81247329711914 4.417953968048096 -5.699999809265137
vertex -63.383235931396484 5.9976911544799805 -5.699999809265137
vertex -63.383235931396484 5.9976911544799805 0
endloop
endfacet
facet normal 0.7091256552261954 0.7050821264930909 0
outer loop
vertex -61.81247329711914 4.417953968048096 -1
vertex -61.81247329711914 4.417953968048096 -5.699999809265137
vertex -61.93553161621094 4.541718006134033 -1
endloop
endfacet
facet normal 0.7091173919575503 0.7050904370526754 -4.351941373664099e-7
outer loop
vertex -61.81247329711914 4.417953968048096 -5.699999809265137
vertex -63.383235931396484 5.9976911544799805 0
vertex -61.93553161621094 4.541718006134033 -1
endloop
endfacet
facet normal 0.7091175414065017 0.7050902867502844 0
outer loop
vertex -61.93553161621094 4.541718006134033 -1
vertex -63.383235931396484 5.9976911544799805 0
vertex -61.93553161621094 4.541718006134033 3.673863784806747e-14
endloop
endfacet
facet normal 0.5555639466029874 0.8314738127174619 0
outer loop
vertex -58.772315979003906 -50.789127349853516 0
vertex -58.772315979003906 -50.789127349853516 -5.699999809265137
vertex -58.821449279785156 -50.75629806518555 0
endloop
endfacet
facet normal 0.8314639180569044 0.5555787549659015 0
outer loop
vertex -61.28877258300781 -48.28897476196289 0
vertex -61.28877258300781 -48.28897476196289 -5.699999809265137
vertex -61.32160568237305 -48.239837646484375 0
endloop
endfacet
facet normal 0.9238799762035904 0.38268236119535654 0
outer loop
vertex -61.32160568237305 -48.239837646484375 0
vertex -61.32160568237305 -48.239837646484375 -5.699999809265137
vertex -61.800941467285156 -47.08261489868164 0
endloop
endfacet
facet normal 0.7071067811865476 0.7071067811865476 0
outer loop
vertex -58.821449279785156 -50.75629806518555 0
vertex -58.821449279785156 -50.75629806518555 -5.699999809265137
vertex -61.28877258300781 -48.28897476196289 0
endloop
endfacet
facet normal 0 1 0
outer loop
vertex -57.557132720947266 -51.27999496459961 -5.699999809265137
vertex -57.557132720947266 -51.27999496459961 0
vertex -52.527584075927734 -51.27999496459961 -1.9500000476837158
endloop
endfacet
facet normal 0.38268496069055863 0.9238788994566689 0
outer loop
vertex -57.61509323120117 -51.26846694946289 0
vertex -57.61509323120117 -51.26846694946289 -5.699999809265137
vertex -58.772315979003906 -50.789127349853516 0
endloop
endfacet
facet normal 0.1950732765035795 0.9807886708125039 0
outer loop
vertex -57.557132720947266 -51.27999496459961 0
vertex -57.557132720947266 -51.27999496459961 -5.699999809265137
vertex -57.61509323120117 -51.26846694946289 0
endloop
endfacet
facet normal 0.9807758170521449 0.1951352701690558 -0.0010114453754301949
outer loop
vertex -61.800941467285156 -47.08261489868164 -5.699999809265137
vertex -61.81247329711914 -47.024654388427734 -5.699999809265137
vertex -61.81247329711914 -46.99510955810547 0
endloop
endfacet
facet normal 1 0 0
outer loop
vertex -61.81247329711914 -46.99510955810547 0
vertex -61.81247329711914 -47.024654388427734 -5.699999809265137
vertex -61.81247329711914 -46.99510955810547 -1
endloop
endfacet
facet normal 0.9914279430983332 0.13065463498784868 0
outer loop
vertex -61.800941467285156 -47.08261489868164 0
vertex -61.800941467285156 -47.08261489868164 -5.699999809265137
vertex -61.81247329711914 -46.99510955810547 0
endloop
endfacet
facet normal 0 1 0
outer loop
vertex -52.527584075927734 -51.27999496459961 -1.9500000476837158
vertex -57.557132720947266 -51.27999496459961 0
vertex -52.527584075927734 -51.27999496459961 -0.44999998807907104
endloop
endfacet
facet normal 0 1 0
outer loop
vertex -52.527584075927734 -51.27999496459961 -0.44999998807907104
vertex -57.557132720947266 -51.27999496459961 0
vertex -52.527584075927734 -51.27999496459961 0
endloop
endfacet
facet normal 0.9999939724512832 -0.0034720398996813144 1.9274067217798872e-7
outer loop
vertex -81.95716094970703 23.3384952545166 -1
vertex -82.00199890136719 10.424304008483887 -5.699999809265137
vertex -81.89108276367188 42.36963653564453 -5.699999809265137
endloop
endfacet
facet normal 0.999993971971949 -0.003472177937700369 -3.662067369603824e-7
outer loop
vertex -81.95716094970703 23.3384952545166 -1
vertex -81.89108276367188 42.36963653564453 -5.699999809265137
vertex -81.89118957519531 42.33837890625 -1
endloop
endfacet
facet normal 0.9777961623481535 -0.20955826134329145 0
outer loop
vertex -81.89108276367188 42.36963653564453 -5.699999809265137
vertex -81.87798309326172 42.43075942993164 -5.699999809265137
vertex -81.87798309326172 42.43075942993164 0
endloop
endfacet
facet normal 0.9999941616470732 -0.003417114538213089 0
outer loop
vertex -81.89118957519531 42.33837890625 -1
vertex -81.89108276367188 42.36963653564453 -5.699999809265137
vertex -81.89118957519531 42.33837890625 0
endloop
endfacet
facet normal 0.9899353064357249 -0.14151860390967005 -0.0007575087227611021
outer loop
vertex -81.89118957519531 42.33837890625 0
vertex -81.89108276367188 42.36963653564453 -5.699999809265137
vertex -81.87798309326172 42.43075942993164 0
endloop
endfacet
facet normal 0.9136100684602877 -0.4065914937722977 0
outer loop
vertex -81.87798309326172 42.43075942993164 -5.699999809265137
vertex -81.33865356445312 43.64263153076172 -5.699999809265137
vertex -81.33865356445312 43.64263153076172 0
endloop
endfacet
facet normal 0.8101639802383717 -0.5862033138121271 0
outer loop
vertex -81.33865356445312 43.64263153076172 -5.699999809265137
vertex -81.30200958251953 43.693275451660156 -5.699999809265137
vertex -81.30200958251953 43.693275451660156 0
endloop
endfacet
facet normal 0.6719459196864728 -0.7406002167274193 0
outer loop
vertex -81.30200958251953 43.693275451660156 -5.699999809265137
vertex -78.75013732910156 46.00858688354492 -5.699999809265137
vertex -78.75013732910156 46.00858688354492 0
endloop
endfacet
facet normal 0 1 0
outer loop
vertex 2.6000282764434814 -46.52999496459961 -5.699999809265137
vertex 1.2649486064910889 -46.52999496459961 -5.699999809265137
vertex 2.6000282764434814 -46.52999496459961 -4.949999809265137
endloop
endfacet
facet normal 1 0 0
outer loop
vertex -61.81247329711914 -46.99510955810547 -1
vertex -61.81247329711914 -47.024654388427734 -5.699999809265137
vertex -61.81247329711914 -27.995107650756836 -1
endloop
endfacet
facet normal 1 0 0
outer loop
vertex -61.81247329711914 -27.995107650756836 -1
vertex -61.81247329711914 -47.024654388427734 -5.699999809265137
vertex -61.81247329711914 -14.458282470703125 -1
endloop
endfacet
facet normal 0.5247840700515617 -0.8512353844972127 0
outer loop
vertex -78.75013732910156 46.00858688354492 -5.699999809265137
vertex -78.70291900634766 46.037696838378906 -5.699999809265137
vertex -78.70291900634766 46.037696838378906 0
endloop
endfacet
facet normal 0.3598088167381976 -0.9330260529039144 0
outer loop
vertex -78.70291900634766 46.037696838378906 -5.699999809265137
vertex -77.6070785522461 46.46029281616211 -5.699999809265137
vertex -77.6070785522461 46.46029281616211 0
endloop
endfacet
facet normal 0.18263587456462654 -0.983180622938641 0
outer loop
vertex -77.6070785522461 46.46029281616211 -5.699999809265137
vertex -77.55253601074219 46.47042465209961 -5.699999809265137
vertex -77.55253601074219 46.47042465209961 0
endloop
endfacet
facet normal 0.005694981041523104 0.9999837834639803 0
outer loop
vertex -63.383235931396484 5.9976911544799805 -5.699999809265137
vertex -77.90510559082031 6.080394268035889 0
vertex -63.383235931396484 5.9976911544799805 0
endloop
endfacet
facet normal 0.9136100684602877 -0.4065914937722977 0
outer loop
vertex -81.87798309326172 42.43075942993164 0
vertex -81.87798309326172 42.43075942993164 -5.699999809265137
vertex -81.33865356445312 43.64263153076172 0
endloop
endfacet
facet normal 0.8101639802383717 -0.5862033138121271 0
outer loop
vertex -81.33865356445312 43.64263153076172 0
vertex -81.33865356445312 43.64263153076172 -5.699999809265137
vertex -81.30200958251953 43.693275451660156 0
endloop
endfacet
facet normal 0 1 0
outer loop
vertex 3.039368152618408 -46.52999496459961 -3.8893399238586426
vertex 2.7142088413238525 -46.52999496459961 -4.375974655151367
vertex 1.2649486064910889 -46.52999496459961 0
endloop
endfacet
facet normal 0 1 0
outer loop
vertex 3.526003122329712 -46.52999496459961 -3.564180612564087
vertex 3.039368152618408 -46.52999496459961 -3.8893399238586426
vertex 1.2649486064910889 -46.52999496459961 0
endloop
endfacet
facet normal -0.5555704761497899 0.831469449848096 0
outer loop
vertex 1.2649486064910889 -46.52999496459961 -5.699999809265137
vertex -0.09705860167741776 -47.440059661865234 0
vertex 1.2649486064910889 -46.52999496459961 0
endloop
endfacet
facet normal 0 1 0
outer loop
vertex -4.192810535430908 -51.27999496459961 -5.699999809265137
vertex -57.557132720947266 -51.27999496459961 -5.699999809265137
vertex -52.527584075927734 -51.27999496459961 -1.9500000476837158
endloop
endfacet
facet normal 0 1 0
outer loop
vertex -4.192810535430908 -51.27999496459961 -5.699999809265137
vertex -52.527584075927734 -51.27999496459961 -1.9500000476837158
vertex -44.527584075927734 -51.27999496459961 -1.9500000476837158
endloop
endfacet
facet normal 0 1 0
outer loop
vertex 4.100028038024902 -46.52999496459961 -3.450000047683716
vertex 3.526003122329712 -46.52999496459961 -3.564180612564087
vertex 1.2649486064910889 -46.52999496459961 0
endloop
endfacet
facet normal 0 1 0
outer loop
vertex 4.100028038024902 -46.52999496459961 -3.450000047683716
vertex 1.2649486064910889 -46.52999496459961 0
vertex 16.10002899169922 -46.52999496459961 -3.450000047683716
endloop
endfacet
facet normal 0 1 0
outer loop
vertex 80.1949462890625 -46.52999496459961 -5.699999809265137
vertex 17.60002899169922 -46.52999496459961 -5.699999809265137
vertex 17.60002899169922 -46.52999496459961 -4.949999809265137
endloop
endfacet
facet normal 0 1 0
outer loop
vertex -4.192810535430908 -51.27999496459961 -5.699999809265137
vertex -44.527584075927734 -51.27999496459961 -1.9500000476837158
vertex -44.527584075927734 -51.27999496459961 -0.44999998807907104
endloop
endfacet
facet normal 0 1 0
outer loop
vertex 80.1949462890625 -46.52999496459961 -5.699999809265137
vertex 17.60002899169922 -46.52999496459961 -4.949999809265137
vertex 17.48584747314453 -46.52999496459961 -4.375974655151367
endloop
endfacet
facet normal 0.6719459196864728 -0.7406002167274193 0
outer loop
vertex -81.30200958251953 43.693275451660156 0
vertex -81.30200958251953 43.693275451660156 -5.699999809265137
vertex -78.75013732910156 46.00858688354492 0
endloop
endfacet
facet normal 0.5247840700515617 -0.8512353844972127 0
outer loop
vertex -78.75013732910156 46.00858688354492 0
vertex -78.75013732910156 46.00858688354492 -5.699999809265137
vertex -78.70291900634766 46.037696838378906 0
endloop
endfacet
facet normal 0.3598088167381976 -0.9330260529039144 0
outer loop
vertex -78.70291900634766 46.037696838378906 0
vertex -78.70291900634766 46.037696838378906 -5.699999809265137
vertex -77.6070785522461 46.46029281616211 0
endloop
endfacet
facet normal 0.18263587456462654 -0.983180622938641 0
outer loop
vertex -77.6070785522461 46.46029281616211 0
vertex -77.6070785522461 46.46029281616211 -5.699999809265137
vertex -77.55253601074219 46.47042465209961 0
endloop
endfacet
facet normal 0 1 0
outer loop
vertex 80.1949462890625 -46.52999496459961 -5.699999809265137
vertex 17.48584747314453 -46.52999496459961 -4.375974655151367
vertex 17.160688400268555 -46.52999496459961 -3.8893399238586426
endloop
endfacet
facet normal 0 1 0
outer loop
vertex 16.674053192138672 -46.52999496459961 -3.564180612564087
vertex 16.10002899169922 -46.52999496459961 -3.450000047683716
vertex 80.1949462890625 -46.52999496459961 -5.699999809265137
endloop
endfacet
facet normal 0 1 0
outer loop
vertex 80.1949462890625 -46.52999496459961 -5.699999809265137
vertex 17.160688400268555 -46.52999496459961 -3.8893399238586426
vertex 16.674053192138672 -46.52999496459961 -3.564180612564087
endloop
endfacet
facet normal 0 1 0
outer loop
vertex 80.1949462890625 -46.52999496459961 -5.699999809265137
vertex 16.10002899169922 -46.52999496459961 -3.450000047683716
vertex 1.2649486064910889 -46.52999496459961 0
endloop
endfacet
facet normal 0 1 0
outer loop
vertex 80.1949462890625 -46.52999496459961 -5.699999809265137
vertex 1.2649486064910889 -46.52999496459961 0
vertex 67.13516235351562 -46.52999496459961 -1.9500000476837158
endloop
endfacet
facet normal 0 1 0
outer loop
vertex 67.13516235351562 -46.52999496459961 -1.9500000476837158
vertex 1.2649486064910889 -46.52999496459961 0
vertex 67.13516235351562 -46.52999496459961 -0.44999998807907104
endloop
endfacet
facet normal -0.0007131932240600618 -0.9999997456776802 0
outer loop
vertex -77.55253601074219 46.47042465209961 0
vertex -77.55253601074219 46.47042465209961 -5.699999809265137
vertex -50.327369689941406 46.45100784301758 -2.8499999046325684
endloop
endfacet
facet normal -0.0007131365819748762 -0.9999997457179289 -5.410845694881634e-7
outer loop
vertex -50.327369689941406 46.45100784301758 -2.8499999046325684
vertex -77.55253601074219 46.47042465209961 -5.699999809265137
vertex -46.72737121582031 46.44844055175781 -2.8499999046325684
endloop
endfacet
facet normal -0.0007131932240600618 -0.9999997456776802 0
outer loop
vertex -77.55253601074219 46.47042465209961 0
vertex -50.327369689941406 46.45100784301758 -2.8499999046325684
vertex -50.327369689941406 46.45100784301758 -1.0499999523162842
endloop
endfacet
facet normal 0 1 0
outer loop
vertex -44.527584075927734 -51.27999496459961 -0.44999998807907104
vertex -44.527584075927734 -51.27999496459961 0
vertex -4.192810535430908 -51.27999496459961 0
endloop
endfacet
facet normal -0.0007131365819747565 -0.9999997457177612 -7.927176773450865e-7
outer loop
vertex 73.142822265625 46.36296081542969 0
vertex 69.33537292480469 46.36567687988281 -1.0499999523162842
vertex 72.93537139892578 46.36310958862305 -1.0499999523162842
endloop
endfacet
facet normal -0.0007171488722573621 -0.9999997428487144 0
outer loop
vertex 72.93537139892578 46.36310958862305 -2.8499999046325684
vertex 73.142822265625 46.36296081542969 0
vertex 72.93537139892578 46.36310958862305 -1.0499999523162842
endloop
endfacet
facet normal -0.5856193381338277 -0.8105862019573845 0
outer loop
vertex 74.42093658447266 45.810455322265625 0
vertex 74.42093658447266 45.810455322265625 -5.699999809265137
vertex 74.4717788696289 45.77372360229492 0
endloop
endfacet
facet normal -0.8511616441324157 -0.5249036631209608 0
outer loop
vertex 76.78822326660156 43.220603942871094 0
vertex 76.78822326660156 43.220603942871094 -5.699999809265137
vertex 76.81731414794922 43.173431396484375 0
endloop
endfacet
facet normal -0.9328998675584457 -0.3601358592384748 0
outer loop
vertex 76.81731414794922 43.173431396484375 0
vertex 76.81731414794922 43.173431396484375 -5.699999809265137
vertex 77.23987579345703 42.07882308959961 0
endloop
endfacet
facet normal -0.7406000442632673 -0.6719461097716443 0
outer loop
vertex 74.4717788696289 45.77372360229492 0
vertex 74.4717788696289 45.77372360229492 -5.699999809265137
vertex 76.78822326660156 43.220603942871094 0
endloop
endfacet
facet normal -0.5856193381338277 -0.8105862019573845 0
outer loop
vertex 74.42093658447266 45.810455322265625 -5.699999809265137
vertex 74.4717788696289 45.77372360229492 -5.699999809265137
vertex 74.4717788696289 45.77372360229492 0
endloop
endfacet
facet normal -0.4053277764916393 -0.9141714246268824 0
outer loop
vertex 74.42093658447266 45.810455322265625 0
vertex 73.20417785644531 46.349945068359375 -5.699999809265137
vertex 74.42093658447266 45.810455322265625 -5.699999809265137
endloop
endfacet
facet normal -0.8511616441324157 -0.5249036631209608 0
outer loop
vertex 76.78822326660156 43.220603942871094 -5.699999809265137
vertex 76.81731414794922 43.173431396484375 -5.699999809265137
vertex 76.81731414794922 43.173431396484375 0
endloop
endfacet
facet normal -0.7406000442632673 -0.6719461097716443 0
outer loop
vertex 74.4717788696289 45.77372360229492 -5.699999809265137
vertex 76.78822326660156 43.220603942871094 -5.699999809265137
vertex 76.78822326660156 43.220603942871094 0
endloop
endfacet
facet normal -0.9830695467370066 -0.18323281987214057 0
outer loop
vertex 77.23987579345703 42.07882308959961 0
vertex 77.23987579345703 42.07882308959961 -5.699999809265137
vertex 77.25003051757812 42.02434158325195 0
endloop
endfacet
facet normal -0.38335097069013674 0.9236027464613398 0
outer loop
vertex 80.30538177490234 -46.48415756225586 -5.699999809265137
vertex 80.1949462890625 -46.52999496459961 -5.699999809265137
vertex 80.1949462890625 -46.52999496459961 0
endloop
endfacet
facet normal -1 0 0
outer loop
vertex 77.25003051757812 42.02434158325195 -5.699999809265137
vertex 77.25003051757812 28.7218074798584 0
vertex 77.25003051757812 42.02434158325195 0
endloop
endfacet
facet normal -0.9328998675584457 -0.3601358592384748 0
outer loop
vertex 77.23987579345703 42.07882308959961 -5.699999809265137
vertex 77.23987579345703 42.07882308959961 0
vertex 76.81731414794922 43.173431396484375 -5.699999809265137
endloop
endfacet
facet normal -0.9830695467370066 -0.18323281987214057 0
outer loop
vertex 77.23987579345703 42.07882308959961 -5.699999809265137
vertex 77.25003051757812 42.02434158325195 -5.699999809265137
vertex 77.25003051757812 42.02434158325195 0
endloop
endfacet
facet normal -0.4053277764916393 -0.9141714246268824 0
outer loop
vertex 73.20417785644531 46.349945068359375 0
vertex 73.20417785644531 46.349945068359375 -5.699999809265137
vertex 74.42093658447266 45.810455322265625 0
endloop
endfacet
facet normal -0.20751831775084803 -0.9782311320939742 0
outer loop
vertex 73.142822265625 46.36296081542969 0
vertex 73.142822265625 46.36296081542969 -5.699999809265137
vertex 73.20417785644531 46.349945068359375 0
endloop
endfacet
facet normal -0.0007130731583780076 -0.9999997457625502 -0.0000012270648753611336
outer loop
vertex -46.72737121582031 46.44844055175781 -2.8499999046325684
vertex -77.55253601074219 46.47042465209961 -5.699999809265137
vertex 73.142822265625 46.36296081542969 0
endloop
endfacet
facet normal -0.0007171488722573621 -0.9999997428487144 0
outer loop
vertex 72.93537139892578 46.36310958862305 -2.8499999046325684
vertex 73.142822265625 46.36296081542969 -5.699999809265137
vertex 73.142822265625 46.36296081542969 0
endloop
endfacet
facet normal -0.7081291631723117 0.7060829188309838 0
outer loop
vertex 82.1482162475586 -44.635982513427734 -5.699999809265137
vertex 80.30538177490234 -46.48415756225586 -5.699999809265137
vertex 80.30538177490234 -46.48415756225586 0
endloop
endfacet
facet normal -0.9246893299613783 0.38072252764392234 0
outer loop
vertex 82.19374084472656 -44.525413513183594 -5.699999809265137
vertex 82.1482162475586 -44.635982513427734 -5.699999809265137
vertex 82.1482162475586 -44.635982513427734 0
endloop
endfacet
facet normal 0 1 0
outer loop
vertex 80.1949462890625 -46.52999496459961 -5.699999809265137
vertex 67.13516235351562 -46.52999496459961 -1.9500000476837158
vertex 75.13516235351562 -46.52999496459961 -1.9500000476837158
endloop
endfacet
facet normal 0 1 0
outer loop
vertex 80.1949462890625 -46.52999496459961 0
vertex 80.1949462890625 -46.52999496459961 -5.699999809265137
vertex 75.13516235351562 -46.52999496459961 -1.9500000476837158
endloop
endfacet
facet normal -0.38335097069013674 0.9236027464613398 0
outer loop
vertex 80.30538177490234 -46.48415756225586 0
vertex 80.30538177490234 -46.48415756225586 -5.699999809265137
vertex 80.1949462890625 -46.52999496459961 0
endloop
endfacet
facet normal -0.7081291631723117 0.7060829188309838 0
outer loop
vertex 82.1482162475586 -44.635982513427734 0
vertex 82.1482162475586 -44.635982513427734 -5.699999809265137
vertex 80.30538177490234 -46.48415756225586 0
endloop
endfacet
facet normal -0.9999956929630784 -0.0029349710888982076 0
outer loop
vertex 82.19374084472656 -44.525413513183594 -5.699999809265137
vertex 82.19374084472656 -44.525413513183594 0
vertex 82.19356536865234 -44.46562576293945 -1
endloop
endfacet
facet normal -0.9246893299613783 0.38072252764392234 0
outer loop
vertex 82.19374084472656 -44.525413513183594 0
vertex 82.19374084472656 -44.525413513183594 -5.699999809265137
vertex 82.1482162475586 -44.635982513427734 0
endloop
endfacet
facet normal 0 1 0
outer loop
vertex 80.1949462890625 -46.52999496459961 0
vertex 75.13516235351562 -46.52999496459961 -1.9500000476837158
vertex 75.13516235351562 -46.52999496459961 -0.44999998807907104
endloop
endfacet
facet normal 0 1 0
outer loop
vertex 80.1949462890625 -46.52999496459961 0
vertex 75.13516235351562 -46.52999496459961 -0.44999998807907104
vertex 75.13516235351562 -46.52999496459961 0
endloop
endfacet
facet normal -0.9999956929630783 -0.002934971088898207 0
outer loop
vertex 82.19356536865234 -44.46562576293945 0
vertex 82.19356536865234 -44.46562576293945 -1
vertex 82.19374084472656 -44.525413513183594 0
endloop
endfacet
facet normal -0.9999958160035277 -0.002892745261870801 -5.371508283564385e-7
outer loop
vertex 82.19356536865234 -44.46562576293945 -1
vertex 82.13860321044922 -25.46570587158203 -1
vertex 82.19374084472656 -44.525413513183594 -5.699999809265137
endloop
endfacet
facet normal -0.0007131195716581757 -0.9999997457283825 0.0000019097142541084684
outer loop
vertex -77.55253601074219 46.47042465209961 0
vertex -50.327369689941406 46.45100784301758 -1.0499999523162842
vertex 73.142822265625 46.36296081542969 0
endloop
endfacet
facet normal -0.0007131023327120287 -0.9999997457424992 0
outer loop
vertex -46.72737121582031 46.44844055175781 -1.0499999523162842
vertex -46.72737121582031 46.44844055175781 -2.8499999046325684
vertex 73.142822265625 46.36296081542969 0
endloop
endfacet
facet normal -0.0007131365819695295 -0.9999997457104315 0.000003909969572179872
outer loop
vertex 73.142822265625 46.36296081542969 0
vertex -50.327369689941406 46.45100784301758 -1.0499999523162842
vertex -46.72737121582031 46.44844055175781 -1.0499999523162842
endloop
endfacet
facet normal -0.20751831775084803 -0.9782311320939742 0
outer loop
vertex 73.142822265625 46.36296081542969 -5.699999809265137
vertex 73.20417785644531 46.349945068359375 -5.699999809265137
vertex 73.20417785644531 46.349945068359375 0
endloop
endfacet
facet normal -0.0007131365819749502 -0.9999997457180326 2.9205387763693707e-7
outer loop
vertex 69.33537292480469 46.36567687988281 -2.8499999046325684
vertex 73.142822265625 46.36296081542969 -5.699999809265137
vertex 72.93537139892578 46.36310958862305 -2.8499999046325684
endloop
endfacet
facet normal -1 0 0
outer loop
vertex 77.25003051757812 42.02434158325195 -5.699999809265137
vertex 77.25003051757812 28.7218074798584 -5.699999809265137
vertex 77.25003051757812 28.7218074798584 0
endloop
endfacet
facet normal -0.6367376342663532 -0.7710805308843478 0
outer loop
vertex 79.32942962646484 26.6458683013916 0
vertex 79.32942962646484 26.6458683013916 -5.699999809265137
vertex 79.36273193359375 26.61836814880371 0
endloop
endfacet
facet normal -0.7406007102585216 -0.671945375729734 0
outer loop
vertex 79.36273193359375 26.61836814880371 0
vertex 79.36273193359375 26.61836814880371 -5.699999809265137
vertex 81.53663635253906 24.222347259521484 0
endloop
endfacet
facet normal -0.8507412012107846 -0.5255848252779294 0
outer loop
vertex 81.53663635253906 24.222347259521484 0
vertex 81.53663635253906 24.222347259521484 -5.699999809265137
vertex 81.5656509399414 24.175382614135742 0
endloop
endfacet
facet normal -0.9323767570820998 -0.36148801204613557 0
outer loop
vertex 81.5656509399414 24.175382614135742 -5.699999809265137
vertex 81.98809814453125 23.08577537536621 0
vertex 81.5656509399414 24.175382614135742 0
endloop
endfacet
facet normal -0.9999958162830787 -0.002892648522594792 -9.294567446961347e-7
outer loop
vertex 81.99832153320312 23.031530380249023 -5.699999809265137
vertex 82.19374084472656 -44.525413513183594 -5.699999809265137
vertex 82.13860321044922 -25.46570587158203 -1
endloop
endfacet
facet normal 0.005694981041523104 0.9999837834639803 0
outer loop
vertex -63.383235931396484 5.9976911544799805 -5.699999809265137
vertex -77.90510559082031 6.080394268035889 -5.699999809265137
vertex -77.90510559082031 6.080394268035889 0
endloop
endfacet
facet normal -0.8717033765222847 -0.49003390021471804 0
outer loop
vertex 77.25003051757812 28.7218074798584 -5.699999809265137
vertex 77.94283294677734 27.48940658569336 0
vertex 77.25003051757812 28.7218074798584 0
endloop
endfacet
facet normal -0.5197324492610276 -0.8543290824882022 0
outer loop
vertex 77.94283294677734 27.48940658569336 0
vertex 77.94283294677734 27.48940658569336 -5.699999809265137
vertex 79.32942962646484 26.6458683013916 0
endloop
endfacet
facet normal -0.6367376342663532 -0.7710805308843478 0
outer loop
vertex 79.32942962646484 26.6458683013916 -5.699999809265137
vertex 79.36273193359375 26.61836814880371 -5.699999809265137
vertex 79.36273193359375 26.61836814880371 0
endloop
endfacet
facet normal -0.7406007102585216 -0.671945375729734 0
outer loop
vertex 79.36273193359375 26.61836814880371 -5.699999809265137
vertex 81.53663635253906 24.222347259521484 -5.699999809265137
vertex 81.53663635253906 24.222347259521484 0
endloop
endfacet
facet normal -0.8507412012107846 -0.5255848252779294 0
outer loop
vertex 81.53663635253906 24.222347259521484 -5.699999809265137
vertex 81.5656509399414 24.175382614135742 -5.699999809265137
vertex 81.5656509399414 24.175382614135742 0
endloop
endfacet
facet normal -0.9323767570820998 -0.36148801204613557 0
outer loop
vertex 81.5656509399414 24.175382614135742 -5.699999809265137
vertex 81.98809814453125 23.08577537536621 -5.699999809265137
vertex 81.98809814453125 23.08577537536621 0
endloop
endfacet
facet normal -0.5197324492610276 -0.8543290824882022 0
outer loop
vertex 77.94283294677734 27.48940658569336 -5.699999809265137
vertex 79.32942962646484 26.6458683013916 -5.699999809265137
vertex 79.32942962646484 26.6458683013916 0
endloop
endfacet
facet normal -0.8717033765222847 -0.49003390021471804 0
outer loop
vertex 77.25003051757812 28.7218074798584 -5.699999809265137
vertex 77.94283294677734 27.48940658569336 -5.699999809265137
vertex 77.94283294677734 27.48940658569336 0
endloop
endfacet
facet normal -0.9921629110188591 -0.12495102239911243 0
outer loop
vertex 81.98809814453125 23.08577537536621 -5.699999809265137
vertex 81.99840545654297 23.003931045532227 0
vertex 81.98809814453125 23.08577537536621 0
endloop
endfacet
facet normal -0.9999958196332941 -0.002891490262169859 0
outer loop
vertex 82.13860321044922 -25.46570587158203 -1
vertex 82.13860321044922 -25.46570587158203 0
vertex 82.12346649169922 -20.23080825805664 0
endloop
endfacet
facet normal -0.9999953768787543 -0.0030407599573369173 0
outer loop
vertex 81.99840545654297 23.003931045532227 0
vertex 81.99832153320312 23.031530380249023 -5.699999809265137
vertex 81.99840545654297 23.003931045532227 -1
endloop
endfacet
facet normal -0.9999958196332941 -0.002891490262169859 0
outer loop
vertex 82.13860321044922 -25.46570587158203 -1
vertex 82.12346649169922 -20.23080825805664 0
vertex 82.12346649169922 -20.23080825805664 -1
endloop
endfacet
facet normal -0.9999958195725497 -0.0028914902619942163 0.000011022224472202587
outer loop
vertex 81.99832153320312 23.031530380249023 -5.699999809265137
vertex 82.13860321044922 -25.46570587158203 -1
vertex 82.12346649169922 -20.23080825805664 -1
endloop
endfacet
facet normal -0.9826992605717848 -0.18520633040312118 -0.00088229829276163
outer loop
vertex 81.98809814453125 23.08577537536621 -5.699999809265137
vertex 81.99832153320312 23.031530380249023 -5.699999809265137
vertex 81.99840545654297 23.003931045532227 0
endloop
endfacet
facet normal -0.9999958171649902 -0.0028923436455480576 8.715379963866606e-7
outer loop
vertex 81.99832153320312 23.031530380249023 -5.699999809265137
vertex 82.05335998535156 4.0040106773376465 -1
vertex 81.99840545654297 23.003931045532227 -1
endloop
endfacet
facet normal -0.9999958154193227 -0.0028929472590751857 0
outer loop
vertex 82.05335998535156 4.0040106773376465 -1
vertex 82.0685043334961 -1.2308876514434814 0
vertex 82.05335998535156 4.0040106773376465 1.1259462060574625e-16
endloop
endfacet
facet normal 0.5866125768133057 0.8098676958148494 0
outer loop
vertex -79.17398071289062 6.632742881774902 0
vertex -79.17398071289062 6.632742881774902 -5.699999809265137
vertex -79.22447204589844 6.669315338134766 0
endloop
endfacet
facet normal 0.2111668973807303 0.9774500199245975 0
outer loop
vertex -77.90510559082031 6.080394268035889 -5.699999809265137
vertex -77.9660415649414 6.0935587882995605 0
vertex -77.90510559082031 6.080394268035889 0
endloop
endfacet
facet normal 0.4076039081445978 0.9131588328791712 0
outer loop
vertex -77.9660415649414 6.0935587882995605 0
vertex -77.9660415649414 6.0935587882995605 -5.699999809265137
vertex -79.17398071289062 6.632742881774902 0
endloop
endfacet
facet normal 0.9335225516382156 0.35851868233451245 0
outer loop
vertex -81.56925201416016 9.268919944763184 0
vertex -81.56925201416016 9.268919944763184 -5.699999809265137
vertex -81.991943359375 10.369537353515625 0
endloop
endfacet
facet normal 0.8515877443027206 0.5242120885227696 0
outer loop
vertex -81.5400619506836 9.221500396728516 0
vertex -81.5400619506836 9.221500396728516 -5.699999809265137
vertex -81.56925201416016 9.268919944763184 0
endloop
endfacet
facet normal 0.7406009871358396 0.6719450705626316 0
outer loop
vertex -79.22447204589844 6.669315338134766 0
vertex -79.22447204589844 6.669315338134766 -5.699999809265137
vertex -81.5400619506836 9.221500396728516 0
endloop
endfacet
facet normal 0.9835587777906305 0.1805882904038938 0
outer loop
vertex -81.991943359375 10.369537353515625 0
vertex -81.991943359375 10.369537353515625 -5.699999809265137
vertex -82.00199890136719 10.424304008483887 0
endloop
endfacet
facet normal 0.4076039081445978 0.9131588328791712 0
outer loop
vertex -77.9660415649414 6.0935587882995605 -5.699999809265137
vertex -79.17398071289062 6.632742881774902 -5.699999809265137
vertex -79.17398071289062 6.632742881774902 0
endloop
endfacet
facet normal 0.5866125768133057 0.8098676958148494 0
outer loop
vertex -79.17398071289062 6.632742881774902 -5.699999809265137
vertex -79.22447204589844 6.669315338134766 -5.699999809265137
vertex -79.22447204589844 6.669315338134766 0
endloop
endfacet
facet normal -0.9999958154193227 -0.0028929472590751857 0
outer loop
vertex 82.05335998535156 4.0040106773376465 -1
vertex 82.0685043334961 -1.2308876514434814 -1
vertex 82.0685043334961 -1.2308876514434814 0
endloop
endfacet
facet normal -0.999995815418087 -0.002892947259071611 -0.0000015721566472943667
outer loop
vertex 81.99832153320312 23.031530380249023 -5.699999809265137
vertex 82.0685043334961 -1.2308876514434814 -1
vertex 82.05335998535156 4.0040106773376465 -1
endloop
endfacet
facet normal -0.9999958160038472 -0.0028927451529737625 -5.288324043080435e-7
outer loop
vertex 81.99832153320312 23.031530380249023 -5.699999809265137
vertex 82.12346649169922 -20.23080825805664 -1
vertex 82.0685043334961 -1.2308876514434814 -1
endloop
endfacet
facet normal 0.2111668973807303 0.9774500199245975 0
outer loop
vertex -77.90510559082031 6.080394268035889 -5.699999809265137
vertex -77.9660415649414 6.0935587882995605 -5.699999809265137
vertex -77.9660415649414 6.0935587882995605 0
endloop
endfacet
facet normal -0.0007131195716594407 -0.9999997457301564 3.147787722577372e-7
outer loop
vertex 69.33537292480469 46.36567687988281 -2.8499999046325684
vertex -77.55253601074219 46.47042465209961 -5.699999809265137
vertex 73.142822265625 46.36296081542969 -5.699999809265137
endloop
endfacet
facet normal 0.9999939726948481 -0.00347196975435171 0
outer loop
vertex -82.00199890136719 10.424304008483887 0
vertex -82.00199890136719 10.424304008483887 -5.699999809265137
vertex -81.95716094970703 23.3384952545166 -1
endloop
endfacet
facet normal 0.8515877443027206 0.5242120885227696 0
outer loop
vertex -81.5400619506836 9.221500396728516 -5.699999809265137
vertex -81.56925201416016 9.268919944763184 -5.699999809265137
vertex -81.56925201416016 9.268919944763184 0
endloop
endfacet
facet normal 0.7406009871358396 0.6719450705626316 0
outer loop
vertex -79.22447204589844 6.669315338134766 -5.699999809265137
vertex -81.5400619506836 9.221500396728516 -5.699999809265137
vertex -81.5400619506836 9.221500396728516 0
endloop
endfacet
facet normal -0.0007131134641519132 -0.9999997457345612 0
outer loop
vertex -77.55253601074219 46.47042465209961 -5.699999809265137
vertex 69.33537292480469 46.36567687988281 -2.8499999046325684
vertex 69.33537292480469 46.36567687988281 -1.0499999523162842
endloop
endfacet
facet normal -0.9238793155427928 0.38268395617295053 0
outer loop
vertex -0.09705860167741776 -47.440059661865234 -5.699999809265137
vertex -0.42833802103996277 -48.239837646484375 0
vertex -0.09705860167741776 -47.440059661865234 0
endloop
endfacet
facet normal -0.8314776624018454 0.5555581850056417 0
outer loop
vertex -0.42833802103996277 -48.239837646484375 0
vertex -0.42833802103996277 -48.239837646484375 -5.699999809265137
vertex -0.46116936206817627 -48.28897476196289 0
endloop
endfacet
facet normal -0.7071067641045348 0.7071067982685598 0
outer loop
vertex -0.46116936206817627 -48.28897476196289 0
vertex -0.46116936206817627 -48.28897476196289 -5.699999809265137
vertex -2.928492784500122 -50.75629806518555 0
endloop
endfacet
facet normal -0.5555453092580663 0.8314862652872624 0
outer loop
vertex -2.928492784500122 -50.75629806518555 0
vertex -2.928492784500122 -50.75629806518555 -5.699999809265137
vertex -2.977628469467163 -50.789127349853516 0
endloop
endfacet
facet normal -0.38268489339373674 0.9238789273320528 0
outer loop
vertex -2.977628469467163 -50.789127349853516 0
vertex -2.977628469467163 -50.789127349853516 -5.699999809265137
vertex -4.134851455688477 -51.26846694946289 0
endloop
endfacet
facet normal -0.19507790796352512 0.9807877496301504 0
outer loop
vertex -4.134851455688477 -51.26846694946289 0
vertex -4.134851455688477 -51.26846694946289 -5.699999809265137
vertex -4.192810535430908 -51.27999496459961 0
endloop
endfacet
facet normal 1 0 0
outer loop
vertex -61.81247329711914 -14.458282470703125 -1
vertex -61.81247329711914 -47.024654388427734 -5.699999809265137
vertex -61.81247329711914 4.417953968048096 -5.699999809265137
endloop
endfacet
facet normal -0.9238793155427928 0.38268395617295053 0
outer loop
vertex -0.42833802103996277 -48.239837646484375 -5.699999809265137
vertex -0.42833802103996277 -48.239837646484375 0
vertex -0.09705860167741776 -47.440059661865234 -5.699999809265137
endloop
endfacet
facet normal -0.8314776624018454 0.5555581850056417 0
outer loop
vertex -0.42833802103996277 -48.239837646484375 -5.699999809265137
vertex -0.46116936206817627 -48.28897476196289 -5.699999809265137
vertex -0.46116936206817627 -48.28897476196289 0
endloop
endfacet
facet normal -0.7071067641045348 0.7071067982685598 0
outer loop
vertex -0.46116936206817627 -48.28897476196289 -5.699999809265137
vertex -2.928492784500122 -50.75629806518555 -5.699999809265137
vertex -2.928492784500122 -50.75629806518555 0
endloop
endfacet
facet normal 0.9835587777906305 0.1805882904038938 0
outer loop
vertex -81.991943359375 10.369537353515625 -5.699999809265137
vertex -82.00199890136719 10.424304008483887 -5.699999809265137
vertex -82.00199890136719 10.424304008483887 0
endloop
endfacet
facet normal -0.5555453092580663 0.8314862652872624 0
outer loop
vertex -2.928492784500122 -50.75629806518555 -5.699999809265137
vertex -2.977628469467163 -50.789127349853516 -5.699999809265137
vertex -2.977628469467163 -50.789127349853516 0
endloop
endfacet
facet normal -0.38268489339373674 0.9238789273320528 0
outer loop
vertex -2.977628469467163 -50.789127349853516 -5.699999809265137
vertex -4.134851455688477 -51.26846694946289 -5.699999809265137
vertex -4.134851455688477 -51.26846694946289 0
endloop
endfacet
facet normal 0 1 0
outer loop
vertex -4.192810535430908 -51.27999496459961 -5.699999809265137
vertex -44.527584075927734 -51.27999496459961 -0.44999998807907104
vertex -4.192810535430908 -51.27999496459961 0
endloop
endfacet
facet normal -0.5555704761497899 0.831469449848096 0
outer loop
vertex 1.2649486064910889 -46.52999496459961 -5.699999809265137
vertex -0.09705860167741776 -47.440059661865234 -5.699999809265137
vertex -0.09705860167741776 -47.440059661865234 0
endloop
endfacet
facet normal 0 0.8944271909999159 0.4472135954999579
outer loop
vertex 76.28997802734375 -36.22999572753906 10.5
vertex -19.289920806884766 -36.22999572753906 10.5
vertex 76.28997802734375 -36.72999572753906 11.5
endloop
endfacet
facet normal 0 0.8944271909999159 0.4472135954999579
outer loop
vertex -19.289920806884766 -36.72999572753906 11.5
vertex 76.28997802734375 -36.72999572753906 11.5
vertex -19.289920806884766 -36.22999572753906 10.5
endloop
endfacet
facet normal -0.07804326601463563 0.8916991639021621 0.44584958195108104
outer loop
vertex 76.37680053710938 -36.72239685058594 11.5
vertex 76.28997802734375 -36.22999572753906 10.5
vertex 76.28997802734375 -36.72999572753906 11.5
endloop
endfacet
facet normal -0.3783093080148497 0.8112336921867728 0.4458497102503736
outer loop
vertex 76.46099090576172 -36.6998405456543 11.5
vertex 76.53997802734375 -36.66300582885742 11.5
vertex 76.28997802734375 -36.22999572753906 10.5
endloop
endfacet
facet normal -0.5133840882278304 0.7332491296758298 0.4458503019894875
outer loop
vertex 76.53997802734375 -36.66300582885742 11.5
vertex 76.61137390136719 -36.61301803588867 11.5
vertex 76.28997802734375 -36.22999572753906 10.5
endloop
endfacet
facet normal -0.6329361160792808 0.6329361160792808 0.44585170844682276
outer loop
vertex 76.28997802734375 -36.22999572753906 10.5
vertex 76.61137390136719 -36.61301803588867 11.5
vertex 76.6421890258789 -36.58220291137695 11.5
endloop
endfacet
facet normal -0.23164766850782917 0.8646142472463707 0.44584925830764666
outer loop
vertex 76.46099090576172 -36.6998405456543 11.5
vertex 76.28997802734375 -36.22999572753906 10.5
vertex 76.37680053710938 -36.72239685058594 11.5
endloop
endfacet
facet normal -0.6329390601649392 0.6329331719763115 0.44585170845195654
outer loop
vertex 76.70002746582031 -35.819942474365234 10.5
vertex 76.28997802734375 -36.22999572753906 10.5
vertex 76.6421890258789 -36.58220291137695 11.5
endloop
endfacet
facet normal -0.6329354347285229 0.6329354347285229 0.4458536429480325
outer loop
vertex 76.70002746582031 -35.819942474365234 10.5
vertex 76.6421890258789 -36.58220291137695 11.5
vertex 77.05223846435547 -36.17215347290039 11.5
endloop
endfacet
facet normal -0.8916994025120991 0.0780398580819868 0.44584970125604956
outer loop
vertex 77.20002746582031 -35.819942474365234 11.5
vertex 76.70002746582031 -35.819942474365234 10.5
vertex 77.19242858886719 -35.906768798828125 11.5
endloop
endfacet
facet normal -0.7540135262139128 0.48952145518704515 0.43798669751262836
outer loop
vertex 76.70002746582031 -35.819942474365234 10.5
vertex 77.05223846435547 -36.17215347290039 11.5
vertex 77.16987609863281 -35.9909553527832 11.5
endloop
endfacet
facet normal -0.8646206107427029 0.23162069195300464 0.44585093309101265
outer loop
vertex 77.19242858886719 -35.906768798828125 11.5
vertex 76.70002746582031 -35.819942474365234 10.5
vertex 77.16987609863281 -35.9909553527832 11.5
endloop
endfacet
facet normal -0.894427190999916 0 0.447213595499958
outer loop
vertex 76.70002746582031 21.75995445251465 10.5
vertex 76.70002746582031 -35.819942474365234 10.5
vertex 77.20002746582031 -35.819942474365234 11.5
endloop
endfacet
facet normal -0.894427190999916 0 0.447213595499958
outer loop
vertex 76.70002746582031 21.75995445251465 10.5
vertex 77.20002746582031 -35.819942474365234 11.5
vertex 77.20002746582031 21.75995445251465 11.5
endloop
endfacet
facet normal -0.8916992832110381 -0.07804156201122066 0.44584964160551904
outer loop
vertex 77.19242858886719 21.846778869628906 11.5
vertex 76.70002746582031 21.75995445251465 10.5
vertex 77.20002746582031 21.75995445251465 11.5
endloop
endfacet
facet normal -0.7983967975648641 -0.42175512527862635 0.42975012267523516
outer loop
vertex 77.05223846435547 22.112163543701172 11.5
vertex 76.70002746582031 21.75995445251465 10.5
vertex 77.19242858886719 21.846778869628906 11.5
endloop
endfacet
facet normal -0.6345266762306216 -0.6303786739426844 0.447212057742166
outer loop
vertex 76.6435317993164 22.5235595703125 11.5
vertex 76.28997802734375 22.170005798339844 10.5
vertex 77.05223846435547 22.112163543701172 11.5
endloop
endfacet
facet normal -0.6329372474517123 -0.6329343033521359 0.44585267569949194
outer loop
vertex 76.28997802734375 22.170005798339844 10.5
vertex 76.70002746582031 21.75995445251465 10.5
vertex 77.05223846435547 22.112163543701172 11.5
endloop
endfacet
facet normal -0.07802379610957792 -0.8917005269666048 0.4458502634833024
outer loop
vertex 76.28997802734375 22.670005798339844 11.5
vertex 76.28997802734375 22.170005798339844 10.5
vertex 76.37680053710938 22.66240882873535 11.5
endloop
endfacet
facet normal -0.23164749818660255 -0.8646136115302415 0.44585057961218416
outer loop
vertex 76.37680053710938 22.66240882873535 11.5
vertex 76.28997802734375 22.170005798339844 10.5
vertex 76.46099090576172 22.63985252380371 11.5
endloop
endfacet
facet normal -0.4828470681107837 -0.7579077890550335 0.438673559844369
outer loop
vertex 76.46099090576172 22.63985252380371 11.5
vertex 76.28997802734375 22.170005798339844 10.5
vertex 76.6435317993164 22.5235595703125 11.5
endloop
endfacet
facet normal 5.026001298039043e-7 -0.8944277796537853 0.4472124181899998
outer loop
vertex 73.42160034179688 22.47000503540039 11.100000381469727
vertex 73.36193084716797 22.170005798339844 10.5
vertex 76.28997802734375 22.670005798339844 11.5
endloop
endfacet
facet normal 0 -0.894426338006049 0.4472153014836244
outer loop
vertex 73.50444030761719 22.670005798339844 11.5
vertex 73.42160034179688 22.47000503540039 11.100000381469727
vertex 76.28997802734375 22.670005798339844 11.5
endloop
endfacet
facet normal 0 -0.8944271909999159 0.4472135954999579
outer loop
vertex 76.28997802734375 22.670005798339844 11.5
vertex 73.36193084716797 22.170005798339844 10.5
vertex 76.28997802734375 22.170005798339844 10.5
endloop
endfacet
facet normal -0.34226425811966477 -0.8263512754401361 0.44721219481612484
outer loop
vertex 73.42160034179688 22.47000503540039 11.100000381469727
vertex 73.25166320800781 22.21567726135254 10.5
vertex 73.36193084716797 22.170005798339844 10.5
endloop
endfacet
facet normal -0.632454970633693 -0.6324574232686835 0.4472117148209245
outer loop
vertex 71.99569702148438 23.471641540527344 10.5
vertex 73.42160034179688 22.47000503540039 11.100000381469727
vertex 73.50444030761719 22.670005798339844 11.5
endloop
endfacet
facet normal -0.6324563776784456 -0.6324507093707521 0.44721921979079954
outer loop
vertex 73.50444030761719 22.670005798339844 11.5
vertex 72.25003051757812 23.641578674316406 11.100000381469727
vertex 71.99569702148438 23.471641540527344 10.5
endloop
endfacet
facet normal -0.6324548629376564 -0.6324558234043975 0.44721412968328245
outer loop
vertex 71.99569702148438 23.471641540527344 10.5
vertex 73.25166320800781 22.21567726135254 10.5
vertex 73.42160034179688 22.47000503540039 11.100000381469727
endloop
endfacet
facet normal -0.6324576761802708 -0.6324565321169078 0.4472091488591285
outer loop
vertex 72.25003051757812 23.641578674316406 11.100000381469727
vertex 73.50444030761719 22.670005798339844 11.5
vertex 72.45002746582031 23.72442054748535 11.5
endloop
endfacet
facet normal -0.8263579140072326 -0.3422423594974634 0.4472166872146256
outer loop
vertex 71.9813461303711 23.50629234313965 10.5
vertex 71.99569702148438 23.471641540527344 10.5
vertex 72.25003051757812 23.641578674316406 11.100000381469727
endloop
endfacet
facet normal -0.8263460632008902 -0.34226981706123694 0.4472175713914401
outer loop
vertex 71.95002746582031 23.581905364990234 10.5
vertex 71.9813461303711 23.50629234313965 10.5
vertex 72.25003051757812 23.641578674316406 11.100000381469727
endloop
endfacet
facet normal -0.8944271909999159 0 0.4472135954999579
outer loop
vertex 71.95002746582031 40.75995635986328 10.5
vertex 72.45002746582031 23.72442054748535 11.5
vertex 72.45002746582031 40.75995635986328 11.5
endloop
endfacet
facet normal -0.8944297192354466 -3.7102588275565477e-7 0.4472085389930103
outer loop
vertex 71.95002746582031 40.75995635986328 10.5
vertex 72.25003051757812 23.641578674316406 11.100000381469727
vertex 72.45002746582031 23.72442054748535 11.5
endloop
endfacet
facet normal -0.8944254850132668 0 0.4472170074569868
outer loop
vertex 71.95002746582031 40.75995635986328 10.5
vertex 71.95002746582031 23.581905364990234 10.5
vertex 72.25003051757812 23.641578674316406 11.100000381469727
endloop
endfacet
facet normal -0.8646209513488825 -0.231620783197 0.44585022516509043
outer loop
vertex 72.41987609863281 40.930965423583984 11.5
vertex 71.95002746582031 40.75995635986328 10.5
vertex 72.44242858886719 40.846778869628906 11.5
endloop
endfacet
facet normal -0.8112398317143498 -0.3782939013393423 0.44585161169332277
outer loop
vertex 72.41987609863281 40.930965423583984 11.5
vertex 72.38304138183594 41.00995635986328 11.5
vertex 71.95002746582031 40.75995635986328 10.5
endloop
endfacet
facet normal -0.8916991639021621 -0.07804326601463563 0.44584958195108104
outer loop
vertex 72.44242858886719 40.846778869628906 11.5
vertex 71.95002746582031 40.75995635986328 10.5
vertex 72.45002746582031 40.75995635986328 11.5
endloop
endfacet
facet normal -0.6329361160792808 -0.6329361160792808 0.44585170844682276
outer loop
vertex 71.95002746582031 40.75995635986328 10.5
vertex 72.33305358886719 41.08134841918945 11.5
vertex 72.30223846435547 41.11216354370117 11.5
endloop
endfacet
facet normal -0.7332356469736245 -0.5134020795053367 0.44585175873463373
outer loop
vertex 72.33305358886719 41.08134841918945 11.5
vertex 71.95002746582031 40.75995635986328 10.5
vertex 72.38304138183594 41.00995635986328 11.5
endloop
endfacet
facet normal -0.6329361160792807 -0.6329361160792807 0.4458517084468227
outer loop
vertex 71.8921890258789 41.522212982177734 11.5
vertex 71.95002746582031 40.75995635986328 10.5
vertex 72.30223846435547 41.11216354370117 11.5
endloop
endfacet
facet normal -0.6329361160792807 -0.6329361160792807 0.4458517084468227
outer loop
vertex 71.53997802734375 41.170005798339844 10.5
vertex 71.95002746582031 40.75995635986328 10.5
vertex 71.8921890258789 41.522212982177734 11.5
endloop
endfacet
facet normal -0.23168404975613088 -0.8646038177405831 0.44585057972038933
outer loop
vertex 71.62680053710938 41.662410736083984 11.5
vertex 71.53997802734375 41.170005798339844 10.5
vertex 71.71099090576172 41.63985061645508 11.5
endloop
endfacet
facet normal -0.0780043261152452 -0.8917018896951184 0.4458509448475592
outer loop
vertex 71.53997802734375 41.670005798339844 11.5
vertex 71.53997802734375 41.170005798339844 10.5
vertex 71.62680053710938 41.662410736083984 11.5
endloop
endfacet
facet normal -0.48952207188322894 -0.7540144761156163 0.43798437294867426
outer loop
vertex 71.53997802734375 41.170005798339844 10.5
vertex 71.8921890258789 41.522212982177734 11.5
vertex 71.71099090576172 41.63985061645508 11.5
endloop
endfacet
facet normal 0 -0.8944271909999159 0.4472135954999579
outer loop
vertex 71.53997802734375 41.670005798339844 11.5
vertex -76.28992462158203 41.170005798339844 10.5
vertex 71.53997802734375 41.170005798339844 10.5
endloop
endfacet
facet normal 0 -0.8944271909999159 0.4472135954999579
outer loop
vertex -76.28992462158203 41.670005798339844 11.5
vertex -76.28992462158203 41.170005798339844 10.5
vertex 71.53997802734375 41.670005798339844 11.5
endloop
endfacet
facet normal 0.42177811627086464 -0.7983853937943924 0.4297487447460131
outer loop
vertex -76.64212799072266 41.522212982177734 11.5
vertex -76.28992462158203 41.170005798339844 10.5
vertex -76.37674713134766 41.662410736083984 11.5
endloop
endfacet
facet normal 0.0780043261152452 -0.8917018896951184 0.4458509448475592
outer loop
vertex -76.37674713134766 41.662410736083984 11.5
vertex -76.28992462158203 41.170005798339844 10.5
vertex -76.28992462158203 41.670005798339844 11.5
endloop
endfacet
facet normal 0.6329374787763283 -0.6329374787763283 0.4458478394256609
outer loop
vertex -77.05217742919922 41.11216354370117 11.5
vertex -76.28992462158203 41.170005798339844 10.5
vertex -76.64212799072266 41.522212982177734 11.5
endloop
endfacet
facet normal 0.6329374787763283 -0.6329374787763283 0.4458478394256609
outer loop
vertex -76.6999740600586 40.75995635986328 10.5
vertex -76.28992462158203 41.170005798339844 10.5
vertex -77.05217742919922 41.11216354370117 11.5
endloop
endfacet
facet normal 0.8916991639021621 -0.07804326601463563 0.44584958195108104
outer loop
vertex -77.19237518310547 40.846778869628906 11.5
vertex -77.1999740600586 40.75995635986328 11.5
vertex -76.6999740600586 40.75995635986328 10.5
endloop
endfacet
facet normal 0.7540160427077185 -0.48952308894780255 0.4379805392096706
outer loop
vertex -77.16981506347656 40.930965423583984 11.5
vertex -76.6999740600586 40.75995635986328 10.5
vertex -77.05217742919922 41.11216354370117 11.5
endloop
endfacet
facet normal 0.8646026347978819 -0.23169423092096034 0.4458475829905382
outer loop
vertex -77.19237518310547 40.846778869628906 11.5
vertex -76.6999740600586 40.75995635986328 10.5
vertex -77.16981506347656 40.930965423583984 11.5
endloop
endfacet
facet normal 0.8944271909999157 0 0.44721359549995787
outer loop
vertex -77.1999740600586 40.75995635986328 11.5
vertex -76.6999740600586 11.680055618286133 10.5
vertex -76.6999740600586 40.75995635986328 10.5
endloop
endfacet
facet normal 0.8944271909999157 0 0.44721359549995787
outer loop
vertex -77.1999740600586 11.680055618286133 11.5
vertex -76.6999740600586 11.680055618286133 10.5
vertex -77.1999740600586 40.75995635986328 11.5
endloop
endfacet
facet normal 0.7983885229234734 0.42177370660040386 0.42974725931020274
outer loop
vertex -77.05217742919922 11.327847480773926 11.5
vertex -76.6999740600586 11.680055618286133 10.5
vertex -77.19237518310547 11.593232154846191 11.5
endloop
endfacet
facet normal 0.891699223557577 0.0780424140036552 0.4458496117787885
outer loop
vertex -77.1999740600586 11.680055618286133 11.5
vertex -77.19237518310547 11.593232154846191 11.5
vertex -76.6999740600586 11.680055618286133 10.5
endloop
endfacet
facet normal 0.6329380444677034 0.6329365724126379 0.4458483230516192
outer loop
vertex -77.05217742919922 11.327847480773926 11.5
vertex -76.64212799072266 10.917797088623047 11.5
vertex -76.28992462158203 11.270005226135254 10.5
endloop
endfacet
facet normal 0.6329380444677034 0.6329365724126379 0.4458483230516192
outer loop
vertex -76.28992462158203 11.270005226135254 10.5
vertex -76.6999740600586 11.680055618286133 10.5
vertex -77.05217742919922 11.327847480773926 11.5
endloop
endfacet
facet normal 0.0780140611235696 0.8917012083728532 0.4458506041864266
outer loop
vertex -76.28992462158203 10.770005226135254 11.5
vertex -76.28992462158203 11.270005226135254 10.5
vertex -76.37674713134766 10.77760124206543 11.5
endloop
endfacet
facet normal 0.23168545448758449 0.8646038064821197 0.44584987158853256
outer loop
vertex -76.37674713134766 10.77760124206543 11.5
vertex -76.28992462158203 11.270005226135254 10.5
vertex -76.46092987060547 10.800159454345703 11.5
endloop
endfacet
facet normal 0.4895227184516281 0.7540154720297144 0.43798193576851435
outer loop
vertex -76.46092987060547 10.800159454345703 11.5
vertex -76.28992462158203 11.270005226135254 10.5
vertex -76.64212799072266 10.917797088623047 11.5
endloop
endfacet
facet normal 0 0.894427190999916 0.447213595499958
outer loop
vertex -40.11186981201172 11.270005226135254 10.5
vertex -76.28992462158203 10.770005226135254 11.5
vertex -40.25438690185547 10.770005226135254 11.5
endloop
endfacet
facet normal 0 0.894427190999916 0.447213595499958
outer loop
vertex -40.17154312133789 10.97000503540039 11.100000381469727
vertex -40.11186981201172 11.270005226135254 10.5
vertex -40.25438690185547 10.770005226135254 11.5
endloop
endfacet
facet normal 0 0.894427190999916 0.447213595499958
outer loop
vertex -40.11186981201172 11.270005226135254 10.5
vertex -76.28992462158203 11.270005226135254 10.5
vertex -76.28992462158203 10.770005226135254 11.5
endloop
endfacet
facet normal 0.3423169950598735 0.8263278894768005 0.4472150421955808
outer loop
vertex -40.17154312133789 10.97000503540039 11.100000381469727
vertex -40.001609802246094 11.224332809448242 10.5
vertex -40.036258697509766 11.238686561584473 10.5
endloop
endfacet
facet normal 0.3422779112919041 0.8263447600142304 0.44721378449090277
outer loop
vertex -40.036258697509766 11.238686561584473 10.5
vertex -40.11186981201172 11.270005226135254 10.5
vertex -40.17154312133789 10.97000503540039 11.100000381469727
endloop
endfacet
facet normal 0.6324560002568267 0.632456960725295 0.44721091284679004
outer loop
vertex -38.745643615722656 9.968368530273438 10.5
vertex -40.001609802246094 11.224332809448242 10.5
vertex -40.17154312133789 10.97000503540039 11.100000381469727
endloop
endfacet
facet normal 0.6324564627200382 0.6324570347501048 0.44721015413199344
outer loop
vertex -40.25438690185547 10.770005226135254 11.5
vertex -39.19997024536133 9.71558952331543 11.5
vertex -38.99997329711914 9.798432350158691 11.100000381469727
endloop
endfacet
facet normal 0.6324558236744289 0.632454337552963 0.44721487230496126
outer loop
vertex -40.25438690185547 10.770005226135254 11.5
vertex -38.745643615722656 9.968368530273438 10.5
vertex -40.17154312133789 10.97000503540039 11.100000381469727
endloop
endfacet
facet normal 0.6324558418735087 0.6324542507137947 0.4472149693761648
outer loop
vertex -38.99997329711914 9.798432350158691 11.100000381469727
vertex -38.745643615722656 9.968368530273438 10.5
vertex -40.25438690185547 10.770005226135254 11.5
endloop
endfacet
facet normal 0.8263380837729661 0.3422908501103193 0.4472162175471474
outer loop
vertex -38.99997329711914 9.798432350158691 11.100000381469727
vertex -38.69997024536133 9.85810661315918 10.5
vertex -38.745643615722656 9.968368530273438 10.5
endloop
endfacet
facet normal 0.8944271909999159 0 0.4472135954999579
outer loop
vertex -39.19997024536133 9.71558952331543 11.5
vertex -39.19997024536133 2.180055856704712 11.5
vertex -38.69997024536133 2.180055856704712 10.5
endloop
endfacet
facet normal 0.894429681521913 8.262640320222776e-7 0.4472086144205257
outer loop
vertex -39.19997024536133 9.71558952331543 11.5
vertex -38.69997024536133 2.180055856704712 10.5
vertex -38.99997329711914 9.798432350158691 11.100000381469727
endloop
endfacet
facet normal 0.8944254850132668 0 0.4472170074569868
outer loop
vertex -38.69997024536133 2.180055856704712 10.5
vertex -38.69997024536133 9.85810661315918 10.5
vertex -38.99997329711914 9.798432350158691 11.100000381469727
endloop
endfacet
facet normal 0.6329653511312893 0.6329065817941164 0.44585213130468626
outer loop
vertex -38.69997024536133 2.180055856704712 10.5
vertex -39.08299255371094 1.8586620092391968 11.5
vertex -39.052181243896484 1.8278478384017944 11.5
endloop
endfacet
facet normal 0.733223588191131 0.5134199549901614 0.44585100598520994
outer loop
vertex -39.08299255371094 1.8586620092391968 11.5
vertex -38.69997024536133 2.180055856704712 10.5
vertex -39.13298416137695 1.930055856704712 11.5
endloop
endfacet
facet normal 0.8112380170853483 0.3782976224166575 0.4458517562030415
outer loop
vertex -39.13298416137695 1.930055856704712 11.5
vertex -38.69997024536133 2.180055856704712 10.5
vertex -39.16981887817383 2.0090458393096924 11.5
endloop
endfacet
facet normal 0.864609913042185 0.23165897194597307 0.4458517903811983
outer loop
vertex -39.16981887817383 2.0090458393096924 11.5
vertex -38.69997024536133 2.180055856704712 10.5
vertex -39.19237518310547 2.093231678009033 11.5
endloop
endfacet
facet normal 0.8917019939869799 0.07800283584303144 0.44585099699348996
outer loop
vertex -39.19997024536133 2.180055856704712 11.5
vertex -39.19237518310547 2.093231678009033 11.5
vertex -38.69997024536133 2.180055856704712 10.5
endloop
endfacet
facet normal 0.6329367950618985 0.6329351390037002 0.4458521316211677
outer loop
vertex -38.289920806884766 1.7700053453445435 10.5
vertex -38.69997024536133 2.180055856704712 10.5
vertex -39.052181243896484 1.8278478384017944 11.5
endloop
endfacet
facet normal 0.6345266488135037 0.6303788293682341 0.44721187755899267
outer loop
vertex -38.64347457885742 1.4164519309997559 11.5
vertex -38.289920806884766 1.7700053453445435 10.5
vertex -39.052181243896484 1.8278478384017944 11.5
endloop
endfacet
facet normal 0.07801187127258127 0.891701361641015 0.4458506808205075
outer loop
vertex -38.289920806884766 1.2700053453445435 11.5
vertex -38.289920806884766 1.7700053453445435 10.5
vertex -38.376747131347656 1.2776014804840088 11.5
endloop
endfacet
facet normal 0.23167848795564658 0.8646052229110518 0.4458507449063149
outer loop
vertex -38.376747131347656 1.2776014804840088 11.5
vertex -38.289920806884766 1.7700053453445435 10.5
vertex -38.46092987060547 1.300158977508545 11.5
endloop
endfacet
facet normal 0.4828401433158273 0.757912757805917 0.4386725972268847
outer loop
vertex -38.46092987060547 1.300158977508545 11.5
vertex -38.289920806884766 1.7700053453445435 10.5
vertex -38.64347457885742 1.4164519309997559 11.5
endloop
endfacet
facet normal -1.0405225493072174e-8 0.8944272624964942 0.4472134525067728
outer loop
vertex -21.11187171936035 1.7700053453445435 10.5
vertex -38.289920806884766 1.2700053453445435 11.5
vertex -21.171545028686523 1.4700052738189697 11.100000381469727
endloop
endfacet
facet normal 0 0.8944270843757715 0.4472138087481832
outer loop
vertex -21.171545028686523 1.4700052738189697 11.100000381469727
vertex -38.289920806884766 1.2700053453445435 11.5
vertex -21.25438690185547 1.2700053453445435 11.5
endloop
endfacet
facet normal 0 0.8944271909999159 0.4472135954999579
outer loop
vertex -21.11187171936035 1.7700053453445435 10.5
vertex -38.289920806884766 1.7700053453445435 10.5
vertex -38.289920806884766 1.2700053453445435 11.5
endloop
endfacet
facet normal 0.3422794485332788 0.8263442636915215 0.44721352503683465
outer loop
vertex -21.00160789489746 1.7243330478668213 10.5
vertex -21.11187171936035 1.7700053453445435 10.5
vertex -21.171545028686523 1.4700052738189697 11.100000381469727
endloop
endfacet
facet normal 0.6324555041537351 0.6324557083285002 0.44721338560953194
outer loop
vertex -19.999971389770508 0.29843246936798096 11.100000381469727
vertex -19.745643615722656 0.468368798494339 10.5
vertex -21.25438690185547 1.2700053453445435 11.5
endloop
endfacet
facet normal 0.6324552993342593 0.6324547898708679 0.44721497416053585
outer loop
vertex -20.19997215270996 0.2155897468328476 11.5
vertex -19.999971389770508 0.29843246936798096 11.100000381469727
vertex -21.25438690185547 1.2700053453445435 11.5
endloop
endfacet
facet normal 0.6324553544737195 0.6324553694810243 0.4472140764914973
outer loop
vertex -21.171545028686523 1.4700052738189697 11.100000381469727
vertex -19.745643615722656 0.468368798494339 10.5
vertex -21.00160789489746 1.7243330478668213 10.5
endloop
endfacet
facet normal 0.6324554081278901 0.6324561665213944 0.44721287342701366
outer loop
vertex -19.745643615722656 0.468368798494339 10.5
vertex -21.171545028686523 1.4700052738189697 11.100000381469727
vertex -21.25438690185547 1.2700053453445435 11.5
endloop
endfacet
facet normal 0.8263454235359248 0.3422773736223098 0.4472129699678296
outer loop
vertex -19.745643615722656 0.468368798494339 10.5
vertex -19.999971389770508 0.29843246936798096 11.100000381469727
vertex -19.731290817260742 0.4337174594402313 10.5
endloop
endfacet
facet normal 0.826345422419936 0.34227737620784343 0.44721297005106186
outer loop
vertex -19.999971389770508 0.29843246936798096 11.100000381469727
vertex -19.69997215270996 0.35810616612434387 10.5
vertex -19.731290817260742 0.4337174594402313 10.5
endloop
endfacet
facet normal 0.8944271909999159 0 0.4472135954999579
outer loop
vertex -20.19997215270996 -35.819942474365234 11.5
vertex -19.69997215270996 -35.819942474365234 10.5
vertex -20.19997215270996 0.2155897468328476 11.5
endloop
endfacet
facet normal 0.8944263428804488 -5.883899895523595e-8 0.4472152917348671
outer loop
vertex -20.19997215270996 0.2155897468328476 11.5
vertex -19.69997215270996 -35.819942474365234 10.5
vertex -19.999971389770508 0.29843246936798096 11.100000381469727
endloop
endfacet
facet normal 0.8944277596606861 0 0.4472124581766098
outer loop
vertex -19.69997215270996 -35.819942474365234 10.5
vertex -19.69997215270996 0.35810616612434387 10.5
vertex -19.999971389770508 0.29843246936798096 11.100000381469727
endloop
endfacet
facet normal 0.8917007654578665 0.07802038901671021 0.44585038272893324
outer loop
vertex -20.19997215270996 -35.819942474365234 11.5
vertex -20.19237518310547 -35.906768798828125 11.5
vertex -19.69997215270996 -35.819942474365234 10.5
endloop
endfacet
facet normal 0.798389689588763 0.4217685848139462 0.4297501185833456
outer loop
vertex -20.19237518310547 -35.906768798828125 11.5
vertex -20.05217933654785 -36.17215347290039 11.5
vertex -19.69997215270996 -35.819942474365234 10.5
endloop
endfacet
facet normal 0.6329361160792807 0.6329361160792807 0.4458517084468227
outer loop
vertex -19.64212989807129 -36.58220291137695 11.5
vertex -19.69997215270996 -35.819942474365234 10.5
vertex -20.05217933654785 -36.17215347290039 11.5
endloop
endfacet
facet normal 0.6329379287964629 0.6329349847074116 0.4458507411951585
outer loop
vertex -19.289920806884766 -36.22999572753906 10.5
vertex -19.69997215270996 -35.819942474365234 10.5
vertex -19.64212989807129 -36.58220291137695 11.5
endloop
endfacet
facet normal 0.23165746197777948 0.8646116232686648 0.44584925840326123
outer loop
vertex -19.376745223999023 -36.72239685058594 11.5
vertex -19.289920806884766 -36.22999572753906 10.5
vertex -19.4609317779541 -36.6998405456543 11.5
endloop
endfacet
facet normal 0.07804156201122066 0.8916992832110381 0.44584964160551904
outer loop
vertex -19.289920806884766 -36.72999572753906 11.5
vertex -19.289920806884766 -36.22999572753906 10.5
vertex -19.376745223999023 -36.72239685058594 11.5
endloop
endfacet
facet normal 0.4895222720689322 0.754014784463139 0.4379836183688569
outer loop
vertex -19.4609317779541 -36.6998405456543 11.5
vertex -19.289920806884766 -36.22999572753906 10.5
vertex -19.64212989807129 -36.58220291137695 11.5
endloop
endfacet
facet normal 0 -0.8660252735598842 0.5000002255554769
outer loop
vertex -57.48786163330078 -52.62529373168945 11.5
vertex -57.718894958496094 -53.77999496459961 9.5
vertex -4.024872779846191 -53.77999496459961 9.5
endloop
endfacet
facet normal 0 -0.8660252735598842 0.5000002255554769
outer loop
vertex -57.48786163330078 -52.62529373168945 11.5
vertex -4.024872779846191 -53.77999496459961 9.5
vertex -4.218578338623047 -52.62529373168945 11.5
endloop
endfacet
facet normal 0.2826052906900714 -0.8186171442803737 0.5000002207641774
outer loop
vertex -4.218578338623047 -52.62529373168945 11.5
vertex -4.024872779846191 -53.77999496459961 9.5
vertex -2.5443108081817627 -52.047298431396484 11.5
endloop
endfacet
facet normal 0.2826053221237967 -0.818617146478473 0.5000001993987078
outer loop
vertex -4.024872779846191 -53.77999496459961 9.5
vertex -1.9151487350463867 -53.05167007446289 9.5
vertex -2.5443108081817627 -52.047298431396484 11.5
endloop
endfacet
facet normal 0.6126667576220786 -0.6120141186047956 0.5000781566247864
outer loop
vertex -2.5443108081817627 -52.047298431396484 11.5
vertex -1.9151487350463867 -53.05167007446289 9.5
vertex 0.8995684385299683 -48.59974670410156 11.5
endloop
endfacet
facet normal 0.6138327580181199 -0.6120746535040635 0.49857192432160574
outer loop
vertex 0.8995684385299683 -48.59974670410156 11.5
vertex -1.9151487350463867 -53.05167007446289 9.5
vertex 1.7141246795654297 -49.41197204589844 9.5
endloop
endfacet
facet normal 0.36634637902658407 -0.7856317878990056 0.49857098232520747
outer loop
vertex 1.1367744207382202 -48.41197204589844 11.5
vertex 1.7141246795654297 -49.41197204589844 9.5
vertex 1.2727530002593994 -48.34856414794922 11.5
endloop
endfacet
facet normal 0.49720374529431505 -0.7100812663906542 0.49857098871309247
outer loop
vertex 1.1367744207382202 -48.41197204589844 11.5
vertex 0.9718974232673645 -48.52742004394531 11.5
vertex 1.7141246795654297 -49.41197204589844 9.5
endloop
endfacet
facet normal 0.6129446459163832 -0.6129643459766999 0.49857153108034197
outer loop
vertex 0.8995684385299683 -48.59974670410156 11.5
vertex 1.7141246795654297 -49.41197204589844 9.5
vertex 0.9718974232673645 -48.52742004394531 11.5
endloop
endfacet
facet normal 0.3322278553862393 -0.8004419655046984 0.49891613720587885
outer loop
vertex 2.193056583404541 -47.96658706665039 11.5
vertex 1.2727530002593994 -48.34856414794922 11.5
vertex 1.7141246795654297 -49.41197204589844 9.5
endloop
endfacet
facet normal 0.3322278553862393 -0.8004419655046984 0.49891613720587885
outer loop
vertex 2.193056583404541 -47.96658706665039 11.5
vertex 1.7141246795654297 -49.41197204589844 9.5
vertex 2.6344282627105713 -49.02999496459961 9.5
endloop
endfacet
facet normal 0.0755564712325282 -0.8635497614343283 0.4985709871037451
outer loop
vertex 2.6344282627105713 -47.87529373168945 11.5
vertex 2.4339168071746826 -47.89283752441406 11.5
vertex 2.6344282627105713 -49.02999496459961 9.5
endloop
endfacet
facet normal 0.22435294386405769 -0.8373128363252476 0.498570928459031
outer loop
vertex 2.4339168071746826 -47.89283752441406 11.5
vertex 2.239497423171997 -47.94493103027344 11.5
vertex 2.6344282627105713 -49.02999496459961 9.5
endloop
endfacet
facet normal 0.3663505932654921 -0.7856298772503678 0.49857089644863356
outer loop
vertex 2.193056583404541 -47.96658706665039 11.5
vertex 2.6344282627105713 -49.02999496459961 9.5
vertex 2.239497423171997 -47.94493103027344 11.5
endloop
endfacet
facet normal 0 -0.8660252735598842 0.5000002255554769
outer loop
vertex 2.6344282627105713 -47.87529373168945 11.5
vertex 2.6344282627105713 -49.02999496459961 9.5
vertex 80.3423080444336 -47.87529373168945 11.5
endloop
endfacet
facet normal 0 -0.8660252735598842 0.5000002255554769
outer loop
vertex 80.3423080444336 -47.87529373168945 11.5
vertex 2.6344282627105713 -49.02999496459961 9.5
vertex 80.53886413574219 -49.02999496459961 9.5
endloop
endfacet
facet normal 0.28653041230820037 -0.8172519722075935 0.49999953674507686
outer loop
vertex 81.4547119140625 -48.70889663696289 9.5
vertex 80.84183502197266 -47.70016098022461 11.5
vertex 80.53886413574219 -49.02999496459961 9.5
endloop
endfacet
facet normal 0.2865264917636386 -0.8172526909924841 0.5000006085827945
outer loop
vertex 80.3423080444336 -47.87529373168945 11.5
vertex 80.53886413574219 -49.02999496459961 9.5
vertex 80.84183502197266 -47.70016098022461 11.5
endloop
endfacet
facet normal 0.5932989800077302 -0.6308695549902165 0.49999992490822764
outer loop
vertex 80.84183502197266 -47.70016098022461 11.5
vertex 81.4547119140625 -48.70889663696289 9.5
vertex 83.20193481445312 -45.480613708496094 11.5
endloop
endfacet
facet normal 0.5932988212881282 -0.6308695722639053 0.5000000914496666
outer loop
vertex 83.20193481445312 -45.480613708496094 11.5
vertex 81.4547119140625 -48.70889663696289 9.5
vertex 84.14910125732422 -46.17496871948242 9.5
endloop
endfacet
facet normal 0.7801493964394319 -0.37598764337510887 0.5000002112643771
outer loop
vertex 84.14910125732422 -46.17496871948242 9.5
vertex 84.5828857421875 -45.27489471435547 9.5
vertex 83.4278564453125 -45.0118408203125 11.5
endloop
endfacet
facet normal 0.7801496067746875 -0.3759873403937315 0.5000001109129365
outer loop
vertex 83.20193481445312 -45.480613708496094 11.5
vertex 84.14910125732422 -46.17496871948242 9.5
vertex 83.4278564453125 -45.0118408203125 11.5
endloop
endfacet
facet normal 0.8660250516140281 0.0010755942271043135 0.4999994530736794
outer loop
vertex 83.34336853027344 23.01166343688965 11.5
vertex 84.5422592163086 -12.569098472595215 9.5
vertex 84.49784088134766 23.194751739501953 9.5
endloop
endfacet
facet normal 0.8660245212226474 0.001075637119401371 0.5000003716457336
outer loop
vertex 83.4278564453125 -45.0118408203125 11.5
vertex 84.5828857421875 -45.27489471435547 9.5
vertex 83.34336853027344 23.01166343688965 11.5
endloop
endfacet
facet normal 0.8660263289071286 0.0010757616418534265 0.499997240368916
outer loop
vertex 83.34336853027344 23.01166343688965 11.5
vertex 84.5828857421875 -45.27489471435547 9.5
vertex 84.5422592163086 -12.569098472595215 9.5
endloop
endfacet
facet normal 0.8238631404853574 0.2669115747956737 0.5000077369298377
outer loop
vertex 84.49784088134766 23.194751739501953 9.5
vertex 84.40607452392578 23.478002548217773 9.5
vertex 82.82263946533203 24.618898391723633 11.5
endloop
endfacet
facet normal 0.8238633104380567 0.2669228966520452 0.5000014129549314
outer loop
vertex 82.82263946533203 24.618898391723633 11.5
vertex 84.40607452392578 23.478002548217773 9.5
vertex 83.85052490234375 25.192718505859375 9.5
endloop
endfacet
facet normal 0.8238640482098115 0.26692423168923074 0.4999994846041897
outer loop
vertex 83.34336853027344 23.01166343688965 11.5
vertex 84.49784088134766 23.194751739501953 9.5
vertex 82.82263946533203 24.618898391723633 11.5
endloop
endfacet
facet normal 0.6595784598504966 0.5612131078554659 0.4999961028572684
outer loop
vertex 82.82263946533203 24.618898391723633 11.5
vertex 81.57676696777344 27.864978790283203 9.5
vertex 81.13616943359375 28.382801055908203 9.5
endloop
endfacet
facet normal 0.6595736291674655 0.5612143328606246 0.5000011002974518
outer loop
vertex 83.85052490234375 25.192718505859375 9.5
vertex 81.57676696777344 27.864978790283203 9.5
vertex 82.82263946533203 24.618898391723633 11.5
endloop
endfacet
facet normal 0.6595740756881083 0.5612138023464667 0.5000011067347736
outer loop
vertex 80.35828399658203 27.515165328979492 11.5
vertex 82.82263946533203 24.618898391723633 11.5
vertex 81.13616943359375 28.382801055908203 9.5
endloop
endfacet
facet normal 0.48659254875086033 0.7173657452189494 0.49861215296721656
outer loop
vertex 81.13616943359375 28.382801055908203 9.5
vertex 80.33223724365234 28.928112030029297 9.5
vertex 79.68643951416016 27.97603988647461 11.5
endloop
endfacet
facet normal 0.4898072552453433 0.7140214111087556 0.5002622084340217
outer loop
vertex 81.13616943359375 28.382801055908203 9.5
vertex 79.68643951416016 27.97603988647461 11.5
vertex 80.35828399658203 27.515165328979492 11.5
endloop
endfacet
facet normal 0.49720703736233995 0.7100790672567926 0.498570837736312
outer loop
vertex 79.68643951416016 27.97603988647461 11.5
vertex 80.33223724365234 28.928112030029297 9.5
vertex 79.59001159667969 28.043560028076172 11.5
endloop
endfacet
facet normal 0.6801995049772108 0.5428935640412526 0.49253955328617394
outer loop
vertex 79.59001159667969 28.043560028076172 11.5
vertex 80.33223724365234 28.928112030029297 9.5
vertex 79.31454467773438 28.388696670532227 11.5
endloop
endfacet
facet normal 0.7651842392220711 0.4055765588260401 0.5000007349764278
outer loop
vertex 78.72978210449219 29.48576545715332 11.5
vertex 79.93384552001953 29.679738998413086 9.5
vertex 79.75003051757812 30.026535034179688 9.5
endloop
endfacet
facet normal 0.7651838746824186 0.4055774147996065 0.5000005985301103
outer loop
vertex 80.33223724365234 28.928112030029297 9.5
vertex 79.93384552001953 29.679738998413086 9.5
vertex 78.72978210449219 29.48576545715332 11.5
endloop
endfacet
facet normal 0.7647171944688109 0.40761162827119496 0.4990594884198236
outer loop
vertex 79.31454467773438 28.388696670532227 11.5
vertex 80.33223724365234 28.928112030029297 9.5
vertex 78.72978210449219 29.48576545715332 11.5
endloop
endfacet
facet normal 0.8635508449704434 0.07553995748290811 0.49857161268398914
outer loop
vertex 78.59532928466797 30.026535034179688 11.5
vertex 78.61286926269531 29.82602310180664 11.5
vertex 79.75003051757812 30.026535034179688 9.5
endloop
endfacet
facet normal 0.837311768099034 0.22435430840785253 0.4985721084273605
outer loop
vertex 78.61286926269531 29.82602310180664 11.5
vertex 78.66496276855469 29.63160514831543 11.5
vertex 79.75003051757812 30.026535034179688 9.5
endloop
endfacet
facet normal 0.7918529529043422 0.35194385121369 0.49910362307796324
outer loop
vertex 78.72978210449219 29.48576545715332 11.5
vertex 79.75003051757812 30.026535034179688 9.5
vertex 78.66496276855469 29.63160514831543 11.5
endloop
endfacet
facet normal 0.8660252735598842 0 0.5000002255554769
outer loop
vertex 78.59532928466797 30.026535034179688 11.5
vertex 79.75003051757812 30.026535034179688 9.5
vertex 78.59532928466797 42.00044631958008 11.5
endloop
endfacet
facet normal 0.8660252735598841 0 0.5000002255554769
outer loop
vertex 78.59532928466797 42.00044631958008 11.5
vertex 79.75003051757812 30.026535034179688 9.5
vertex 79.75003051757812 42.181941986083984 9.5
endloop
endfacet
facet normal 0.8242665578785539 0.26567880210670036 0.499999415673848
outer loop
vertex 79.62720489501953 42.56298828125 9.5
vertex 79.10353088378906 44.18768310546875 9.5
vertex 78.07538604736328 43.613555908203125 11.5
endloop
endfacet
facet normal 0.8242656327003614 0.26568023926449513 0.5000001772134021
outer loop
vertex 78.07538604736328 43.613555908203125 11.5
vertex 78.59532928466797 42.00044631958008 11.5
vertex 79.75003051757812 42.181941986083984 9.5
endloop
endfacet
facet normal 0.8242665240800792 0.2656922538250497 0.49999232347938066
outer loop
vertex 79.75003051757812 42.181941986083984 9.5
vertex 79.62720489501953 42.56298828125 9.5
vertex 78.07538604736328 43.613555908203125 11.5
endloop
endfacet
facet normal 0.6585936575176954 0.5623659023050454 0.49999898620106903
outer loop
vertex 78.07538604736328 43.613555908203125 11.5
vertex 76.21048736572266 47.57575988769531 9.5
vertex 75.47687530517578 46.65670394897461 11.5
endloop
endfacet
facet normal 0.6585932786158658 0.562365949242033 0.49999943249478973
outer loop
vertex 78.07538604736328 43.613555908203125 11.5
vertex 79.10353088378906 44.18768310546875 9.5
vertex 76.21048736572266 47.57575988769531 9.5
endloop
endfacet
facet normal 0.4024202028223259 0.7668499385201487 0.4999991521513633
outer loop
vertex 76.21048736572266 47.57575988769531 9.5
vertex 73.80826568603516 47.53234100341797 11.5
vertex 75.47687530517578 46.65670394897461 11.5
endloop
endfacet
facet normal 0.40241995762949845 0.766849489149584 0.5000000386924932
outer loop
vertex 73.80826568603516 47.53234100341797 11.5
vertex 74.5118179321289 48.4671745300293 9.5
vertex 74.09385681152344 48.68650817871094 9.5
endloop
endfacet
facet normal 0.40242103338109314 0.7668488673798982 0.5000001264906445
outer loop
vertex 76.21048736572266 47.57575988769531 9.5
vertex 74.5118179321289 48.4671745300293 9.5
vertex 73.80826568603516 47.53234100341797 11.5
endloop
endfacet
facet normal 0.001620022918380044 0.8660241030505793 0.4999996284610455
outer loop
vertex 74.09385681152344 48.68650817871094 9.5
vertex -77.52800750732422 47.81543731689453 11.5
vertex 73.80826568603516 47.53234100341797 11.5
endloop
endfacet
facet normal 0.0016200124177980478 0.8660244703221833 0.49999899236193246
outer loop
vertex 74.09385681152344 48.68650817871094 9.5
vertex -25.725719451904297 48.873233795166016 9.5
vertex -77.52800750732422 47.81543731689453 11.5
endloop
endfacet
facet normal 0.0016200823139618393 0.8660236694999167 0.5000003791990512
outer loop
vertex -25.725719451904297 48.873233795166016 9.5
vertex -77.70816040039062 48.97047805786133 9.5
vertex -77.52800750732422 47.81543731689453 11.5
endloop
endfacet
facet normal -0.265282949946951 0.8243936594417294 0.500000050739715
outer loop
vertex -78.22431945800781 48.80438232421875 9.5
vertex -79.71647644042969 48.32421875 9.5
vertex -79.14260864257812 47.29587173461914 11.5
endloop
endfacet
facet normal -0.26528321143387634 0.8243936645478348 0.499999903584712
outer loop
vertex -77.70816040039062 48.97047805786133 9.5
vertex -79.14260864257812 47.29587173461914 11.5
vertex -77.52800750732422 47.81543731689453 11.5
endloop
endfacet
facet normal -0.26528308855632277 0.8243936553220855 0.49999998399070833
outer loop
vertex -77.70816040039062 48.97047805786133 9.5
vertex -78.22431945800781 48.80438232421875 9.5
vertex -79.14260864257812 47.29587173461914 11.5
endloop
endfacet
facet normal -0.5623192143751723 0.6586327750093399 0.4999999688279843
outer loop
vertex -79.71647644042969 48.32421875 9.5
vertex -82.18510437011719 44.69828796386719 11.5
vertex -79.14260864257812 47.29587173461914 11.5
endloop
endfacet
facet normal -0.5623212685636431 0.6586328469797685 0.4999975637943648
outer loop
vertex -79.71647644042969 48.32421875 9.5
vertex -82.13471984863281 46.25959396362305 9.5
vertex -82.18510437011719 44.69828796386719 11.5
endloop
endfacet
facet normal -0.562318144069829 0.6586344844206877 0.49999892078059327
outer loop
vertex -82.13471984863281 46.25959396362305 9.5
vertex -83.10359954833984 45.43239974975586 9.5
vertex -82.18510437011719 44.69828796386719 11.5
endloop
endfacet
facet normal -0.7663724637603756 0.4033289761093493 0.4999989838194031
outer loop
vertex -82.18510437011719 44.69828796386719 11.5
vertex -83.10359954833984 45.43239974975586 9.5
vertex -83.06134033203125 43.0333366394043 11.5
endloop
endfacet
facet normal -0.766369995216156 0.40333088809112916 0.5000012251425089
outer loop
vertex -83.10359954833984 45.43239974975586 9.5
vertex -84.21355438232422 43.32337188720703 9.5
vertex -83.06134033203125 43.0333366394043 11.5
endloop
endfacet
facet normal -0.8659927838166988 0.007565676110807928 0.49999925892184177
outer loop
vertex -84.28609466552734 35.019935607910156 9.5
vertex -84.50226593017578 10.276244163513184 9.5
vertex -83.34599304199219 10.451437950134277 11.5
endloop
endfacet
facet normal -0.86599174885845 0.007565456589386982 0.5000010547745649
outer loop
vertex -84.21355438232422 43.32337188720703 9.5
vertex -84.28609466552734 35.019935607910156 9.5
vertex -83.06134033203125 43.0333366394043 11.5
endloop
endfacet
facet normal -0.8659922770886194 0.007565766833585396 0.5000001351950696
outer loop
vertex -84.28609466552734 35.019935607910156 9.5
vertex -83.34599304199219 10.451437950134277 11.5
vertex -83.06134033203125 43.0333366394043 11.5
endloop
endfacet
facet normal -0.8248844568051908 -0.2637533132058004 0.4999998226941366
outer loop
vertex -84.00048828125 8.706991195678711 9.5
vertex -83.85694122314453 8.258049964904785 9.5
vertex -82.82783508300781 8.83095645904541 11.5
endloop
endfacet
facet normal -0.8248824435212168 -0.2637607437588178 0.4999992244216604
outer loop
vertex -84.50226593017578 10.276244163513184 9.5
vertex -82.82783508300781 8.83095645904541 11.5
vertex -83.34599304199219 10.451437950134277 11.5
endloop
endfacet
facet normal -0.8248824559936692 -0.2637609027305578 0.4999991199838393
outer loop
vertex -84.50226593017578 10.276244163513184 9.5
vertex -84.00048828125 8.706991195678711 9.5
vertex -82.82783508300781 8.83095645904541 11.5
endloop
endfacet
facet normal -0.658749253428091 -0.5621825146077603 0.50000024137717
outer loop
vertex -83.63520050048828 7.998225688934326 9.5
vertex -80.96395874023438 4.8681416511535645 9.5
vertex -80.22935485839844 5.786136627197266 11.5
endloop
endfacet
facet normal -0.6587440481270893 -0.5621891208264618 0.49999967148139707
outer loop
vertex -83.85694122314453 8.258049964904785 9.5
vertex -83.63520050048828 7.998225688934326 9.5
vertex -82.82783508300781 8.83095645904541 11.5
endloop
endfacet
facet normal -0.6587492485952483 -0.5621833113232325 0.49999935194442124
outer loop
vertex -82.82783508300781 8.83095645904541 11.5
vertex -83.63520050048828 7.998225688934326 9.5
vertex -80.22935485839844 5.786136627197266 11.5
endloop
endfacet
facet normal -0.40407929331940856 -0.7659762629540993 0.500000289301276
outer loop
vertex -80.96395874023438 4.8681416511535645 9.5
vertex -78.56484985351562 4.90805196762085 11.5
vertex -80.22935485839844 5.786136627197266 11.5
endloop
endfacet
facet normal -0.40407826166718164 -0.7659775976069454 0.49999907841147195
outer loop
vertex -80.96395874023438 4.8681416511535645 9.5
vertex -78.8603515625 3.758419990539551 9.5
vertex -78.56484985351562 4.90805196762085 11.5
endloop
endfacet
facet normal -0.015493966374780831 -0.8658803674507713 0.500011126145503
outer loop
vertex -78.56484985351562 4.90805196762085 11.5
vertex -78.8603515625 3.758419990539551 9.5
vertex -65.72518157958984 4.678300380706787 11.5
endloop
endfacet
facet normal -0.015390907272034026 -0.8661904748682651 0.49947690759516916
outer loop
vertex -65.72518157958984 4.678300380706787 11.5
vertex -78.8603515625 3.758419990539551 9.5
vertex -65.74567413330078 3.5253918170928955 9.5
endloop
endfacet
facet normal -0.497201070337207 -0.7100824709822194 0.49857194070597394
outer loop
vertex -65.16831970214844 4.525392055511475 11.5
vertex -65.74567413330078 3.5253918170928955 9.5
vertex -65.0034408569336 4.409943580627441 11.5
endloop
endfacet
facet normal -0.07555284402361452 -0.8635499537192133 0.49857120373271435
outer loop
vertex -65.72518157958984 4.678300380706787 11.5
vertex -65.74567413330078 3.5253918170928955 9.5
vertex -65.54515838623047 4.66254997253418 11.5
endloop
endfacet
facet normal -0.2243561945500711 -0.8373116932861455 0.4985713853133757
outer loop
vertex -65.54515838623047 4.66254997253418 11.5
vertex -65.74567413330078 3.5253918170928955 9.5
vertex -65.35073852539062 4.610455513000488 11.5
endloop
endfacet
facet normal -0.3663465826022741 -0.7856312742253028 0.49857164216866795
outer loop
vertex -65.35073852539062 4.610455513000488 11.5
vertex -65.74567413330078 3.5253918170928955 9.5
vertex -65.16831970214844 4.525392055511475 11.5
endloop
endfacet
facet normal -0.5880788683507823 -0.6360780144662993 0.49956781733001326
outer loop
vertex -65.0034408569336 4.409943580627441 11.5
vertex -65.74567413330078 3.5253918170928955 9.5
vertex -64.92195129394531 4.334603309631348 11.5
endloop
endfacet
facet normal -0.6183679646871091 -0.6074820130755721 0.49858466085347275
outer loop
vertex -65.74567413330078 3.5253918170928955 9.5
vertex -64.92801666259766 2.693082094192505 9.5
vertex -63.49185562133789 2.8726649284362793 11.5
endloop
endfacet
facet normal -0.6190772447684934 -0.60559302645124 0.5000004513232751
outer loop
vertex -63.49185562133789 2.8726649284362793 11.5
vertex -64.92195129394531 4.334603309631348 11.5
vertex -65.74567413330078 3.5253918170928955 9.5
endloop
endfacet
facet normal -0.6183692534242885 -0.6074800838854052 0.4985854130458185
outer loop
vertex -64.92801666259766 2.693082094192505 9.5
vertex -64.31246948242188 2.0665011405944824 9.5
vertex -63.49185562133789 2.8726649284362793 11.5
endloop
endfacet
facet normal -0.7856317663893599 -0.3663479080976124 0.49856989266544915
outer loop
vertex -64.31246948242188 2.0665011405944824 9.5
vertex -63.22740936279297 2.4614319801330566 11.5
vertex -63.31247329711914 2.6438512802124023 11.5
endloop
endfacet
facet normal -0.8373089880444278 -0.22436861670208338 0.49857033844705384
outer loop
vertex -63.17531204223633 2.26701283454895 11.5
vertex -63.22740936279297 2.4614319801330566 11.5
vertex -64.31246948242188 2.0665011405944824 9.5
endloop
endfacet
facet normal -0.7100816745360113 -0.4972042108246555 0.4985699431638108
outer loop
vertex -63.427921295166016 2.8087282180786133 11.5
vertex -64.31246948242188 2.0665011405944824 9.5
vertex -63.31247329711914 2.6438512802124023 11.5
endloop
endfacet
facet normal -0.6129662643210396 -0.6129434069445873 0.49857069577690943
outer loop
vertex -64.31246948242188 2.0665011405944824 9.5
vertex -63.427921295166016 2.8087282180786133 11.5
vertex -63.49185562133789 2.8726649284362793 11.5
endloop
endfacet
facet normal -0.8635515482532873 -0.07554010882418082 0.4985703716309076
outer loop
vertex -63.157772064208984 2.0665011405944824 11.5
vertex -63.17531204223633 2.26701283454895 11.5
vertex -64.31246948242188 2.0665011405944824 9.5
endloop
endfacet
facet normal -0.8660259888154337 0 0.4999989866952235
outer loop
vertex -64.31246948242188 2.0665011405944824 9.5
vertex -64.31246948242188 -47.19259262084961 9.5
vertex -63.157772064208984 -46.9988899230957 11.5
endloop
endfacet
facet normal -0.8660259888154337 0 0.4999989866952235
outer loop
vertex -64.31246948242188 2.0665011405944824 9.5
vertex -63.157772064208984 -46.9988899230957 11.5
vertex -63.157772064208984 2.0665011405944824 11.5
endloop
endfacet
facet normal -0.8186175805660387 -0.28260202224755004 0.5000013538079675
outer loop
vertex -64.31246948242188 -47.19259262084961 9.5
vertex -64.12340545654297 -47.740257263183594 9.5
vertex -62.56789779663086 -48.70756530761719 11.5
endloop
endfacet
facet normal -0.8186174786589372 -0.28260503999301156 0.4999998150045985
outer loop
vertex -64.12340545654297 -47.740257263183594 9.5
vertex -63.579166412353516 -49.31674575805664 9.5
vertex -62.56789779663086 -48.70756530761719 11.5
endloop
endfacet
facet normal -0.8186178719743913 -0.2826058255603001 0.4999987270418801
outer loop
vertex -63.157772064208984 -46.9988899230957 11.5
vertex -64.31246948242188 -47.19259262084961 9.5
vertex -62.56789779663086 -48.70756530761719 11.5
endloop
endfacet
facet normal -0.632513318373829 -0.5915462651453444 0.4999999182723147
outer loop
vertex -63.579166412353516 -49.31674575805664 9.5
vertex -60.48231506347656 -52.62806701660156 9.5
vertex -59.80868911743164 -51.657859802246094 11.5
endloop
endfacet
facet normal -0.632513317636897 -0.5915464503323549 0.4999997001110666
outer loop
vertex -62.56789779663086 -48.70756530761719 11.5
vertex -63.579166412353516 -49.31674575805664 9.5
vertex -59.80868911743164 -51.657859802246094 11.5
endloop
endfacet
facet normal -0.3332105926602326 -0.7993562900787484 0.5000002224505068
outer loop
vertex -60.48231506347656 -52.62806701660156 9.5
vertex -57.718894958496094 -53.77999496459961 9.5
vertex -57.48786163330078 -52.62529373168945 11.5
endloop
endfacet
facet normal -0.3332106189173435 -0.7993562545739729 0.5000002617141223
outer loop
vertex -59.80868911743164 -51.657859802246094 11.5
vertex -60.48231506347656 -52.62806701660156 9.5
vertex -57.48786163330078 -52.62529373168945 11.5
endloop
endfacet
facet normal 0 -0.8660252477502931 -0.5000002702589704
outer loop
vertex -57.718894958496094 -53.77999496459961 -3.700000047683716
vertex -57.48786163330078 -52.62529373168945 -5.699999809265137
vertex -4.024872779846191 -53.77999496459961 -3.700000047683716
endloop
endfacet
facet normal 0 -0.8660252477502931 -0.5000002702589704
outer loop
vertex -57.48786163330078 -52.62529373168945 -5.699999809265137
vertex -4.218578338623047 -52.62529373168945 -5.699999809265137
vertex -4.024872779846191 -53.77999496459961 -3.700000047683716
endloop
endfacet
facet normal 0.2826052868400111 -0.8186171331279803 -0.5000002411993434
outer loop
vertex -4.218578338623047 -52.62529373168945 -5.699999809265137
vertex -2.5443108081817627 -52.047298431396484 -5.699999809265137
vertex -1.9151487350463867 -53.05167007446289 -3.700000047683716
endloop
endfacet
facet normal 0.2826053100729826 -0.8186171115711226 -0.5000002633614361
outer loop
vertex -4.024872779846191 -53.77999496459961 -3.700000047683716
vertex -4.218578338623047 -52.62529373168945 -5.699999809265137
vertex -1.9151487350463867 -53.05167007446289 -3.700000047683716
endloop
endfacet
facet normal 0.6132809392288956 -0.6126276459589128 -0.49857181727948174
outer loop
vertex 1.7141246795654297 -49.41197204589844 -3.700000047683716
vertex -2.5443108081817627 -52.047298431396484 -5.699999809265137
vertex 0.8995684385299683 -48.59974670410156 -5.699999809265137
endloop
endfacet
facet normal 0.6132499324176308 -0.6114934971991696 -0.5000002232728507
outer loop
vertex -1.9151487350463867 -53.05167007446289 -3.700000047683716
vertex -2.5443108081817627 -52.047298431396484 -5.699999809265137
vertex 1.7141246795654297 -49.41197204589844 -3.700000047683716
endloop
endfacet
facet normal 0.6129446277534341 -0.612964327813167 -0.49857157574089267
outer loop
vertex 1.7141246795654297 -49.41197204589844 -3.700000047683716
vertex 0.8995684385299683 -48.59974670410156 -5.699999809265137
vertex 0.9718974232673645 -48.52742004394531 -5.699999809265137
endloop
endfacet
facet normal 0.49720373056106515 -0.7100812453493711 -0.49857103337362674
outer loop
vertex 1.7141246795654297 -49.41197204589844 -3.700000047683716
vertex 0.9718974232673645 -48.52742004394531 -5.699999809265137
vertex 1.1367744207382202 -48.41197204589844 -5.699999809265137
endloop
endfacet
facet normal 0.3663463681709284 -0.7856317646189934 -0.49857102698574146
outer loop
vertex 1.7141246795654297 -49.41197204589844 -3.700000047683716
vertex 1.1367744207382202 -48.41197204589844 -5.699999809265137
vertex 1.2727530002593994 -48.34856414794922 -5.699999809265137
endloop
endfacet
facet normal 0.3319883523651812 -0.7998649269878734 -0.499999832468508
outer loop
vertex 1.7141246795654297 -49.41197204589844 -3.700000047683716
vertex 2.1917786598205566 -47.96350860595703 -5.699999809265137
vertex 2.6344282627105713 -49.02999496459961 -3.700000047683716
endloop
endfacet
facet normal 0.33490401560349176 -0.7993272405255339 -0.4989140836722203
outer loop
vertex 1.2727530002593994 -48.34856414794922 -5.699999809265137
vertex 2.1917786598205566 -47.96350860595703 -5.699999809265137
vertex 1.7141246795654297 -49.41197204589844 -3.700000047683716
endloop
endfacet
facet normal 0.07559717130067034 -0.8635468345944075 -0.49856988692992293
outer loop
vertex 2.6344282627105713 -49.02999496459961 -3.700000047683716
vertex 2.6000282764434814 -48.311317443847656 -4.949999809265137
vertex 2.6344282627105713 -48.40815353393555 -4.777059078216553
endloop
endfacet
facet normal 0.07554834026664436 -0.8635506254983945 -0.4985707226505454
outer loop
vertex 2.6344282627105713 -49.02999496459961 -3.700000047683716
vertex 2.4339168071746826 -47.89283752441406 -5.699999809265137
vertex 2.6000282764434814 -48.311317443847656 -4.949999809265137
endloop
endfacet
facet normal 0.24299992787702132 -0.832583159316065 -0.49775126104816886
outer loop
vertex 2.6344282627105713 -49.02999496459961 -3.700000047683716
vertex 2.1917786598205566 -47.96350860595703 -5.699999809265137
vertex 2.4339168071746826 -47.89283752441406 -5.699999809265137
endloop
endfacet
facet normal 0.07555662638964906 -0.8635492757783642 -0.49857180476966184
outer loop
vertex 2.4339168071746826 -47.89283752441406 -5.699999809265137
vertex 2.6000282764434814 -47.87830352783203 -5.699999809265137
vertex 2.6000282764434814 -48.311317443847656 -4.949999809265137
endloop
endfacet
facet normal 0 -0.866025247750293 -0.5000002702589704
outer loop
vertex 80.53886413574219 -49.02999496459961 -3.700000047683716
vertex 17.60002899169922 -47.87529373168945 -5.699999809265137
vertex 80.3423080444336 -47.87529373168945 -5.699999809265137
endloop
endfacet
facet normal 2.7334567157956038e-8 -0.8660243406384518 -0.5000018414183434
outer loop
vertex 17.160688400268555 -48.92068099975586 -3.8893399238586426
vertex 17.48584747314453 -48.63972091674805 -4.375974655151367
vertex 80.53886413574219 -49.02999496459961 -3.700000047683716
endloop
endfacet
facet normal -3.963809150058926e-9 -0.8660256047884263 -0.4999996518507192
outer loop
vertex 17.48584747314453 -48.63972091674805 -4.375974655151367
vertex 17.60002899169922 -48.30830764770508 -4.949999809265137
vertex 80.53886413574219 -49.02999496459961 -3.700000047683716
endloop
endfacet
facet normal 0 -0.8660283026027322 -0.4999949790658206
outer loop
vertex 16.877321243286133 -49.02999496459961 -3.700000047683716
vertex 17.160688400268555 -48.92068099975586 -3.8893399238586426
vertex 80.53886413574219 -49.02999496459961 -3.700000047683716
endloop
endfacet
facet normal 3.309888726636024e-8 -0.8660247967225226 -0.5000010514606068
outer loop
vertex 17.60002899169922 -48.30830764770508 -4.949999809265137
vertex 17.60002899169922 -47.87529373168945 -5.699999809265137
vertex 80.53886413574219 -49.02999496459961 -3.700000047683716
endloop
endfacet
facet normal -0.0000032662820382017173 -0.8660252777598478 -0.5000002182702622
outer loop
vertex 2.6344282627105713 -49.02999496459961 -3.700000047683716
vertex 2.7142088413238525 -48.63972091674805 -4.375974655151367
vertex 3.039368152618408 -48.92068099975586 -3.8893399238586426
endloop
endfacet
facet normal 0 -0.8660283026027322 -0.4999949790658206
outer loop
vertex 3.039368152618408 -48.92068099975586 -3.8893399238586426
vertex 3.322735071182251 -49.02999496459961 -3.700000047683716
vertex 2.6344282627105713 -49.02999496459961 -3.700000047683716
endloop
endfacet
facet normal -0.000008358856199874026 -0.8660250174755442 -0.5000006690361654
outer loop
vertex 2.6344282627105713 -49.02999496459961 -3.700000047683716
vertex 2.6344282627105713 -48.40815353393555 -4.777059078216553
vertex 2.7142088413238525 -48.63972091674805 -4.375974655151367
endloop
endfacet
facet normal 0.28653040376894334 -0.8172519478516287 -0.49999958144855
outer loop
vertex 80.53886413574219 -49.02999496459961 -3.700000047683716
vertex 80.84183502197266 -47.70016098022461 -5.699999809265137
vertex 81.4547119140625 -48.70889663696289 -3.700000047683716
endloop
endfacet
facet normal 0.2865264832244617 -0.8172526666363933 -0.5000006532862995
outer loop
vertex 80.53886413574219 -49.02999496459961 -3.700000047683716
vertex 80.3423080444336 -47.87529373168945 -5.699999809265137
vertex 80.84183502197266 -47.70016098022461 -5.699999809265137
endloop
endfacet
facet normal 0.5932988924023919 -0.6308694618372823 -0.5000001463952114
outer loop
vertex 84.14910125732422 -46.17496871948242 -3.700000047683716
vertex 80.84183502197266 -47.70016098022461 -5.699999809265137
vertex 83.20193481445312 -45.480613708496094 -5.699999809265137
endloop
endfacet
facet normal 0.5932988648547481 -0.6308696185893891 -0.4999999813029459
outer loop
vertex 81.4547119140625 -48.70889663696289 -3.700000047683716
vertex 80.84183502197266 -47.70016098022461 -5.699999809265137
vertex 84.14910125732422 -46.17496871948242 -3.700000047683716
endloop
endfacet
facet normal 0.7801495125413249 -0.3759872949786585 -0.5000002920960791
outer loop
vertex 83.20193481445312 -45.480613708496094 -5.699999809265137
vertex 83.4278564453125 -45.0118408203125 -5.699999809265137
vertex 84.5828857421875 -45.27489471435547 -3.700000047683716
endloop
endfacet
facet normal 0.7801494101582493 -0.3759876499867987 -0.500000184887106
outer loop
vertex 84.14910125732422 -46.17496871948242 -3.700000047683716
vertex 83.20193481445312 -45.480613708496094 -5.699999809265137
vertex 84.5828857421875 -45.27489471435547 -3.700000047683716
endloop
endfacet
facet normal 0.8660245024951357 0.0010757635137456712 -0.500000403810752
outer loop
vertex 84.5828857421875 -45.27489471435547 -3.700000047683716
vertex 83.4278564453125 -45.0118408203125 -5.699999809265137
vertex 84.5422592163086 -12.56922435760498 -3.700000047683716
endloop
endfacet
facet normal 0.8660253905737123 0.0010756381991701908 -0.4999988658828272
outer loop
vertex 84.5422592163086 -12.56922435760498 -3.700000047683716
vertex 83.4278564453125 -45.0118408203125 -5.699999809265137
vertex 83.34336853027344 23.01166343688965 -5.699999809265137
endloop
endfacet
facet normal 0.8660250259581246 0.0010755904092742733 -0.4999994975192486
outer loop
vertex 84.5422592163086 -12.56922435760498 -3.700000047683716
vertex 83.34336853027344 23.01166343688965 -5.699999809265137
vertex 84.49784088134766 23.194751739501953 -3.700000047683716
endloop
endfacet
facet normal 0.8238619548008715 0.2669315840248794 -0.49999900888067306
outer loop
vertex 84.49784088134766 23.194751739501953 -3.700000047683716
vertex 83.34336853027344 23.01166343688965 -5.699999809265137
vertex 84.40606689453125 23.478004455566406 -3.700000047683716
endloop
endfacet
facet normal 0.8238644921649809 0.26692437552654563 -0.49999867629774963
outer loop
vertex 84.40606689453125 23.478004455566406 -3.700000047683716
vertex 83.34336853027344 23.01166343688965 -5.699999809265137
vertex 82.82263946533203 24.618898391723633 -5.699999809265137
endloop
endfacet
facet normal 0.8238644248458848 0.26691988894188656 -0.5000011823592125
outer loop
vertex 84.40606689453125 23.478004455566406 -3.700000047683716
vertex 82.82263946533203 24.618898391723633 -5.699999809265137
vertex 83.85052490234375 25.192718505859375 -3.700000047683716
endloop
endfacet
facet normal 0.6595736095105507 0.5612143161350585 -0.5000011450009717
outer loop
vertex 82.82263946533203 24.618898391723633 -5.699999809265137
vertex 81.57676696777344 27.864978790283203 -3.700000047683716
vertex 83.85052490234375 25.192718505859375 -3.700000047683716
endloop
endfacet
facet normal 0.6595744338482034 0.5612141070952373 -0.500000292211032
outer loop
vertex 81.57676696777344 27.864978790283203 -3.700000047683716
vertex 82.82263946533203 24.618898391723633 -5.699999809265137
vertex 80.35828399658203 27.515165328979492 -5.699999809265137
endloop
endfacet
facet normal 0.6595763269887998 0.5612112930752473 -0.5000009533998638
outer loop
vertex 81.57676696777344 27.864978790283203 -3.700000047683716
vertex 80.35828399658203 27.515165328979492 -5.699999809265137
vertex 81.13616943359375 28.382801055908203 -3.700000047683716
endloop
endfacet
facet normal 0.4898072406326333 0.7140213898069319 -0.5002622531453107
outer loop
vertex 80.35828399658203 27.515165328979492 -5.699999809265137
vertex 79.68643951416016 27.97603988647461 -5.699999809265137
vertex 81.13616943359375 28.382801055908203 -3.700000047683716
endloop
endfacet
facet normal 0.4865925343296626 0.7173657239583006 -0.4986121976289983
outer loop
vertex 81.13616943359375 28.382801055908203 -3.700000047683716
vertex 79.68643951416016 27.97603988647461 -5.699999809265137
vertex 80.33223724365234 28.928112030029297 -3.700000047683716
endloop
endfacet
facet normal 0.6485347261303108 0.5844729208595663 -0.4876413782534967
outer loop
vertex 79.68643951416016 27.97603988647461 -5.699999809265137
vertex 79.31454467773438 28.388696670532227 -5.699999809265137
vertex 80.33223724365234 28.928112030029297 -3.700000047683716
endloop
endfacet
facet normal 0.7656632502817027 0.4058304527867972 -0.49906054818921686
outer loop
vertex 79.93384552001953 29.679738998413086 -3.700000047683716
vertex 78.73233795166016 29.487119674682617 -5.699999809265137
vertex 79.75003051757812 30.026535034179688 -3.700000047683716
endloop
endfacet
facet normal 0.7656629530204411 0.4058310136167871 -0.49906054818908413
outer loop
vertex 79.31454467773438 28.388696670532227 -5.699999809265137
vertex 78.73233795166016 29.487119674682617 -5.699999809265137
vertex 80.33223724365234 28.928112030029297 -3.700000047683716
endloop
endfacet
facet normal 0.765662885426333 0.40583130924982436 -0.4990604114866211
outer loop
vertex 80.33223724365234 28.928112030029297 -3.700000047683716
vertex 78.73233795166016 29.487119674682617 -5.699999809265137
vertex 79.93384552001953 29.679738998413086 -3.700000047683716
endloop
endfacet
facet normal 0.8635508193814522 0.07553995524448598 -0.4985716573445423
outer loop
vertex 79.75003051757812 30.026535034179688 -3.700000047683716
vertex 78.61286926269531 29.82602310180664 -5.699999809265137
vertex 78.59532928466797 30.026535034179688 -5.699999809265137
endloop
endfacet
facet normal 0.8373117432875173 0.2243543017597068 -0.49857215308792874
outer loop
vertex 79.75003051757812 30.026535034179688 -3.700000047683716
vertex 78.66496276855469 29.63160514831543 -5.699999809265137
vertex 78.61286926269531 29.82602310180664 -5.699999809265137
endloop
endfacet
facet normal 0.7856303012715643 0.3663481460834927 -0.49857202647675586
outer loop
vertex 79.75003051757812 30.026535034179688 -3.700000047683716
vertex 78.73233795166016 29.487119674682617 -5.699999809265137
vertex 78.66496276855469 29.63160514831543 -5.699999809265137
endloop
endfacet
facet normal 0.8660252477502931 0 -0.5000002702589704
outer loop
vertex 79.75003051757812 42.181941986083984 -3.700000047683716
vertex 78.59532928466797 30.026535034179688 -5.699999809265137
vertex 78.59532928466797 42.00044631958008 -5.699999809265137
endloop
endfacet
facet normal 0.866025247750293 0 -0.5000002702589704
outer loop
vertex 79.75003051757812 30.026535034179688 -3.700000047683716
vertex 78.59532928466797 30.026535034179688 -5.699999809265137
vertex 79.75003051757812 42.181941986083984 -3.700000047683716
endloop
endfacet
facet normal 0.824262601334131 0.2656909893757706 -0.4999994622061264
outer loop
vertex 79.75003051757812 42.181941986083984 -3.700000047683716
vertex 78.59532928466797 42.00044631958008 -5.699999809265137
vertex 79.62720489501953 42.56298828125 -3.700000047683716
endloop
endfacet
facet normal 0.8242665289676335 0.26568052815255966 -0.49999854618211276
outer loop
vertex 79.62720489501953 42.56298828125 -3.700000047683716
vertex 78.59532928466797 42.00044631958008 -5.699999809265137
vertex 78.07538604736328 43.613555908203125 -5.699999809265137
endloop
endfacet
facet normal 0.8242665333135503 0.2656787941888725 -0.4999994603773175
outer loop
vertex 79.62720489501953 42.56298828125 -3.700000047683716
vertex 78.07538604736328 43.613555908203125 -5.699999809265137
vertex 79.10353088378906 44.18768310546875 -3.700000047683716
endloop
endfacet
facet normal 0.6585932589882986 0.5623659324822574 -0.4999994771982597
outer loop
vertex 79.10353088378906 44.18768310546875 -3.700000047683716
vertex 78.07538604736328 43.613555908203125 -5.699999809265137
vertex 76.21048736572266 47.57575988769531 -3.700000047683716
endloop
endfacet
facet normal 0.6585936378901518 0.5623658855453011 -0.4999990309045257
outer loop
vertex 76.21048736572266 47.57575988769531 -3.700000047683716
vertex 78.07538604736328 43.613555908203125 -5.699999809265137
vertex 75.47687530517578 46.65670394897461 -5.699999809265137
endloop
endfacet
facet normal 0.4024212551753788 0.7668492900285241 -0.499999299765331
outer loop
vertex 76.21048736572266 47.57575988769531 -3.700000047683716
vertex 75.47687530517578 46.65670394897461 -5.699999809265137
vertex 74.5118179321289 48.4671745300293 -3.700000047683716
endloop
endfacet
facet normal 0.4024199456364457 0.7668494662956816 -0.5000000833959812
outer loop
vertex 74.5118179321289 48.4671745300293 -3.700000047683716
vertex 73.80826568603516 47.53234100341797 -5.699999809265137
vertex 74.09385681152344 48.68650817871094 -3.700000047683716
endloop
endfacet
facet normal 0.4024199528307634 0.7668494621374697 -0.5000000839831525
outer loop
vertex 75.47687530517578 46.65670394897461 -5.699999809265137
vertex 73.80826568603516 47.53234100341797 -5.699999809265137
vertex 74.5118179321289 48.4671745300293 -3.700000047683716
endloop
endfacet
facet normal 0.0016200287316970937 0.8660236416775573 -0.5000004275622676
outer loop
vertex -77.70816040039062 48.97047805786133 -3.700000047683716
vertex -25.703609466552734 48.87319564819336 -3.700000047683716
vertex -77.52800750732422 47.81543731689453 -5.699999809265137
endloop
endfacet
facet normal 0.0016200221954646458 0.8660237165979235 -0.5000002978179169
outer loop
vertex 73.80826568603516 47.53234100341797 -5.699999809265137
vertex -77.52800750732422 47.81543731689453 -5.699999809265137
vertex -25.703609466552734 48.87319564819336 -3.700000047683716
endloop
endfacet
facet normal 0.001620039559355642 0.8660240761856122 -0.4999996749385774
outer loop
vertex 73.80826568603516 47.53234100341797 -5.699999809265137
vertex -25.703609466552734 48.87319564819336 -3.700000047683716
vertex 74.09385681152344 48.68650817871094 -3.700000047683716
endloop
endfacet
facet normal -0.26528242151447373 0.8243938316078084 -0.5000000472424112
outer loop
vertex -78.22441101074219 48.804351806640625 -3.700000047683716
vertex -79.14260864257812 47.29587173461914 -5.699999809265137
vertex -79.71647644042969 48.32421875 -3.700000047683716
endloop
endfacet
facet normal -0.26528325719478546 0.8243938067543594 -0.4999996448370553
outer loop
vertex -77.52800750732422 47.81543731689453 -5.699999809265137
vertex -79.14260864257812 47.29587173461914 -5.699999809265137
vertex -78.22441101074219 48.804351806640625 -3.700000047683716
endloop
endfacet
facet normal -0.2652846419495406 0.8243932389794307 -0.49999984627068383
outer loop
vertex -78.22441101074219 48.804351806640625 -3.700000047683716
vertex -77.70816040039062 48.97047805786133 -3.700000047683716
vertex -77.52800750732422 47.81543731689453 -5.699999809265137
endloop
endfacet
facet normal -0.5623203994828335 0.6586318290471385 -0.49999988209147367
outer loop
vertex -79.14260864257812 47.29587173461914 -5.699999809265137
vertex -82.13471984863281 46.25959396362305 -3.700000047683716
vertex -79.71647644042969 48.32421875 -3.700000047683716
endloop
endfacet
facet normal -0.5623192093122397 0.6586357321225328 -0.4999960791944999
outer loop
vertex -83.10359954833984 45.43239974975586 -3.700000047683716
vertex -82.13471984863281 46.25959396362305 -3.700000047683716
vertex -79.14260864257812 47.29587173461914 -5.699999809265137
endloop
endfacet
facet normal -0.5623195304989049 0.6586331452784787 -0.4999991255593051
outer loop
vertex -79.14260864257812 47.29587173461914 -5.699999809265137
vertex -82.18510437011719 44.69828796386719 -5.699999809265137
vertex -83.10359954833984 45.43239974975586 -3.700000047683716
endloop
endfacet
facet normal -0.7663709967054482 0.4033314151623456 -0.49999926495129726
outer loop
vertex -82.18510437011719 44.69828796386719 -5.699999809265137
vertex -84.21355438232422 43.32337188720703 -3.700000047683716
vertex -83.10359954833984 45.43239974975586 -3.700000047683716
endloop
endfacet
facet normal -0.7663711433777873 0.4033282812141351 -0.500001568168215
outer loop
vertex -82.18510437011719 44.69828796386719 -5.699999809265137
vertex -83.06134033203125 43.0333366394043 -5.699999809265137
vertex -84.21355438232422 43.32337188720703 -3.700000047683716
endloop
endfacet
facet normal -0.8659917230497722 0.007565456363917823 -0.5000010994780831
outer loop
vertex -83.06134033203125 43.0333366394043 -5.699999809265137
vertex -84.28609466552734 35.019935607910156 -3.700000047683716
vertex -84.21355438232422 43.32337188720703 -3.700000047683716
endloop
endfacet
facet normal -0.8659920868293594 0.007565670021634253 -0.5000004661858379
outer loop
vertex -83.06134033203125 43.0333366394043 -5.699999809265137
vertex -84.50226593017578 10.276244163513184 -3.700000047683716
vertex -84.28609466552734 35.019935607910156 -3.700000047683716
endloop
endfacet
facet normal -0.865992760993713 0.007565771061236386 -0.49999929701424045
outer loop
vertex -83.34599304199219 10.451437950134277 -5.699999809265137
vertex -84.50226593017578 10.276244163513184 -3.700000047683716
vertex -83.06134033203125 43.0333366394043 -5.699999809265137
endloop
endfacet
facet normal -0.824881721567655 -0.2637605129101558 -0.5000005372526645
outer loop
vertex -83.34599304199219 10.451437950134277 -5.699999809265137
vertex -82.82783508300781 8.83095645904541 -5.699999809265137
vertex -83.85694122314453 8.258049964904785 -3.700000047683716
endloop
endfacet
facet normal -0.8248871304700691 -0.26375416809882724 -0.4999949607699567
outer loop
vertex -83.34599304199219 10.451437950134277 -5.699999809265137
vertex -83.85694122314453 8.258049964904785 -3.700000047683716
vertex -84.00048828125 8.706991195678711 -3.700000047683716
endloop
endfacet
facet normal -0.8248823796185139 -0.2637608783091633 -0.4999992588679276
outer loop
vertex -83.34599304199219 10.451437950134277 -5.699999809265137
vertex -84.00048828125 8.706991195678711 -3.700000047683716
vertex -84.50226593017578 10.276244163513184 -3.700000047683716
endloop
endfacet
facet normal -0.6587492849333009 -0.5621828840664629 -0.499999784462532
outer loop
vertex -83.63520050048828 7.998223781585693 -3.700000047683716
vertex -82.82783508300781 8.83095645904541 -5.699999809265137
vertex -80.96395874023438 4.8681416511535645 -3.700000047683716
endloop
endfacet
facet normal -0.6587488161423445 -0.5621829422635243 -0.5000003366588729
outer loop
vertex -82.82783508300781 8.83095645904541 -5.699999809265137
vertex -80.22935485839844 5.786136627197266 -5.699999809265137
vertex -80.96395874023438 4.8681416511535645 -3.700000047683716
endloop
endfacet
facet normal -0.6587459462446268 -0.5621866137631312 -0.49999998961181524
outer loop
vertex -83.85694122314453 8.258049964904785 -3.700000047683716
vertex -82.82783508300781 8.83095645904541 -5.699999809265137
vertex -83.63520050048828 7.998223781585693 -3.700000047683716
endloop
endfacet
facet normal -0.40407965012907676 -0.765976939325645 -0.49999896477180833
outer loop
vertex -80.22935485839844 5.786136627197266 -5.699999809265137
vertex -78.56484985351562 4.90805196762085 -5.699999809265137
vertex -78.8603515625 3.758419990539551 -3.700000047683716
endloop
endfacet
facet normal -0.4040779577666388 -0.7659770215279286 -0.500000206538303
outer loop
vertex -80.96395874023438 4.8681416511535645 -3.700000047683716
vertex -80.22935485839844 5.786136627197266 -5.699999809265137
vertex -78.8603515625 3.758419990539551 -3.700000047683716
endloop
endfacet
facet normal -0.015499480326159932 -0.8661885146437337 -0.49947694962720873
outer loop
vertex -65.74567413330078 3.5253918170928955 -3.700000047683716
vertex -78.56484985351562 4.90805196762085 -5.699999809265137
vertex -65.72518157958984 4.678300380706787 -5.699999809265137
endloop
endfacet
facet normal -0.015385545862405963 -0.8658887381434826 -0.49999997813480285
outer loop
vertex -78.8603515625 3.758419990539551 -3.700000047683716
vertex -78.56484985351562 4.90805196762085 -5.699999809265137
vertex -65.74567413330078 3.5253918170928955 -3.700000047683716
endloop
endfacet
facet normal -0.5880788508549487 -0.6360779955424514 -0.49956786202058673
outer loop
vertex -64.92195129394531 4.334603309631348 -5.699999809265137
vertex -65.74567413330078 3.5253918170928955 -3.700000047683716
vertex -65.0034408569336 4.409943580627441 -5.699999809265137
endloop
endfacet
facet normal -0.49720105560398004 -0.7100824499408201 -0.498571985366537
outer loop
vertex -65.16831970214844 4.525392055511475 -5.699999809265137
vertex -65.0034408569336 4.409943580627441 -5.699999809265137
vertex -65.74567413330078 3.5253918170928955 -3.700000047683716
endloop
endfacet
facet normal -0.3663465717465837 -0.7856312509452442 -0.498571686829222
outer loop
vertex -65.16831970214844 4.525392055511475 -5.699999809265137
vertex -65.74567413330078 3.5253918170928955 -3.700000047683716
vertex -65.35073852539062 4.610455513000488 -5.699999809265137
endloop
endfacet
facet normal -0.07555284178481422 -0.8635499281302905 -0.49857124839325523
outer loop
vertex -65.54515838623047 4.66254997253418 -5.699999809265137
vertex -65.74567413330078 3.5253918170928955 -3.700000047683716
vertex -65.72518157958984 4.678300380706787 -5.699999809265137
endloop
endfacet
facet normal -0.2243561879018888 -0.8373116684747031 -0.49857142997392195
outer loop
vertex -65.35073852539062 4.610455513000488 -5.699999809265137
vertex -65.74567413330078 3.5253918170928955 -3.700000047683716
vertex -65.54515838623047 4.66254997253418 -5.699999809265137
endloop
endfacet
facet normal -0.6194102266059303 -0.6059187555591837 -0.49919278123546634
outer loop
vertex -64.92195129394531 4.334603309631348 -5.699999809265137
vertex -63.49185562133789 2.8726649284362793 -5.699999809265137
vertex -64.92801666259766 2.693082094192505 -3.700000047683716
endloop
endfacet
facet normal -0.6177855931968144 -0.6069098938431972 -0.5000013415918995
outer loop
vertex -64.92195129394531 4.334603309631348 -5.699999809265137
vertex -64.92801666259766 2.693082094192505 -3.700000047683716
vertex -65.74567413330078 3.5253918170928955 -3.700000047683716
endloop
endfacet
facet normal -0.6183692350995753 -0.607480065883381 -0.49858545770678986
outer loop
vertex -64.92801666259766 2.693082094192505 -3.700000047683716
vertex -63.49185562133789 2.8726649284362793 -5.699999809265137
vertex -64.31246948242188 2.0665011405944824 -3.700000047683716
endloop
endfacet
facet normal -0.7100816534948043 -0.49720419609145355 -0.49856998782431344
outer loop
vertex -63.31247329711914 2.6438512802124023 -5.699999809265137
vertex -64.31246948242188 2.0665011405944824 -3.700000047683716
vertex -63.427921295166016 2.8087282180786133 -5.699999809265137
endloop
endfacet
facet normal -0.6129662461575107 -0.6129433887817357 -0.49857074043743477
outer loop
vertex -63.427921295166016 2.8087282180786133 -5.699999809265137
vertex -64.31246948242188 2.0665011405944824 -3.700000047683716
vertex -63.49185562133789 2.8726649284362793 -5.699999809265137
endloop
endfacet
facet normal -0.7856317431094503 -0.36634789724195893 -0.49856993732595023
outer loop
vertex -63.22740936279297 2.4614319801330566 -5.699999809265137
vertex -64.31246948242188 2.0665011405944824 -3.700000047683716
vertex -63.31247329711914 2.6438512802124023 -5.699999809265137
endloop
endfacet
facet normal -0.8635515226644025 -0.07554010658576535 -0.4985704162914232
outer loop
vertex -64.31246948242188 2.0665011405944824 -3.700000047683716
vertex -63.17531204223633 2.26701283454895 -5.699999809265137
vertex -63.157772064208984 2.0665011405944824 -5.699999809265137
endloop
endfacet
facet normal -0.8373089632331697 -0.22436861005356087 -0.49857038310756835
outer loop
vertex -63.17531204223633 2.26701283454895 -5.699999809265137
vertex -64.31246948242188 2.0665011405944824 -3.700000047683716
vertex -63.22740936279297 2.4614319801330566 -5.699999809265137
endloop
endfacet
facet normal -0.8660259630059491 0 -0.4999990313986802
outer loop
vertex -63.157772064208984 2.0665011405944824 -5.699999809265137
vertex -64.31246948242188 -47.19259262084961 -3.700000047683716
vertex -64.31246948242188 2.0665011405944824 -3.700000047683716
endloop
endfacet
facet normal -0.8660259630059491 0 -0.49999903139868024
outer loop
vertex -63.157772064208984 -46.9988899230957 -5.699999809265137
vertex -64.31246948242188 -47.19259262084961 -3.700000047683716
vertex -63.157772064208984 2.0665011405944824 -5.699999809265137
endloop
endfacet
facet normal -0.8186174542622501 -0.2826050315707302 -0.4999998597080799
outer loop
vertex -63.579166412353516 -49.31674575805664 -3.700000047683716
vertex -64.12340545654297 -47.740257263183594 -3.700000047683716
vertex -62.56789779663086 -48.70756530761719 -5.699999809265137
endloop
endfacet
facet normal -0.8186174325711318 -0.28260567386813074 -0.49999953218796933
outer loop
vertex -62.56789779663086 -48.70756530761719 -5.699999809265137
vertex -64.12340545654297 -47.740257263183594 -3.700000047683716
vertex -63.157772064208984 -46.9988899230957 -5.699999809265137
endloop
endfacet
facet normal -0.8186188509655039 -0.28260246081308593 -0.49999902598535756
outer loop
vertex -64.12340545654297 -47.740257263183594 -3.700000047683716
vertex -64.31246948242188 -47.19259262084961 -3.700000047683716
vertex -63.157772064208984 -46.9988899230957 -5.699999809265137
endloop
endfacet
facet normal -0.6325132014592567 -0.5915463416793529 -0.49999997562553555
outer loop
vertex -59.80868911743164 -51.657859802246094 -5.699999809265137
vertex -60.48231506347656 -52.62806701660156 -3.700000047683716
vertex -62.56789779663086 -48.70756530761719 -5.699999809265137
endloop
endfacet
facet normal -0.6325133862393856 -0.5915463286153385 -0.4999997573296408
outer loop
vertex -63.579166412353516 -49.31674575805664 -3.700000047683716
vertex -62.56789779663086 -48.70756530761719 -5.699999809265137
vertex -60.48231506347656 -52.62806701660156 -3.700000047683716
endloop
endfacet
facet normal -0.33321061843827127 -0.7993562534247015 -0.5000002638707395
outer loop
vertex -59.80868911743164 -51.657859802246094 -5.699999809265137
vertex -57.48786163330078 -52.62529373168945 -5.699999809265137
vertex -57.718894958496094 -53.77999496459961 -3.700000047683716
endloop
endfacet
facet normal -0.33321057479212957 -0.799356247214023 -0.5000003028865205
outer loop
vertex -60.48231506347656 -52.62806701660156 -3.700000047683716
vertex -59.80868911743164 -51.657859802246094 -5.699999809265137
vertex -57.718894958496094 -53.77999496459961 -3.700000047683716
endloop
endfacet
facet normal -1 0 0
outer loop
vertex 75.13516235351562 -46.52999496459961 -1.9500000476837158
vertex 75.13516235351562 -47.02999496459961 -0.44999998807907104
vertex 75.13516235351562 -46.52999496459961 -0.44999998807907104
endloop
endfacet
facet normal 1 0 0
outer loop
vertex 67.13516235351562 -47.02999496459961 -1.9500000476837158
vertex 67.13516235351562 -46.52999496459961 -0.44999998807907104
vertex 67.13516235351562 -47.02999496459961 -0.44999998807907104
endloop
endfacet
facet normal 0 0 1
outer loop
vertex 75.13516235351562 -46.52999496459961 -1.9500000476837158
vertex 67.13516235351562 -47.02999496459961 -1.9500000476837158
vertex 75.13516235351562 -47.02999496459961 -1.9500000476837158
endloop
endfacet
facet normal 0 0 1
outer loop
vertex 67.13516235351562 -47.02999496459961 -1.9500000476837158
vertex 75.13516235351562 -46.52999496459961 -1.9500000476837158
vertex 67.13516235351562 -46.52999496459961 -1.9500000476837158
endloop
endfacet
facet normal 1 0 0
outer loop
vertex 67.13516235351562 -46.52999496459961 -1.9500000476837158
vertex 67.13516235351562 -46.52999496459961 -0.44999998807907104
vertex 67.13516235351562 -47.02999496459961 -1.9500000476837158
endloop
endfacet
facet normal 0 1 0
outer loop
vertex 75.13516235351562 -47.02999496459961 -1.9500000476837158
vertex 67.13516235351562 -47.02999496459961 -1.9500000476837158
vertex 67.13516235351562 -47.02999496459961 -0.44999998807907104
endloop
endfacet
facet normal 0 1 0
outer loop
vertex 75.13516235351562 -47.02999496459961 -1.9500000476837158
vertex 67.13516235351562 -47.02999496459961 -0.44999998807907104
vertex 75.13516235351562 -47.02999496459961 -0.44999998807907104
endloop
endfacet
facet normal -1 0 0
outer loop
vertex 75.13516235351562 -46.52999496459961 -1.9500000476837158
vertex 75.13516235351562 -47.02999496459961 -1.9500000476837158
vertex 75.13516235351562 -47.02999496459961 -0.44999998807907104
endloop
endfacet
facet normal 1 0 0
outer loop
vertex -52.527584075927734 -51.27999496459961 -1.9500000476837158
vertex -52.527584075927734 -51.27999496459961 -0.44999998807907104
vertex -52.527584075927734 -51.77999496459961 -1.9500000476837158
endloop
endfacet
facet normal 0 0 1
outer loop
vertex -44.527584075927734 -51.27999496459961 -1.9500000476837158
vertex -52.527584075927734 -51.77999496459961 -1.9500000476837158
vertex -44.527584075927734 -51.77999496459961 -1.9500000476837158
endloop
endfacet
facet normal -1 0 0
outer loop
vertex -44.527584075927734 -51.27999496459961 -1.9500000476837158
vertex -44.527584075927734 -51.77999496459961 -1.9500000476837158
vertex -44.527584075927734 -51.77999496459961 -0.44999998807907104
endloop
endfacet
facet normal -1 0 0
outer loop
vertex -44.527584075927734 -51.27999496459961 -1.9500000476837158
vertex -44.527584075927734 -51.77999496459961 -0.44999998807907104
vertex -44.527584075927734 -51.27999496459961 -0.44999998807907104
endloop
endfacet
facet normal 1 0 0
outer loop
vertex -52.527584075927734 -51.77999496459961 -1.9500000476837158
vertex -52.527584075927734 -51.27999496459961 -0.44999998807907104
vertex -52.527584075927734 -51.77999496459961 -0.44999998807907104
endloop
endfacet
facet normal 0 1 0
outer loop
vertex -44.527584075927734 -51.77999496459961 -1.9500000476837158
vertex -52.527584075927734 -51.77999496459961 -0.44999998807907104
vertex -44.527584075927734 -51.77999496459961 -0.44999998807907104
endloop
endfacet
facet normal 0 1 0
outer loop
vertex -44.527584075927734 -51.77999496459961 -1.9500000476837158
vertex -52.527584075927734 -51.77999496459961 -1.9500000476837158
vertex -52.527584075927734 -51.77999496459961 -0.44999998807907104
endloop
endfacet
facet normal 0 0 1
outer loop
vertex -52.527584075927734 -51.77999496459961 -1.9500000476837158
vertex -44.527584075927734 -51.27999496459961 -1.9500000476837158
vertex -52.527584075927734 -51.27999496459961 -1.9500000476837158
endloop
endfacet
facet normal 0 0 1
outer loop
vertex -50.327369689941406 46.45100784301758 -2.8499999046325684
vertex -46.72658920288086 47.54844284057617 -2.8499999046325684
vertex -50.32658767700195 47.55101013183594 -2.8499999046325684
endloop
endfacet
facet normal 0 0 1
outer loop
vertex -46.72658920288086 47.54844284057617 -2.8499999046325684
vertex -50.327369689941406 46.45100784301758 -2.8499999046325684
vertex -46.72737121582031 46.44844055175781 -2.8499999046325684
endloop
endfacet
facet normal 0.999999747296917 -0.0007109191951555804 0
outer loop
vertex -50.327369689941406 46.45100784301758 -2.8499999046325684
vertex -50.32658767700195 47.55101013183594 -2.8499999046325684
vertex -50.327369689941406 46.45100784301758 -1.0499999523162842
endloop
endfacet
facet normal -0.0007131365819749806 -0.9999997457180755 0
outer loop
vertex -50.32658767700195 47.55101013183594 -2.8499999046325684
vertex -46.72658920288086 47.54844284057617 -2.8499999046325684
vertex -46.72658920288086 47.54844284057617 -1.0499999523162842
endloop
endfacet
facet normal -0.999999747296917 0.0007109191951555804 0
outer loop
vertex -46.72658920288086 47.54844284057617 -2.8499999046325684
vertex -46.72737121582031 46.44844055175781 -2.8499999046325684
vertex -46.72658920288086 47.54844284057617 -1.0499999523162842
endloop
endfacet
facet normal 0.999999747296917 -0.0007109191951555804 0
outer loop
vertex -50.327369689941406 46.45100784301758 -1.0499999523162842
vertex -50.32658767700195 47.55101013183594 -2.8499999046325684
vertex -50.32658767700195 47.55101013183594 -1.0499999523162842
endloop
endfacet
facet normal 0 0 -1
outer loop
vertex -50.327369689941406 46.45100784301758 -1.0499999523162842
vertex -50.32658767700195 47.55101013183594 -1.0499999523162842
vertex -46.72737121582031 46.44844055175781 -1.0499999523162842
endloop
endfacet
facet normal 0 0 -1
outer loop
vertex -46.72737121582031 46.44844055175781 -1.0499999523162842
vertex -50.32658767700195 47.55101013183594 -1.0499999523162842
vertex -46.72658920288086 47.54844284057617 -1.0499999523162842
endloop
endfacet
facet normal -0.0007131365819749806 -0.9999997457180755 0
outer loop
vertex -50.32658767700195 47.55101013183594 -1.0499999523162842
vertex -50.32658767700195 47.55101013183594 -2.8499999046325684
vertex -46.72658920288086 47.54844284057617 -1.0499999523162842
endloop
endfacet
facet normal -0.999999747296917 0.0007109191951555804 0
outer loop
vertex -46.72658920288086 47.54844284057617 -1.0499999523162842
vertex -46.72737121582031 46.44844055175781 -2.8499999046325684
vertex -46.72737121582031 46.44844055175781 -1.0499999523162842
endloop
endfacet
facet normal 0 0 1
outer loop
vertex 72.9361572265625 47.46310806274414 -2.8499999046325684
vertex 69.33537292480469 46.36567687988281 -2.8499999046325684
vertex 72.93537139892578 46.36310958862305 -2.8499999046325684
endloop
endfacet
facet normal 0 0 1
outer loop
vertex 69.33537292480469 46.36567687988281 -2.8499999046325684
vertex 72.9361572265625 47.46310806274414 -2.8499999046325684
vertex 69.3361587524414 47.465675354003906 -2.8499999046325684
endloop
endfacet
facet normal 0 0 -1
outer loop
vertex 72.93537139892578 46.36310958862305 -1.0499999523162842
vertex 69.3361587524414 47.465675354003906 -1.0499999523162842
vertex 72.9361572265625 47.46310806274414 -1.0499999523162842
endloop
endfacet
facet normal 0.9999997448237391 -0.0007143895693328788 0
outer loop
vertex 69.33537292480469 46.36567687988281 -1.0499999523162842
vertex 69.3361587524414 47.465675354003906 -2.8499999046325684
vertex 69.3361587524414 47.465675354003906 -1.0499999523162842
endloop
endfacet
facet normal -0.0007131365819749806 -0.9999997457180755 0
outer loop
vertex 69.3361587524414 47.465675354003906 -2.8499999046325684
vertex 72.9361572265625 47.46310806274414 -2.8499999046325684
vertex 72.9361572265625 47.46310806274414 -1.0499999523162842
endloop
endfacet
facet normal -0.9999997448237391 0.0007143895693328788 0
outer loop
vertex 72.9361572265625 47.46310806274414 -2.8499999046325684
vertex 72.93537139892578 46.36310958862305 -2.8499999046325684
vertex 72.9361572265625 47.46310806274414 -1.0499999523162842
endloop
endfacet
facet normal 0.9999997448237391 -0.0007143895693328788 0
outer loop
vertex 69.33537292480469 46.36567687988281 -1.0499999523162842
vertex 69.33537292480469 46.36567687988281 -2.8499999046325684
vertex 69.3361587524414 47.465675354003906 -2.8499999046325684
endloop
endfacet
facet normal 0 0 -1
outer loop
vertex 69.33537292480469 46.36567687988281 -1.0499999523162842
vertex 69.3361587524414 47.465675354003906 -1.0499999523162842
vertex 72.93537139892578 46.36310958862305 -1.0499999523162842
endloop
endfacet
facet normal -0.0007131365819749806 -0.9999997457180755 0
outer loop
vertex 69.3361587524414 47.465675354003906 -1.0499999523162842
vertex 69.3361587524414 47.465675354003906 -2.8499999046325684
vertex 72.9361572265625 47.46310806274414 -1.0499999523162842
endloop
endfacet
facet normal -0.9999997448237391 0.0007143895693328788 0
outer loop
vertex 72.9361572265625 47.46310806274414 -1.0499999523162842
vertex 72.93537139892578 46.36310958862305 -2.8499999046325684
vertex 72.93537139892578 46.36310958862305 -1.0499999523162842
endloop
endfacet
facet normal -0.980785013558684 0 -0.1950916635294606
outer loop
vertex 17.60002899169922 -46.52999496459961 -4.949999809265137
vertex 17.60002899169922 -48.30830764770508 -4.949999809265137
vertex 17.48584747314453 -46.52999496459961 -4.375974655151367
endloop
endfacet
facet normal -1 0 0
outer loop
vertex 17.60002899169922 -47.87529373168945 -5.699999809265137
vertex 17.60002899169922 -46.52999496459961 -4.949999809265137
vertex 17.60002899169922 -46.52999496459961 -5.699999809265137
endloop
endfacet
facet normal -0.8314695010489662 0 -0.5555703995223135
outer loop
vertex 17.48584747314453 -46.52999496459961 -4.375974655151367
vertex 17.48584747314453 -48.63972091674805 -4.375974655151367
vertex 17.160688400268555 -46.52999496459961 -3.8893399238586426
endloop
endfacet
facet normal 1 0 0
outer loop
vertex 2.6000282764434814 -48.311317443847656 -4.949999809265137
vertex 2.6000282764434814 -47.87830352783203 -5.699999809265137
vertex 2.6000282764434814 -46.52999496459961 -4.949999809265137
endloop
endfacet
facet normal 0.9807853498111502 0 -0.19508997307862788
outer loop
vertex 2.6000282764434814 -48.311317443847656 -4.949999809265137
vertex 2.6000282764434814 -46.52999496459961 -4.949999809265137
vertex 2.6344282627105713 -48.40815353393555 -4.777059078216553
endloop
endfacet
facet normal 0.9807853147923846 0 -0.19509014913009617
outer loop
vertex 2.7142088413238525 -48.63972091674805 -4.375974655151367
vertex 2.6344282627105713 -48.40815353393555 -4.777059078216553
vertex 2.7142088413238525 -46.52999496459961 -4.375974655151367
endloop
endfacet
facet normal 0.8314693128710081 0 -0.5555706811503046
outer loop
vertex 3.039368152618408 -48.92068099975586 -3.8893399238586426
vertex 2.7142088413238525 -48.63972091674805 -4.375974655151367
vertex 2.7142088413238525 -46.52999496459961 -4.375974655151367
endloop
endfacet
facet normal 0.5555705464285768 0 -0.831469402889278
outer loop
vertex 3.322735071182251 -49.02999496459961 -3.700000047683716
vertex 3.039368152618408 -48.92068099975586 -3.8893399238586426
vertex 3.039368152618408 -46.52999496459961 -3.8893399238586426
endloop
endfacet
facet normal 0.5555704184514964 0 -0.8314694884008849
outer loop
vertex 3.322735071182251 -49.02999496459961 -3.700000047683716
vertex 3.526003122329712 -46.52999496459961 -3.564180612564087
vertex 3.526003122329712 -49.02999496459961 -3.564180612564087
endloop
endfacet
facet normal -0.5555703047945763 1.3366950619164114e-8 -0.8314695643440362
outer loop
vertex 17.160688400268555 -46.52999496459961 -3.8893399238586426
vertex 16.877321243286133 -49.02999496459961 -3.700000047683716
vertex 16.674053192138672 -46.52999496459961 -3.564180612564087
endloop
endfacet
facet normal -0.19509040787318935 0 -0.9807852633251952
outer loop
vertex 16.674053192138672 -49.02999496459961 -3.564180612564087
vertex 16.10002899169922 -49.02999496459961 -3.450000047683716
vertex 16.10002899169922 -46.52999496459961 -3.450000047683716
endloop
endfacet
facet normal 0.19509017403555015 0 -0.980785309838386
outer loop
vertex 3.526003122329712 -49.02999496459961 -3.564180612564087
vertex 3.526003122329712 -46.52999496459961 -3.564180612564087
vertex 4.100028038024902 -49.02999496459961 -3.450000047683716
endloop
endfacet
facet normal 0.555570492972391 -8.764245894099356e-9 -0.8314694386075862
outer loop
vertex 3.526003122329712 -46.52999496459961 -3.564180612564087
vertex 3.322735071182251 -49.02999496459961 -3.700000047683716
vertex 3.039368152618408 -46.52999496459961 -3.8893399238586426
endloop
endfacet
facet normal 0.19509017403555015 0 -0.980785309838386
outer loop
vertex 4.100028038024902 -49.02999496459961 -3.450000047683716
vertex 3.526003122329712 -46.52999496459961 -3.564180612564087
vertex 4.100028038024902 -46.52999496459961 -3.450000047683716
endloop
endfacet
facet normal 0 0 -1
outer loop
vertex 4.100028038024902 -46.52999496459961 -3.450000047683716
vertex 16.10002899169922 -49.02999496459961 -3.450000047683716
vertex 4.100028038024902 -49.02999496459961 -3.450000047683716
endloop
endfacet
facet normal 1 0 0
outer loop
vertex 2.6000282764434814 -46.52999496459961 -4.949999809265137
vertex 2.6000282764434814 -47.87830352783203 -5.699999809265137
vertex 2.6000282764434814 -46.52999496459961 -5.699999809265137
endloop
endfacet
facet normal -0.19509040787318935 0 -0.9807852633251952
outer loop
vertex 16.674053192138672 -46.52999496459961 -3.564180612564087
vertex 16.674053192138672 -49.02999496459961 -3.564180612564087
vertex 16.10002899169922 -46.52999496459961 -3.450000047683716
endloop
endfacet
facet normal 0 0 -1
outer loop
vertex 16.10002899169922 -49.02999496459961 -3.450000047683716
vertex 4.100028038024902 -46.52999496459961 -3.450000047683716
vertex 16.10002899169922 -46.52999496459961 -3.450000047683716
endloop
endfacet
facet normal -0.5555704184514964 0 -0.8314694884008849
outer loop
vertex 16.877321243286133 -49.02999496459961 -3.700000047683716
vertex 16.674053192138672 -49.02999496459961 -3.564180612564087
vertex 16.674053192138672 -46.52999496459961 -3.564180612564087
endloop
endfacet
facet normal 0.9807853253427455 -1.177501935960802e-8 -0.19509009608979247
outer loop
vertex 2.7142088413238525 -46.52999496459961 -4.375974655151367
vertex 2.6344282627105713 -48.40815353393555 -4.777059078216553
vertex 2.6000282764434814 -46.52999496459961 -4.949999809265137
endloop
endfacet
facet normal 0.8314693128710082 0 -0.5555706811503046
outer loop
vertex 3.039368152618408 -46.52999496459961 -3.8893399238586426
vertex 3.039368152618408 -48.92068099975586 -3.8893399238586426
vertex 2.7142088413238525 -46.52999496459961 -4.375974655151367
endloop
endfacet
facet normal -1 0 0
outer loop
vertex 17.60002899169922 -48.30830764770508 -4.949999809265137
vertex 17.60002899169922 -46.52999496459961 -4.949999809265137
vertex 17.60002899169922 -47.87529373168945 -5.699999809265137
endloop
endfacet
facet normal -0.9807850135586839 0 -0.1950916635294606
outer loop
vertex 17.48584747314453 -48.63972091674805 -4.375974655151367
vertex 17.48584747314453 -46.52999496459961 -4.375974655151367
vertex 17.60002899169922 -48.30830764770508 -4.949999809265137
endloop
endfacet
facet normal -0.555570223264923 0 -0.8314696188204134
outer loop
vertex 16.877321243286133 -49.02999496459961 -3.700000047683716
vertex 17.160688400268555 -46.52999496459961 -3.8893399238586426
vertex 17.160688400268555 -48.92068099975586 -3.8893399238586426
endloop
endfacet
facet normal -0.8314695010489662 0 -0.5555703995223135
outer loop
vertex 17.160688400268555 -48.92068099975586 -3.8893399238586426
vertex 17.160688400268555 -46.52999496459961 -3.8893399238586426
vertex 17.48584747314453 -48.63972091674805 -4.375974655151367
endloop
endfacet
facet normal 0.0028909960930431854 -0.9999958210620633 0
outer loop
vertex 82.13860321044922 -25.46570587158203 -1
vertex 82.8386001586914 -25.463682174682617 -1
vertex 82.13860321044922 -25.46570587158203 0
endloop
endfacet
facet normal 0.002890996093043186 -0.9999958210620633 0
outer loop
vertex 82.13860321044922 -25.46570587158203 0
vertex 82.8386001586914 -25.463682174682617 -1
vertex 82.8386001586914 -25.463682174682617 6.300000190734863
endloop
endfacet
facet normal 0 0 -1
outer loop
vertex 82.8386001586914 -25.463682174682617 6.300000190734863
vertex 79.8935775756836 -44.4722785949707 6.300000190734863
vertex 79.83861541748047 -25.47235870361328 6.300000190734863
endloop
endfacet
facet normal 0 0 -1
outer loop
vertex 82.89356231689453 -44.46360397338867 6.300000190734863
vertex 79.8935775756836 -44.4722785949707 6.300000190734863
vertex 82.8386001586914 -25.463682174682617 6.300000190734863
endloop
endfacet
facet normal 0.999995816003672 0.0028927452618712187 0
outer loop
vertex 79.83861541748047 -25.47235870361328 5.300000190734863
vertex 79.83861541748047 -25.47235870361328 6.300000190734863
vertex 79.8935775756836 -44.4722785949707 6.300000190734863
endloop
endfacet
facet normal -0.999995816004512 -0.0028927449714790995 0
outer loop
vertex 82.8386001586914 -25.463682174682617 -1
vertex 82.89356231689453 -44.46360397338867 6.300000190734863
vertex 82.8386001586914 -25.463682174682617 6.300000190734863
endloop
endfacet
facet normal 0.999995816003672 0.0028927452618712187 0
outer loop
vertex 79.8935775756836 -44.4722785949707 6.300000190734863
vertex 79.8935775756836 -44.4722785949707 5.300000190734863
vertex 79.83861541748047 -25.47235870361328 5.300000190734863
endloop
endfacet
facet normal -0.0028915431463432326 0.9999958194777553 0.0000022902795058167735
outer loop
vertex 82.89356231689453 -44.46360397338867 6.300000190734863
vertex 82.19356536865234 -44.46562576293945 5.300000190734863
vertex 79.8935775756836 -44.4722785949707 6.300000190734863
endloop
endfacet
facet normal -0.0028925389170039715 0.9999958166005565 0
outer loop
vertex 82.19356536865234 -44.46562576293945 5.300000190734863
vertex 79.8935775756836 -44.4722785949707 5.300000190734863
vertex 79.8935775756836 -44.4722785949707 6.300000190734863
endloop
endfacet
facet normal -0.002888271331530786 0.9999958289356589 0
outer loop
vertex 82.89356231689453 -44.46360397338867 6.300000190734863
vertex 82.89356231689453 -44.46360397338867 -1
vertex 82.19356536865234 -44.46562576293945 5.300000190734863
endloop
endfacet
facet normal 0 0 1
outer loop
vertex 82.13860321044922 -25.46570587158203 -1
vertex 82.89356231689453 -44.46360397338867 -1
vertex 82.8386001586914 -25.463682174682617 -1
endloop
endfacet
facet normal -0.999995816004512 -0.0028927449714790995 0
outer loop
vertex 82.89356231689453 -44.46360397338867 -1
vertex 82.89356231689453 -44.46360397338867 6.300000190734863
vertex 82.8386001586914 -25.463682174682617 -1
endloop
endfacet
facet normal 0 0 1
outer loop
vertex 82.13860321044922 -25.46570587158203 -1
vertex 82.19356536865234 -44.46562576293945 -1
vertex 82.89356231689453 -44.46360397338867 -1
endloop
endfacet
facet normal -0.002888271331530786 0.9999958289356589 0
outer loop
vertex 82.89356231689453 -44.46360397338867 -1
vertex 82.19356536865234 -44.46562576293945 0
vertex 82.19356536865234 -44.46562576293945 5.300000190734863
endloop
endfacet
facet normal -0.002888271331530786 0.9999958289356589 0
outer loop
vertex 82.19356536865234 -44.46562576293945 -1
vertex 82.19356536865234 -44.46562576293945 0
vertex 82.89356231689453 -44.46360397338867 -1
endloop
endfacet
facet normal 0.0028921789244857354 -0.9999958176414456 -8.279853223631972e-7
outer loop
vertex 82.8386001586914 -25.463682174682617 6.300000190734863
vertex 79.83861541748047 -25.47235870361328 6.300000190734863
vertex 82.13860321044922 -25.46570587158203 5.300000190734863
endloop
endfacet
facet normal 0.0028925389170039715 -0.9999958166005565 0
outer loop
vertex 79.83861541748047 -25.47235870361328 6.300000190734863
vertex 79.83861541748047 -25.47235870361328 5.300000190734863
vertex 82.13860321044922 -25.46570587158203 5.300000190734863
endloop
endfacet
facet normal 0.0028909960930431854 -0.9999958210620632 0
outer loop
vertex 82.13860321044922 -25.46570587158203 0
vertex 82.8386001586914 -25.463682174682617 6.300000190734863
vertex 82.13860321044922 -25.46570587158203 5.300000190734863
endloop
endfacet
facet normal -0.0028925389170039715 0.9999958166005565 0
outer loop
vertex 82.05335998535156 4.0040106773376465 5.300000190734863
vertex 79.75337219238281 3.9973578453063965 5.300000190734863
vertex 79.75337219238281 3.9973578453063965 6.300000190734863
endloop
endfacet
facet normal -0.002892496813553353 0.9999958167223372 9.683823265024392e-8
outer loop
vertex 82.75335693359375 4.006035327911377 6.300000190734863
vertex 82.05335998535156 4.0040106773376465 5.300000190734863
vertex 79.75337219238281 3.9973578453063965 6.300000190734863
endloop
endfacet
facet normal 0.0028937208544911937 -0.9999958131810435 0
outer loop
vertex 81.99840545654297 23.003931045532227 0
vertex 82.69840240478516 23.005956649780273 -1
vertex 82.69840240478516 23.005956649780273 6.300000190734863
endloop
endfacet
facet normal 0.9999958160038821 0.0028927451892731834 0
outer loop
vertex 79.75337219238281 3.9973578453063965 6.300000190734863
vertex 79.75337219238281 3.9973578453063965 5.300000190734863
vertex 79.69841003417969 22.997278213500977 5.300000190734863
endloop
endfacet
facet normal 0 0 -1
outer loop
vertex 82.69840240478516 23.005956649780273 6.300000190734863
vertex 79.75337219238281 3.9973578453063965 6.300000190734863
vertex 79.69841003417969 22.997278213500977 6.300000190734863
endloop
endfacet
facet normal 0.0028917062563799333 -0.9996151873428004 -0.02758831760989949
outer loop
vertex 79.69841003417969 22.997278213500977 6.300000190734863
vertex 81.99832153320312 23.031530380249023 5.300000190734863
vertex 82.69840240478516 23.005956649780273 6.300000190734863
endloop
endfacet
facet normal 0.01489116815856827 -0.9998891204082947 0
outer loop
vertex 79.69841003417969 22.997278213500977 6.300000190734863
vertex 79.69841003417969 22.997278213500977 5.300000190734863
vertex 81.99832153320312 23.031530380249023 5.300000190734863
endloop
endfacet
facet normal -0.04392397110171634 -0.9990213350134081 0.0052016296180698385
outer loop
vertex 81.99832153320312 23.031530380249023 5.300000190734863
vertex 81.99840545654297 23.003931045532227 0
vertex 82.69840240478516 23.005956649780273 6.300000190734863
endloop
endfacet
facet normal 0.9999958160038821 0.0028927451892731834 0
outer loop
vertex 79.69841003417969 22.997278213500977 5.300000190734863
vertex 79.69841003417969 22.997278213500977 6.300000190734863
vertex 79.75337219238281 3.9973578453063965 6.300000190734863
endloop
endfacet
facet normal -0.9999958171657899 -0.002892343500373251 0
outer loop
vertex 82.69840240478516 23.005956649780273 6.300000190734863
vertex 82.69840240478516 23.005956649780273 -1
vertex 82.75335693359375 4.006035327911377 6.300000190734863
endloop
endfacet
facet normal 0.0028937208544911937 -0.9999958131810435 0
outer loop
vertex 82.69840240478516 23.005956649780273 -1
vertex 81.99840545654297 23.003931045532227 0
vertex 81.99840545654297 23.003931045532227 -1
endloop
endfacet
facet normal 0 0 1
outer loop
vertex 81.99840545654297 23.003931045532227 -1
vertex 82.75335693359375 4.006035327911377 -1
vertex 82.69840240478516 23.005956649780273 -1
endloop
endfacet
facet normal 0 0 -1
outer loop
vertex 82.75335693359375 4.006035327911377 6.300000190734863
vertex 79.75337219238281 3.9973578453063965 6.300000190734863
vertex 82.69840240478516 23.005956649780273 6.300000190734863
endloop
endfacet
facet normal -0.9999958171657899 -0.002892343500373251 0
outer loop
vertex 82.75335693359375 4.006035327911377 -1
vertex 82.75335693359375 4.006035327911377 6.300000190734863
vertex 82.69840240478516 23.005956649780273 -1
endloop
endfacet
facet normal -0.0028923584737752424 0.9999958171224814 0
outer loop
vertex 82.75335693359375 4.006035327911377 6.300000190734863
vertex 82.75335693359375 4.006035327911377 -1
vertex 82.05335998535156 4.0040106773376465 5.300000190734863
endloop
endfacet
facet normal 0 0 1
outer loop
vertex 82.05335998535156 4.0040106773376465 -1
vertex 82.75335693359375 4.006035327911377 -1
vertex 81.99840545654297 23.003931045532227 -1
endloop
endfacet
facet normal -0.0028923584737752424 0.9999958171224813 0
outer loop
vertex 82.75335693359375 4.006035327911377 -1
vertex 82.05335998535156 4.0040106773376465 1.1259462060574625e-16
vertex 82.05335998535156 4.0040106773376465 5.300000190734863
endloop
endfacet
facet normal -0.0028923584737752424 0.9999958171224813 0
outer loop
vertex 82.05335998535156 4.0040106773376465 -1
vertex 82.05335998535156 4.0040106773376465 1.1259462060574625e-16
vertex 82.75335693359375 4.006035327911377 -1
endloop
endfacet
facet normal 0 0 -1
outer loop
vertex -79.65717315673828 23.330509185791016 6.300000190734863
vertex -82.65715789794922 23.340925216674805 6.300000190734863
vertex -79.59120178222656 42.33039474487305 6.300000190734863
endloop
endfacet
facet normal 0.003471368729895171 0.9999939747814189 0
outer loop
vertex -81.95716094970703 23.3384952545166 0
vertex -81.95716094970703 23.3384952545166 -1
vertex -82.65715789794922 23.340925216674805 -1
endloop
endfacet
facet normal 0.9999939719744365 -0.0034721772405834203 0
outer loop
vertex -82.65715789794922 23.340925216674805 6.300000190734863
vertex -82.65715789794922 23.340925216674805 -1
vertex -82.5911865234375 42.34081268310547 6.300000190734863
endloop
endfacet
facet normal 0 0 -1
outer loop
vertex -79.59120178222656 42.33039474487305 6.300000190734863
vertex -82.65715789794922 23.340925216674805 6.300000190734863
vertex -82.5911865234375 42.34081268310547 6.300000190734863
endloop
endfacet
facet normal 0.0034722012912879424 0.9999939718909274 0
outer loop
vertex -79.65717315673828 23.330509185791016 5.300000190734863
vertex -81.95716094970703 23.3384952545166 5.300000190734863
vertex -79.65717315673828 23.330509185791016 6.300000190734863
endloop
endfacet
facet normal 0.0034713687298951706 0.9999939747814189 0
outer loop
vertex -81.95716094970703 23.3384952545166 5.300000190734863
vertex -81.95716094970703 23.3384952545166 0
vertex -82.65715789794922 23.340925216674805 6.300000190734863
endloop
endfacet
facet normal -0.0034768182225167654 -0.9999939558492578 0
outer loop
vertex -82.5911865234375 42.34081268310547 6.300000190734863
vertex -82.5911865234375 42.34081268310547 -1
vertex -81.89118957519531 42.33837890625 5.300000190734863
endloop
endfacet
facet normal -0.0034713720198405055 -0.9999939747627312 0.000003812371284064161
outer loop
vertex -82.5911865234375 42.34081268310547 6.300000190734863
vertex -81.89118957519531 42.33837890625 5.300000190734863
vertex -79.59120178222656 42.33039474487305 5.300000190734863
endloop
endfacet
facet normal -0.003472642801435319 -0.9999939703578085 0
outer loop
vertex -79.59120178222656 42.33039474487305 6.300000190734863
vertex -82.5911865234375 42.34081268310547 6.300000190734863
vertex -79.59120178222656 42.33039474487305 5.300000190734863
endloop
endfacet
facet normal -0.9999939719732261 0.003472177589141976 0
outer loop
vertex -79.65717315673828 23.330509185791016 5.300000190734863
vertex -79.59120178222656 42.33039474487305 6.300000190734863
vertex -79.59120178222656 42.33039474487305 5.300000190734863
endloop
endfacet
facet normal -0.9999939719732261 0.003472177589141976 0
outer loop
vertex -79.65717315673828 23.330509185791016 6.300000190734863
vertex -79.59120178222656 42.33039474487305 6.300000190734863
vertex -79.65717315673828 23.330509185791016 5.300000190734863
endloop
endfacet
facet normal -0.003476818222516766 -0.9999939558492579 0
outer loop
vertex -82.5911865234375 42.34081268310547 -1
vertex -81.89118957519531 42.33837890625 0
vertex -81.89118957519531 42.33837890625 5.300000190734863
endloop
endfacet
facet normal -0.003476818222516766 -0.9999939558492579 0
outer loop
vertex -82.5911865234375 42.34081268310547 -1
vertex -81.89118957519531 42.33837890625 -1
vertex -81.89118957519531 42.33837890625 0
endloop
endfacet
facet normal 0.9999939719744365 -0.0034721772405834203 0
outer loop
vertex -82.65715789794922 23.340925216674805 -1
vertex -82.5911865234375 42.34081268310547 -1
vertex -82.5911865234375 42.34081268310547 6.300000190734863
endloop
endfacet
facet normal 0 0 1
outer loop
vertex -82.5911865234375 42.34081268310547 -1
vertex -81.95716094970703 23.3384952545166 -1
vertex -81.89118957519531 42.33837890625 -1
endloop
endfacet
facet normal 0.003471368729895171 0.9999939747814189 0
outer loop
vertex -81.95716094970703 23.3384952545166 0
vertex -82.65715789794922 23.340925216674805 -1
vertex -82.65715789794922 23.340925216674805 6.300000190734863
endloop
endfacet
facet normal 0 0 1
outer loop
vertex -81.95716094970703 23.3384952545166 -1
vertex -82.5911865234375 42.34081268310547 -1
vertex -82.65715789794922 23.340925216674805 -1
endloop
endfacet
facet normal 0.0034720070268221066 0.9999939725653381 4.468112859199488e-7
outer loop
vertex -81.95716094970703 23.3384952545166 5.300000190734863
vertex -82.65715789794922 23.340925216674805 6.300000190734863
vertex -79.65717315673828 23.330509185791016 6.300000190734863
endloop
endfacet
facet normal 1 0 0
outer loop
vertex -62.51247024536133 -46.99510955810547 -1
vertex -62.51247024536133 -27.995107650756836 -1
vertex -62.51247024536133 -27.995107650756836 6.300000190734863
endloop
endfacet
facet normal 0.050106885145670715 0.9987283434636256 0.005567407242221054
outer loop
vertex -61.81247329711914 -47.024654388427734 5.300000190734863
vertex -61.81247329711914 -46.99510955810547 0
vertex -62.51247024536133 -46.99510955810547 6.300000190734863
endloop
endfacet
facet normal 0 0.9995638370238671 -0.029531943961142924
outer loop
vertex -62.51247024536133 -46.99510955810547 6.300000190734863
vertex -59.51247024536133 -46.99510955810547 6.300000190734863
vertex -61.81247329711914 -47.024654388427734 5.300000190734863
endloop
endfacet
facet normal -0.012844501674914386 0.9999175059857303 0
outer loop
vertex -59.51247024536133 -46.99510955810547 5.300000190734863
vertex -61.81247329711914 -47.024654388427734 5.300000190734863
vertex -59.51247024536133 -46.99510955810547 6.300000190734863
endloop
endfacet
facet normal 0 0 1
outer loop
vertex -62.51247024536133 -27.995107650756836 -1
vertex -61.81247329711914 -46.99510955810547 -1
vertex -61.81247329711914 -27.995107650756836 -1
endloop
endfacet
facet normal 0 0 1
outer loop
vertex -62.51247024536133 -46.99510955810547 -1
vertex -61.81247329711914 -46.99510955810547 -1
vertex -62.51247024536133 -27.995107650756836 -1
endloop
endfacet
facet normal -1 0 0
outer loop
vertex -59.51247024536133 -46.99510955810547 5.300000190734863
vertex -59.51247024536133 -46.99510955810547 6.300000190734863
vertex -59.51247024536133 -27.995107650756836 6.300000190734863
endloop
endfacet
facet normal 0 1 0
outer loop
vertex -61.81247329711914 -46.99510955810547 0
vertex -62.51247024536133 -46.99510955810547 -1
vertex -62.51247024536133 -46.99510955810547 6.300000190734863
endloop
endfacet
facet normal 0 1 0
outer loop
vertex -62.51247024536133 -46.99510955810547 -1
vertex -61.81247329711914 -46.99510955810547 0
vertex -61.81247329711914 -46.99510955810547 -1
endloop
endfacet
facet normal -1 0 0
outer loop
vertex -59.51247024536133 -27.995107650756836 5.300000190734863
vertex -59.51247024536133 -46.99510955810547 5.300000190734863
vertex -59.51247024536133 -27.995107650756836 6.300000190734863
endloop
endfacet
facet normal 0 0 -1
outer loop
vertex -59.51247024536133 -46.99510955810547 6.300000190734863
vertex -62.51247024536133 -46.99510955810547 6.300000190734863
vertex -59.51247024536133 -27.995107650756836 6.300000190734863
endloop
endfacet
facet normal 0 0 -1
outer loop
vertex -59.51247024536133 -27.995107650756836 6.300000190734863
vertex -62.51247024536133 -46.99510955810547 6.300000190734863
vertex -62.51247024536133 -27.995107650756836 6.300000190734863
endloop
endfacet
facet normal 1 0 0
outer loop
vertex -62.51247024536133 -46.99510955810547 6.300000190734863
vertex -62.51247024536133 -46.99510955810547 -1
vertex -62.51247024536133 -27.995107650756836 6.300000190734863
endloop
endfacet
facet normal 0.0028925907467544573 -0.999995816450635 0
outer loop
vertex 79.76851654052734 -1.237540602684021 6.300000190734863
vertex 79.76851654052734 -1.237540602684021 5.300000190734863
vertex 82.0685043334961 -1.2308876514434814 5.300000190734863
endloop
endfacet
facet normal 0 0 1
outer loop
vertex 82.12346649169922 -20.23080825805664 -1
vertex 82.8234634399414 -20.228782653808594 -1
vertex 82.0685043334961 -1.2308876514434814 -1
endloop
endfacet
facet normal 0.0028925287713656173 -0.9999958166299031 0
outer loop
vertex 82.0685043334961 -1.2308876514434814 0
vertex 82.76850128173828 -1.2288628816604614 -1
vertex 82.76850128173828 -1.2288628816604614 6.300000190734863
endloop
endfacet
facet normal 0.002892528771365617 -0.999995816629903 0
outer loop
vertex 82.76850128173828 -1.2288628816604614 -1
vertex 82.0685043334961 -1.2308876514434814 0
vertex 82.0685043334961 -1.2308876514434814 -1
endloop
endfacet
facet normal 0 0 -1
outer loop
vertex 82.76850128173828 -1.2288628816604614 6.300000190734863
vertex 79.82347106933594 -20.23746109008789 6.300000190734863
vertex 79.76851654052734 -1.237540602684021 6.300000190734863
endloop
endfacet
facet normal 0.0028925287713656173 -0.9999958166299031 0
outer loop
vertex 82.0685043334961 -1.2308876514434814 0
vertex 82.76850128173828 -1.2288628816604614 6.300000190734863
vertex 82.0685043334961 -1.2308876514434814 5.300000190734863
endloop
endfacet
facet normal 0 0 -1
outer loop
vertex 82.8234634399414 -20.228782653808594 6.300000190734863
vertex 79.82347106933594 -20.23746109008789 6.300000190734863
vertex 82.76850128173828 -1.2288628816604614 6.300000190734863
endloop
endfacet
facet normal 0.9999958171654225 0.002892343627402167 0
outer loop
vertex 79.76851654052734 -1.237540602684021 5.300000190734863
vertex 79.76851654052734 -1.237540602684021 6.300000190734863
vertex 79.82347106933594 -20.23746109008789 6.300000190734863
endloop
endfacet
facet normal -0.9999958160036194 -0.0028927452800207275 0
outer loop
vertex 82.76850128173828 -1.2288628816604614 -1
vertex 82.8234634399414 -20.228782653808594 6.300000190734863
vertex 82.76850128173828 -1.2288628816604614 6.300000190734863
endloop
endfacet
facet normal 0.9999958171654225 0.002892343627402167 0
outer loop
vertex 79.82347106933594 -20.23746109008789 6.300000190734863
vertex 79.82347106933594 -20.23746109008789 5.300000190734863
vertex 79.76851654052734 -1.237540602684021 5.300000190734863
endloop
endfacet
facet normal -0.0028928073458531697 0.9999958158238716 -6.394586121340294e-7
outer loop
vertex 82.8234634399414 -20.228782653808594 6.300000190734863
vertex 82.12346649169922 -20.23080825805664 5.300000190734863
vertex 79.82347106933594 -20.23746109008789 6.300000190734863
endloop
endfacet
facet normal -0.0028925293221431555 0.99999581662831 0
outer loop
vertex 82.12346649169922 -20.23080825805664 5.300000190734863
vertex 79.82347106933594 -20.23746109008789 5.300000190734863
vertex 79.82347106933594 -20.23746109008789 6.300000190734863
endloop
endfacet
facet normal -0.0028937208544911937 0.9999958131810435 0
outer loop
vertex 82.8234634399414 -20.228782653808594 6.300000190734863
vertex 82.8234634399414 -20.228782653808594 -1
vertex 82.12346649169922 -20.23080825805664 5.300000190734863
endloop
endfacet
facet normal 0 0 1
outer loop
vertex 82.0685043334961 -1.2308876514434814 -1
vertex 82.8234634399414 -20.228782653808594 -1
vertex 82.76850128173828 -1.2288628816604614 -1
endloop
endfacet
facet normal 0.002892576285819888 -0.9999958164924639 -3.326025126983586e-8
outer loop
vertex 82.76850128173828 -1.2288628816604614 6.300000190734863
vertex 79.76851654052734 -1.237540602684021 6.300000190734863
vertex 82.0685043334961 -1.2308876514434814 5.300000190734863
endloop
endfacet
facet normal -0.9999958160036194 -0.0028927452800207275 0
outer loop
vertex 82.8234634399414 -20.228782653808594 -1
vertex 82.8234634399414 -20.228782653808594 6.300000190734863
vertex 82.76850128173828 -1.2288628816604614 -1
endloop
endfacet
facet normal -0.0028937208544911937 0.9999958131810435 0
outer loop
vertex 82.12346649169922 -20.23080825805664 -1
vertex 82.12346649169922 -20.23080825805664 0
vertex 82.8234634399414 -20.228782653808594 -1
endloop
endfacet
facet normal -0.0028937208544911937 0.9999958131810434 0
outer loop
vertex 82.8234634399414 -20.228782653808594 -1
vertex 82.12346649169922 -20.23080825805664 0
vertex 82.12346649169922 -20.23080825805664 5.300000190734863
endloop
endfacet
facet normal 0 0 -1
outer loop
vertex -59.51247024536133 -14.458282470703125 6.300000190734863
vertex -62.51247024536133 -14.458282470703125 6.300000190734863
vertex -59.51247024536133 4.541718006134033 6.300000190734863
endloop
endfacet
facet normal 0 -1 0
outer loop
vertex -62.51247024536133 4.541718006134033 -1
vertex -61.93553161621094 4.541718006134033 -1
vertex -61.93553161621094 4.541718006134033 3.673863784806747e-14
endloop
endfacet
facet normal 0 0 1
outer loop
vertex -62.51247024536133 -14.458282470703125 -1
vertex -61.81247329711914 -14.458282470703125 -1
vertex -62.51247024536133 4.541718006134033 -1
endloop
endfacet
facet normal -1 0 0
outer loop
vertex -59.51247024536133 -14.458282470703125 5.300000190734863
vertex -59.51247024536133 -14.458282470703125 6.300000190734863
vertex -59.51247024536133 4.541718006134033 6.300000190734863
endloop
endfacet
facet normal 1 0 0
outer loop
vertex -62.51247024536133 -14.458282470703125 6.300000190734863
vertex -62.51247024536133 -14.458282470703125 -1
vertex -62.51247024536133 4.541718006134033 6.300000190734863
endloop
endfacet
facet normal 0 0 1
outer loop
vertex -62.51247024536133 4.541718006134033 -1
vertex -61.81247329711914 -14.458282470703125 -1
vertex -61.81247329711914 4.417953968048096 -1
endloop
endfacet
facet normal 1 0 0
outer loop
vertex -62.51247024536133 4.541718006134033 6.300000190734863
vertex -62.51247024536133 -14.458282470703125 -1
vertex -62.51247024536133 4.541718006134033 -1
endloop
endfacet
facet normal 0 0 1
outer loop
vertex -61.81247329711914 4.417953968048096 -1
vertex -61.93553161621094 4.541718006134033 -1
vertex -62.51247024536133 4.541718006134033 -1
endloop
endfacet
facet normal 0 0 -1
outer loop
vertex -59.51247024536133 4.541718006134033 6.300000190734863
vertex -62.51247024536133 -14.458282470703125 6.300000190734863
vertex -62.51247024536133 4.541718006134033 6.300000190734863
endloop
endfacet
facet normal 0 -1 0
outer loop
vertex -62.51247024536133 4.541718006134033 6.300000190734863
vertex -59.51247024536133 4.541718006134033 5.300000190734863
vertex -59.51247024536133 4.541718006134033 6.300000190734863
endloop
endfacet
facet normal 0 -1 0
outer loop
vertex -62.51247024536133 4.541718006134033 6.300000190734863
vertex -61.93553161621094 4.541718006134033 5.300000190734863
vertex -59.51247024536133 4.541718006134033 5.300000190734863
endloop
endfacet
facet normal 0 -1 0
outer loop
vertex -62.51247024536133 4.541718006134033 6.300000190734863
vertex -62.51247024536133 4.541718006134033 -1
vertex -61.93553161621094 4.541718006134033 5.300000190734863
endloop
endfacet
facet normal -1 0 0
outer loop
vertex -59.51247024536133 4.541718006134033 5.300000190734863
vertex -59.51247024536133 -14.458282470703125 5.300000190734863
vertex -59.51247024536133 4.541718006134033 6.300000190734863
endloop
endfacet
facet normal 0 -1 0
outer loop
vertex -62.51247024536133 4.541718006134033 -1
vertex -61.93553161621094 4.541718006134033 3.673863784806747e-14
vertex -61.93553161621094 4.541718006134033 5.300000190734863
endloop
endfacet
facet normal 1 0 0
outer loop
vertex -62.51247024536133 -27.995107650756836 -1
vertex -62.51247024536133 -14.458282470703125 -1
vertex -62.51247024536133 -14.458282470703125 6.300000190734863
endloop
endfacet
facet normal -1 0 0
outer loop
vertex -59.51247024536133 -16.848379135131836 5.699999809265137
vertex -59.51247024536133 -23.81161117553711 5.699999809265137
vertex -59.51247024536133 -14.458282470703125 6.300000190734863
endloop
endfacet
facet normal -1 0 0
outer loop
vertex -59.51247024536133 -22.66362953186035 5.300000190734863
vertex -59.51247024536133 -27.995107650756836 5.300000190734863
vertex -59.51247024536133 -23.620697021484375 5.551197528839111
endloop
endfacet
facet normal -1 0 0
outer loop
vertex -59.51247024536133 -27.995107650756836 5.300000190734863
vertex -59.51247024536133 -23.81161117553711 5.699999809265137
vertex -59.51247024536133 -23.620697021484375 5.551197528839111
endloop
endfacet
facet normal 0 0 -1
outer loop
vertex -59.51247024536133 -27.995107650756836 6.300000190734863
vertex -62.51247024536133 -27.995107650756836 6.300000190734863
vertex -59.51247024536133 -14.458282470703125 6.300000190734863
endloop
endfacet
facet normal -1 0 0
outer loop
vertex -59.51247024536133 -14.458282470703125 6.300000190734863
vertex -59.51247024536133 -23.81161117553711 5.699999809265137
vertex -59.51247024536133 -27.995107650756836 6.300000190734863
endloop
endfacet
facet normal 0 0 -1
outer loop
vertex -59.51247024536133 -14.458282470703125 6.300000190734863
vertex -62.51247024536133 -27.995107650756836 6.300000190734863
vertex -62.51247024536133 -14.458282470703125 6.300000190734863
endloop
endfacet
facet normal 0 0 1
outer loop
vertex -62.51247024536133 -14.458282470703125 -1
vertex -61.81247329711914 -27.995107650756836 -1
vertex -61.81247329711914 -14.458282470703125 -1
endloop
endfacet
facet normal 0 0 1
outer loop
vertex -61.81247329711914 -27.995107650756836 -1
vertex -62.51247024536133 -14.458282470703125 -1
vertex -62.51247024536133 -27.995107650756836 -1
endloop
endfacet
facet normal -1 0 0
outer loop
vertex -59.51247024536133 -27.995107650756836 5.300000190734863
vertex -59.51247024536133 -27.995107650756836 6.300000190734863
vertex -59.51247024536133 -23.81161117553711 5.699999809265137
endloop
endfacet
facet normal 1 0 0
outer loop
vertex -62.51247024536133 -27.995107650756836 6.300000190734863
vertex -62.51247024536133 -27.995107650756836 -1
vertex -62.51247024536133 -14.458282470703125 6.300000190734863
endloop
endfacet
facet normal -1 0 0
outer loop
vertex -59.51247024536133 -14.458282470703125 5.300000190734863
vertex -59.51247024536133 -16.848379135131836 5.699999809265137
vertex -59.51247024536133 -14.458282470703125 6.300000190734863
endloop
endfacet
facet normal -1 0 0
outer loop
vertex -59.51247024536133 -14.458282470703125 5.300000190734863
vertex -59.51247024536133 -17.99635887145996 5.300000190734863
vertex -59.51247024536133 -17.03929328918457 5.551197528839111
endloop
endfacet
facet normal -1 0 0
outer loop
vertex -59.51247024536133 -14.458282470703125 5.300000190734863
vertex -59.51247024536133 -17.03929328918457 5.551197528839111
vertex -59.51247024536133 -16.848379135131836 5.699999809265137
endloop
endfacet
facet normal 0 0 -1
outer loop
vertex -31.41663932800293 -3.9909820556640625 5.300000190734863
vertex -34.39719009399414 -2.6011271476745605 5.300000190734863
vertex -19.69997215270996 0.35810616612434387 5.300000190734863
endloop
endfacet
facet normal 0.6719459196864728 -0.7406002167274192 0
outer loop
vertex -81.30200958251953 43.693275451660156 0
vertex -78.75013732910156 46.00858688354492 0
vertex -78.75013732910156 46.00858688354492 5.300000190734863
endloop
endfacet
facet normal 0 0 -1
outer loop
vertex 81.53663635253906 24.222347259521484 5.300000190734863
vertex 81.5656509399414 24.175382614135742 5.300000190734863
vertex 81.99832153320312 23.031530380249023 5.300000190734863
endloop
endfacet
facet normal 0 0 -1
outer loop
vertex -40.349971771240234 -45.54251480102539 5.300000190734863
vertex -41.349971771240234 -45.54251480102539 5.300000190734863
vertex -41.349971771240234 -45.329994201660156 5.300000190734863
endloop
endfacet
facet normal 0 0 -1
outer loop
vertex 81.98809814453125 23.08577537536621 5.300000190734863
vertex 81.99832153320312 23.031530380249023 5.300000190734863
vertex 81.5656509399414 24.175382614135742 5.300000190734863
endloop
endfacet
facet normal 0.9914276801370209 0.13065460033367687 0.0007283335582572286
outer loop
vertex -61.81247329711914 -46.99510955810547 0
vertex -61.81247329711914 -47.024654388427734 5.300000190734863
vertex -61.800941467285156 -47.08261489868164 0
endloop
endfacet
facet normal 0 0 -1
outer loop
vertex 81.99832153320312 23.031530380249023 5.300000190734863
vertex 79.69841003417969 22.997278213500977 5.300000190734863
vertex 79.36273193359375 26.61836814880371 5.300000190734863
endloop
endfacet
facet normal 0 0 -1
outer loop
vertex 77.25003051757812 28.7218074798584 5.300000190734863
vertex 77.94283294677734 27.48940658569336 5.300000190734863
vertex 71.99569702148438 23.471641540527344 5.300000190734863
endloop
endfacet
facet normal 0 0 -1
outer loop
vertex 79.32942962646484 26.6458683013916 5.300000190734863
vertex 79.36273193359375 26.61836814880371 5.300000190734863
vertex 76.28997802734375 22.170005798339844 5.300000190734863
endloop
endfacet
facet normal 0 0 -1
outer loop
vertex 77.94283294677734 27.48940658569336 5.300000190734863
vertex 79.32942962646484 26.6458683013916 5.300000190734863
vertex 76.28997802734375 22.170005798339844 5.300000190734863
endloop
endfacet
facet normal 0 0 -1
outer loop
vertex 79.69841003417969 22.997278213500977 5.300000190734863
vertex 76.28997802734375 22.170005798339844 5.300000190734863
vertex 79.36273193359375 26.61836814880371 5.300000190734863
endloop
endfacet
facet normal 0 0 -1
outer loop
vertex 76.28997802734375 22.170005798339844 5.300000190734863
vertex 73.25166320800781 22.21567726135254 5.300000190734863
vertex 77.94283294677734 27.48940658569336 5.300000190734863
endloop
endfacet
facet normal 0 0 -1
outer loop
vertex 71.99569702148438 23.471641540527344 5.300000190734863
vertex 77.94283294677734 27.48940658569336 5.300000190734863
vertex 73.25166320800781 22.21567726135254 5.300000190734863
endloop
endfacet
facet normal -0.6367376342663532 -0.7710805308843479 0
outer loop
vertex 79.32942962646484 26.6458683013916 5.300000190734863
vertex 79.32942962646484 26.6458683013916 0
vertex 79.36273193359375 26.61836814880371 5.300000190734863
endloop
endfacet
facet normal -0.7406007102585216 -0.671945375729734 0
outer loop
vertex 79.36273193359375 26.61836814880371 5.300000190734863
vertex 79.36273193359375 26.61836814880371 0
vertex 81.53663635253906 24.222347259521484 5.300000190734863
endloop
endfacet
facet normal -0.8507412012107844 -0.5255848252779293 0
outer loop
vertex 81.53663635253906 24.222347259521484 5.300000190734863
vertex 81.53663635253906 24.222347259521484 0
vertex 81.5656509399414 24.175382614135742 5.300000190734863
endloop
endfacet
facet normal -0.9323767570820998 -0.3614880120461356 0
outer loop
vertex 81.5656509399414 24.175382614135742 0
vertex 81.98809814453125 23.08577537536621 5.300000190734863
vertex 81.5656509399414 24.175382614135742 5.300000190734863
endloop
endfacet
facet normal -0.8717033765222846 -0.490033900214718 0
outer loop
vertex 77.25003051757812 28.7218074798584 5.300000190734863
vertex 77.25003051757812 28.7218074798584 0
vertex 77.94283294677734 27.48940658569336 5.300000190734863
endloop
endfacet
facet normal -0.5197324492610276 -0.8543290824882022 0
outer loop
vertex 77.94283294677734 27.48940658569336 5.300000190734863
vertex 77.94283294677734 27.48940658569336 0
vertex 79.32942962646484 26.6458683013916 5.300000190734863
endloop
endfacet
facet normal 0 0 -1
outer loop
vertex -0.09705860167741776 -47.440059661865234 5.300000190734863
vertex -19.289920806884766 -36.22999572753906 5.300000190734863
vertex 1.2649486064910889 -46.52999496459961 5.300000190734863
endloop
endfacet
facet normal 0 0 -1
outer loop
vertex -0.09705860167741776 -47.440059661865234 5.300000190734863
vertex -0.42833802103996277 -48.239837646484375 5.300000190734863
vertex -19.289920806884766 -36.22999572753906 5.300000190734863
endloop
endfacet
facet normal 0 0 -1
outer loop
vertex -0.42833802103996277 -48.239837646484375 5.300000190734863
vertex -0.46116936206817627 -48.28897476196289 5.300000190734863
vertex -19.289920806884766 -36.22999572753906 5.300000190734863
endloop
endfacet
facet normal 0 0 -1
outer loop
vertex 71.95002746582031 23.581905364990234 5.300000190734863
vertex 71.95002746582031 40.75995635986328 5.300000190734863
vertex 76.78822326660156 43.220603942871094 5.300000190734863
endloop
endfacet
facet normal 0 0 -1
outer loop
vertex 71.95002746582031 23.581905364990234 5.300000190734863
vertex 77.25003051757812 28.7218074798584 5.300000190734863
vertex 71.99569702148438 23.471641540527344 5.300000190734863
endloop
endfacet
facet normal 0 0 -1
outer loop
vertex -0.46116936206817627 -48.28897476196289 5.300000190734863
vertex -2.928492784500122 -50.75629806518555 5.300000190734863
vertex -19.289920806884766 -36.22999572753906 5.300000190734863
endloop
endfacet
facet normal 0 0 -1
outer loop
vertex -2.928492784500122 -50.75629806518555 5.300000190734863
vertex -2.977628469467163 -50.789127349853516 5.300000190734863
vertex -19.289920806884766 -36.22999572753906 5.300000190734863
endloop
endfacet
facet normal 0 0 -1
outer loop
vertex -2.977628469467163 -50.789127349853516 5.300000190734863
vertex -4.134851455688477 -51.26846694946289 5.300000190734863
vertex -19.289920806884766 -36.22999572753906 5.300000190734863
endloop
endfacet
facet normal 0 0 -1
outer loop
vertex -4.134851455688477 -51.26846694946289 5.300000190734863
vertex -4.192810535430908 -51.27999496459961 5.300000190734863
vertex -19.289920806884766 -36.22999572753906 5.300000190734863
endloop
endfacet
facet normal -0.9238793155427927 0.3826839561729505 0
outer loop
vertex -0.09705860167741776 -47.440059661865234 0
vertex -0.42833802103996277 -48.239837646484375 5.300000190734863
vertex -0.09705860167741776 -47.440059661865234 5.300000190734863
endloop
endfacet
facet normal -0.8314776624018454 0.5555581850056417 0
outer loop
vertex -0.42833802103996277 -48.239837646484375 5.300000190734863
vertex -0.42833802103996277 -48.239837646484375 0
vertex -0.46116936206817627 -48.28897476196289 5.300000190734863
endloop
endfacet
facet normal -0.5856193381338276 -0.8105862019573845 0
outer loop
vertex 74.42093658447266 45.810455322265625 0
vertex 74.4717788696289 45.77372360229492 0
vertex 74.4717788696289 45.77372360229492 5.300000190734863
endloop
endfacet
facet normal -0.4053277764916393 -0.9141714246268824 0
outer loop
vertex 73.20417785644531 46.349945068359375 0
vertex 74.42093658447266 45.810455322265625 0
vertex 74.42093658447266 45.810455322265625 5.300000190734863
endloop
endfacet
facet normal -0.7071067641045348 0.7071067982685598 0
outer loop
vertex -0.46116936206817627 -48.28897476196289 5.300000190734863
vertex -0.46116936206817627 -48.28897476196289 0
vertex -2.928492784500122 -50.75629806518555 5.300000190734863
endloop
endfacet
facet normal 0 0 -1
outer loop
vertex -61.28877258300781 -48.28897476196289 5.300000190734863
vertex -61.32160568237305 -48.239837646484375 5.300000190734863
vertex -4.192810535430908 -51.27999496459961 5.300000190734863
endloop
endfacet
facet normal 0 0 -1
outer loop
vertex -4.192810535430908 -51.27999496459961 5.300000190734863
vertex -61.32160568237305 -48.239837646484375 5.300000190734863
vertex -61.800941467285156 -47.08261489868164 5.300000190734863
endloop
endfacet
facet normal 0 0 -1
outer loop
vertex -4.192810535430908 -51.27999496459961 5.300000190734863
vertex -61.800941467285156 -47.08261489868164 5.300000190734863
vertex -61.81247329711914 -47.024654388427734 5.300000190734863
endloop
endfacet
facet normal -0.8511616441324156 -0.5249036631209608 0
outer loop
vertex 76.78822326660156 43.220603942871094 0
vertex 76.81731414794922 43.173431396484375 0
vertex 76.81731414794922 43.173431396484375 5.300000190734863
endloop
endfacet
facet normal -0.7406000442632673 -0.6719461097716443 0
outer loop
vertex 74.4717788696289 45.77372360229492 0
vertex 76.78822326660156 43.220603942871094 0
vertex 76.78822326660156 43.220603942871094 5.300000190734863
endloop
endfacet
facet normal -0.9328998675584457 -0.36013585923847474 0
outer loop
vertex 76.81731414794922 43.173431396484375 0
vertex 77.23987579345703 42.07882308959961 0
vertex 77.23987579345703 42.07882308959961 5.300000190734863
endloop
endfacet
facet normal -0.9830695467370065 -0.18323281987214055 0
outer loop
vertex 77.23987579345703 42.07882308959961 0
vertex 77.25003051757812 42.02434158325195 0
vertex 77.25003051757812 42.02434158325195 5.300000190734863
endloop
endfacet
facet normal -0.20751831775084803 -0.978231132093974 0
outer loop
vertex 73.142822265625 46.36296081542969 0
vertex 73.20417785644531 46.349945068359375 0
vertex 73.20417785644531 46.349945068359375 5.300000190734863
endloop
endfacet
facet normal 0 0 -1
outer loop
vertex -34.39719009399414 -2.6011271476745605 5.300000190734863
vertex -38.289920806884766 1.7700053453445435 5.300000190734863
vertex -19.69997215270996 0.35810616612434387 5.300000190734863
endloop
endfacet
facet normal 0 0 -1
outer loop
vertex -38.289920806884766 1.7700053453445435 5.300000190734863
vertex -21.11187171936035 1.7700053453445435 5.300000190734863
vertex -21.00160789489746 1.7243330478668213 5.300000190734863
endloop
endfacet
facet normal 0 0 -1
outer loop
vertex -49.24997329711914 -45.6299934387207 5.300000190734863
vertex -48.54997253417969 -46.329994201660156 5.300000190734863
vertex -59.51247024536133 -46.99510955810547 5.300000190734863
endloop
endfacet
facet normal 0 0 -1
outer loop
vertex -49.24997329711914 -45.6299934387207 5.300000190734863
vertex -59.51247024536133 -46.99510955810547 5.300000190734863
vertex -49.24997329711914 -42.577537536621094 5.300000190734863
endloop
endfacet
facet normal 0 0 -1
outer loop
vertex -49.24997329711914 -42.577537536621094 5.300000190734863
vertex -59.51247024536133 -46.99510955810547 5.300000190734863
vertex -49.24997329711914 -41.441837310791016 5.300000190734863
endloop
endfacet
facet normal 0 0 -1
outer loop
vertex -49.24997329711914 -41.441837310791016 5.300000190734863
vertex -59.51247024536133 -46.99510955810547 5.300000190734863
vertex -49.24997329711914 -37.15085983276367 5.300000190734863
endloop
endfacet
facet normal 0 0 -1
outer loop
vertex -48.74997329711914 -42.57752990722656 5.300000190734863
vertex -49.24997329711914 -42.577537536621094 5.300000190734863
vertex -49.24997329711914 -41.441837310791016 5.300000190734863
endloop
endfacet
facet normal 0 0 -1
outer loop
vertex -49.24997329711914 -41.441837310791016 5.300000190734863
vertex -48.74997329711914 -41.441837310791016 5.300000190734863
vertex -48.74997329711914 -42.57752990722656 5.300000190734863
endloop
endfacet
facet normal 0 0 -1
outer loop
vertex -46.64997100830078 -45.54251480102539 5.300000190734863
vertex -47.64997100830078 -45.54251480102539 5.300000190734863
vertex -47.64997100830078 -45.329994201660156 5.300000190734863
endloop
endfacet
facet normal 0 0 -1
outer loop
vertex -46.64997100830078 -45.329994201660156 5.300000190734863
vertex -46.64997100830078 -45.54251480102539 5.300000190734863
vertex -47.64997100830078 -45.329994201660156 5.300000190734863
endloop
endfacet
facet normal 0.5555639466029874 0.8314738127174619 0
outer loop
vertex -58.772315979003906 -50.789127349853516 0
vertex -58.821449279785156 -50.75629806518555 0
vertex -58.821449279785156 -50.75629806518555 5.300000190734863
endloop
endfacet
facet normal 0.3826849606905586 0.9238788994566687 0
outer loop
vertex -57.61509323120117 -51.26846694946289 0
vertex -58.772315979003906 -50.789127349853516 0
vertex -58.772315979003906 -50.789127349853516 5.300000190734863
endloop
endfacet
facet normal 0.8314639180569044 0.5555787549659015 0
outer loop
vertex -61.28877258300781 -48.28897476196289 0
vertex -61.32160568237305 -48.239837646484375 0
vertex -61.32160568237305 -48.239837646484375 5.300000190734863
endloop
endfacet
facet normal 0.9238799762035903 0.3826823611953565 0
outer loop
vertex -61.32160568237305 -48.239837646484375 0
vertex -61.800941467285156 -47.08261489868164 0
vertex -61.800941467285156 -47.08261489868164 5.300000190734863
endloop
endfacet
facet normal -1 0 0
outer loop
vertex 77.25003051757812 28.7218074798584 0
vertex 77.25003051757812 28.7218074798584 5.300000190734863
vertex 77.25003051757812 42.02434158325195 0
endloop
endfacet
facet normal -0.6367376342663532 -0.7710805308843479 0
outer loop
vertex 79.32942962646484 26.6458683013916 0
vertex 79.36273193359375 26.61836814880371 0
vertex 79.36273193359375 26.61836814880371 5.300000190734863
endloop
endfacet
facet normal 0.7071067811865475 0.7071067811865475 0
outer loop
vertex -58.821449279785156 -50.75629806518555 0
vertex -61.28877258300781 -48.28897476196289 0
vertex -61.28877258300781 -48.28897476196289 5.300000190734863
endloop
endfacet
facet normal 0 0 -1
outer loop
vertex -59.51247024536133 -46.99510955810547 5.300000190734863
vertex -55.302677154541016 -32.457252502441406 5.300000190734863
vertex -52.977230072021484 -34.78269958496094 5.300000190734863
endloop
endfacet
facet normal 0 0 -1
outer loop
vertex -59.51247024536133 -46.99510955810547 5.300000190734863
vertex -52.977230072021484 -34.78269958496094 5.300000190734863
vertex -50.28330612182617 -36.66900634765625 5.300000190734863
endloop
endfacet
facet normal -0.7406007102585216 -0.671945375729734 0
outer loop
vertex 79.36273193359375 26.61836814880371 0
vertex 81.53663635253906 24.222347259521484 0
vertex 81.53663635253906 24.222347259521484 5.300000190734863
endloop
endfacet
facet normal -0.8507412012107844 -0.5255848252779293 0
outer loop
vertex 81.53663635253906 24.222347259521484 0
vertex 81.5656509399414 24.175382614135742 0
vertex 81.5656509399414 24.175382614135742 5.300000190734863
endloop
endfacet
facet normal -0.9323767570820998 -0.3614880120461356 0
outer loop
vertex 81.5656509399414 24.175382614135742 0
vertex 81.98809814453125 23.08577537536621 0
vertex 81.98809814453125 23.08577537536621 5.300000190734863
endloop
endfacet
facet normal 0 0 -1
outer loop
vertex -49.24997329711914 -37.15085983276367 5.300000190734863
vertex -59.51247024536133 -46.99510955810547 5.300000190734863
vertex -50.28330612182617 -36.66900634765625 5.300000190734863
endloop
endfacet
facet normal 0 0 -1
outer loop
vertex -55.302677154541016 -32.457252502441406 5.300000190734863
vertex -59.51247024536133 -46.99510955810547 5.300000190734863
vertex -57.18898391723633 -29.763328552246094 5.300000190734863
endloop
endfacet
facet normal -0.5197324492610276 -0.8543290824882022 0
outer loop
vertex 77.94283294677734 27.48940658569336 0
vertex 79.32942962646484 26.6458683013916 0
vertex 79.32942962646484 26.6458683013916 5.300000190734863
endloop
endfacet
facet normal -0.8717033765222846 -0.490033900214718 0
outer loop
vertex 77.25003051757812 28.7218074798584 0
vertex 77.94283294677734 27.48940658569336 0
vertex 77.94283294677734 27.48940658569336 5.300000190734863
endloop
endfacet
facet normal 0 0 -1
outer loop
vertex -59.51247024536133 -46.99510955810547 5.300000190734863
vertex -59.51247024536133 -27.995107650756836 5.300000190734863
vertex -58.57883834838867 -26.782773971557617 5.300000190734863
endloop
endfacet
facet normal 0 0 -1
outer loop
vertex -57.18898391723633 -29.763328552246094 5.300000190734863
vertex -59.51247024536133 -46.99510955810547 5.300000190734863
vertex -58.57883834838867 -26.782773971557617 5.300000190734863
endloop
endfacet
facet normal 0 0 -1
outer loop
vertex 79.69841003417969 22.997278213500977 5.300000190734863
vertex 76.70002746582031 21.75995445251465 5.300000190734863
vertex 76.28997802734375 22.170005798339844 5.300000190734863
endloop
endfacet
facet normal 0 0 -1
outer loop
vertex 73.25166320800781 22.21567726135254 5.300000190734863
vertex 76.28997802734375 22.170005798339844 5.300000190734863
vertex 73.36193084716797 22.170005798339844 5.300000190734863
endloop
endfacet
facet normal -0.9826996430632641 -0.1852064024901229 0
outer loop
vertex 81.98809814453125 23.08577537536621 0
vertex 81.99832153320312 23.031530380249023 5.300000190734863
vertex 81.98809814453125 23.08577537536621 5.300000190734863
endloop
endfacet
facet normal 0 0 -1
outer loop
vertex -22.26993179321289 -23.606157302856445 5.300000190734863
vertex -21.983304977416992 -20.329994201660156 5.300000190734863
vertex -19.69997215270996 -35.819942474365234 5.300000190734863
endloop
endfacet
facet normal 0 0 -1
outer loop
vertex -21.983304977416992 -20.329994201660156 5.300000190734863
vertex -22.26993179321289 -17.0538330078125 5.300000190734863
vertex -19.69997215270996 -35.819942474365234 5.300000190734863
endloop
endfacet
facet normal 0 0 -1
outer loop
vertex 82.05335998535156 4.0040106773376465 5.300000190734863
vertex 82.0685043334961 -1.2308876514434814 5.300000190734863
vertex 79.75337219238281 3.9973578453063965 5.300000190734863
endloop
endfacet
facet normal 0 0 -1
outer loop
vertex 82.0685043334961 -1.2308876514434814 5.300000190734863
vertex 79.76851654052734 -1.237540602684021 5.300000190734863
vertex 79.75337219238281 3.9973578453063965 5.300000190734863
endloop
endfacet
facet normal 0 0 -1
outer loop
vertex 79.69841003417969 22.997278213500977 5.300000190734863
vertex 76.70002746582031 -35.819942474365234 5.300000190734863
vertex 76.70002746582031 21.75995445251465 5.300000190734863
endloop
endfacet
facet normal -0.9999958154193228 -0.002892947259075186 0
outer loop
vertex 82.05335998535156 4.0040106773376465 5.300000190734863
vertex 82.0685043334961 -1.2308876514434814 0
vertex 82.0685043334961 -1.2308876514434814 5.300000190734863
endloop
endfacet
facet normal -0.9921627110103264 -0.12495099721043589 0.0006349620124004838
outer loop
vertex 81.98809814453125 23.08577537536621 0
vertex 81.99840545654297 23.003931045532227 0
vertex 81.99832153320312 23.031530380249023 5.300000190734863
endloop
endfacet
facet normal -0.9999958154193228 -0.002892947259075186 0
outer loop
vertex 82.05335998535156 4.0040106773376465 1.1259462060574625e-16
vertex 82.0685043334961 -1.2308876514434814 0
vertex 82.05335998535156 4.0040106773376465 5.300000190734863
endloop
endfacet
facet normal 0 0 -1
outer loop
vertex 71.53997802734375 41.170005798339844 5.300000190734863
vertex -58.524803161621094 46.45685577392578 5.300000190734863
vertex 54.11146926879883 46.37653350830078 5.300000190734863
endloop
endfacet
facet normal -0.0007131115275305579 -0.9999997457359424 0
outer loop
vertex 54.11146926879883 46.37653350830078 5.300000190734863
vertex -77.55253601074219 46.47042465209961 0
vertex 54.11146926879883 46.37653350830078 3.5999999046325684
endloop
endfacet
facet normal -0.0007131195716594452 -0.9999997457301626 2.942007775053794e-7
outer loop
vertex -77.55253601074219 46.47042465209961 0
vertex 73.142822265625 46.36296081542969 0
vertex 54.11146926879883 46.37653350830078 3.5999999046325684
endloop
endfacet
facet normal -0.5555453092580662 0.8314862652872623 0
outer loop
vertex -2.928492784500122 -50.75629806518555 5.300000190734863
vertex -2.928492784500122 -50.75629806518555 0
vertex -2.977628469467163 -50.789127349853516 5.300000190734863
endloop
endfacet
facet normal -0.38268489339373674 0.9238789273320527 0
outer loop
vertex -2.977628469467163 -50.789127349853516 5.300000190734863
vertex -2.977628469467163 -50.789127349853516 0
vertex -4.134851455688477 -51.26846694946289 5.300000190734863
endloop
endfacet
facet normal 0 1 0
outer loop
vertex -57.527584075927734 -51.27999496459961 3.5999999046325684
vertex -38.527584075927734 -51.27999496459961 3.5999999046325684
vertex -44.527584075927734 -51.27999496459961 1.350000023841858
endloop
endfacet
facet normal -0.19507790796352512 0.9807877496301503 0
outer loop
vertex -4.134851455688477 -51.26846694946289 5.300000190734863
vertex -4.134851455688477 -51.26846694946289 0
vertex -4.192810535430908 -51.27999496459961 5.300000190734863
endloop
endfacet
facet normal 0 0 -1
outer loop
vertex 77.25003051757812 28.7218074798584 5.300000190734863
vertex 71.95002746582031 23.581905364990234 5.300000190734863
vertex 77.25003051757812 42.02434158325195 5.300000190734863
endloop
endfacet
facet normal 0 0 -1
outer loop
vertex 77.25003051757812 42.02434158325195 5.300000190734863
vertex 71.95002746582031 23.581905364990234 5.300000190734863
vertex 77.23987579345703 42.07882308959961 5.300000190734863
endloop
endfacet
facet normal 0.9807763187300249 0.19513536998294492 0
outer loop
vertex -61.800941467285156 -47.08261489868164 5.300000190734863
vertex -61.800941467285156 -47.08261489868164 0
vertex -61.81247329711914 -47.024654388427734 5.300000190734863
endloop
endfacet
facet normal 0 0 -1
outer loop
vertex 79.75337219238281 3.9973578453063965 5.300000190734863
vertex 76.70002746582031 -35.819942474365234 5.300000190734863
vertex 79.69841003417969 22.997278213500977 5.300000190734863
endloop
endfacet
facet normal 0 0 -1
outer loop
vertex 79.76851654052734 -1.237540602684021 5.300000190734863
vertex 76.70002746582031 -35.819942474365234 5.300000190734863
vertex 79.75337219238281 3.9973578453063965 5.300000190734863
endloop
endfacet
facet normal 0 0 -1
outer loop
vertex 79.82347106933594 -20.23746109008789 5.300000190734863
vertex 76.70002746582031 -35.819942474365234 5.300000190734863
vertex 79.76851654052734 -1.237540602684021 5.300000190734863
endloop
endfacet
facet normal 0 0 -1
outer loop
vertex -4.192810535430908 -51.27999496459961 5.300000190734863
vertex -25.849971771240234 -38.329994201660156 5.300000190734863
vertex -19.289920806884766 -36.22999572753906 5.300000190734863
endloop
endfacet
facet normal 0 0 -1
outer loop
vertex 82.12346649169922 -20.23080825805664 5.300000190734863
vertex 82.13860321044922 -25.46570587158203 5.300000190734863
vertex 79.82347106933594 -20.23746109008789 5.300000190734863
endloop
endfacet
facet normal 0 0 -1
outer loop
vertex 82.13860321044922 -25.46570587158203 5.300000190734863
vertex 79.83861541748047 -25.47235870361328 5.300000190734863
vertex 79.82347106933594 -20.23746109008789 5.300000190734863
endloop
endfacet
facet normal 0 0 -1
outer loop
vertex 79.83861541748047 -25.47235870361328 5.300000190734863
vertex 76.70002746582031 -35.819942474365234 5.300000190734863
vertex 79.82347106933594 -20.23746109008789 5.300000190734863
endloop
endfacet
facet normal -0.9999958196332941 -0.002891490262169859 0
outer loop
vertex 82.12346649169922 -20.23080825805664 5.300000190734863
vertex 82.13860321044922 -25.46570587158203 0
vertex 82.13860321044922 -25.46570587158203 5.300000190734863
endloop
endfacet
facet normal 0 0 -1
outer loop
vertex -4.192810535430908 -51.27999496459961 5.300000190734863
vertex -25.849971771240234 -44.329994201660156 5.300000190734863
vertex -25.849971771240234 -38.329994201660156 5.300000190734863
endloop
endfacet
facet normal 0.1950732765035795 0.9807886708125039 0
outer loop
vertex -57.557132720947266 -51.27999496459961 5.300000190734863
vertex -57.557132720947266 -51.27999496459961 0
vertex -57.61509323120117 -51.26846694946289 5.300000190734863
endloop
endfacet
facet normal 0.3826849606905586 0.9238788994566687 0
outer loop
vertex -57.61509323120117 -51.26846694946289 5.300000190734863
vertex -57.61509323120117 -51.26846694946289 0
vertex -58.772315979003906 -50.789127349853516 5.300000190734863
endloop
endfacet
facet normal -0.9999958196332941 -0.002891490262169859 0
outer loop
vertex 82.12346649169922 -20.23080825805664 0
vertex 82.13860321044922 -25.46570587158203 0
vertex 82.12346649169922 -20.23080825805664 5.300000190734863
endloop
endfacet
facet normal 0 1 0
outer loop
vertex -57.527584075927734 -51.27999496459961 3.5999999046325684
vertex -57.557132720947266 -51.27999496459961 0
vertex -57.557132720947266 -51.27999496459961 5.300000190734863
endloop
endfacet
facet normal 0.7071067811865475 0.7071067811865475 0
outer loop
vertex -58.821449279785156 -50.75629806518555 5.300000190734863
vertex -58.821449279785156 -50.75629806518555 0
vertex -61.28877258300781 -48.28897476196289 5.300000190734863
endloop
endfacet
facet normal 0.9238799762035903 0.3826823611953565 0
outer loop
vertex -61.32160568237305 -48.239837646484375 5.300000190734863
vertex -61.32160568237305 -48.239837646484375 0
vertex -61.800941467285156 -47.08261489868164 5.300000190734863
endloop
endfacet
facet normal 0.8314639180569044 0.5555787549659015 0
outer loop
vertex -61.28877258300781 -48.28897476196289 5.300000190734863
vertex -61.28877258300781 -48.28897476196289 0
vertex -61.32160568237305 -48.239837646484375 5.300000190734863
endloop
endfacet
facet normal 0.5555639466029874 0.8314738127174619 0
outer loop
vertex -58.772315979003906 -50.789127349853516 5.300000190734863
vertex -58.772315979003906 -50.789127349853516 0
vertex -58.821449279785156 -50.75629806518555 5.300000190734863
endloop
endfacet
facet normal 0 0 -1
outer loop
vertex 76.78822326660156 43.220603942871094 5.300000190734863
vertex 71.95002746582031 40.75995635986328 5.300000190734863
vertex 71.53997802734375 41.170005798339844 5.300000190734863
endloop
endfacet
facet normal -0.0007131475769665952 -0.9999997457102237 1.4615100781091562e-7
outer loop
vertex 54.11146926879883 46.37653350830078 3.5999999046325684
vertex 73.142822265625 46.36296081542969 0
vertex 73.11146545410156 46.36298370361328 3.5999999046325684
endloop
endfacet
facet normal 0 0 -1
outer loop
vertex 79.8935775756836 -44.4722785949707 5.300000190734863
vertex 76.70002746582031 -35.819942474365234 5.300000190734863
vertex 79.83861541748047 -25.47235870361328 5.300000190734863
endloop
endfacet
facet normal 0 0 -1
outer loop
vertex 79.8935775756836 -44.4722785949707 5.300000190734863
vertex 76.28997802734375 -36.22999572753906 5.300000190734863
vertex 76.70002746582031 -35.819942474365234 5.300000190734863
endloop
endfacet
facet normal 0 0 -1
outer loop
vertex -4.192810535430908 -51.27999496459961 5.300000190734863
vertex -32.449974060058594 -45.6299934387207 5.300000190734863
vertex -25.849971771240234 -44.329994201660156 5.300000190734863
endloop
endfacet
facet normal -0.0007299268128491887 -0.9999997336033886 0
outer loop
vertex 73.11146545410156 46.36298370361328 3.5999999046325684
vertex 73.142822265625 46.36296081542969 0
vertex 73.142822265625 46.36296081542969 5.300000190734863
endloop
endfacet
facet normal -0.20751831775084803 -0.978231132093974 0
outer loop
vertex 73.142822265625 46.36296081542969 5.300000190734863
vertex 73.142822265625 46.36296081542969 0
vertex 73.20417785644531 46.349945068359375 5.300000190734863
endloop
endfacet
facet normal -0.4053277764916393 -0.9141714246268824 0
outer loop
vertex 73.20417785644531 46.349945068359375 5.300000190734863
vertex 73.20417785644531 46.349945068359375 0
vertex 74.42093658447266 45.810455322265625 5.300000190734863
endloop
endfacet
facet normal 0 0 -1
outer loop
vertex 71.53997802734375 41.170005798339844 5.300000190734863
vertex 54.11146926879883 46.37653350830078 5.300000190734863
vertex 73.142822265625 46.36296081542969 5.300000190734863
endloop
endfacet
facet normal 0 1 0
outer loop
vertex -4.192810535430908 -51.27999496459961 5.300000190734863
vertex -4.192810535430908 -51.27999496459961 0
vertex -38.527584075927734 -51.27999496459961 3.5999999046325684
endloop
endfacet
facet normal 0.9835587777906306 0.1805882904038938 0
outer loop
vertex -81.991943359375 10.369537353515625 0
vertex -82.00199890136719 10.424304008483887 0
vertex -82.00199890136719 10.424304008483887 5.300000190734863
endloop
endfacet
facet normal 0 0 -1
outer loop
vertex 82.19374084472656 -44.525413513183594 5.300000190734863
vertex 79.8935775756836 -44.4722785949707 5.300000190734863
vertex 82.19356536865234 -44.46562576293945 5.300000190734863
endloop
endfacet
facet normal 0 0 -1
outer loop
vertex 80.30538177490234 -46.48415756225586 5.300000190734863
vertex 80.1949462890625 -46.52999496459961 5.300000190734863
vertex 82.1482162475586 -44.635982513427734 5.300000190734863
endloop
endfacet
facet normal 0 0 -1
outer loop
vertex 80.1949462890625 -46.52999496459961 5.300000190734863
vertex 80.13516235351562 -46.52999496459961 5.300000190734863
vertex 82.1482162475586 -44.635982513427734 5.300000190734863
endloop
endfacet
facet normal 0 1 0
outer loop
vertex 80.1949462890625 -46.52999496459961 5.300000190734863
vertex 80.13516235351562 -46.52999496459961 3.5999999046325684
vertex 80.13516235351562 -46.52999496459961 5.300000190734863
endloop
endfacet
facet normal 0.7406009871358396 0.6719450705626316 0
outer loop
vertex -81.5400619506836 9.221500396728516 0
vertex -81.5400619506836 9.221500396728516 5.300000190734863
vertex -79.22447204589844 6.669315338134766 0
endloop
endfacet
facet normal 0.8515877443027207 0.5242120885227696 0
outer loop
vertex -81.5400619506836 9.221500396728516 0
vertex -81.56925201416016 9.268919944763184 0
vertex -81.56925201416016 9.268919944763184 5.300000190734863
endloop
endfacet
facet normal 0 0 -1
outer loop
vertex 80.13516235351562 -46.52999496459961 5.300000190734863
vertex 61.135162353515625 -46.52999496459961 5.300000190734863
vertex 82.1482162475586 -44.635982513427734 5.300000190734863
endloop
endfacet
facet normal -0.9999956929630784 -0.0029349710888982076 0
outer loop
vertex 82.19356536865234 -44.46562576293945 5.300000190734863
vertex 82.19374084472656 -44.525413513183594 0
vertex 82.19374084472656 -44.525413513183594 5.300000190734863
endloop
endfacet
facet normal -0.9246893299613783 0.38072252764392234 0
outer loop
vertex 82.19374084472656 -44.525413513183594 0
vertex 82.1482162475586 -44.635982513427734 5.300000190734863
vertex 82.19374084472656 -44.525413513183594 5.300000190734863
endloop
endfacet
facet normal -0.7081291631723116 0.7060829188309838 0
outer loop
vertex 82.1482162475586 -44.635982513427734 5.300000190734863
vertex 82.1482162475586 -44.635982513427734 0
vertex 80.30538177490234 -46.48415756225586 5.300000190734863
endloop
endfacet
facet normal -0.38335097069013674 0.9236027464613397 0
outer loop
vertex 80.30538177490234 -46.48415756225586 5.300000190734863
vertex 80.30538177490234 -46.48415756225586 0
vertex 80.1949462890625 -46.52999496459961 5.300000190734863
endloop
endfacet
facet normal 0 1 0
outer loop
vertex 80.1949462890625 -46.52999496459961 0
vertex 80.13516235351562 -46.52999496459961 3.5999999046325684
vertex 80.1949462890625 -46.52999496459961 5.300000190734863
endloop
endfacet
facet normal 0 0 -1
outer loop
vertex 73.142822265625 46.36296081542969 5.300000190734863
vertex 73.20417785644531 46.349945068359375 5.300000190734863
vertex 71.53997802734375 41.170005798339844 5.300000190734863
endloop
endfacet
facet normal 0 0 -1
outer loop
vertex 73.20417785644531 46.349945068359375 5.300000190734863
vertex 74.42093658447266 45.810455322265625 5.300000190734863
vertex 71.53997802734375 41.170005798339844 5.300000190734863
endloop
endfacet
facet normal 0.9335225516382156 0.3585186823345125 0
outer loop
vertex -81.56925201416016 9.268919944763184 0
vertex -81.991943359375 10.369537353515625 0
vertex -81.991943359375 10.369537353515625 5.300000190734863
endloop
endfacet
facet normal 0.21116689738073033 0.9774500199245976 0
outer loop
vertex -77.90510559082031 6.080394268035889 0
vertex -77.9660415649414 6.0935587882995605 0
vertex -77.9660415649414 6.0935587882995605 5.300000190734863
endloop
endfacet
facet normal 0.5866125768133058 0.8098676958148494 0
outer loop
vertex -79.17398071289062 6.632742881774902 0
vertex -79.22447204589844 6.669315338134766 0
vertex -79.22447204589844 6.669315338134766 5.300000190734863
endloop
endfacet
facet normal 0 1 0
outer loop
vertex 80.13516235351562 -46.52999496459961 3.5999999046325684
vertex 75.13516235351562 -46.52999496459961 1.350000023841858
vertex 61.135162353515625 -46.52999496459961 3.5999999046325684
endloop
endfacet
facet normal 0.4076039081445978 0.9131588328791712 0
outer loop
vertex -77.9660415649414 6.0935587882995605 0
vertex -79.17398071289062 6.632742881774902 0
vertex -79.17398071289062 6.632742881774902 5.300000190734863
endloop
endfacet
facet normal 0.005694981041523104 0.9999837834639803 0
outer loop
vertex -63.383235931396484 5.9976911544799805 0
vertex -77.90510559082031 6.080394268035889 0
vertex -77.90510559082031 6.080394268035889 5.300000190734863
endloop
endfacet
facet normal 0.9999939726948481 -0.00347196975435171 0
outer loop
vertex -82.00199890136719 10.424304008483887 5.300000190734863
vertex -82.00199890136719 10.424304008483887 0
vertex -81.95716094970703 23.3384952545166 0
endloop
endfacet
facet normal 0 0 -1
outer loop
vertex 71.53997802734375 41.170005798339844 5.300000190734863
vertex 74.42093658447266 45.810455322265625 5.300000190734863
vertex 74.4717788696289 45.77372360229492 5.300000190734863
endloop
endfacet
facet normal 0 0 -1
outer loop
vertex 79.8935775756836 -44.4722785949707 5.300000190734863
vertex 18.387041091918945 -41.722904205322266 5.300000190734863
vertex 76.28997802734375 -36.22999572753906 5.300000190734863
endloop
endfacet
facet normal 0.7091175414065017 0.7050902867502844 0
outer loop
vertex -61.93553161621094 4.541718006134033 3.673863784806747e-14
vertex -63.383235931396484 5.9976911544799805 0
vertex -61.93553161621094 4.541718006134033 5.300000190734863
endloop
endfacet
facet normal 0.9835587777906306 0.1805882904038938 0
outer loop
vertex -81.991943359375 10.369537353515625 5.300000190734863
vertex -81.991943359375 10.369537353515625 0
vertex -82.00199890136719 10.424304008483887 5.300000190734863
endloop
endfacet
facet normal 0 0 -1
outer loop
vertex 82.1482162475586 -44.635982513427734 5.300000190734863
vertex 1.2649486064910889 -46.52999496459961 5.300000190734863
vertex 82.19374084472656 -44.525413513183594 5.300000190734863
endloop
endfacet
facet normal 0 0 -1
outer loop
vertex 79.8935775756836 -44.4722785949707 5.300000190734863
vertex 82.19374084472656 -44.525413513183594 5.300000190734863
vertex 1.2649486064910889 -46.52999496459961 5.300000190734863
endloop
endfacet
facet normal 0.7406009871358396 0.6719450705626316 0
outer loop
vertex -79.22447204589844 6.669315338134766 5.300000190734863
vertex -79.22447204589844 6.669315338134766 0
vertex -81.5400619506836 9.221500396728516 5.300000190734863
endloop
endfacet
facet normal 0.8515877443027207 0.5242120885227696 0
outer loop
vertex -81.5400619506836 9.221500396728516 5.300000190734863
vertex -81.5400619506836 9.221500396728516 0
vertex -81.56925201416016 9.268919944763184 5.300000190734863
endloop
endfacet
facet normal 0.9335225516382156 0.3585186823345125 0
outer loop
vertex -81.56925201416016 9.268919944763184 5.300000190734863
vertex -81.56925201416016 9.268919944763184 0
vertex -81.991943359375 10.369537353515625 5.300000190734863
endloop
endfacet
facet normal 0.4076039081445978 0.9131588328791712 0
outer loop
vertex -77.9660415649414 6.0935587882995605 5.300000190734863
vertex -77.9660415649414 6.0935587882995605 0
vertex -79.17398071289062 6.632742881774902 5.300000190734863
endloop
endfacet
facet normal 0.21116689738073033 0.9774500199245976 0
outer loop
vertex -77.90510559082031 6.080394268035889 5.300000190734863
vertex -77.90510559082031 6.080394268035889 0
vertex -77.9660415649414 6.0935587882995605 5.300000190734863
endloop
endfacet
facet normal 0.5866125768133058 0.8098676958148494 0
outer loop
vertex -79.17398071289062 6.632742881774902 5.300000190734863
vertex -79.17398071289062 6.632742881774902 0
vertex -79.22447204589844 6.669315338134766 5.300000190734863
endloop
endfacet
facet normal 0 0 -1
outer loop
vertex -79.17398071289062 6.632742881774902 5.300000190734863
vertex -79.22447204589844 6.669315338134766 5.300000190734863
vertex -81.5400619506836 9.221500396728516 5.300000190734863
endloop
endfacet
facet normal 0 0 -1
outer loop
vertex -79.17398071289062 6.632742881774902 5.300000190734863
vertex -81.5400619506836 9.221500396728516 5.300000190734863
vertex -77.9660415649414 6.0935587882995605 5.300000190734863
endloop
endfacet
facet normal 0 1 0
outer loop
vertex -52.527584075927734 -51.27999496459961 1.350000023841858
vertex -57.527584075927734 -51.27999496459961 3.5999999046325684
vertex -44.527584075927734 -51.27999496459961 1.350000023841858
endloop
endfacet
facet normal 0 0 -1
outer loop
vertex -77.9660415649414 6.0935587882995605 5.300000190734863
vertex -81.5400619506836 9.221500396728516 5.300000190734863
vertex -77.90510559082031 6.080394268035889 5.300000190734863
endloop
endfacet
facet normal 0 0 -1
outer loop
vertex -77.90510559082031 6.080394268035889 5.300000190734863
vertex -81.5400619506836 9.221500396728516 5.300000190734863
vertex -63.383235931396484 5.9976911544799805 5.300000190734863
endloop
endfacet
facet normal 0 0 -1
outer loop
vertex 61.135162353515625 -46.52999496459961 5.300000190734863
vertex 1.2649486064910889 -46.52999496459961 5.300000190734863
vertex 82.1482162475586 -44.635982513427734 5.300000190734863
endloop
endfacet
facet normal 0 1 0
outer loop
vertex 75.13516235351562 -46.52999496459961 1.350000023841858
vertex 67.13516235351562 -46.52999496459961 1.350000023841858
vertex 1.2649486064910889 -46.52999496459961 5.300000190734863
endloop
endfacet
facet normal 0 1 0
outer loop
vertex 1.2649486064910889 -46.52999496459961 5.300000190734863
vertex 61.135162353515625 -46.52999496459961 3.5999999046325684
vertex 75.13516235351562 -46.52999496459961 1.350000023841858
endloop
endfacet
facet normal 0 0 -1
outer loop
vertex -63.383235931396484 5.9976911544799805 5.300000190734863
vertex -81.5400619506836 9.221500396728516 5.300000190734863
vertex -81.56925201416016 9.268919944763184 5.300000190734863
endloop
endfacet
facet normal 0 0 -1
outer loop
vertex -81.56925201416016 9.268919944763184 5.300000190734863
vertex -81.991943359375 10.369537353515625 5.300000190734863
vertex -63.383235931396484 5.9976911544799805 5.300000190734863
endloop
endfacet
facet normal 0 1 0
outer loop
vertex 67.13516235351562 -46.52999496459961 0
vertex 1.2649486064910889 -46.52999496459961 5.300000190734863
vertex 67.13516235351562 -46.52999496459961 1.350000023841858
endloop
endfacet
facet normal 0 0 -1
outer loop
vertex -22.26993179321289 -17.0538330078125 5.300000190734863
vertex -23.121105194091797 -13.877214431762695 5.300000190734863
vertex -19.69997215270996 0.35810616612434387 5.300000190734863
endloop
endfacet
facet normal -0.9999956929630784 -0.0029349710888982076 0
outer loop
vertex 82.19356536865234 -44.46562576293945 0
vertex 82.19374084472656 -44.525413513183594 0
vertex 82.19356536865234 -44.46562576293945 5.300000190734863
endloop
endfacet
facet normal -0.9246893299613783 0.38072252764392234 0
outer loop
vertex 82.19374084472656 -44.525413513183594 0
vertex 82.1482162475586 -44.635982513427734 0
vertex 82.1482162475586 -44.635982513427734 5.300000190734863
endloop
endfacet
facet normal -0.7081291631723116 0.7060829188309838 0
outer loop
vertex 82.1482162475586 -44.635982513427734 0
vertex 80.30538177490234 -46.48415756225586 0
vertex 80.30538177490234 -46.48415756225586 5.300000190734863
endloop
endfacet
facet normal -0.38335097069013674 0.9236027464613397 0
outer loop
vertex 80.30538177490234 -46.48415756225586 0
vertex 80.1949462890625 -46.52999496459961 0
vertex 80.1949462890625 -46.52999496459961 5.300000190734863
endloop
endfacet
facet normal 0 1 0
outer loop
vertex 80.1949462890625 -46.52999496459961 0
vertex 75.13516235351562 -46.52999496459961 1.350000023841858
vertex 80.13516235351562 -46.52999496459961 3.5999999046325684
endloop
endfacet
facet normal 0 1 0
outer loop
vertex 80.1949462890625 -46.52999496459961 0
vertex 75.13516235351562 -46.52999496459961 0
vertex 75.13516235351562 -46.52999496459961 1.350000023841858
endloop
endfacet
facet normal 0 0 -1
outer loop
vertex -63.383235931396484 5.9976911544799805 5.300000190734863
vertex -81.991943359375 10.369537353515625 5.300000190734863
vertex -82.00199890136719 10.424304008483887 5.300000190734863
endloop
endfacet
facet normal 0.005694981041523104 0.9999837834639803 0
outer loop
vertex -63.383235931396484 5.9976911544799805 0
vertex -77.90510559082031 6.080394268035889 5.300000190734863
vertex -63.383235931396484 5.9976911544799805 5.300000190734863
endloop
endfacet
facet normal 0 0 -1
outer loop
vertex -63.383235931396484 5.9976911544799805 5.300000190734863
vertex -82.00199890136719 10.424304008483887 5.300000190734863
vertex -76.28992462158203 11.270005226135254 5.300000190734863
endloop
endfacet
facet normal 0 0 -1
outer loop
vertex -28.72271156311035 -5.877289295196533 5.300000190734863
vertex -31.41663932800293 -3.9909820556640625 5.300000190734863
vertex -19.69997215270996 0.35810616612434387 5.300000190734863
endloop
endfacet
facet normal 0 0 -1
outer loop
vertex -19.69997215270996 0.35810616612434387 5.300000190734863
vertex -23.121105194091797 -13.877214431762695 5.300000190734863
vertex -24.51095962524414 -10.896661758422852 5.300000190734863
endloop
endfacet
facet normal 0 0 -1
outer loop
vertex -82.00199890136719 10.424304008483887 5.300000190734863
vertex -79.65717315673828 23.330509185791016 5.300000190734863
vertex -76.6999740600586 11.680055618286133 5.300000190734863
endloop
endfacet
facet normal 0 0 -1
outer loop
vertex -76.28992462158203 11.270005226135254 5.300000190734863
vertex -82.00199890136719 10.424304008483887 5.300000190734863
vertex -76.6999740600586 11.680055618286133 5.300000190734863
endloop
endfacet
facet normal 0.9999939726948481 -0.00347196975435171 0
outer loop
vertex -82.00199890136719 10.424304008483887 5.300000190734863
vertex -81.95716094970703 23.3384952545166 0
vertex -81.95716094970703 23.3384952545166 5.300000190734863
endloop
endfacet
facet normal 0 0 -1
outer loop
vertex -79.65717315673828 23.330509185791016 5.300000190734863
vertex -82.00199890136719 10.424304008483887 5.300000190734863
vertex -81.95716094970703 23.3384952545166 5.300000190734863
endloop
endfacet
facet normal 0 0 -1
outer loop
vertex -50.28330612182617 -3.9909820556640625 5.300000190734863
vertex -52.977230072021484 -5.877289295196533 5.300000190734863
vertex -59.51247024536133 4.541718006134033 5.300000190734863
endloop
endfacet
facet normal 0.7091175414065017 0.7050902867502844 0
outer loop
vertex -61.93553161621094 4.541718006134033 5.300000190734863
vertex -63.383235931396484 5.9976911544799805 0
vertex -63.383235931396484 5.9976911544799805 5.300000190734863
endloop
endfacet
facet normal 0 0 -1
outer loop
vertex -61.93553161621094 4.541718006134033 5.300000190734863
vertex -63.383235931396484 5.9976911544799805 5.300000190734863
vertex -59.51247024536133 4.541718006134033 5.300000190734863
endloop
endfacet
facet normal 0 0 -1
outer loop
vertex -63.383235931396484 5.9976911544799805 5.300000190734863
vertex -76.28992462158203 11.270005226135254 5.300000190734863
vertex -40.11186981201172 11.270005226135254 5.300000190734863
endloop
endfacet
facet normal 0 0 -1
outer loop
vertex -59.51247024536133 4.541718006134033 5.300000190734863
vertex -63.383235931396484 5.9976911544799805 5.300000190734863
vertex -40.11186981201172 11.270005226135254 5.300000190734863
endloop
endfacet
facet normal 0 0 -1
outer loop
vertex -50.28330612182617 -3.9909820556640625 5.300000190734863
vertex -59.51247024536133 4.541718006134033 5.300000190734863
vertex -40.11186981201172 11.270005226135254 5.300000190734863
endloop
endfacet
facet normal 0 0 -1
outer loop
vertex -19.69997215270996 0.35810616612434387 5.300000190734863
vertex -24.51095962524414 -10.896661758422852 5.300000190734863
vertex -26.397266387939453 -8.20273494720459 5.300000190734863
endloop
endfacet
facet normal 0 0 -1
outer loop
vertex -19.69997215270996 0.35810616612434387 5.300000190734863
vertex -26.397266387939453 -8.20273494720459 5.300000190734863
vertex -28.72271156311035 -5.877289295196533 5.300000190734863
endloop
endfacet
facet normal 0 0 -1
outer loop
vertex -47.30275344848633 -2.6011271476745605 5.300000190734863
vertex -50.28330612182617 -3.9909820556640625 5.300000190734863
vertex -40.11186981201172 11.270005226135254 5.300000190734863
endloop
endfacet
facet normal 0 0 -1
outer loop
vertex -44.12613296508789 -1.7499550580978394 5.300000190734863
vertex -47.30275344848633 -2.6011271476745605 5.300000190734863
vertex -40.11186981201172 11.270005226135254 5.300000190734863
endloop
endfacet
facet normal -1 0 0
outer loop
vertex 77.25003051757812 42.02434158325195 5.300000190734863
vertex 77.25003051757812 42.02434158325195 0
vertex 77.25003051757812 28.7218074798584 5.300000190734863
endloop
endfacet
facet normal -0.9830695467370065 -0.18323281987214055 0
outer loop
vertex 77.23987579345703 42.07882308959961 5.300000190734863
vertex 77.23987579345703 42.07882308959961 0
vertex 77.25003051757812 42.02434158325195 5.300000190734863
endloop
endfacet
facet normal 0 0 -1
outer loop
vertex 77.23987579345703 42.07882308959961 5.300000190734863
vertex 71.95002746582031 23.581905364990234 5.300000190734863
vertex 76.81731414794922 43.173431396484375 5.300000190734863
endloop
endfacet
facet normal 0 0 -1
outer loop
vertex 76.28997802734375 -36.22999572753906 5.300000190734863
vertex 18.723630905151367 -40.61331558227539 5.300000190734863
vertex 18.63035774230957 -40.499664306640625 5.300000190734863
endloop
endfacet
facet normal 0 0 -1
outer loop
vertex 1.2649486064910889 -46.52999496459961 5.300000190734863
vertex -19.289920806884766 -36.22999572753906 5.300000190734863
vertex 17.35002899169922 -41.02999496459961 5.300000190734863
endloop
endfacet
facet normal 0 0 -1
outer loop
vertex 18.63035774230957 -40.499664306640625 5.300000190734863
vertex 18.516706466674805 -40.40639114379883 5.300000190734863
vertex 76.28997802734375 -36.22999572753906 5.300000190734863
endloop
endfacet
facet normal 0 0 -1
outer loop
vertex 76.28997802734375 -36.22999572753906 5.300000190734863
vertex 18.792938232421875 -40.74298095703125 5.300000190734863
vertex 18.723630905151367 -40.61331558227539 5.300000190734863
endloop
endfacet
facet normal 0 0 -1
outer loop
vertex 76.28997802734375 -36.22999572753906 5.300000190734863
vertex 18.835617065429688 -40.8836784362793 5.300000190734863
vertex 18.792938232421875 -40.74298095703125 5.300000190734863
endloop
endfacet
facet normal 0 0 -1
outer loop
vertex 18.387041091918945 -40.33708572387695 5.300000190734863
vertex 18.24634552001953 -40.29440689086914 5.300000190734863
vertex 76.28997802734375 -36.22999572753906 5.300000190734863
endloop
endfacet
facet normal 0 0 -1
outer loop
vertex 18.24634552001953 -40.29440689086914 5.300000190734863
vertex 18.10002899169922 -40.27999496459961 5.300000190734863
vertex 76.28997802734375 -36.22999572753906 5.300000190734863
endloop
endfacet
facet normal 0 0 -1
outer loop
vertex 76.28997802734375 -36.22999572753906 5.300000190734863
vertex 18.85002899169922 -41.02999496459961 5.300000190734863
vertex 18.835617065429688 -40.8836784362793 5.300000190734863
endloop
endfacet
facet normal 0 0 -1
outer loop
vertex 76.28997802734375 -36.22999572753906 5.300000190734863
vertex 18.835617065429688 -41.17631149291992 5.300000190734863
vertex 18.85002899169922 -41.02999496459961 5.300000190734863
endloop
endfacet
facet normal 0 0 -1
outer loop
vertex 76.28997802734375 -36.22999572753906 5.300000190734863
vertex 18.792938232421875 -41.31700897216797 5.300000190734863
vertex 18.835617065429688 -41.17631149291992 5.300000190734863
endloop
endfacet
facet normal 0 0 -1
outer loop
vertex 76.28997802734375 -36.22999572753906 5.300000190734863
vertex 18.723630905151367 -41.44667053222656 5.300000190734863
vertex 18.792938232421875 -41.31700897216797 5.300000190734863
endloop
endfacet
facet normal 0 0 -1
outer loop
vertex 76.28997802734375 -36.22999572753906 5.300000190734863
vertex 18.63035774230957 -41.560325622558594 5.300000190734863
vertex 18.723630905151367 -41.44667053222656 5.300000190734863
endloop
endfacet
facet normal 0 0 -1
outer loop
vertex 76.28997802734375 -36.22999572753906 5.300000190734863
vertex 18.516706466674805 -41.653594970703125 5.300000190734863
vertex 18.63035774230957 -41.560325622558594 5.300000190734863
endloop
endfacet
facet normal 0 0 -1
outer loop
vertex 18.387041091918945 -41.722904205322266 5.300000190734863
vertex 18.516706466674805 -41.653594970703125 5.300000190734863
vertex 76.28997802734375 -36.22999572753906 5.300000190734863
endloop
endfacet
facet normal 0 0 -1
outer loop
vertex 18.10002899169922 -40.27999496459961 5.300000190734863
vertex -19.289920806884766 -36.22999572753906 5.300000190734863
vertex 76.28997802734375 -36.22999572753906 5.300000190734863
endloop
endfacet
facet normal 0 0 -1
outer loop
vertex 79.8935775756836 -44.4722785949707 5.300000190734863
vertex 18.24634552001953 -41.76558303833008 5.300000190734863
vertex 18.387041091918945 -41.722904205322266 5.300000190734863
endloop
endfacet
facet normal 0 1 0
outer loop
vertex 1.2649486064910889 -46.52999496459961 5.300000190734863
vertex 61.135162353515625 -46.52999496459961 5.300000190734863
vertex 61.135162353515625 -46.52999496459961 3.5999999046325684
endloop
endfacet
facet normal 0 0 -1
outer loop
vertex 1.2649486064910889 -46.52999496459961 5.300000190734863
vertex 18.24634552001953 -41.76558303833008 5.300000190734863
vertex 79.8935775756836 -44.4722785949707 5.300000190734863
endloop
endfacet
facet normal 0 0 -1
outer loop
vertex 76.81731414794922 43.173431396484375 5.300000190734863
vertex 71.95002746582031 23.581905364990234 5.300000190734863
vertex 76.78822326660156 43.220603942871094 5.300000190734863
endloop
endfacet
facet normal -0.7406000442632673 -0.6719461097716443 0
outer loop
vertex 74.4717788696289 45.77372360229492 5.300000190734863
vertex 74.4717788696289 45.77372360229492 0
vertex 76.78822326660156 43.220603942871094 5.300000190734863
endloop
endfacet
facet normal -0.9328998675584457 -0.36013585923847474 0
outer loop
vertex 76.81731414794922 43.173431396484375 5.300000190734863
vertex 76.81731414794922 43.173431396484375 0
vertex 77.23987579345703 42.07882308959961 5.300000190734863
endloop
endfacet
facet normal -0.8511616441324156 -0.5249036631209608 0
outer loop
vertex 76.78822326660156 43.220603942871094 5.300000190734863
vertex 76.78822326660156 43.220603942871094 0
vertex 76.81731414794922 43.173431396484375 5.300000190734863
endloop
endfacet
facet normal -0.5856193381338276 -0.8105862019573845 0
outer loop
vertex 74.42093658447266 45.810455322265625 5.300000190734863
vertex 74.42093658447266 45.810455322265625 0
vertex 74.4717788696289 45.77372360229492 5.300000190734863
endloop
endfacet
facet normal 0 0 -1
outer loop
vertex 76.78822326660156 43.220603942871094 5.300000190734863
vertex 71.53997802734375 41.170005798339844 5.300000190734863
vertex 74.4717788696289 45.77372360229492 5.300000190734863
endloop
endfacet
facet normal 0 0 -1
outer loop
vertex 17.953710556030273 -40.29440689086914 5.300000190734863
vertex -19.289920806884766 -36.22999572753906 5.300000190734863
vertex 18.10002899169922 -40.27999496459961 5.300000190734863
endloop
endfacet
facet normal 0 0 -1
outer loop
vertex 17.81301498413086 -40.33708572387695 5.300000190734863
vertex -19.289920806884766 -36.22999572753906 5.300000190734863
vertex 17.953710556030273 -40.29440689086914 5.300000190734863
endloop
endfacet
facet normal 0 0 -1
outer loop
vertex 17.683349609375 -40.40639114379883 5.300000190734863
vertex -19.289920806884766 -36.22999572753906 5.300000190734863
vertex 17.81301498413086 -40.33708572387695 5.300000190734863
endloop
endfacet
facet normal 0 0 -1
outer loop
vertex 17.569698333740234 -40.499664306640625 5.300000190734863
vertex -19.289920806884766 -36.22999572753906 5.300000190734863
vertex 17.683349609375 -40.40639114379883 5.300000190734863
endloop
endfacet
facet normal 0 0 -1
outer loop
vertex 17.476425170898438 -40.61331558227539 5.300000190734863
vertex -19.289920806884766 -36.22999572753906 5.300000190734863
vertex 17.569698333740234 -40.499664306640625 5.300000190734863
endloop
endfacet
facet normal 0 0 -1
outer loop
vertex 17.40711784362793 -40.74298095703125 5.300000190734863
vertex -19.289920806884766 -36.22999572753906 5.300000190734863
vertex 17.476425170898438 -40.61331558227539 5.300000190734863
endloop
endfacet
facet normal 0 0 -1
outer loop
vertex 17.364439010620117 -40.8836784362793 5.300000190734863
vertex -19.289920806884766 -36.22999572753906 5.300000190734863
vertex 17.40711784362793 -40.74298095703125 5.300000190734863
endloop
endfacet
facet normal 0 0 -1
outer loop
vertex 17.35002899169922 -41.02999496459961 5.300000190734863
vertex -19.289920806884766 -36.22999572753906 5.300000190734863
vertex 17.364439010620117 -40.8836784362793 5.300000190734863
endloop
endfacet
facet normal 0 0 -1
outer loop
vertex -58.57883834838867 -26.782773971557617 5.300000190734863
vertex -59.51247024536133 -27.995107650756836 5.300000190734863
vertex -59.43001174926758 -23.606157302856445 5.300000190734863
endloop
endfacet
facet normal 0 0 -1
outer loop
vertex -59.51247024536133 -22.66362953186035 5.300000190734863
vertex -59.43001174926758 -23.606157302856445 5.300000190734863
vertex -59.51247024536133 -27.995107650756836 5.300000190734863
endloop
endfacet
facet normal 0 0 -1
outer loop
vertex 17.364439010620117 -41.17631149291992 5.300000190734863
vertex 1.2649486064910889 -46.52999496459961 5.300000190734863
vertex 17.35002899169922 -41.02999496459961 5.300000190734863
endloop
endfacet
facet normal 0 0 -1
outer loop
vertex 17.953710556030273 -41.76558303833008 5.300000190734863
vertex 1.2649486064910889 -46.52999496459961 5.300000190734863
vertex 17.81301498413086 -41.722904205322266 5.300000190734863
endloop
endfacet
facet normal 0 0 -1
outer loop
vertex 17.40711784362793 -41.31700897216797 5.300000190734863
vertex 1.2649486064910889 -46.52999496459961 5.300000190734863
vertex 17.364439010620117 -41.17631149291992 5.300000190734863
endloop
endfacet
facet normal 0 0 -1
outer loop
vertex 17.476425170898438 -41.44667053222656 5.300000190734863
vertex 1.2649486064910889 -46.52999496459961 5.300000190734863
vertex 17.40711784362793 -41.31700897216797 5.300000190734863
endloop
endfacet
facet normal 0 0 -1
outer loop
vertex 17.569698333740234 -41.560325622558594 5.300000190734863
vertex 1.2649486064910889 -46.52999496459961 5.300000190734863
vertex 17.476425170898438 -41.44667053222656 5.300000190734863
endloop
endfacet
facet normal 0 0 -1
outer loop
vertex 1.2649486064910889 -46.52999496459961 5.300000190734863
vertex 17.683349609375 -41.653594970703125 5.300000190734863
vertex 17.81301498413086 -41.722904205322266 5.300000190734863
endloop
endfacet
facet normal 0 0 -1
outer loop
vertex 1.2649486064910889 -46.52999496459961 5.300000190734863
vertex 17.569698333740234 -41.560325622558594 5.300000190734863
vertex 17.683349609375 -41.653594970703125 5.300000190734863
endloop
endfacet
facet normal 0 0 -1
outer loop
vertex 1.2649486064910889 -46.52999496459961 5.300000190734863
vertex 18.10002899169922 -41.77999496459961 5.300000190734863
vertex 18.24634552001953 -41.76558303833008 5.300000190734863
endloop
endfacet
facet normal 0 0 -1
outer loop
vertex 1.2649486064910889 -46.52999496459961 5.300000190734863
vertex 17.953710556030273 -41.76558303833008 5.300000190734863
vertex 18.10002899169922 -41.77999496459961 5.300000190734863
endloop
endfacet
facet normal -0.55557047614979 0.8314694498480961 0
outer loop
vertex 1.2649486064910889 -46.52999496459961 0
vertex -0.09705860167741776 -47.440059661865234 5.300000190734863
vertex 1.2649486064910889 -46.52999496459961 5.300000190734863
endloop
endfacet
facet normal 0 1 0
outer loop
vertex 1.2649486064910889 -46.52999496459961 0
vertex 1.2649486064910889 -46.52999496459961 5.300000190734863
vertex 67.13516235351562 -46.52999496459961 0
endloop
endfacet
facet normal 0 0 -1
outer loop
vertex -59.43001174926758 -17.0538330078125 5.300000190734863
vertex -59.51247024536133 -17.99635887145996 5.300000190734863
vertex -59.51247024536133 -14.458282470703125 5.300000190734863
endloop
endfacet
facet normal -0.55557047614979 0.8314694498480961 0
outer loop
vertex 1.2649486064910889 -46.52999496459961 0
vertex -0.09705860167741776 -47.440059661865234 0
vertex -0.09705860167741776 -47.440059661865234 5.300000190734863
endloop
endfacet
facet normal 0 0 -1
outer loop
vertex -58.57883834838867 -13.877214431762695 5.300000190734863
vertex -59.43001174926758 -17.0538330078125 5.300000190734863
vertex -59.51247024536133 -14.458282470703125 5.300000190734863
endloop
endfacet
facet normal 0 0 -1
outer loop
vertex -57.18898391723633 -10.896661758422852 5.300000190734863
vertex -58.57883834838867 -13.877214431762695 5.300000190734863
vertex -59.51247024536133 -14.458282470703125 5.300000190734863
endloop
endfacet
facet normal 0 0 -1
outer loop
vertex -19.69997215270996 -35.819942474365234 5.300000190734863
vertex -22.26993179321289 -17.0538330078125 5.300000190734863
vertex -19.69997215270996 0.35810616612434387 5.300000190734863
endloop
endfacet
facet normal 0 0 -1
outer loop
vertex -57.18898391723633 -10.896661758422852 5.300000190734863
vertex -59.51247024536133 -14.458282470703125 5.300000190734863
vertex -59.51247024536133 4.541718006134033 5.300000190734863
endloop
endfacet
facet normal 0 0 -1
outer loop
vertex -55.302677154541016 -8.20273494720459 5.300000190734863
vertex -57.18898391723633 -10.896661758422852 5.300000190734863
vertex -59.51247024536133 4.541718006134033 5.300000190734863
endloop
endfacet
facet normal 0 0 -1
outer loop
vertex -52.977230072021484 -5.877289295196533 5.300000190734863
vertex -55.302677154541016 -8.20273494720459 5.300000190734863
vertex -59.51247024536133 4.541718006134033 5.300000190734863
endloop
endfacet
facet normal 0 1 0
outer loop
vertex -4.192810535430908 -51.27999496459961 0
vertex -44.527584075927734 -51.27999496459961 0
vertex -44.527584075927734 -51.27999496459961 1.350000023841858
endloop
endfacet
facet normal 0 1 0
outer loop
vertex -4.192810535430908 -51.27999496459961 0
vertex -44.527584075927734 -51.27999496459961 1.350000023841858
vertex -38.527584075927734 -51.27999496459961 3.5999999046325684
endloop
endfacet
facet normal -0.19507790796352512 0.9807877496301503 0
outer loop
vertex -4.134851455688477 -51.26846694946289 0
vertex -4.192810535430908 -51.27999496459961 0
vertex -4.192810535430908 -51.27999496459961 5.300000190734863
endloop
endfacet
facet normal -0.38268489339373674 0.9238789273320527 0
outer loop
vertex -2.977628469467163 -50.789127349853516 0
vertex -4.134851455688477 -51.26846694946289 0
vertex -4.134851455688477 -51.26846694946289 5.300000190734863
endloop
endfacet
facet normal -0.5555453092580662 0.8314862652872623 0
outer loop
vertex -2.928492784500122 -50.75629806518555 0
vertex -2.977628469467163 -50.789127349853516 0
vertex -2.977628469467163 -50.789127349853516 5.300000190734863
endloop
endfacet
facet normal -0.7071067641045348 0.7071067982685598 0
outer loop
vertex -0.46116936206817627 -48.28897476196289 0
vertex -2.928492784500122 -50.75629806518555 0
vertex -2.928492784500122 -50.75629806518555 5.300000190734863
endloop
endfacet
facet normal -0.8314776624018454 0.5555581850056417 0
outer loop
vertex -0.42833802103996277 -48.239837646484375 0
vertex -0.46116936206817627 -48.28897476196289 0
vertex -0.46116936206817627 -48.28897476196289 5.300000190734863
endloop
endfacet
facet normal -0.9238793155427927 0.3826839561729505 0
outer loop
vertex -0.09705860167741776 -47.440059661865234 0
vertex -0.42833802103996277 -48.239837646484375 0
vertex -0.42833802103996277 -48.239837646484375 5.300000190734863
endloop
endfacet
facet normal 0 0 -1
outer loop
vertex -19.69997215270996 -35.819942474365234 5.300000190734863
vertex -23.121105194091797 -26.782773971557617 5.300000190734863
vertex -22.26993179321289 -23.606157302856445 5.300000190734863
endloop
endfacet
facet normal 0 0 -1
outer loop
vertex -19.69997215270996 -35.819942474365234 5.300000190734863
vertex -24.51095962524414 -29.763328552246094 5.300000190734863
vertex -23.121105194091797 -26.782773971557617 5.300000190734863
endloop
endfacet
facet normal 0 0 -1
outer loop
vertex -58.821449279785156 -50.75629806518555 5.300000190734863
vertex -4.192810535430908 -51.27999496459961 5.300000190734863
vertex -58.772315979003906 -50.789127349853516 5.300000190734863
endloop
endfacet
facet normal 0 0 -1
outer loop
vertex -4.192810535430908 -51.27999496459961 5.300000190734863
vertex -58.821449279785156 -50.75629806518555 5.300000190734863
vertex -61.28877258300781 -48.28897476196289 5.300000190734863
endloop
endfacet
facet normal 0 0 -1
outer loop
vertex -4.192810535430908 -51.27999496459961 5.300000190734863
vertex -61.81247329711914 -47.024654388427734 5.300000190734863
vertex -59.51247024536133 -46.99510955810547 5.300000190734863
endloop
endfacet
facet normal 0 0 -1
outer loop
vertex -4.192810535430908 -51.27999496459961 5.300000190734863
vertex -59.51247024536133 -46.99510955810547 5.300000190734863
vertex -48.54997253417969 -46.329994201660156 5.300000190734863
endloop
endfacet
facet normal 0 0 -1
outer loop
vertex -38.527584075927734 -51.27999496459961 5.300000190734863
vertex -58.772315979003906 -50.789127349853516 5.300000190734863
vertex -4.192810535430908 -51.27999496459961 5.300000190734863
endloop
endfacet
facet normal 0 0 -1
outer loop
vertex -40.349971771240234 -45.329994201660156 5.300000190734863
vertex -40.349971771240234 -45.54251480102539 5.300000190734863
vertex -41.349971771240234 -45.329994201660156 5.300000190734863
endloop
endfacet
facet normal 0 0 -1
outer loop
vertex -19.69997215270996 -35.819942474365234 5.300000190734863
vertex -26.397266387939453 -32.457252502441406 5.300000190734863
vertex -24.51095962524414 -29.763328552246094 5.300000190734863
endloop
endfacet
facet normal 0 0 -1
outer loop
vertex -34.04997253417969 -45.54251480102539 5.300000190734863
vertex -35.04997253417969 -45.54251480102539 5.300000190734863
vertex -35.04997253417969 -45.329994201660156 5.300000190734863
endloop
endfacet
facet normal 0 0 -1
outer loop
vertex -34.04997253417969 -45.329994201660156 5.300000190734863
vertex -34.04997253417969 -45.54251480102539 5.300000190734863
vertex -35.04997253417969 -45.329994201660156 5.300000190734863
endloop
endfacet
facet normal -0.0007131117132053757 -0.9999997457358099 0
outer loop
vertex -58.524803161621094 46.45685577392578 5.300000190734863
vertex -58.524803161621094 46.45685577392578 3.5999999046325684
vertex 54.11146926879883 46.37653350830078 5.300000190734863
endloop
endfacet
facet normal 0 0 -1
outer loop
vertex 71.53997802734375 41.170005798339844 5.300000190734863
vertex -77.55253601074219 46.47042465209961 5.300000190734863
vertex -58.524803161621094 46.45685577392578 5.300000190734863
endloop
endfacet
facet normal 0 0 -1
outer loop
vertex 71.53997802734375 41.170005798339844 5.300000190734863
vertex -77.6070785522461 46.46029281616211 5.300000190734863
vertex -77.55253601074219 46.47042465209961 5.300000190734863
endloop
endfacet
facet normal 0 0 -1
outer loop
vertex 71.53997802734375 41.170005798339844 5.300000190734863
vertex -78.70291900634766 46.037696838378906 5.300000190734863
vertex -77.6070785522461 46.46029281616211 5.300000190734863
endloop
endfacet
facet normal 0 0 -1
outer loop
vertex 71.53997802734375 41.170005798339844 5.300000190734863
vertex -78.75013732910156 46.00858688354492 5.300000190734863
vertex -78.70291900634766 46.037696838378906 5.300000190734863
endloop
endfacet
facet normal 0 0 -1
outer loop
vertex -76.28992462158203 41.170005798339844 5.300000190734863
vertex -78.75013732910156 46.00858688354492 5.300000190734863
vertex 71.53997802734375 41.170005798339844 5.300000190734863
endloop
endfacet
facet normal -0.0007131118245818017 -0.9999997457357305 7.379429251070891e-9
outer loop
vertex -58.524803161621094 46.45685577392578 3.5999999046325684
vertex -77.55253601074219 46.47042465209961 0
vertex 54.11146926879883 46.37653350830078 5.300000190734863
endloop
endfacet
facet normal 0 1 0
outer loop
vertex -38.527584075927734 -51.27999496459961 5.300000190734863
vertex -4.192810535430908 -51.27999496459961 5.300000190734863
vertex -38.527584075927734 -51.27999496459961 3.5999999046325684
endloop
endfacet
facet normal 0 0 -1
outer loop
vertex -4.192810535430908 -51.27999496459961 5.300000190734863
vertex -48.54997253417969 -46.329994201660156 5.300000190734863
vertex -33.14997100830078 -46.329994201660156 5.300000190734863
endloop
endfacet
facet normal 0 0 -1
outer loop
vertex -4.192810535430908 -51.27999496459961 5.300000190734863
vertex -33.14997100830078 -46.329994201660156 5.300000190734863
vertex -32.449974060058594 -45.6299934387207 5.300000190734863
endloop
endfacet
facet normal 0 0 -1
outer loop
vertex -32.449974060058594 -44.329994201660156 5.300000190734863
vertex -25.849971771240234 -44.329994201660156 5.300000190734863
vertex -32.449974060058594 -45.6299934387207 5.300000190734863
endloop
endfacet
facet normal 0 0 -1
outer loop
vertex -19.745643615722656 0.468368798494339 5.300000190734863
vertex -38.289920806884766 1.7700053453445435 5.300000190734863
vertex -21.00160789489746 1.7243330478668213 5.300000190734863
endloop
endfacet
facet normal 0 0 -1
outer loop
vertex -19.69997215270996 0.35810616612434387 5.300000190734863
vertex -38.289920806884766 1.7700053453445435 5.300000190734863
vertex -19.745643615722656 0.468368798494339 5.300000190734863
endloop
endfacet
facet normal 0 0 -1
outer loop
vertex 79.36273193359375 26.61836814880371 5.300000190734863
vertex 81.53663635253906 24.222347259521484 5.300000190734863
vertex 81.99832153320312 23.031530380249023 5.300000190734863
endloop
endfacet
facet normal 0 0 -1
outer loop
vertex -57.61509323120117 -51.26846694946289 5.300000190734863
vertex -58.772315979003906 -50.789127349853516 5.300000190734863
vertex -38.527584075927734 -51.27999496459961 5.300000190734863
endloop
endfacet
facet normal 0 0 -1
outer loop
vertex -57.557132720947266 -51.27999496459961 5.300000190734863
vertex -57.61509323120117 -51.26846694946289 5.300000190734863
vertex -38.527584075927734 -51.27999496459961 5.300000190734863
endloop
endfacet
facet normal 0 0 -1
outer loop
vertex -38.69997024536133 9.85810661315918 5.300000190734863
vertex -40.001609802246094 11.224332809448242 5.300000190734863
vertex -38.745643615722656 9.968368530273438 5.300000190734863
endloop
endfacet
facet normal 0 0 -1
outer loop
vertex -38.69997024536133 2.180055856704712 5.300000190734863
vertex -40.001609802246094 11.224332809448242 5.300000190734863
vertex -38.69997024536133 9.85810661315918 5.300000190734863
endloop
endfacet
facet normal 0 0 -1
outer loop
vertex -38.69997024536133 2.180055856704712 5.300000190734863
vertex -40.11186981201172 11.270005226135254 5.300000190734863
vertex -40.001609802246094 11.224332809448242 5.300000190734863
endloop
endfacet
facet normal 0 0 -1
outer loop
vertex -38.69997024536133 2.180055856704712 5.300000190734863
vertex -34.39719009399414 -2.6011271476745605 5.300000190734863
vertex -37.57381057739258 -1.7499550580978394 5.300000190734863
endloop
endfacet
facet normal 0 0 -1
outer loop
vertex -38.69997024536133 2.180055856704712 5.300000190734863
vertex -40.849971771240234 -1.4633280038833618 5.300000190734863
vertex -40.11186981201172 11.270005226135254 5.300000190734863
endloop
endfacet
facet normal 0 0 -1
outer loop
vertex -40.849971771240234 -1.4633280038833618 5.300000190734863
vertex -44.12613296508789 -1.7499550580978394 5.300000190734863
vertex -40.11186981201172 11.270005226135254 5.300000190734863
endloop
endfacet
facet normal 0 0 -1
outer loop
vertex -34.39719009399414 -2.6011271476745605 5.300000190734863
vertex -38.69997024536133 2.180055856704712 5.300000190734863
vertex -38.289920806884766 1.7700053453445435 5.300000190734863
endloop
endfacet
facet normal 0 0 -1
outer loop
vertex -37.57381057739258 -1.7499550580978394 5.300000190734863
vertex -40.849971771240234 -1.4633280038833618 5.300000190734863
vertex -38.69997024536133 2.180055856704712 5.300000190734863
endloop
endfacet
facet normal 0 0 -1
outer loop
vertex -19.289920806884766 -36.22999572753906 5.300000190734863
vertex -28.72271156311035 -34.78269958496094 5.300000190734863
vertex -26.397266387939453 -32.457252502441406 5.300000190734863
endloop
endfacet
facet normal 0 0 -1
outer loop
vertex -26.397266387939453 -32.457252502441406 5.300000190734863
vertex -19.69997215270996 -35.819942474365234 5.300000190734863
vertex -19.289920806884766 -36.22999572753906 5.300000190734863
endloop
endfacet
facet normal 0 0 -1
outer loop
vertex -25.849971771240234 -38.329994201660156 5.300000190734863
vertex -32.449974060058594 -38.329994201660156 5.300000190734863
vertex -19.289920806884766 -36.22999572753906 5.300000190734863
endloop
endfacet
facet normal 0 0 -1
outer loop
vertex -19.289920806884766 -36.22999572753906 5.300000190734863
vertex -31.41663932800293 -36.66900634765625 5.300000190734863
vertex -28.72271156311035 -34.78269958496094 5.300000190734863
endloop
endfacet
facet normal 0 0 -1
outer loop
vertex -31.41663932800293 -36.66900634765625 5.300000190734863
vertex -19.289920806884766 -36.22999572753906 5.300000190734863
vertex -32.449974060058594 -38.329994201660156 5.300000190734863
endloop
endfacet
facet normal 0 0 -1
outer loop
vertex -32.449974060058594 -37.15085983276367 5.300000190734863
vertex -31.41663932800293 -36.66900634765625 5.300000190734863
vertex -32.449974060058594 -38.329994201660156 5.300000190734863
endloop
endfacet
facet normal 0.9899355904579213 -0.14151864451275234 0
outer loop
vertex -81.89118957519531 42.33837890625 0
vertex -81.87798309326172 42.43075942993164 0
vertex -81.87798309326172 42.43075942993164 5.300000190734863
endloop
endfacet
facet normal -0.0007129469466796899 -0.99999974585292 -8.640801116782478e-7
outer loop
vertex -77.52479553222656 46.470401763916016 3.5999999046325684
vertex -77.55253601074219 46.47042465209961 0
vertex -58.524803161621094 46.45685577392578 3.5999999046325684
endloop
endfacet
facet normal 0.9136100684602877 -0.4065914937722977 0
outer loop
vertex -81.87798309326172 42.43075942993164 0
vertex -81.33865356445312 43.64263153076172 0
vertex -81.33865356445312 43.64263153076172 5.300000190734863
endloop
endfacet
facet normal 0.8101639802383717 -0.586203313812127 0
outer loop
vertex -81.33865356445312 43.64263153076172 0
vertex -81.30200958251953 43.693275451660156 0
vertex -81.30200958251953 43.693275451660156 5.300000190734863
endloop
endfacet
facet normal 0 0 -1
outer loop
vertex -76.28992462158203 41.170005798339844 5.300000190734863
vertex -79.59120178222656 42.33039474487305 5.300000190734863
vertex -78.75013732910156 46.00858688354492 5.300000190734863
endloop
endfacet
facet normal 0 0 -1
outer loop
vertex -79.59120178222656 42.33039474487305 5.300000190734863
vertex -81.30200958251953 43.693275451660156 5.300000190734863
vertex -78.75013732910156 46.00858688354492 5.300000190734863
endloop
endfacet
facet normal 0 0 -1
outer loop
vertex -79.59120178222656 42.33039474487305 5.300000190734863
vertex -81.33865356445312 43.64263153076172 5.300000190734863
vertex -81.30200958251953 43.693275451660156 5.300000190734863
endloop
endfacet
facet normal 0 0 -1
outer loop
vertex -79.59120178222656 42.33039474487305 5.300000190734863
vertex -81.87798309326172 42.43075942993164 5.300000190734863
vertex -81.33865356445312 43.64263153076172 5.300000190734863
endloop
endfacet
facet normal 0.18263587456462654 -0.9831806229386408 0
outer loop
vertex -77.6070785522461 46.46029281616211 5.300000190734863
vertex -77.6070785522461 46.46029281616211 0
vertex -77.55253601074219 46.47042465209961 5.300000190734863
endloop
endfacet
facet normal 0.35980881673819765 -0.9330260529039145 0
outer loop
vertex -78.70291900634766 46.037696838378906 5.300000190734863
vertex -78.70291900634766 46.037696838378906 0
vertex -77.6070785522461 46.46029281616211 5.300000190734863
endloop
endfacet
facet normal 0.5247840700515617 -0.8512353844972127 0
outer loop
vertex -78.75013732910156 46.00858688354492 5.300000190734863
vertex -78.75013732910156 46.00858688354492 0
vertex -78.70291900634766 46.037696838378906 5.300000190734863
endloop
endfacet
facet normal -0.0008250822274089118 -0.999999659619601 0
outer loop
vertex -77.55253601074219 46.47042465209961 0
vertex -77.52479553222656 46.470401763916016 3.5999999046325684
vertex -77.55253601074219 46.47042465209961 5.300000190734863
endloop
endfacet
facet normal 0.6719459196864728 -0.7406002167274192 0
outer loop
vertex -81.30200958251953 43.693275451660156 5.300000190734863
vertex -81.30200958251953 43.693275451660156 0
vertex -78.75013732910156 46.00858688354492 5.300000190734863
endloop
endfacet
facet normal 0.8101639802383717 -0.586203313812127 0
outer loop
vertex -81.33865356445312 43.64263153076172 5.300000190734863
vertex -81.33865356445312 43.64263153076172 0
vertex -81.30200958251953 43.693275451660156 5.300000190734863
endloop
endfacet
facet normal 0.9136100684602877 -0.4065914937722977 0
outer loop
vertex -81.87798309326172 42.43075942993164 5.300000190734863
vertex -81.87798309326172 42.43075942993164 0
vertex -81.33865356445312 43.64263153076172 5.300000190734863
endloop
endfacet
facet normal 0 0 -1
outer loop
vertex -76.6999740600586 40.75995635986328 5.300000190734863
vertex -79.59120178222656 42.33039474487305 5.300000190734863
vertex -76.28992462158203 41.170005798339844 5.300000190734863
endloop
endfacet
facet normal 0 1 0
outer loop
vertex -52.527584075927734 -51.27999496459961 0
vertex -57.557132720947266 -51.27999496459961 0
vertex -52.527584075927734 -51.27999496459961 1.350000023841858
endloop
endfacet
facet normal 0 0 -1
outer loop
vertex -81.89118957519531 42.33837890625 5.300000190734863
vertex -81.87798309326172 42.43075942993164 5.300000190734863
vertex -79.59120178222656 42.33039474487305 5.300000190734863
endloop
endfacet
facet normal 0.9899355904579213 -0.14151864451275234 0
outer loop
vertex -81.89118957519531 42.33837890625 5.300000190734863
vertex -81.89118957519531 42.33837890625 0
vertex -81.87798309326172 42.43075942993164 5.300000190734863
endloop
endfacet
facet normal 0.1950732765035795 0.9807886708125039 0
outer loop
vertex -57.557132720947266 -51.27999496459961 0
vertex -57.61509323120117 -51.26846694946289 0
vertex -57.61509323120117 -51.26846694946289 5.300000190734863
endloop
endfacet
facet normal 0 1 0
outer loop
vertex -52.527584075927734 -51.27999496459961 1.350000023841858
vertex -57.557132720947266 -51.27999496459961 0
vertex -57.527584075927734 -51.27999496459961 3.5999999046325684
endloop
endfacet
facet normal 0 0 -1
outer loop
vertex -76.6999740600586 40.75995635986328 5.300000190734863
vertex -79.65717315673828 23.330509185791016 5.300000190734863
vertex -79.59120178222656 42.33039474487305 5.300000190734863
endloop
endfacet
facet normal 0 0 -1
outer loop
vertex -76.6999740600586 40.75995635986328 5.300000190734863
vertex -76.6999740600586 11.680055618286133 5.300000190734863
vertex -79.65717315673828 23.330509185791016 5.300000190734863
endloop
endfacet
facet normal 0.18263587456462654 -0.9831806229386408 0
outer loop
vertex -77.6070785522461 46.46029281616211 0
vertex -77.55253601074219 46.47042465209961 0
vertex -77.55253601074219 46.47042465209961 5.300000190734863
endloop
endfacet
facet normal 0.35980881673819765 -0.9330260529039145 0
outer loop
vertex -78.70291900634766 46.037696838378906 0
vertex -77.6070785522461 46.46029281616211 0
vertex -77.6070785522461 46.46029281616211 5.300000190734863
endloop
endfacet
facet normal 0.5247840700515617 -0.8512353844972127 0
outer loop
vertex -78.75013732910156 46.00858688354492 0
vertex -78.70291900634766 46.037696838378906 0
vertex -78.70291900634766 46.037696838378906 5.300000190734863
endloop
endfacet
facet normal 0 0 -1
outer loop
vertex 76.28997802734375 -36.22999572753906 5.300000190734863
vertex 18.516706466674805 -40.40639114379883 5.300000190734863
vertex 18.387041091918945 -40.33708572387695 5.300000190734863
endloop
endfacet
facet normal -1 0 0
outer loop
vertex 67.13516235351562 -46.52999496459961 -0.44999998807907104
vertex 67.13516235351562 -46.52999496459961 0
vertex 67.13516235351562 -46.22999572753906 -0.44999998807907104
endloop
endfacet
facet normal 1 0 0
outer loop
vertex 75.13516235351562 -46.22999572753906 1.350000023841858
vertex 75.13516235351562 -46.52999496459961 1.350000023841858
vertex 75.13516235351562 -46.52999496459961 0
endloop
endfacet
facet normal 1 0 0
outer loop
vertex 75.13516235351562 -46.52999496459961 0
vertex 75.13516235351562 -46.22999572753906 -0.44999998807907104
vertex 75.13516235351562 -46.22999572753906 1.350000023841858
endloop
endfacet
facet normal 1 0 0
outer loop
vertex 75.13516235351562 -46.52999496459961 -0.44999998807907104
vertex 75.13516235351562 -46.22999572753906 -0.44999998807907104
vertex 75.13516235351562 -46.52999496459961 0
endloop
endfacet
facet normal 0 0 1
outer loop
vertex 75.13516235351562 -46.22999572753906 1.350000023841858
vertex 67.13516235351562 -46.22999572753906 1.350000023841858
vertex 75.13516235351562 -46.52999496459961 1.350000023841858
endloop
endfacet
facet normal 0 0 1
outer loop
vertex 67.13516235351562 -46.22999572753906 1.350000023841858
vertex 67.13516235351562 -46.52999496459961 1.350000023841858
vertex 75.13516235351562 -46.52999496459961 1.350000023841858
endloop
endfacet
facet normal 0 1 0
outer loop
vertex 75.13516235351562 -46.22999572753906 1.350000023841858
vertex 67.13516235351562 -46.22999572753906 -0.44999998807907104
vertex 67.13516235351562 -46.22999572753906 1.350000023841858
endloop
endfacet
facet normal -1 0 0
outer loop
vertex 67.13516235351562 -46.22999572753906 -0.44999998807907104
vertex 67.13516235351562 -46.52999496459961 1.350000023841858
vertex 67.13516235351562 -46.22999572753906 1.350000023841858
endloop
endfacet
facet normal -1 0 0
outer loop
vertex 67.13516235351562 -46.22999572753906 -0.44999998807907104
vertex 67.13516235351562 -46.52999496459961 0
vertex 67.13516235351562 -46.52999496459961 1.350000023841858
endloop
endfacet
facet normal 0 1 0
outer loop
vertex 75.13516235351562 -46.22999572753906 -0.44999998807907104
vertex 67.13516235351562 -46.22999572753906 -0.44999998807907104
vertex 75.13516235351562 -46.22999572753906 1.350000023841858
endloop
endfacet
facet normal 0 0 -1
outer loop
vertex 75.13516235351562 -46.52999496459961 -0.44999998807907104
vertex 67.13516235351562 -47.02999496459961 -0.44999998807907104
vertex 75.13516235351562 -46.22999572753906 -0.44999998807907104
endloop
endfacet
facet normal 0 0 -1
outer loop
vertex 75.13516235351562 -47.02999496459961 -0.44999998807907104
vertex 67.13516235351562 -47.02999496459961 -0.44999998807907104
vertex 75.13516235351562 -46.52999496459961 -0.44999998807907104
endloop
endfacet
facet normal 0 0 -1
outer loop
vertex 75.13516235351562 -46.22999572753906 -0.44999998807907104
vertex 67.13516235351562 -46.52999496459961 -0.44999998807907104
vertex 67.13516235351562 -46.22999572753906 -0.44999998807907104
endloop
endfacet
facet normal 0 0 -1
outer loop
vertex 67.13516235351562 -47.02999496459961 -0.44999998807907104
vertex 67.13516235351562 -46.52999496459961 -0.44999998807907104
vertex 75.13516235351562 -46.22999572753906 -0.44999998807907104
endloop
endfacet
facet normal -1 0 0
outer loop
vertex -52.527584075927734 -51.27999496459961 -0.44999998807907104
vertex -52.527584075927734 -51.27999496459961 0
vertex -52.527584075927734 -50.97999572753906 -0.44999998807907104
endloop
endfacet
facet normal 0 0 -1
outer loop
vertex -44.527584075927734 -51.77999496459961 -0.44999998807907104
vertex -52.527584075927734 -51.77999496459961 -0.44999998807907104
vertex -44.527584075927734 -51.27999496459961 -0.44999998807907104
endloop
endfacet
facet normal 0 0 -1
outer loop
vertex -52.527584075927734 -51.77999496459961 -0.44999998807907104
vertex -52.527584075927734 -51.27999496459961 -0.44999998807907104
vertex -44.527584075927734 -50.97999572753906 -0.44999998807907104
endloop
endfacet
facet normal 0 0 -1
outer loop
vertex -44.527584075927734 -50.97999572753906 -0.44999998807907104
vertex -52.527584075927734 -51.27999496459961 -0.44999998807907104
vertex -52.527584075927734 -50.97999572753906 -0.44999998807907104
endloop
endfacet
facet normal 0 0 1
outer loop
vertex -44.527584075927734 -50.97999572753906 1.350000023841858
vertex -52.527584075927734 -50.97999572753906 1.350000023841858
vertex -44.527584075927734 -51.27999496459961 1.350000023841858
endloop
endfacet
facet normal 1 0 0
outer loop
vertex -44.527584075927734 -51.27999496459961 0
vertex -44.527584075927734 -50.97999572753906 1.350000023841858
vertex -44.527584075927734 -51.27999496459961 1.350000023841858
endloop
endfacet
facet normal 1 0 0
outer loop
vertex -44.527584075927734 -51.27999496459961 -0.44999998807907104
vertex -44.527584075927734 -50.97999572753906 1.350000023841858
vertex -44.527584075927734 -51.27999496459961 0
endloop
endfacet
facet normal 0 0 1
outer loop
vertex -52.527584075927734 -50.97999572753906 1.350000023841858
vertex -52.527584075927734 -51.27999496459961 1.350000023841858
vertex -44.527584075927734 -51.27999496459961 1.350000023841858
endloop
endfacet
facet normal 0 1 0
outer loop
vertex -44.527584075927734 -50.97999572753906 1.350000023841858
vertex -52.527584075927734 -50.97999572753906 -0.44999998807907104
vertex -52.527584075927734 -50.97999572753906 1.350000023841858
endloop
endfacet
facet normal -1 0 0
outer loop
vertex -52.527584075927734 -50.97999572753906 1.350000023841858
vertex -52.527584075927734 -51.27999496459961 0
vertex -52.527584075927734 -51.27999496459961 1.350000023841858
endloop
endfacet
facet normal -1 0 0
outer loop
vertex -52.527584075927734 -50.97999572753906 -0.44999998807907104
vertex -52.527584075927734 -51.27999496459961 0
vertex -52.527584075927734 -50.97999572753906 1.350000023841858
endloop
endfacet
facet normal 1 0 0
outer loop
vertex -44.527584075927734 -51.27999496459961 -0.44999998807907104
vertex -44.527584075927734 -50.97999572753906 -0.44999998807907104
vertex -44.527584075927734 -50.97999572753906 1.350000023841858
endloop
endfacet
facet normal 0 1 0
outer loop
vertex -44.527584075927734 -50.97999572753906 -0.44999998807907104
vertex -52.527584075927734 -50.97999572753906 -0.44999998807907104
vertex -44.527584075927734 -50.97999572753906 1.350000023841858
endloop
endfacet
facet normal 0 0 -1
outer loop
vertex -44.527584075927734 -51.27999496459961 -0.44999998807907104
vertex -52.527584075927734 -51.77999496459961 -0.44999998807907104
vertex -44.527584075927734 -50.97999572753906 -0.44999998807907104
endloop
endfacet
facet normal -1 0 0
outer loop
vertex -38.527584075927734 -51.27999496459961 3.5999999046325684
vertex -38.527584075927734 -52.47999572753906 3.5999999046325684
vertex -38.527584075927734 -51.27999496459961 5.300000190734863
endloop
endfacet
facet normal -1 0 0
outer loop
vertex -38.527584075927734 -51.27999496459961 5.300000190734863
vertex -38.527584075927734 -52.47999572753906 3.5999999046325684
vertex -38.527584075927734 -52.47999572753906 5.300000190734863
endloop
endfacet
facet normal 0 0 -1
outer loop
vertex -57.527584075927734 -52.47999572753906 5.300000190734863
vertex -57.557132720947266 -51.27999496459961 5.300000190734863
vertex -38.527584075927734 -52.47999572753906 5.300000190734863
endloop
endfacet
facet normal 0 1 0
outer loop
vertex -38.527584075927734 -52.47999572753906 3.5999999046325684
vertex -57.527584075927734 -52.47999572753906 5.300000190734863
vertex -38.527584075927734 -52.47999572753906 5.300000190734863
endloop
endfacet
facet normal 0 0 -1
outer loop
vertex -38.527584075927734 -52.47999572753906 5.300000190734863
vertex -57.557132720947266 -51.27999496459961 5.300000190734863
vertex -38.527584075927734 -51.27999496459961 5.300000190734863
endloop
endfacet
facet normal 0 1 0
outer loop
vertex -38.527584075927734 -52.47999572753906 3.5999999046325684
vertex -57.527584075927734 -52.47999572753906 3.5999999046325684
vertex -57.527584075927734 -52.47999572753906 5.300000190734863
endloop
endfacet
facet normal 0 0 1
outer loop
vertex -38.527584075927734 -51.27999496459961 3.5999999046325684
vertex -57.527584075927734 -51.27999496459961 3.5999999046325684
vertex -38.527584075927734 -52.47999572753906 3.5999999046325684
endloop
endfacet
facet normal 0 0 1
outer loop
vertex -57.527584075927734 -51.27999496459961 3.5999999046325684
vertex -57.527584075927734 -52.47999572753906 3.5999999046325684
vertex -38.527584075927734 -52.47999572753906 3.5999999046325684
endloop
endfacet
facet normal 0.999546082934099 0.024612678006082946 0.017373663185081014
outer loop
vertex -57.527584075927734 -52.47999572753906 5.300000190734863
vertex -57.527584075927734 -51.27999496459961 3.5999999046325684
vertex -57.557132720947266 -51.27999496459961 5.300000190734863
endloop
endfacet
facet normal 1 0 0
outer loop
vertex -57.527584075927734 -51.27999496459961 3.5999999046325684
vertex -57.527584075927734 -52.47999572753906 5.300000190734863
vertex -57.527584075927734 -52.47999572753906 3.5999999046325684
endloop
endfacet
facet normal -1 0 0
outer loop
vertex 80.13516235351562 -46.52999496459961 3.5999999046325684
vertex 80.13516235351562 -47.72999572753906 3.5999999046325684
vertex 80.13516235351562 -46.52999496459961 5.300000190734863
endloop
endfacet
facet normal -1 0 0
outer loop
vertex 80.13516235351562 -46.52999496459961 5.300000190734863
vertex 80.13516235351562 -47.72999572753906 3.5999999046325684
vertex 80.13516235351562 -47.72999572753906 5.300000190734863
endloop
endfacet
facet normal 1 0 0
outer loop
vertex 61.135162353515625 -47.72999572753906 3.5999999046325684
vertex 61.135162353515625 -46.52999496459961 3.5999999046325684
vertex 61.135162353515625 -47.72999572753906 5.300000190734863
endloop
endfacet
facet normal 1 0 0
outer loop
vertex 61.135162353515625 -47.72999572753906 5.300000190734863
vertex 61.135162353515625 -46.52999496459961 3.5999999046325684
vertex 61.135162353515625 -46.52999496459961 5.300000190734863
endloop
endfacet
facet normal 0 1 0
outer loop
vertex 61.135162353515625 -47.72999572753906 3.5999999046325684
vertex 61.135162353515625 -47.72999572753906 5.300000190734863
vertex 80.13516235351562 -47.72999572753906 3.5999999046325684
endloop
endfacet
facet normal 0 1 0
outer loop
vertex 80.13516235351562 -47.72999572753906 3.5999999046325684
vertex 61.135162353515625 -47.72999572753906 5.300000190734863
vertex 80.13516235351562 -47.72999572753906 5.300000190734863
endloop
endfacet
facet normal 0 0 1
outer loop
vertex 61.135162353515625 -46.52999496459961 3.5999999046325684
vertex 61.135162353515625 -47.72999572753906 3.5999999046325684
vertex 80.13516235351562 -46.52999496459961 3.5999999046325684
endloop
endfacet
facet normal 0 0 1
outer loop
vertex 80.13516235351562 -46.52999496459961 3.5999999046325684
vertex 61.135162353515625 -47.72999572753906 3.5999999046325684
vertex 80.13516235351562 -47.72999572753906 3.5999999046325684
endloop
endfacet
facet normal 0 0 -1
outer loop
vertex 80.13516235351562 -47.72999572753906 5.300000190734863
vertex 61.135162353515625 -47.72999572753906 5.300000190734863
vertex 61.135162353515625 -46.52999496459961 5.300000190734863
endloop
endfacet
facet normal 0 0 -1
outer loop
vertex 80.13516235351562 -47.72999572753906 5.300000190734863
vertex 61.135162353515625 -46.52999496459961 5.300000190734863
vertex 80.13516235351562 -46.52999496459961 5.300000190734863
endloop
endfacet
facet normal -0.9995072186016694 -0.0254055729083599 0.018435748651812214
outer loop
vertex 73.11231994628906 47.562984466552734 5.300000190734863
vertex 73.11146545410156 46.36298370361328 3.5999999046325684
vertex 73.142822265625 46.36296081542969 5.300000190734863
endloop
endfacet
facet normal -0.999999746473718 0.0007120761896606283 0
outer loop
vertex 73.11231994628906 47.562984466552734 3.5999999046325684
vertex 73.11146545410156 46.36298370361328 3.5999999046325684
vertex 73.11231994628906 47.562984466552734 5.300000190734863
endloop
endfacet
facet normal 0 0 -1
outer loop
vertex 73.142822265625 46.36296081542969 5.300000190734863
vertex 54.11232376098633 47.576534271240234 5.300000190734863
vertex 73.11231994628906 47.562984466552734 5.300000190734863
endloop
endfacet
facet normal -0.0007131475769666028 -0.9999997457102344 0
outer loop
vertex 73.11231994628906 47.562984466552734 5.300000190734863
vertex 54.11232376098633 47.576534271240234 3.5999999046325684
vertex 73.11231994628906 47.562984466552734 3.5999999046325684
endloop
endfacet
facet normal 0 0 1
outer loop
vertex 73.11231994628906 47.562984466552734 3.5999999046325684
vertex 54.11146926879883 46.37653350830078 3.5999999046325684
vertex 73.11146545410156 46.36298370361328 3.5999999046325684
endloop
endfacet
facet normal 0 0 1
outer loop
vertex 54.11146926879883 46.37653350830078 3.5999999046325684
vertex 73.11231994628906 47.562984466552734 3.5999999046325684
vertex 54.11232376098633 47.576534271240234 3.5999999046325684
endloop
endfacet
facet normal 0.999999746473718 -0.0007120761896606283 0
outer loop
vertex 54.11146926879883 46.37653350830078 5.300000190734863
vertex 54.11146926879883 46.37653350830078 3.5999999046325684
vertex 54.11232376098633 47.576534271240234 3.5999999046325684
endloop
endfacet
facet normal 0.999999746473718 -0.0007120761896606283 0
outer loop
vertex 54.11146926879883 46.37653350830078 5.300000190734863
vertex 54.11232376098633 47.576534271240234 3.5999999046325684
vertex 54.11232376098633 47.576534271240234 5.300000190734863
endloop
endfacet
facet normal -0.0007131475769666028 -0.9999997457102344 0
outer loop
vertex 54.11232376098633 47.576534271240234 5.300000190734863
vertex 54.11232376098633 47.576534271240234 3.5999999046325684
vertex 73.11231994628906 47.562984466552734 5.300000190734863
endloop
endfacet
facet normal 0 0 -1
outer loop
vertex 54.11146926879883 46.37653350830078 5.300000190734863
vertex 54.11232376098633 47.576534271240234 5.300000190734863
vertex 73.142822265625 46.36296081542969 5.300000190734863
endloop
endfacet
facet normal 0.9997161963824922 -0.023822818693897206 0
outer loop
vertex -77.55253601074219 46.47042465209961 5.300000190734863
vertex -77.52394104003906 47.67040252685547 3.5999999046325684
vertex -77.52394104003906 47.67040252685547 5.300000190734863
endloop
endfacet
facet normal 0 0 1
outer loop
vertex -77.52394104003906 47.67040252685547 3.5999999046325684
vertex -77.52479553222656 46.470401763916016 3.5999999046325684
vertex -58.523948669433594 47.65685272216797 3.5999999046325684
endloop
endfacet
facet normal 0 0 1
outer loop
vertex -58.523948669433594 47.65685272216797 3.5999999046325684
vertex -77.52479553222656 46.470401763916016 3.5999999046325684
vertex -58.524803161621094 46.45685577392578 3.5999999046325684
endloop
endfacet
facet normal -0.0007131477201477512 -0.9999997457101323 0
outer loop
vertex -77.52394104003906 47.67040252685547 5.300000190734863
vertex -77.52394104003906 47.67040252685547 3.5999999046325684
vertex -58.523948669433594 47.65685272216797 5.300000190734863
endloop
endfacet
facet normal 0 0 -1
outer loop
vertex -77.55253601074219 46.47042465209961 5.300000190734863
vertex -77.52394104003906 47.67040252685547 5.300000190734863
vertex -58.524803161621094 46.45685577392578 5.300000190734863
endloop
endfacet
facet normal -0.0007131477201477512 -0.9999997457101323 0
outer loop
vertex -58.523948669433594 47.65685272216797 5.300000190734863
vertex -77.52394104003906 47.67040252685547 3.5999999046325684
vertex -58.523948669433594 47.65685272216797 3.5999999046325684
endloop
endfacet
facet normal 0 0 -1
outer loop
vertex -58.524803161621094 46.45685577392578 5.300000190734863
vertex -77.52394104003906 47.67040252685547 5.300000190734863
vertex -58.523948669433594 47.65685272216797 5.300000190734863
endloop
endfacet
facet normal -0.999999746472106 0.0007120784532944818 0
outer loop
vertex -58.523948669433594 47.65685272216797 3.5999999046325684
vertex -58.524803161621094 46.45685577392578 3.5999999046325684
vertex -58.523948669433594 47.65685272216797 5.300000190734863
endloop
endfacet
facet normal -0.999999746472106 0.0007120784532944818 0
outer loop
vertex -58.523948669433594 47.65685272216797 5.300000190734863
vertex -58.524803161621094 46.45685577392578 3.5999999046325684
vertex -58.524803161621094 46.45685577392578 5.300000190734863
endloop
endfacet
facet normal 0.9998666356499164 -0.0007119814045883826 0.016315759148659837
outer loop
vertex -77.55253601074219 46.47042465209961 5.300000190734863
vertex -77.52479553222656 46.470401763916016 3.5999999046325684
vertex -77.52394104003906 47.67040252685547 3.5999999046325684
endloop
endfacet
facet normal 1 0 0
outer loop
vertex -41.349971771240234 -45.329994201660156 5.300000190734863
vertex -41.349971771240234 -45.258094787597656 4.424560070037842
vertex -41.349971771240234 -44.89069366455078 7.177099704742432
endloop
endfacet
facet normal 0 -0.7193400694809947 0.6946580917538338
outer loop
vertex -33.14997100830078 -39.96159362792969 17.494600296020508
vertex -48.54997253417969 -45.75050735473633 11.5
vertex -33.14997100830078 -45.75050735473633 11.5
endloop
endfacet
facet normal 0 0.9510653678524229 0.30898975075515933
outer loop
vertex -41.349971771240234 -45.258094787597656 4.424560070037842
vertex -40.349971771240234 -45.54251480102539 5.300000190734863
vertex -40.349971771240234 -45.258094787597656 4.424560070037842
endloop
endfacet
facet normal 1 0 0
outer loop
vertex -41.349971771240234 -45.258094787597656 4.424560070037842
vertex -41.349971771240234 -45.329994201660156 5.300000190734863
vertex -41.349971771240234 -45.54251480102539 5.300000190734863
endloop
endfacet
facet normal 0.2868136191851101 0.844729212252302 0.451852305313964
outer loop
vertex -45.42409133911133 -35.329994201660156 1.0638598203659058
vertex -46.89914321899414 -35.329994201660156 2.000150203704834
vertex -46.15086364746094 -35.91329574584961 2.615650177001953
endloop
endfacet
facet normal 0.06543335936821737 0.9963046454592484 -0.05563747763972887
outer loop
vertex -43.2039909362793 -38.17539596557617 9.925299644470215
vertex -42.32221603393555 -38.16028594970703 11.232901573181152
vertex -41.69997024536133 -38.23564529418945 10.615238189697266
endloop
endfacet
facet normal 0.13030368248983162 0.9877194342782223 -0.08620481122708595
outer loop
vertex -42.416629791259766 -38.134437561035156 11.584736824035645
vertex -43.2039909362793 -38.17539596557617 9.925299644470215
vertex -44.333553314208984 -37.808197021484375 12.425199508666992
endloop
endfacet
facet normal 0.321571169017947 0.9452491009543397 -0.05564279289758121
outer loop
vertex -45.51757049560547 -37.71429443359375 9.925299644470215
vertex -47.750980377197266 -36.95449447631836 9.925299644470215
vertex -46.589420318603516 -37.20249557495117 12.425199508666992
endloop
endfacet
facet normal 0.25835017038180785 0.9621961913410714 -0.08621878468423892
outer loop
vertex -44.333553314208984 -37.808197021484375 12.425199508666992
vertex -45.51757049560547 -37.71429443359375 9.925299644470215
vertex -46.589420318603516 -37.20249557495117 12.425199508666992
endloop
endfacet
facet normal -1 0 0
outer loop
vertex -49.24997329711914 -36.14039611816406 11.763299942016602
vertex -49.24997329711914 -44.77748107910156 11.5
vertex -49.24997329711914 -39.10679626464844 17.372098922729492
endloop
endfacet
facet normal 0.38272050415897374 0.9219822537634698 -0.058938437725596315
outer loop
vertex -46.589420318603516 -37.20249557495117 12.425199508666992
vertex -49.24997329711914 -36.14039611816406 11.763299942016602
vertex -48.746700286865234 -36.3069953918457 12.425199508666992
endloop
endfacet
facet normal 0.5005233105338341 0.8495121211609129 -0.16675002732514677
outer loop
vertex -48.746700286865234 -36.3069953918457 12.425199508666992
vertex -49.24997329711914 -36.14039611816406 11.763299942016602
vertex -49.24997329711914 -35.67179489135742 14.15060043334961
endloop
endfacet
facet normal 0.37609007961762836 0.9060094127591137 -0.19417310834688684
outer loop
vertex -46.589420318603516 -37.20249557495117 12.425199508666992
vertex -48.746700286865234 -36.3069953918457 12.425199508666992
vertex -47.48204040527344 -36.30669403076172 14.876100540161133
endloop
endfacet
facet normal 0.4054530279158246 0.8898269496887743 -0.20932233937509176
outer loop
vertex -47.48204040527344 -36.30669403076172 14.876100540161133
vertex -48.746700286865234 -36.3069953918457 12.425199508666992
vertex -49.24997329711914 -35.67179489135742 14.15060043334961
endloop
endfacet
facet normal 0.13030690163056016 0.9877196432867944 -0.0861975501557398
outer loop
vertex -42.54997253417969 -38.0737419128418 12.078658103942871
vertex -42.416629791259766 -38.134437561035156 11.584736824035645
vertex -44.333553314208984 -37.808197021484375 12.425199508666992
endloop
endfacet
facet normal 1 0 0
outer loop
vertex -32.449974060058594 -39.10679626464844 17.372098922729492
vertex -32.449974060058594 -36.15114974975586 11.5
vertex -32.449974060058594 -36.14039611816406 11.763299942016602
endloop
endfacet
facet normal 0.24730919043464858 0.8594181891994415 0.44748021229961893
outer loop
vertex -45.42409133911133 -35.329994201660156 1.0638598203659058
vertex -44.71561050415039 -36.232994079589844 2.4065799713134766
vertex -44.60340118408203 -36.20399475097656 2.288869857788086
endloop
endfacet
facet normal 0.13030521354117042 0.9877191413050078 -0.08620585376694555
outer loop
vertex -44.333553314208984 -37.808197021484375 12.425199508666992
vertex -42.45722198486328 -38.05573272705078 12.425199508666992
vertex -42.54997253417969 -38.0737419128418 12.078658103942871
endloop
endfacet
facet normal 0.3883879130564902 0.9171411903559947 -0.0894810926621559
outer loop
vertex -46.589420318603516 -37.20249557495117 12.425199508666992
vertex -48.74997329711914 -36.41194534301758 11.15022087097168
vertex -48.74997329711914 -36.3778190612793 11.5
endloop
endfacet
facet normal 0.12830195001038952 0.9725343173009752 -0.19420507535967638
outer loop
vertex -42.45722198486328 -38.05573272705078 12.425199508666992
vertex -44.333553314208984 -37.808197021484375 12.425199508666992
vertex -42.32221603393555 -37.97417449951172 12.922816276550293
endloop
endfacet
facet normal 0.3785784075886938 0.9247982415073744 -0.03777038274199411
outer loop
vertex -49.24997329711914 -36.15114974975586 11.5
vertex -49.24997329711914 -36.14039611816406 11.763299942016602
vertex -46.589420318603516 -37.20249557495117 12.425199508666992
endloop
endfacet
facet normal 0.12830210168661038 0.9725341647039859 -0.19420573932383986
outer loop
vertex -42.32221603393555 -37.97417449951172 12.922816276550293
vertex -44.333553314208984 -37.808197021484375 12.425199508666992
vertex -43.11225128173828 -37.479896545410156 14.876100540161133
endloop
endfacet
facet normal 0.12829256621584392 0.972534629000637 -0.19420971357876698
outer loop
vertex -42.32221603393555 -37.97417449951172 12.922816276550293
vertex -43.11225128173828 -37.479896545410156 14.876100540161133
vertex -42.26539993286133 -37.970333099365234 12.979584693908691
endloop
endfacet
facet normal 0.06389451757975291 0.9727192009963734 -0.223013108664553
outer loop
vertex -42.26539993286133 -37.970333099365234 12.979584693908691
vertex -43.11225128173828 -37.479896545410156 14.876100540161133
vertex -41.69997024536133 -37.879425048828125 13.538098335266113
endloop
endfacet
facet normal 0.2543800107750461 0.947409777819467 -0.1941791003433571
outer loop
vertex -44.333553314208984 -37.808197021484375 12.425199508666992
vertex -46.589420318603516 -37.20249557495117 12.425199508666992
vertex -45.335670471191406 -37.03679656982422 14.876100540161133
endloop
endfacet
facet normal -1 0 0
outer loop
vertex -49.24997329711914 -35.67179489135742 14.15060043334961
vertex -49.24997329711914 -36.14039611816406 11.763299942016602
vertex -49.24997329711914 -39.10679626464844 17.372098922729492
endloop
endfacet
facet normal 0.25591501433174707 0.8592940042023076 0.4428558679542885
outer loop
vertex -44.71561050415039 -36.232994079589844 2.4065799713134766
vertex -45.42409133911133 -35.329994201660156 1.0638598203659058
vertex -46.15086364746094 -35.91329574584961 2.615650177001953
endloop
endfacet
facet normal 0 -0.9510541850708151 -0.3090241690536322
outer loop
vertex -44.14997100830078 -37.62749481201172 1.651039958000183
vertex -47.64997100830078 -37.22099685668945 0.4000000059604645
vertex -37.54997253417969 -37.62749481201172 1.651039958000183
endloop
endfacet
facet normal 0.33022440121244934 -0.29122010281412386 0.8978544963193148
outer loop
vertex -44.45369338989258 -37.64899444580078 1.716959834098816
vertex -44.30573272705078 -37.63299560546875 1.6677302122116089
vertex -44.31234359741211 -36.19619369506836 2.1361899375915527
endloop
endfacet
facet normal 0.11210988933716788 -0.3070708907539477 0.945060231289194
outer loop
vertex -44.14997100830078 -37.62749481201172 1.651039958000183
vertex -44.14997100830078 -36.21749496459961 2.109179973602295
vertex -44.30573272705078 -37.63299560546875 1.6677302122116089
endloop
endfacet
facet normal 0.43068002612034584 0.8487899125179565 -0.3067089817868688
outer loop
vertex -47.48204040527344 -36.30669403076172 14.876100540161133
vertex -49.24997329711914 -35.67179489135742 14.15060043334961
vertex -49.24997329711914 -34.844993591308594 16.43869972229004
endloop
endfacet
facet normal -0.39809040206558327 0.8988005008067113 -0.1835257244444699
outer loop
vertex -32.449974060058594 -35.67179489135742 14.15060043334961
vertex -35.11052322387695 -37.20249557495117 12.425199508666992
vertex -34.21790313720703 -36.30669403076172 14.876100540161133
endloop
endfacet
facet normal 0.31392777291586665 0.9228910970850177 -0.22298290587687788
outer loop
vertex -45.335670471191406 -37.03679656982422 14.876100540161133
vertex -46.589420318603516 -37.20249557495117 12.425199508666992
vertex -47.48204040527344 -36.30669403076172 14.876100540161133
endloop
endfacet
facet normal 0.7071407305433988 -0.21720398493387588 0.672885143345722
outer loop
vertex -44.69725036621094 -37.7089958190918 1.901689887046814
vertex -44.58641052246094 -37.6746940612793 1.796279788017273
vertex -44.60340118408203 -36.20399475097656 2.288869857788086
endloop
endfacet
facet normal 0.5319758180358811 -0.26076884823678603 0.8056061921400028
outer loop
vertex -44.58641052246094 -37.6746940612793 1.796279788017273
vertex -44.45369338989258 -37.64899444580078 1.716959834098816
vertex -44.46635055541992 -36.19149398803711 2.1971001625061035
endloop
endfacet
facet normal 0.8467058554888875 -0.16274481329982907 0.5065602827155271
outer loop
vertex -44.69725036621094 -37.7089958190918 1.901689887046814
vertex -44.71561050415039 -36.232994079589844 2.4065799713134766
vertex -44.7806510925293 -37.749996185302734 2.0279202461242676
endloop
endfacet
facet normal 0.11677208989032101 -0.3073767663441454 0.9443959987920657
outer loop
vertex -44.31234359741211 -36.19619369506836 2.1361899375915527
vertex -44.30573272705078 -37.63299560546875 1.6677302122116089
vertex -44.14997100830078 -36.21749496459961 2.109179973602295
endloop
endfacet
facet normal 0.5536273045636059 -0.258724145648699 0.7915545616696218
outer loop
vertex -44.60340118408203 -36.20399475097656 2.288869857788086
vertex -44.58641052246094 -37.6746940612793 1.796279788017273
vertex -44.46635055541992 -36.19149398803711 2.1971001625061035
endloop
endfacet
facet normal 0.34416389004221914 -0.29107491439942657 0.8926514498942877
outer loop
vertex -44.46635055541992 -36.19149398803711 2.1971001625061035
vertex -44.45369338989258 -37.64899444580078 1.716959834098816
vertex -44.31234359741211 -36.19619369506836 2.1361899375915527
endloop
endfacet
facet normal 2.847871075594978e-7 -0.3090190037275011 0.9510558634145428
outer loop
vertex -44.14997100830078 -36.21749496459961 2.109179973602295
vertex -44.14997100830078 -37.62749481201172 1.651039958000183
vertex -41.95564270019531 -36.4778938293457 2.0245699882507324
endloop
endfacet
facet normal 0.19825891918688315 0.853086206355741 0.4826358104082405
outer loop
vertex -43.80801010131836 -35.329994201660156 0.4000000059604645
vertex -45.42409133911133 -35.329994201660156 1.0638598203659058
vertex -44.14997100830078 -36.21749496459961 2.109179973602295
endloop
endfacet
facet normal 0.12170013207352195 0.8707233226839535 0.4764766239675387
outer loop
vertex -41.95564270019531 -36.4778938293457 2.0245699882507324
vertex -43.80801010131836 -35.329994201660156 0.4000000059604645
vertex -44.14997100830078 -36.21749496459961 2.109179973602295
endloop
endfacet
facet normal 0.21248418930392285 0.856050014311276 0.471199365760947
outer loop
vertex -44.46635055541992 -36.19149398803711 2.1971001625061035
vertex -44.31234359741211 -36.19619369506836 2.1361899375915527
vertex -45.42409133911133 -35.329994201660156 1.0638598203659058
endloop
endfacet
facet normal 0.19283562558929032 0.8513879288272787 0.48780428057857755
outer loop
vertex -44.14997100830078 -36.21749496459961 2.109179973602295
vertex -45.42409133911133 -35.329994201660156 1.0638598203659058
vertex -44.31234359741211 -36.19619369506836 2.1361899375915527
endloop
endfacet
facet normal 0.22904653096533495 0.858406933475128 0.45899370716228033
outer loop
vertex -44.60340118408203 -36.20399475097656 2.288869857788086
vertex -44.46635055541992 -36.19149398803711 2.1971001625061035
vertex -45.42409133911133 -35.329994201660156 1.0638598203659058
endloop
endfacet
facet normal 0.1905228134187105 0.9560191891764174 -0.22299858181944737
outer loop
vertex -43.11225128173828 -37.479896545410156 14.876100540161133
vertex -44.333553314208984 -37.808197021484375 12.425199508666992
vertex -45.335670471191406 -37.03679656982422 14.876100540161133
endloop
endfacet
facet normal 0.30405337275381594 0.8938621395195022 -0.32948751425607425
outer loop
vertex -45.335670471191406 -37.03679656982422 14.876100540161133
vertex -47.48204040527344 -36.30669403076172 14.876100540161133
vertex -46.14425277709961 -35.89389419555664 17.230499267578125
endloop
endfacet
facet normal 0.18453129570931762 0.9259545171317024 -0.3294790328795388
outer loop
vertex -43.11225128173828 -37.479896545410156 14.876100540161133
vertex -45.335670471191406 -37.03679656982422 14.876100540161133
vertex -44.06336212158203 -36.45259475708008 17.230499267578125
endloop
endfacet
facet normal -1 0 0
outer loop
vertex -49.24997329711914 -34.844993591308594 16.43869972229004
vertex -49.24997329711914 -35.67179489135742 14.15060043334961
vertex -49.24997329711914 -39.10679626464844 17.372098922729492
endloop
endfacet
facet normal 1 0 0
outer loop
vertex -47.64997100830078 -45.329994201660156 4.424560070037842
vertex -47.64997100830078 -45.329994201660156 0.4000000059604645
vertex -47.64997100830078 -45.258094787597656 4.424560070037842
endloop
endfacet
facet normal 0.4070861454609991 0.8499428524328416 -0.33448171515350617
outer loop
vertex -47.48204040527344 -36.30669403076172 14.876100540161133
vertex -49.24997329711914 -34.844993591308594 16.43869972229004
vertex -48.134212493896484 -35.06779479980469 17.230499267578125
endloop
endfacet
facet normal 1 0 0
outer loop
vertex -47.64997100830078 -45.329994201660156 0.4000000059604645
vertex -47.64997100830078 -42.4783935546875 0.4000000059604645
vertex -47.64997100830078 -44.89069366455078 7.177099704742432
endloop
endfacet
facet normal -0.2543800107750461 0.947409777819467 -0.1941791003433571
outer loop
vertex -35.11052322387695 -37.20249557495117 12.425199508666992
vertex -37.366390228271484 -37.808197021484375 12.425199508666992
vertex -36.36427307128906 -37.03679656982422 14.876100540161133
endloop
endfacet
facet normal -0.40246777676594975 0.898292358881169 -0.17632505959386127
outer loop
vertex -32.449974060058594 -36.14039611816406 11.763299942016602
vertex -35.11052322387695 -37.20249557495117 12.425199508666992
vertex -32.449974060058594 -35.67179489135742 14.15060043334961
endloop
endfacet
facet normal 1 0 0
outer loop
vertex -32.449974060058594 -39.10679626464844 17.372098922729492
vertex -32.449974060058594 -44.77748107910156 11.5
vertex -32.449974060058594 -36.15114974975586 11.5
endloop
endfacet
facet normal -0.7071067811865475 -0.7071067811865475 0
outer loop
vertex -49.24997329711914 -45.6299934387207 5.300000190734863
vertex -48.54997253417969 -46.329994201660156 0.4000000059604645
vertex -48.54997253417969 -46.329994201660156 5.300000190734863
endloop
endfacet
facet normal -1 0 0
outer loop
vertex -49.24997329711914 -43.927894592285156 4.861230373382568
vertex -49.24997329711914 -45.6299934387207 0.4000000059604645
vertex -49.24997329711914 -45.6299934387207 5.300000190734863
endloop
endfacet
facet normal 0.46094753719762904 0.7755640300009746 -0.4313094055548614
outer loop
vertex -48.134212493896484 -35.06779479980469 17.230499267578125
vertex -49.24997329711914 -34.844993591308594 16.43869972229004
vertex -48.156253814697266 -34.30509567260742 18.578399658203125
endloop
endfacet
facet normal 0.24241444216069974 0.9028771084088938 -0.3550326257446091
outer loop
vertex -44.06336212158203 -36.45259475708008 17.230499267578125
vertex -45.335670471191406 -37.03679656982422 14.876100540161133
vertex -46.14425277709961 -35.89389419555664 17.230499267578125
endloop
endfacet
facet normal 0.35842937523065627 0.8634070206242386 -0.3550446446695641
outer loop
vertex -46.14425277709961 -35.89389419555664 17.230499267578125
vertex -47.48204040527344 -36.30669403076172 14.876100540161133
vertex -48.134212493896484 -35.06779479980469 17.230499267578125
endloop
endfacet
facet normal 1 0 0
outer loop
vertex -47.64997100830078 -45.258094787597656 4.424560070037842
vertex -47.64997100830078 -45.329994201660156 0.4000000059604645
vertex -47.64997100830078 -44.89069366455078 7.177099704742432
endloop
endfacet
facet normal 0 0 -1
outer loop
vertex -47.64997100830078 -37.22099685668945 0.4000000059604645
vertex -49.24997329711914 -35.355533599853516 0.4000000059604645
vertex -43.80801010131836 -35.329994201660156 0.4000000059604645
endloop
endfacet
facet normal -0.06389451757975291 0.9727192009963734 -0.223013108664553
outer loop
vertex -39.43454360961914 -37.970333099365234 12.979584693908691
vertex -39.99997329711914 -37.879425048828125 13.538098335266113
vertex -38.58769226074219 -37.479896545410156 14.876100540161133
endloop
endfacet
facet normal 0.12222717784501581 0.926830121978558 -0.3550301987004123
outer loop
vertex -43.11225128173828 -37.479896545410156 14.876100540161133
vertex -44.06336212158203 -36.45259475708008 17.230499267578125
vertex -41.92727279663086 -36.73429489135742 17.230499267578125
endloop
endfacet
facet normal 0.3406769352771132 0.8206438367215917 -0.4587841747718193
outer loop
vertex -46.14425277709961 -35.89389419555664 17.230499267578125
vertex -48.134212493896484 -35.06779479980469 17.230499267578125
vertex -48.156253814697266 -34.30509567260742 18.578399658203125
endloop
endfacet
facet normal -0.12829256621584392 0.972534629000637 -0.19420971357876698
outer loop
vertex -38.58769226074219 -37.479896545410156 14.876100540161133
vertex -39.37772750854492 -37.97417449951172 12.922816276550293
vertex -39.43454360961914 -37.970333099365234 12.979584693908691
endloop
endfacet
facet normal 0 0.9510590586075492 0.30900916983242144
outer loop
vertex -47.64997100830078 -42.4783935546875 0.4000000059604645
vertex -49.24997329711914 -43.927894592285156 4.861230373382568
vertex -47.64997100830078 -43.927894592285156 4.861230373382568
endloop
endfacet
facet normal 0 -0.951053580069996 -0.3090260310006973
outer loop
vertex -46.64997100830078 -45.258094787597656 4.424560070037842
vertex -41.349971771240234 -43.95039367675781 0.4000000059604645
vertex -41.349971771240234 -45.258094787597656 4.424560070037842
endloop
endfacet
facet normal -0.12830305421250232 0.9725341183182938 -0.19420534232250808
outer loop
vertex -38.58769226074219 -37.479896545410156 14.876100540161133
vertex -39.24272155761719 -38.05573272705078 12.425199508666992
vertex -39.37772750854492 -37.97417449951172 12.922816276550293
endloop
endfacet
facet normal -1 0 0
outer loop
vertex -46.64997100830078 -42.688594818115234 0.4000000059604645
vertex -46.64997100830078 -45.258094787597656 4.424560070037842
vertex -46.64997100830078 -44.89069366455078 7.177099704742432
endloop
endfacet
facet normal 0 0.9510529829111514 0.30902786880118327
outer loop
vertex -41.349971771240234 -42.688594818115234 0.4000000059604645
vertex -46.64997100830078 -42.688594818115234 0.4000000059604645
vertex -46.64997100830078 -44.89069366455078 7.177099704742432
endloop
endfacet
facet normal 1 0 0
outer loop
vertex -47.64997100830078 -45.258094787597656 4.424560070037842
vertex -47.64997100830078 -45.329994201660156 5.300000190734863
vertex -47.64997100830078 -45.54251480102539 5.300000190734863
endloop
endfacet
facet normal -0.5976070571276166 -0.3889023876294559 0.7011567144136738
outer loop
vertex -49.24997329711914 -39.10679626464844 17.372098922729492
vertex -48.54997253417969 -39.96159362792969 17.494600296020508
vertex -47.11833190917969 -37.4241943359375 20.12220001220703
endloop
endfacet
facet normal -0.9051714154415769 0.09093620320789568 0.41520514882841325
outer loop
vertex -49.24997329711914 -34.844993591308594 16.43869972229004
vertex -49.24997329711914 -39.10679626464844 17.372098922729492
vertex -47.65742111206055 -36.352394104003906 20.240699768066406
endloop
endfacet
facet normal -0.12830193484038543 0.9725342023116896 -0.19420566122072427
outer loop
vertex -37.366390228271484 -37.808197021484375 12.425199508666992
vertex -39.24272155761719 -38.05573272705078 12.425199508666992
vertex -38.58769226074219 -37.479896545410156 14.876100540161133
endloop
endfacet
facet normal -1 0 0
outer loop
vertex -49.24997329711914 -35.355533599853516 0.4000000059604645
vertex -49.24997329711914 -39.849693298339844 0.4000000059604645
vertex -49.24997329711914 -37.15085983276367 5.300000190734863
endloop
endfacet
facet normal 0 0 -1
outer loop
vertex -47.64997100830078 -37.22099685668945 0.4000000059604645
vertex -49.24997329711914 -39.849693298339844 0.4000000059604645
vertex -49.24997329711914 -35.355533599853516 0.4000000059604645
endloop
endfacet
facet normal 1 0 0
outer loop
vertex -47.64997100830078 -39.849693298339844 0.4000000059604645
vertex -47.64997100830078 -37.22099685668945 0.4000000059604645
vertex -47.64997100830078 -40.77769470214844 3.2561302185058594
endloop
endfacet
facet normal 1 0 0
outer loop
vertex -47.64997100830078 -45.329994201660156 5.300000190734863
vertex -47.64997100830078 -45.258094787597656 4.424560070037842
vertex -47.64997100830078 -44.89069366455078 7.177099704742432
endloop
endfacet
facet normal 1 0 0
outer loop
vertex -47.64997100830078 -44.89069366455078 7.177099704742432
vertex -47.64997100830078 -42.4783935546875 0.4000000059604645
vertex -47.64997100830078 -43.927894592285156 4.861230373382568
endloop
endfacet
facet normal 0 0.30902319537035655 -0.9510545014472591
outer loop
vertex -47.64997100830078 -43.927894592285156 4.861230373382568
vertex -49.24997329711914 -43.927894592285156 4.861230373382568
vertex -48.74997329711914 -42.57752990722656 5.300000190734863
endloop
endfacet
facet normal 0 -0.951049815402561 -0.30903761684098385
outer loop
vertex -49.24997329711914 -41.441837310791016 5.300000190734863
vertex -47.64997100830078 -40.77769470214844 3.2561302185058594
vertex -48.74997329711914 -41.441837310791016 5.300000190734863
endloop
endfacet
facet normal 1.2203279826994204e-7 -0.9510498347058497 -0.3090375574359226
outer loop
vertex -48.74997329711914 -41.441837310791016 5.300000190734863
vertex -47.64997100830078 -40.77769470214844 3.2561302185058594
vertex -47.64997100830078 -41.550296783447266 5.633780002593994
endloop
endfacet
facet normal 0 -0.9510576473136659 -0.3090135134362165
outer loop
vertex -49.24997329711914 -39.849693298339844 0.4000000059604645
vertex -47.64997100830078 -39.849693298339844 0.4000000059604645
vertex -47.64997100830078 -40.77769470214844 3.2561302185058594
endloop
endfacet
facet normal 0 0 -1
outer loop
vertex -49.24997329711914 -39.849693298339844 0.4000000059604645
vertex -47.64997100830078 -37.22099685668945 0.4000000059604645
vertex -47.64997100830078 -39.849693298339844 0.4000000059604645
endloop
endfacet
facet normal -0.8958225846632739 0.12741910330892947 0.4257537655959838
outer loop
vertex -48.156253814697266 -34.30509567260742 18.578399658203125
vertex -49.24997329711914 -34.844993591308594 16.43869972229004
vertex -47.65742111206055 -36.352394104003906 20.240699768066406
endloop
endfacet
facet normal -0.6032938236694236 -0.38090952901440156 0.700674313093004
outer loop
vertex -47.65742111206055 -36.352394104003906 20.240699768066406
vertex -49.24997329711914 -39.10679626464844 17.372098922729492
vertex -47.11833190917969 -37.4241943359375 20.12220001220703
endloop
endfacet
facet normal -1 0 0
outer loop
vertex -49.24997329711914 -43.927894592285156 4.861230373382568
vertex -49.24997329711914 -45.6299934387207 5.300000190734863
vertex -49.24997329711914 -42.577537536621094 5.300000190734863
endloop
endfacet
facet normal -0.0000047153438505283385 0.3090247745882252 -0.9510539883037463
outer loop
vertex -49.24997329711914 -43.927894592285156 4.861230373382568
vertex -49.24997329711914 -42.577537536621094 5.300000190734863
vertex -48.74997329711914 -42.57752990722656 5.300000190734863
endloop
endfacet
facet normal 0.19515519601519848 0.979192305989276 -0.05564959442505949
outer loop
vertex -43.2039909362793 -38.17539596557617 9.925299644470215
vertex -45.51757049560547 -37.71429443359375 9.925299644470215
vertex -44.333553314208984 -37.808197021484375 12.425199508666992
endloop
endfacet
facet normal 0.38838536671371077 0.9171427861847914 -0.08947578818794609
outer loop
vertex -47.750980377197266 -36.95449447631836 9.925299644470215
vertex -48.74997329711914 -36.41194534301758 11.15022087097168
vertex -46.589420318603516 -37.20249557495117 12.425199508666992
endloop
endfacet
facet normal 0.000004696877876501704 0.3090266560540916 -0.9510533769594457
outer loop
vertex -47.64997100830078 -43.927894592285156 4.861230373382568
vertex -48.74997329711914 -42.57752990722656 5.300000190734863
vertex -48.74997329711914 -41.550296783447266 5.633780002593994
endloop
endfacet
facet normal 0 -0.7193458548593127 0.6946521007646379
outer loop
vertex -47.11833190917969 -37.4241943359375 20.12220001220703
vertex -48.54997253417969 -39.96159362792969 17.494600296020508
vertex -34.58161163330078 -37.4241943359375 20.12220001220703
endloop
endfacet
facet normal 0.23041159038999506 0.8581722632569273 -0.45874924042491494
outer loop
vertex -44.06336212158203 -36.45259475708008 17.230499267578125
vertex -46.14425277709961 -35.89389419555664 17.230499267578125
vertex -44.807621002197266 -35.07009506225586 19.442899703979492
endloop
endfacet
facet normal 0 0.30902469055008486 -0.9510540156218386
outer loop
vertex -47.64997100830078 -43.927894592285156 4.861230373382568
vertex -48.74997329711914 -41.550296783447266 5.633780002593994
vertex -47.64997100830078 -41.550296783447266 5.633780002593994
endloop
endfacet
facet normal 0 -0.951049952907749 -0.30903719367443244
outer loop
vertex -48.74997329711914 -41.550296783447266 5.633780002593994
vertex -48.74997329711914 -41.441837310791016 5.300000190734863
vertex -47.64997100830078 -41.550296783447266 5.633780002593994
endloop
endfacet
facet normal 1 0 0
outer loop
vertex -47.64997100830078 -41.53829574584961 7.214900493621826
vertex -47.64997100830078 -43.927894592285156 4.861230373382568
vertex -47.64997100830078 -41.550296783447266 5.633780002593994
endloop
endfacet
facet normal 0 0 -1
outer loop
vertex -47.64997100830078 -45.258094787597656 4.424560070037842
vertex -46.64997100830078 -45.258094787597656 4.424560070037842
vertex -47.64997100830078 -45.329994201660156 4.424560070037842
endloop
endfacet
facet normal 0 0.9510653678524229 0.30898975075515933
outer loop
vertex -46.64997100830078 -45.258094787597656 4.424560070037842
vertex -47.64997100830078 -45.258094787597656 4.424560070037842
vertex -46.64997100830078 -45.54251480102539 5.300000190734863
endloop
endfacet
facet normal 0 0.9510653678524229 0.30898975075515933
outer loop
vertex -46.64997100830078 -45.54251480102539 5.300000190734863
vertex -47.64997100830078 -45.258094787597656 4.424560070037842
vertex -47.64997100830078 -45.54251480102539 5.300000190734863
endloop
endfacet
facet normal -1 0 0
outer loop
vertex -46.64997100830078 -45.258094787597656 4.424560070037842
vertex -46.64997100830078 -45.54251480102539 5.300000190734863
vertex -46.64997100830078 -45.329994201660156 5.300000190734863
endloop
endfacet
facet normal 0 0 -1
outer loop
vertex -46.64997100830078 -45.258094787597656 4.424560070037842
vertex -34.04997253417969 -45.329994201660156 4.424560070037842
vertex -47.64997100830078 -45.329994201660156 4.424560070037842
endloop
endfacet
facet normal 0 0.9510529829111514 0.30902786880118327
outer loop
vertex -41.349971771240234 -42.688594818115234 0.4000000059604645
vertex -46.64997100830078 -44.89069366455078 7.177099704742432
vertex -41.349971771240234 -44.89069366455078 7.177099704742432
endloop
endfacet
facet normal 0.3407137883921226 0.8206531513850011 -0.4587401437866042
outer loop
vertex -46.14425277709961 -35.89389419555664 17.230499267578125
vertex -48.156253814697266 -34.30509567260742 18.578399658203125
vertex -46.70132064819336 -34.42589569091797 19.442899703979492
endloop
endfacet
facet normal 0.28253709588147097 0.8305509478227519 -0.4799561568743475
outer loop
vertex -44.807621002197266 -35.07009506225586 19.442899703979492
vertex -46.14425277709961 -35.89389419555664 17.230499267578125
vertex -46.70132064819336 -34.42589569091797 19.442899703979492
endloop
endfacet
facet normal -1 0 0
outer loop
vertex -46.64997100830078 -44.89069366455078 7.177099704742432
vertex -46.64997100830078 -45.258094787597656 4.424560070037842
vertex -46.64997100830078 -45.329994201660156 5.300000190734863
endloop
endfacet
facet normal 1 0 0
outer loop
vertex -47.64997100830078 -45.329994201660156 7.034361839294434
vertex -47.64997100830078 -45.329994201660156 5.300000190734863
vertex -47.64997100830078 -44.89069366455078 7.177099704742432
endloop
endfacet
facet normal 1 0 0
outer loop
vertex -47.64997100830078 -44.89069366455078 7.177099704742432
vertex -47.64997100830078 -43.927894592285156 4.861230373382568
vertex -47.64997100830078 -45.329994201660156 8.529213905334473
endloop
endfacet
facet normal 1 0 0
outer loop
vertex -47.64997100830078 -43.927894592285156 4.861230373382568
vertex -47.64997100830078 -41.53829574584961 7.214900493621826
vertex -47.64997100830078 -42.310794830322266 9.592499732971191
endloop
endfacet
facet normal 0.11617638959501171 0.880947913858456 -0.4587306612480818
outer loop
vertex -41.92727279663086 -36.73429489135742 17.230499267578125
vertex -44.06336212158203 -36.45259475708008 17.230499267578125
vertex -42.845943450927734 -35.46109390258789 19.442899703979492
endloop
endfacet
facet normal 0.8509655294935647 0.1787130726822199 0.4938818737979929
outer loop
vertex -37.96015167236328 -31.131994247436523 25.64579963684082
vertex -35.88081359863281 -33.69609451293945 22.99090003967285
vertex -36.63859176635742 -31.390295028686523 23.462200164794922
endloop
endfacet
facet normal 1 0 0
outer loop
vertex -47.64997100830078 -45.329994201660156 8.529213905334473
vertex -47.64997100830078 -43.927894592285156 4.861230373382568
vertex -47.64997100830078 -42.310794830322266 9.592499732971191
endloop
endfacet
facet normal 0.1714884758189541 0.8603736344327751 -0.4799467802102952
outer loop
vertex -42.845943450927734 -35.46109390258789 19.442899703979492
vertex -44.06336212158203 -36.45259475708008 17.230499267578125
vertex -44.807621002197266 -35.07009506225586 19.442899703979492
endloop
endfacet
facet normal -1 0 0
outer loop
vertex -46.64997100830078 -44.89069366455078 7.177099704742432
vertex -46.64997100830078 -45.329994201660156 5.300000190734863
vertex -46.64997100830078 -45.329994201660156 7.034361839294434
endloop
endfacet
facet normal -0.8862929098282024 0.14197841061742775 0.44082537234919555
outer loop
vertex -48.156253814697266 -34.30509567260742 18.578399658203125
vertex -47.65742111206055 -36.352394104003906 20.240699768066406
vertex -47.070743560791016 -33.48369598388672 20.496299743652344
endloop
endfacet
facet normal 0.15934366895334087 0.7994420087211839 -0.5792254050508547
outer loop
vertex -42.845943450927734 -35.46109390258789 19.442899703979492
vertex -44.807621002197266 -35.07009506225586 19.442899703979492
vertex -43.54519271850586 -33.8527946472168 21.470298767089844
endloop
endfacet
facet normal 0 0.3090179115477707 -0.9510562182871495
outer loop
vertex -47.64997100830078 -45.329994201660156 7.034361839294434
vertex -47.64997100830078 -44.89069366455078 7.177099704742432
vertex -46.64997100830078 -44.89069366455078 7.177099704742432
endloop
endfacet
facet normal 0 0 1
outer loop
vertex -38.005123138427734 -30.963394165039062 25.64579963684082
vertex -38.11063003540039 -31.390094757080078 25.64579963684082
vertex -37.96015167236328 -31.131994247436523 25.64579963684082
endloop
endfacet
facet normal 0.8368648871532937 0.22322077390463668 0.4998296177171979
outer loop
vertex -37.96015167236328 -31.131994247436523 25.64579963684082
vertex -37.659461975097656 -30.40369415283203 24.817100524902344
vertex -38.005123138427734 -30.963394165039062 25.64579963684082
endloop
endfacet
facet normal 0.8384779915187552 0.22073293233000854 0.49822849208337117
outer loop
vertex -37.96015167236328 -31.131994247436523 25.64579963684082
vertex -37.42231369018555 -30.40369415283203 24.417999267578125
vertex -37.659461975097656 -30.40369415283203 24.817100524902344
endloop
endfacet
facet normal 0 1 0
outer loop
vertex -37.659461975097656 -30.40369415283203 24.817100524902344
vertex -38.55343246459961 -30.40369415283203 24.639299392700195
vertex -39.69826126098633 -30.40369415283203 24.772600173950195
endloop
endfacet
facet normal 0 1 0
outer loop
vertex -39.69826126098633 -30.40369415283203 24.772600173950195
vertex -40.849971771240234 -30.40369415283203 24.817100524902344
vertex -37.659461975097656 -30.40369415283203 24.817100524902344
endloop
endfacet
facet normal 0 0.8286964925191174 0.5596982430618419
outer loop
vertex -40.849971771240234 -30.40369415283203 24.817100524902344
vertex -38.005123138427734 -30.963394165039062 25.64579963684082
vertex -37.659461975097656 -30.40369415283203 24.817100524902344
endloop
endfacet
facet normal 0 0 1
outer loop
vertex -38.005123138427734 -30.963394165039062 25.64579963684082
vertex -43.694820404052734 -30.963394165039062 25.64579963684082
vertex -38.11063003540039 -31.390094757080078 25.64579963684082
endloop
endfacet
facet normal 0 0.3090179115477707 -0.9510562182871495
outer loop
vertex -46.64997100830078 -45.329994201660156 7.034361839294434
vertex -47.64997100830078 -45.329994201660156 7.034361839294434
vertex -46.64997100830078 -44.89069366455078 7.177099704742432
endloop
endfacet
facet normal -0.3216206044909296 0.9453944150897293 0.05281653797853078
outer loop
vertex -33.9489631652832 -36.95449447631836 9.925299644470215
vertex -35.10826110839844 -37.20919418334961 7.424900531768799
vertex -36.182373046875 -37.71429443359375 9.925299644470215
endloop
endfacet
facet normal 0 0.9510623039440326 0.3089991812556609
outer loop
vertex -46.64997100830078 -44.89069366455078 7.177099704742432
vertex -47.64997100830078 -44.89069366455078 7.177099704742432
vertex -34.04997253417969 -45.329994201660156 8.529213905334473
endloop
endfacet
facet normal 0 -0.951060012237035 -0.30900623476507877
outer loop
vertex -47.64997100830078 -42.310794830322266 9.592499732971191
vertex -47.64997100830078 -41.53829574584961 7.214900493621826
vertex -34.04997253417969 -41.53829574584961 7.214900493621826
endloop
endfacet
facet normal 1 0 0
outer loop
vertex -47.64997100830078 -45.329994201660156 8.529213905334473
vertex -47.64997100830078 -42.310794830322266 9.592499732971191
vertex -47.64997100830078 -45.329994201660156 8.611562728881836
endloop
endfacet
facet normal -0.40619284450153603 0.9109972389110236 0.07135407327015403
outer loop
vertex -33.9489631652832 -36.95449447631836 9.925299644470215
vertex -32.94997024536133 -36.47812271118164 9.530233383178711
vertex -32.950130462646484 -36.31329345703125 7.424900531768799
endloop
endfacet
facet normal -0.38206879702592567 0.9203635575067349 0.0833927835769325
outer loop
vertex -32.950130462646484 -36.31329345703125 7.424900531768799
vertex -35.10826110839844 -37.20919418334961 7.424900531768799
vertex -33.9489631652832 -36.95449447631836 9.925299644470215
endloop
endfacet
facet normal 0 0.8286964925191174 0.5596982430618419
outer loop
vertex -40.849971771240234 -30.40369415283203 24.817100524902344
vertex -43.694820404052734 -30.963394165039062 25.64579963684082
vertex -38.005123138427734 -30.963394165039062 25.64579963684082
endloop
endfacet
facet normal -0.25839638635743434 0.962430677445745 0.08341761581790649
outer loop
vertex -35.10826110839844 -37.20919418334961 7.424900531768799
vertex -37.365013122558594 -37.815093994140625 7.424900531768799
vertex -36.182373046875 -37.71429443359375 9.925299644470215
endloop
endfacet
facet normal -0.1951850482925341 0.9793420899605981 0.052838127849583284
outer loop
vertex -37.365013122558594 -37.815093994140625 7.424900531768799
vertex -38.49595260620117 -38.17539596557617 9.925299644470215
vertex -36.182373046875 -37.71429443359375 9.925299644470215
endloop
endfacet
facet normal -0.0654414712071496 0.996456889238344 0.05283068933571152
outer loop
vertex -38.49595260620117 -38.17539596557617 9.925299644470215
vertex -39.68163299560547 -38.120697021484375 7.424900531768799
vertex -40.849971771240234 -38.329994201660156 9.925299644470215
endloop
endfacet
facet normal 0 0 1
outer loop
vertex -43.694820404052734 -30.963394165039062 25.64579963684082
vertex -43.58931350708008 -31.390094757080078 25.64579963684082
vertex -38.11063003540039 -31.390094757080078 25.64579963684082
endloop
endfacet
facet normal 0.0654414712071496 0.996456889238344 0.05283068933571152
outer loop
vertex -42.018310546875 -38.120697021484375 7.424900531768799
vertex -43.2039909362793 -38.17539596557617 9.925299644470215
vertex -40.849971771240234 -38.329994201660156 9.925299644470215
endloop
endfacet
facet normal -0.13032878729203995 0.9879557192057166 0.08341405212373641
outer loop
vertex -37.365013122558594 -37.815093994140625 7.424900531768799
vertex -39.68163299560547 -38.120697021484375 7.424900531768799
vertex -38.49595260620117 -38.17539596557617 9.925299644470215
endloop
endfacet
facet normal 0 0.996514996783989 0.08341379492989472
outer loop
vertex -39.68163299560547 -38.120697021484375 7.424900531768799
vertex -42.018310546875 -38.120697021484375 7.424900531768799
vertex -40.849971771240234 -38.329994201660156 9.925299644470215
endloop
endfacet
facet normal 0 0.9510623039440326 0.3089991812556609
outer loop
vertex -34.04997253417969 -45.329994201660156 8.529213905334473
vertex -47.64997100830078 -44.89069366455078 7.177099704742432
vertex -47.64997100830078 -45.329994201660156 8.529213905334473
endloop
endfacet
facet normal -0.5745976576983887 -0.36973598166330546 0.7301594590437059
outer loop
vertex -47.65742111206055 -36.352394104003906 20.240699768066406
vertex -47.11833190917969 -37.4241943359375 20.12220001220703
vertex -45.46232223510742 -34.961395263671875 22.67249870300293
endloop
endfacet
facet normal 0.3820793569464634 0.751349977463412 -0.5380414262499748
outer loop
vertex -46.70132064819336 -34.42589569091797 19.442899703979492
vertex -48.156253814697266 -34.30509567260742 18.578399658203125
vertex -47.070743560791016 -33.48369598388672 20.496299743652344
endloop
endfacet
facet normal 0 0.30899980240637115 -0.9510621021325704
outer loop
vertex -47.64997100830078 -45.329994201660156 8.611562728881836
vertex -47.64997100830078 -42.310794830322266 9.592499732971191
vertex -34.04997253417969 -42.310794830322266 9.592499732971191
endloop
endfacet
facet normal -0.2569839742852477 0.9571699664635613 0.1333600099756447
outer loop
vertex -37.106441497802734 -37.64949417114258 6.73460054397583
vertex -37.365013122558594 -37.815093994140625 7.424900531768799
vertex -35.10826110839844 -37.20919418334961 7.424900531768799
endloop
endfacet
facet normal -0.37631410514029523 0.9065011098600233 0.1914247426405598
outer loop
vertex -32.950130462646484 -36.31329345703125 7.424900531768799
vertex -34.212562561035156 -36.319496154785156 4.972509860992432
vertex -35.10826110839844 -37.20919418334961 7.424900531768799
endloop
endfacet
facet normal -0.40538277607478673 0.8905346034323033 0.20642898282840397
outer loop
vertex -32.94997024536133 -36.06727600097656 6.363895893096924
vertex -34.212562561035156 -36.319496154785156 4.972509860992432
vertex -32.950130462646484 -36.31329345703125 7.424900531768799
endloop
endfacet
facet normal 0.26252575144521206 0.7717252526095649 -0.5792411970093545
outer loop
vertex -44.807621002197266 -35.07009506225586 19.442899703979492
vertex -46.70132064819336 -34.42589569091797 19.442899703979492
vertex -45.290531158447266 -33.38409423828125 21.470298767089844
endloop
endfacet
facet normal 0.27724583564078786 0.7624073942082386 -0.5846962560821173
outer loop
vertex -45.290531158447266 -33.38409423828125 21.470298767089844
vertex -46.70132064819336 -34.42589569091797 19.442899703979492
vertex -47.070743560791016 -33.48369598388672 20.496299743652344
endloop
endfacet
facet normal 0.441892255570695 0.8963205692896195 -0.036615181755330774
outer loop
vertex -47.750980377197266 -36.95449447631836 9.925299644470215
vertex -48.74997329711914 -36.47812271118164 9.530233383178711
vertex -48.74997329711914 -36.41194534301758 11.15022087097168
endloop
endfacet
facet normal -0.880239904503347 0.13960876407897813 0.45352740106004497
outer loop
vertex -47.070743560791016 -33.48369598388672 20.496299743652344
vertex -47.65742111206055 -36.352394104003906 20.240699768066406
vertex -45.81913375854492 -33.69609451293945 22.99090003967285
endloop
endfacet
facet normal -0.25539375043794377 0.9583239001229661 0.12802083693816668
outer loop
vertex -35.10826110839844 -37.20919418334961 7.424900531768799
vertex -37.00802230834961 -37.6110954284668 6.643499851226807
vertex -37.106441497802734 -37.64949417114258 6.73460054397583
endloop
endfacet
facet normal 0.3121342910269205 0.7001983585886247 -0.6421015830808373
outer loop
vertex -45.290531158447266 -33.38409423828125 21.470298767089844
vertex -47.070743560791016 -33.48369598388672 20.496299743652344
vertex -45.8639030456543 -32.30509567260742 22.368200302124023
endloop
endfacet
facet normal 0 1 0
outer loop
vertex -37.42231369018555 -30.40369415283203 24.417999267578125
vertex -38.55343246459961 -30.40369415283203 24.639299392700195
vertex -37.659461975097656 -30.40369415283203 24.817100524902344
endloop
endfacet
facet normal -0.26227996110286156 0.9537085752844697 0.14713658767535848
outer loop
vertex -35.10826110839844 -37.20919418334961 7.424900531768799
vertex -36.948150634765625 -37.58219528198242 6.562900066375732
vertex -37.00802230834961 -37.6110954284668 6.643499851226807
endloop
endfacet
facet normal 0.8486070736077965 0.19939440959248753 0.4900080652867617
outer loop
vertex -36.63859176635742 -31.390295028686523 23.462200164794922
vertex -37.42231369018555 -30.40369415283203 24.417999267578125
vertex -37.96015167236328 -31.131994247436523 25.64579963684082
endloop
endfacet
facet normal -0.09164484042774222 0.6100121938251094 -0.7870745495870456
outer loop
vertex -38.55343246459961 -30.40369415283203 24.639299392700195
vertex -39.27434158325195 -32.27449417114258 23.273300170898438
vertex -39.69826126098633 -30.40369415283203 24.772600173950195
endloop
endfacet
facet normal -0.15313282985248458 0.6032680864283769 -0.7826991454693267
outer loop
vertex -37.42231369018555 -30.40369415283203 24.417999267578125
vertex -37.72578048706055 -31.96589469909668 23.273300170898438
vertex -38.55343246459961 -30.40369415283203 24.639299392700195
endloop
endfacet
facet normal -0.1850798550076795 0.6039849521440644 -0.7752081171233106
outer loop
vertex -36.63859176635742 -31.390295028686523 23.462200164794922
vertex -37.72578048706055 -31.96589469909668 23.273300170898438
vertex -37.42231369018555 -30.40369415283203 24.417999267578125
endloop
endfacet
facet normal -0.030423668386600575 0.6157003193240842 -0.7873928607665446
outer loop
vertex -39.69826126098633 -30.40369415283203 24.772600173950195
vertex -40.849971771240234 -32.377994537353516 23.273300170898438
vertex -40.849971771240234 -30.40369415283203 24.817100524902344
endloop
endfacet
facet normal 0.030423668386600575 0.6157003193240842 -0.7873928607665446
outer loop
vertex -40.849971771240234 -32.377994537353516 23.273300170898438
vertex -42.00168228149414 -30.40369415283203 24.772600173950195
vertex -40.849971771240234 -30.40369415283203 24.817100524902344
endloop
endfacet
facet normal 0.5542077701472209 -0.3231155108890462 0.7671050215787638
outer loop
vertex -38.11063003540039 -31.390094757080078 25.64579963684082
vertex -38.105350494384766 -32.576393127441406 25.14229965209961
vertex -37.96015167236328 -31.131994247436523 25.64579963684082
endloop
endfacet
facet normal -0.2672054621071251 0.9504193813251446 0.1590730669272675
outer loop
vertex -36.90166091918945 -37.554195404052734 6.473700046539307
vertex -36.948150634765625 -37.58219528198242 6.562900066375732
vertex -35.10826110839844 -37.20919418334961 7.424900531768799
endloop
endfacet
facet normal -0.2794035773999139 0.9424603184128559 0.1835815599488915
outer loop
vertex -35.10826110839844 -37.20919418334961 7.424900531768799
vertex -36.85490036010742 -37.50759506225586 6.2985005378723145
vertex -36.86966323852539 -37.527496337890625 6.378200054168701
endloop
endfacet
facet normal -0.286140930835662 0.9380971864693052 0.1951846214200145
outer loop
vertex -35.10826110839844 -37.20919418334961 7.424900531768799
vertex -36.849971771240234 -37.48919677734375 6.217299938201904
vertex -36.85490036010742 -37.50759506225586 6.2985005378723145
endloop
endfacet
facet normal -0.2736803369101714 0.9461665637225187 0.1728233400969209
outer loop
vertex -36.90166091918945 -37.554195404052734 6.473700046539307
vertex -35.10826110839844 -37.20919418334961 7.424900531768799
vertex -36.86966323852539 -37.527496337890625 6.378200054168701
endloop
endfacet
facet normal -0.2965785473563873 0.9312183763249934 0.2118336631478064
outer loop
vertex -35.10826110839844 -37.20919418334961 7.424900531768799
vertex -36.360660552978516 -37.050193786621094 4.972509860992432
vertex -36.849971771240234 -37.48919677734375 6.217299938201904
endloop
endfacet
facet normal -1 0 0
outer loop
vertex -34.04997253417969 -39.6360969543457 7.832900524139404
vertex -34.04997253417969 -41.550296783447266 5.633780002593994
vertex -34.04997253417969 -41.53829574584961 7.214900493621826
endloop
endfacet
facet normal 0.00005306340060665365 -0.9510308517386012 -0.3090959660455409
outer loop
vertex -34.04997253417969 -39.6360969543457 7.832900524139404
vertex -37.39421081542969 -39.16719436645508 6.3896002769470215
vertex -37.24625015258789 -39.15119552612305 6.340400218963623
endloop
endfacet
facet normal 0.00010965486094322733 -0.9509952136390303 -0.30920558146881305
outer loop
vertex -37.24625015258789 -39.15119552612305 6.340400218963623
vertex -37.11353302001953 -39.125396728515625 6.2611002922058105
vertex -34.04997253417969 -39.6360969543457 7.832900524139404
endloop
endfacet
facet normal 0 -0.3906957563789663 0.9205198672204026
outer loop
vertex -38.11063003540039 -31.390094757080078 25.64579963684082
vertex -43.5945930480957 -32.576393127441406 25.14229965209961
vertex -38.105350494384766 -32.576393127441406 25.14229965209961
endloop
endfacet
facet normal 0 -0.39069575637896625 0.9205198672204025
outer loop
vertex -43.58931350708008 -31.390094757080078 25.64579963684082
vertex -43.5945930480957 -32.576393127441406 25.14229965209961
vertex -38.11063003540039 -31.390094757080078 25.64579963684082
endloop
endfacet
facet normal 0.569965164377837 -0.3209635459390966 0.7563875419214323
outer loop
vertex -38.105350494384766 -32.576393127441406 25.14229965209961
vertex -35.88081359863281 -33.69609451293945 22.99090003967285
vertex -37.96015167236328 -31.131994247436523 25.64579963684082
endloop
endfacet
facet normal -0.122687379485986 0.6156488266363987 -0.7784114138269602
outer loop
vertex -37.72578048706055 -31.96589469909668 23.273300170898438
vertex -39.27434158325195 -32.27449417114258 23.273300170898438
vertex -38.55343246459961 -30.40369415283203 24.639299392700195
endloop
endfacet
facet normal 0 -0.7193480838912182 0.6946497924868565
outer loop
vertex -36.23762130737305 -34.961395263671875 22.67249870300293
vertex -38.105350494384766 -32.576393127441406 25.14229965209961
vertex -43.5945930480957 -32.576393127441406 25.14229965209961
endloop
endfacet
facet normal -0.04067581219623647 0.6192252256065865 -0.784159166416263
outer loop
vertex -39.27434158325195 -32.27449417114258 23.273300170898438
vertex -40.849971771240234 -32.377994537353516 23.273300170898438
vertex -39.69826126098633 -30.40369415283203 24.772600173950195
endloop
endfacet
facet normal 0.04067581219623647 0.6192252256065865 -0.784159166416263
outer loop
vertex -40.849971771240234 -32.377994537353516 23.273300170898438
vertex -42.425601959228516 -32.27449417114258 23.273300170898438
vertex -42.00168228149414 -30.40369415283203 24.772600173950195
endloop
endfacet
facet normal -0.00011667641803874727 -0.9511463989362186 -0.30874020499001625
outer loop
vertex -34.04997253417969 -39.6360969543457 7.832900524139404
vertex -37.54997253417969 -39.1725959777832 6.406300067901611
vertex -37.39421081542969 -39.16719436645508 6.3896002769470215
endloop
endfacet
facet normal -0.00013054614163897067 -0.9511327929929311 -0.3087821125829201
outer loop
vertex -37.11353302001953 -39.125396728515625 6.2611002922058105
vertex -37.00269317626953 -39.09119415283203 6.155700206756592
vertex -34.04997253417969 -39.6360969543457 7.832900524139404
endloop
endfacet
facet normal -0.00010260213164028094 -0.9511183476855641 -0.3088266150588136
outer loop
vertex -37.00269317626953 -39.09119415283203 6.155700206756592
vertex -36.91929244995117 -39.050193786621094 6.02940034866333
vertex -34.04997253417969 -39.6360969543457 7.832900524139404
endloop
endfacet
facet normal 0.0003327552131558854 -0.9509146538158756 -0.3094530827640946
outer loop
vertex -36.91929244995117 -39.050193786621094 6.02940034866333
vertex -36.867523193359375 -39.00439453125 5.8887200355529785
vertex -34.04997253417969 -39.6360969543457 7.832900524139404
endloop
endfacet
facet normal -0.8954009808417092 0.13643127989637577 -0.4238438266313926
outer loop
vertex -36.90166091918945 -37.554195404052734 6.473700046539307
vertex -36.91929244995117 -39.050193786621094 6.02940034866333
vertex -36.948150634765625 -37.58219528198242 6.562900066375732
endloop
endfacet
facet normal -0.9515969935042564 0.09544749236790782 -0.29215225166741093
outer loop
vertex -36.86966323852539 -37.527496337890625 6.378200054168701
vertex -36.867523193359375 -39.00439453125 5.8887200355529785
vertex -36.90166091918945 -37.554195404052734 6.473700046539307
endloop
endfacet
facet normal -0.9841616530112314 0.0544830154506922 -0.16869333647065152
outer loop
vertex -36.85490036010742 -37.50759506225586 6.2985005378723145
vertex -36.867523193359375 -39.00439453125 5.8887200355529785
vertex -36.86966323852539 -37.527496337890625 6.378200054168701
endloop
endfacet
facet normal -0.9982378798616917 0.018337876704406512 -0.056434541614232336
outer loop
vertex -36.849971771240234 -37.48919677734375 6.217299938201904
vertex -36.849971771240234 -38.956295013427734 5.740580081939697
vertex -36.85490036010742 -37.50759506225586 6.2985005378723145
endloop
endfacet
facet normal -0.22486884827835865 0.659982380236272 -0.7168383770778665
outer loop
vertex -35.83604049682617 -32.30509567260742 22.368200302124023
vertex -37.72578048706055 -31.96589469909668 23.273300170898438
vertex -36.63859176635742 -31.390295028686523 23.462200164794922
endloop
endfacet
facet normal 0.8598139814184128 0.1853188089944424 0.4757907695513846
outer loop
vertex -35.88081359863281 -33.69609451293945 22.99090003967285
vertex -35.83604049682617 -32.30509567260742 22.368200302124023
vertex -36.63859176635742 -31.390295028686523 23.462200164794922
endloop
endfacet
facet normal -0.00013949995232179847 -0.9511159206113852 -0.30883407535328805
outer loop
vertex -36.867523193359375 -39.00439453125 5.8887200355529785
vertex -36.849971771240234 -38.956295013427734 5.740580081939697
vertex -34.04997253417969 -39.6360969543457 7.832900524139404
endloop
endfacet
facet normal -0.94388108443576 0.10420643101260094 -0.3134158869297941
outer loop
vertex -36.91929244995117 -39.050193786621094 6.02940034866333
vertex -36.90166091918945 -37.554195404052734 6.473700046539307
vertex -36.867523193359375 -39.00439453125 5.8887200355529785
endloop
endfacet
facet normal -0.2218473354452397 0.9637680617972028 0.14810429708658188
outer loop
vertex -37.208580017089844 -37.682594299316406 6.797000408172607
vertex -37.365013122558594 -37.815093994140625 7.424900531768799
vertex -37.106441497802734 -37.64949417114258 6.73460054397583
endloop
endfacet
facet normal -0.1889439368859623 0.9699598045798685 0.15322586665904897
outer loop
vertex -37.38759231567383 -37.729496002197266 6.855200290679932
vertex -37.54997253417969 -37.762596130371094 6.864500522613525
vertex -37.365013122558594 -37.815093994140625 7.424900531768799
endloop
endfacet
facet normal -0.19997237069732038 0.9677301228802442 0.15332794992394874
outer loop
vertex -37.295772552490234 -37.70689392089844 6.832299709320068
vertex -37.38759231567383 -37.729496002197266 6.855200290679932
vertex -37.365013122558594 -37.815093994140625 7.424900531768799
endloop
endfacet
facet normal -0.1295909113004316 0.9823622596092534 0.134798318252586
outer loop
vertex -37.54997253417969 -37.762596130371094 6.864500522613525
vertex -39.68163299560547 -38.120697021484375 7.424900531768799
vertex -37.365013122558594 -37.815093994140625 7.424900531768799
endloop
endfacet
facet normal 0.5559561477557957 -0.3468611584411276 0.7553807639445254
outer loop
vertex -36.23762130737305 -34.961395263671875 22.67249870300293
vertex -35.88081359863281 -33.69609451293945 22.99090003967285
vertex -38.105350494384766 -32.576393127441406 25.14229965209961
endloop
endfacet
facet normal -0.2088931007482687 0.688741840355353 -0.6942610098541435
outer loop
vertex -35.83604049682617 -32.30509567260742 22.368200302124023
vertex -36.4094123840332 -33.38409423828125 21.470298767089844
vertex -37.72578048706055 -31.96589469909668 23.273300170898438
endloop
endfacet
facet normal 0.8739947647070434 0.17483586909503313 0.4533933944627605
outer loop
vertex -35.88081359863281 -33.69609451293945 22.99090003967285
vertex -34.62920379638672 -33.48369598388672 20.496299743652344
vertex -35.83604049682617 -32.30509567260742 22.368200302124023
endloop
endfacet
facet normal 0 0.30898903552390816 -0.9510656002221957
outer loop
vertex -34.04997253417969 -41.53829574584961 7.214900493621826
vertex -47.64997100830078 -39.6360969543457 7.832900524139404
vertex -34.04997253417969 -39.6360969543457 7.832900524139404
endloop
endfacet
facet normal 0 -0.7193480838912183 0.6946497924868565
outer loop
vertex -43.5945930480957 -32.576393127441406 25.14229965209961
vertex -45.46232223510742 -34.961395263671875 22.67249870300293
vertex -36.23762130737305 -34.961395263671875 22.67249870300293
endloop
endfacet
facet normal 0 0.9887212513129391 0.1497674437325278
outer loop
vertex -39.68163299560547 -38.120697021484375 7.424900531768799
vertex -41.95564270019531 -38.02299499511719 6.779900074005127
vertex -42.018310546875 -38.120697021484375 7.424900531768799
endloop
endfacet
facet normal 0 -0.9510623176030861 -0.3089991392147341
outer loop
vertex -44.14997100830078 -39.1725959777832 6.406300067901611
vertex -34.04997253417969 -39.6360969543457 7.832900524139404
vertex -47.64997100830078 -39.6360969543457 7.832900524139404
endloop
endfacet
facet normal -0.2076918558232583 0.9662870506739539 0.15216250761775232
outer loop
vertex -37.208580017089844 -37.682594299316406 6.797000408172607
vertex -37.295772552490234 -37.70689392089844 6.832299709320068
vertex -37.365013122558594 -37.815093994140625 7.424900531768799
endloop
endfacet
facet normal -0.2989976999872699 0.29524845047076864 -0.907429737168081
outer loop
vertex -37.295772552490234 -37.70689392089844 6.832299709320068
vertex -37.39421081542969 -39.16719436645508 6.3896002769470215
vertex -37.38759231567383 -37.729496002197266 6.855200290679932
endloop
endfacet
facet normal -0.11658204603976174 0.3064820139406957 -0.9447102210053822
outer loop
vertex -37.39421081542969 -39.16719436645508 6.3896002769470215
vertex -37.54997253417969 -37.762596130371094 6.864500522613525
vertex -37.38759231567383 -37.729496002197266 6.855200290679932
endloop
endfacet
facet normal -0.42608845951911506 0.27853889659262926 -0.8607349811350693
outer loop
vertex -37.208580017089844 -37.682594299316406 6.797000408172607
vertex -37.24625015258789 -39.15119552612305 6.340400218963623
vertex -37.295772552490234 -37.70689392089844 6.832299709320068
endloop
endfacet
facet normal -0.5629341749812405 0.25493474776763125 -0.7862018754867253
outer loop
vertex -37.106441497802734 -37.64949417114258 6.73460054397583
vertex -37.11353302001953 -39.125396728515625 6.2611002922058105
vertex -37.208580017089844 -37.682594299316406 6.797000408172607
endloop
endfacet
facet normal -0.11197394433554293 0.3071122685576267 -0.9450629028225206
outer loop
vertex -37.54997253417969 -39.1725959777832 6.406300067901611
vertex -37.54997253417969 -37.762596130371094 6.864500522613525
vertex -37.39421081542969 -39.16719436645508 6.3896002769470215
endloop
endfacet
facet normal -0.12240966249233151 0.979455720656407 0.16025718642841633
outer loop
vertex -37.54997253417969 -37.762596130371094 6.864500522613525
vertex -39.744300842285156 -38.02299499511719 6.779900074005127
vertex -39.68163299560547 -38.120697021484375 7.424900531768799
endloop
endfacet
facet normal -0.000008686215354825592 0.3090558767494193 -0.9510438817274401
outer loop
vertex -37.54997253417969 -39.1725959777832 6.406300067901611
vertex -39.744300842285156 -38.02299499511719 6.779900074005127
vertex -37.54997253417969 -37.762596130371094 6.864500522613525
endloop
endfacet
facet normal -1 0 0
outer loop
vertex -49.24997329711914 -36.15114974975586 11.5
vertex -49.24997329711914 -44.77748107910156 11.5
vertex -49.24997329711914 -36.14039611816406 11.763299942016602
endloop
endfacet
facet normal -0.1395949590194397 0.7004915508403284 -0.699874870685948
outer loop
vertex -37.72578048706055 -31.96589469909668 23.273300170898438
vertex -38.15475082397461 -33.8527946472168 21.470298767089844
vertex -39.27434158325195 -32.27449417114258 23.273300170898438
endloop
endfacet
facet normal 0.20834338336801048 0.7758254713825993 -0.5955567752622227
outer loop
vertex -43.54519271850586 -33.8527946472168 21.470298767089844
vertex -44.807621002197266 -35.07009506225586 19.442899703979492
vertex -45.290531158447266 -33.38409423828125 21.470298767089844
endloop
endfacet
facet normal -0.18812464962264924 0.7005353019268861 -0.6883744671024357
outer loop
vertex -36.4094123840332 -33.38409423828125 21.470298767089844
vertex -38.15475082397461 -33.8527946472168 21.470298767089844
vertex -37.72578048706055 -31.96589469909668 23.273300170898438
endloop
endfacet
facet normal -0.09484473844328754 0.7191143533002174 -0.6883887146570855
outer loop
vertex -38.15475082397461 -33.8527946472168 21.470298767089844
vertex -39.94639205932617 -34.08909606933594 21.470298767089844
vertex -39.27434158325195 -32.27449417114258 23.273300170898438
endloop
endfacet
facet normal 0.10504030734463088 0.7964173229467769 -0.59555518765538
outer loop
vertex -42.845943450927734 -35.46109390258789 19.442899703979492
vertex -43.54519271850586 -33.8527946472168 21.470298767089844
vertex -41.7535514831543 -34.08909606933594 21.470298767089844
endloop
endfacet
facet normal -0.5873775217207615 -0.34934466385735274 0.7300314738499769
outer loop
vertex -45.81913375854492 -33.69609451293945 22.99090003967285
vertex -47.65742111206055 -36.352394104003906 20.240699768066406
vertex -45.46232223510742 -34.961395263671875 22.67249870300293
endloop
endfacet
facet normal -0.046818287701830774 0.7127347482286446 -0.69986943539786
outer loop
vertex -39.94639205932617 -34.08909606933594 21.470298767089844
vertex -40.849971771240234 -32.377994537353516 23.273300170898438
vertex -39.27434158325195 -32.27449417114258 23.273300170898438
endloop
endfacet
facet normal 0.046818287701830774 0.7127347482286446 -0.69986943539786
outer loop
vertex -41.7535514831543 -34.08909606933594 21.470298767089844
vertex -42.425601959228516 -32.27449417114258 23.273300170898438
vertex -40.849971771240234 -32.377994537353516 23.273300170898438
endloop
endfacet
facet normal 0 0.7253508509009587 -0.6883793598716155
outer loop
vertex -39.94639205932617 -34.08909606933594 21.470298767089844
vertex -41.7535514831543 -34.08909606933594 21.470298767089844
vertex -40.849971771240234 -32.377994537353516 23.273300170898438
endloop
endfacet
facet normal 0.5873784535794141 -0.34934314946715556 0.7300314487684928
outer loop
vertex -36.23762130737305 -34.961395263671875 22.67249870300293
vertex -34.04252243041992 -36.352394104003906 20.240699768066406
vertex -35.88081359863281 -33.69609451293945 22.99090003967285
endloop
endfacet
facet normal -0.31213480184753084 0.7001983925638775 -0.6421012977144376
outer loop
vertex -34.62920379638672 -33.48369598388672 20.496299743652344
vertex -36.4094123840332 -33.38409423828125 21.470298767089844
vertex -35.83604049682617 -32.30509567260742 22.368200302124023
endloop
endfacet
facet normal 0 -0.7193392007382156 0.6946589913628883
outer loop
vertex -45.46232223510742 -34.961395263671875 22.67249870300293
vertex -47.11833190917969 -37.4241943359375 20.12220001220703
vertex -36.23762130737305 -34.961395263671875 22.67249870300293
endloop
endfacet
facet normal -0.13030521354117042 0.9877191413050078 -0.08620585376694555
outer loop
vertex -37.366390228271484 -37.808197021484375 12.425199508666992
vertex -39.14997100830078 -38.0737419128418 12.078658103942871
vertex -39.24272155761719 -38.05573272705078 12.425199508666992
endloop
endfacet
facet normal -0.13030690163056016 0.9877196432867944 -0.0861975501557398
outer loop
vertex -37.366390228271484 -37.808197021484375 12.425199508666992
vertex -39.2833137512207 -38.134437561035156 11.584736824035645
vertex -39.14997100830078 -38.0737419128418 12.078658103942871
endloop
endfacet
facet normal -0.873994299865814 0.1748382679406332 0.4533933654847465
outer loop
vertex -45.8639030456543 -32.30509567260742 22.368200302124023
vertex -47.070743560791016 -33.48369598388672 20.496299743652344
vertex -45.81913375854492 -33.69609451293945 22.99090003967285
endloop
endfacet
facet normal 0.2088931007482687 0.688741840355353 -0.6942610098541435
outer loop
vertex -45.290531158447266 -33.38409423828125 21.470298767089844
vertex -45.8639030456543 -32.30509567260742 22.368200302124023
vertex -43.97416305541992 -31.96589469909668 23.273300170898438
endloop
endfacet
facet normal -1 0 0
outer loop
vertex -46.64997100830078 -42.688594818115234 0.4000000059604645
vertex -46.64997100830078 -43.95039367675781 0.4000000059604645
vertex -46.64997100830078 -45.258094787597656 4.424560070037842
endloop
endfacet
facet normal 0.18812464962264924 0.7005353019268861 -0.6883744671024357
outer loop
vertex -43.54519271850586 -33.8527946472168 21.470298767089844
vertex -45.290531158447266 -33.38409423828125 21.470298767089844
vertex -43.97416305541992 -31.96589469909668 23.273300170898438
endloop
endfacet
facet normal 0.09484473844328754 0.7191143533002174 -0.6883887146570855
outer loop
vertex -41.7535514831543 -34.08909606933594 21.470298767089844
vertex -43.54519271850586 -33.8527946472168 21.470298767089844
vertex -42.425601959228516 -32.27449417114258 23.273300170898438
endloop
endfacet
facet normal -0.44190707618872954 0.8963135958541338 -0.036607019837195165
outer loop
vertex -32.66470718383789 -36.25701904296875 11.5
vertex -32.449974060058594 -36.14039611816406 11.763299942016602
vertex -32.449974060058594 -36.15114974975586 11.5
endloop
endfacet
facet normal 0.00001984189507589752 -0.9510543803672085 -0.3090235673709115
outer loop
vertex -49.24997329711914 -41.441837310791016 5.300000190734863
vertex -49.24997329711914 -39.849693298339844 0.4000000059604645
vertex -47.64997100830078 -40.77769470214844 3.2561302185058594
endloop
endfacet
facet normal -1 0 0
outer loop
vertex -49.24997329711914 -39.849693298339844 0.4000000059604645
vertex -49.24997329711914 -41.441837310791016 5.300000190734863
vertex -49.24997329711914 -37.15085983276367 5.300000190734863
endloop
endfacet
facet normal 1 0 0
outer loop
vertex -47.64997100830078 -40.77769470214844 3.2561302185058594
vertex -47.64997100830078 -37.22099685668945 0.4000000059604645
vertex -47.64997100830078 -39.6360969543457 7.832900524139404
endloop
endfacet
facet normal 0 -0.9510623176030861 -0.3089991392147341
outer loop
vertex -37.54997253417969 -39.1725959777832 6.406300067901611
vertex -34.04997253417969 -39.6360969543457 7.832900524139404
vertex -44.14997100830078 -39.1725959777832 6.406300067901611
endloop
endfacet
facet normal -0.7074480791434783 0.21892652530026857 -0.6720032677272884
outer loop
vertex -37.00802230834961 -37.6110954284668 6.643499851226807
vertex -37.00269317626953 -39.09119415283203 6.155700206756592
vertex -37.106441497802734 -37.64949417114258 6.73460054397583
endloop
endfacet
facet normal -0.8193982456788179 0.17676237315761242 -0.5452903615636029
outer loop
vertex -36.948150634765625 -37.58219528198242 6.562900066375732
vertex -37.00269317626953 -39.09119415283203 6.155700206756592
vertex -37.00802230834961 -37.6110954284668 6.643499851226807
endloop
endfacet
facet normal -0.5320277957616429 0.26379871737258376 -0.8045847756759926
outer loop
vertex -37.24625015258789 -39.15119552612305 6.340400218963623
vertex -37.208580017089844 -37.682594299316406 6.797000408172607
vertex -37.11353302001953 -39.125396728515625 6.2611002922058105
endloop
endfacet
facet normal -0.33006370332959 0.29416640479432626 -0.8969526620924523
outer loop
vertex -37.39421081542969 -39.16719436645508 6.3896002769470215
vertex -37.295772552490234 -37.70689392089844 6.832299709320068
vertex -37.24625015258789 -39.15119552612305 6.340400218963623
endloop
endfacet
facet normal -0.3883869942062775 0.9171416453750084 -0.0894804171326624
outer loop
vertex -32.66470718383789 -36.25701904296875 11.5
vertex -35.11052322387695 -37.20249557495117 12.425199508666992
vertex -32.449974060058594 -36.14039611816406 11.763299942016602
endloop
endfacet
facet normal -0.3883823870094215 0.917145132174331 -0.08946467453577946
outer loop
vertex -32.94997024536133 -36.3778190612793 11.5
vertex -35.11052322387695 -37.20249557495117 12.425199508666992
vertex -32.66470718383789 -36.25701904296875 11.5
endloop
endfacet
facet normal -0.3883879130564902 0.9171411903559947 -0.0894810926621559
outer loop
vertex -32.94997024536133 -36.3778190612793 11.5
vertex -32.94997024536133 -36.41194534301758 11.15022087097168
vertex -35.11052322387695 -37.20249557495117 12.425199508666992
endloop
endfacet
facet normal -0.7070132840513046 0.21911662828257344 -0.6723987800294301
outer loop
vertex -37.00269317626953 -39.09119415283203 6.155700206756592
vertex -37.11353302001953 -39.125396728515625 6.2611002922058105
vertex -37.106441497802734 -37.64949417114258 6.73460054397583
endloop
endfacet
facet normal -0.38838536671371077 0.9171427861847914 -0.08947578818794609
outer loop
vertex -32.94997024536133 -36.41194534301758 11.15022087097168
vertex -33.9489631652832 -36.95449447631836 9.925299644470215
vertex -35.11052322387695 -37.20249557495117 12.425199508666992
endloop
endfacet
facet normal 0.40906840645976095 0.8570363277269447 0.31329183167261965
outer loop
vertex -48.18767166137695 -35.329994201660156 3.180020332336426
vertex -48.74997329711914 -35.329994201660156 3.9142234325408936
vertex -47.48738098144531 -36.319496154785156 4.972509860992432
endloop
endfacet
facet normal -0.8468230747574068 0.16688537337047657 -0.5050148039547039
outer loop
vertex -37.00269317626953 -39.09119415283203 6.155700206756592
vertex -36.948150634765625 -37.58219528198242 6.562900066375732
vertex -36.91929244995117 -39.050193786621094 6.02940034866333
endloop
endfacet
facet normal 0 0.9887212513129391 0.1497674437325278
outer loop
vertex -39.744300842285156 -38.02299499511719 6.779900074005127
vertex -41.95564270019531 -38.02299499511719 6.779900074005127
vertex -39.68163299560547 -38.120697021484375 7.424900531768799
endloop
endfacet
facet normal 0 0.30907087301708686 -0.9510390083758162
outer loop
vertex -37.54997253417969 -39.1725959777832 6.406300067901611
vertex -41.95564270019531 -38.02299499511719 6.779900074005127
vertex -39.744300842285156 -38.02299499511719 6.779900074005127
endloop
endfacet
facet normal 0 0.30907087301708686 -0.9510390083758161
outer loop
vertex -41.95564270019531 -38.02299499511719 6.779900074005127
vertex -37.54997253417969 -39.1725959777832 6.406300067901611
vertex -44.14997100830078 -39.1725959777832 6.406300067901611
endloop
endfacet
facet normal 0.8802397222558458 0.1396098968738966 0.453527406071355
outer loop
vertex -34.04252243041992 -36.352394104003906 20.240699768066406
vertex -34.62920379638672 -33.48369598388672 20.496299743652344
vertex -35.88081359863281 -33.69609451293945 22.99090003967285
endloop
endfacet
facet normal -0.2772466130201451 0.7624068938448394 -0.5846965399134167
outer loop
vertex -34.62920379638672 -33.48369598388672 20.496299743652344
vertex -34.99862289428711 -34.42589569091797 19.442899703979492
vertex -36.4094123840332 -33.38409423828125 21.470298767089844
endloop
endfacet
facet normal -0.26252575144521206 0.7717252526095649 -0.5792411970093545
outer loop
vertex -34.99862289428711 -34.42589569091797 19.442899703979492
vertex -36.8923225402832 -35.07009506225586 19.442899703979492
vertex -36.4094123840332 -33.38409423828125 21.470298767089844
endloop
endfacet
facet normal -0.20834338336801048 0.7758254713825993 -0.5955567752622227
outer loop
vertex -36.8923225402832 -35.07009506225586 19.442899703979492
vertex -38.15475082397461 -33.8527946472168 21.470298767089844
vertex -36.4094123840332 -33.38409423828125 21.470298767089844
endloop
endfacet
facet normal 0.000007683070373331256 -0.9510533173799592 -0.3090268393546829
outer loop
vertex -44.849971771240234 -37.84379577636719 2.3167800903320312
vertex -44.849971771240234 -38.956295013427734 5.740580081939697
vertex -47.64997100830078 -37.22099685668945 0.4000000059604645
endloop
endfacet
facet normal 0.25549923844653877 0.8661948410474416 0.4294492245842763
outer loop
vertex -44.71561050415039 -36.232994079589844 2.4065799713134766
vertex -46.15086364746094 -35.91329574584961 2.615650177001953
vertex -44.796470642089844 -36.277095794677734 2.54364013671875
endloop
endfacet
facet normal 0.25673457306067826 0.8742335710693496 0.412071622670967
outer loop
vertex -44.796470642089844 -36.277095794677734 2.54364013671875
vertex -46.15086364746094 -35.91329574584961 2.615650177001953
vertex -44.836490631103516 -36.32349395751953 2.6670103073120117
endloop
endfacet
facet normal 0.25911790735184237 0.8800915838225712 0.39786519598260933
outer loop
vertex -44.836490631103516 -36.32349395751953 2.6670103073120117
vertex -46.15086364746094 -35.91329574584961 2.615650177001953
vertex -44.849971771240234 -36.37669372558594 2.7934699058532715
endloop
endfacet
facet normal -0.25835017038180785 0.9621961913410714 -0.08621878468423892
outer loop
vertex -35.11052322387695 -37.20249557495117 12.425199508666992
vertex -36.182373046875 -37.71429443359375 9.925299644470215
vertex -37.366390228271484 -37.808197021484375 12.425199508666992
endloop
endfacet
facet normal -0.441892255570695 0.8963205692896195 -0.036615181755330774
outer loop
vertex -32.94997024536133 -36.47812271118164 9.530233383178711
vertex -33.9489631652832 -36.95449447631836 9.925299644470215
vertex -32.94997024536133 -36.41194534301758 11.15022087097168
endloop
endfacet
facet normal -0.10504030734463088 0.7964173229467769 -0.59555518765538
outer loop
vertex -38.15475082397461 -33.8527946472168 21.470298767089844
vertex -38.854000091552734 -35.46109390258789 19.442899703979492
vertex -39.94639205932617 -34.08909606933594 21.470298767089844
endloop
endfacet
facet normal -0.3820804703667857 0.7513491987975014 -0.5380417229459521
outer loop
vertex -34.62920379638672 -33.48369598388672 20.496299743652344
vertex -33.54369354248047 -34.30509567260742 18.578399658203125
vertex -34.99862289428711 -34.42589569091797 19.442899703979492
endloop
endfacet
facet normal 0.2691003691026265 0.8934460898736993 0.35963742274439103
outer loop
vertex -44.849971771240234 -36.37669372558594 2.7934699058532715
vertex -46.15086364746094 -35.91329574584961 2.615650177001953
vertex -44.849971771240234 -36.825496673583984 3.9084296226501465
endloop
endfacet
facet normal 0.5745976576983887 -0.36973598166330546 0.7301594590437059
outer loop
vertex -36.23762130737305 -34.961395263671875 22.67249870300293
vertex -34.58161163330078 -37.4241943359375 20.12220001220703
vertex -34.04252243041992 -36.352394104003906 20.240699768066406
endloop
endfacet
facet normal 0.8862929606720757 0.14197964408234504 0.44082487285698496
outer loop
vertex -34.04252243041992 -36.352394104003906 20.240699768066406
vertex -33.54369354248047 -34.30509567260742 18.578399658203125
vertex -34.62920379638672 -33.48369598388672 20.496299743652344
endloop
endfacet
facet normal 0.3508679752171175 0.8544379893272577 0.38318061845744933
outer loop
vertex -46.15086364746094 -35.91329574584961 2.615650177001953
vertex -46.89914321899414 -35.329994201660156 2.000150203704834
vertex -48.18767166137695 -35.329994201660156 3.180020332336426
endloop
endfacet
facet normal 0.9438793345324568 -0.10007386834755128 0.31476502778505017
outer loop
vertex -44.832420349121094 -37.79569625854492 2.1686301231384277
vertex -44.7806510925293 -37.749996185302734 2.0279202461242676
vertex -44.796470642089844 -36.277095794677734 2.54364013671875
endloop
endfacet
facet normal 0.9937106402302187 -0.03343148729628156 0.10687141409379476
outer loop
vertex -44.849971771240234 -37.84379577636719 2.3167800903320312
vertex -44.832420349121094 -37.79569625854492 2.1686301231384277
vertex -44.836490631103516 -36.32349395751953 2.6670103073120117
endloop
endfacet
facet normal 0.7329192623165597 -0.21200764177494058 0.6464380208143534
outer loop
vertex -44.71561050415039 -36.232994079589844 2.4065799713134766
vertex -44.69725036621094 -37.7089958190918 1.901689887046814
vertex -44.60340118408203 -36.20399475097656 2.288869857788086
endloop
endfacet
facet normal 0.8719034055978211 -0.15345427472022094 0.4650120825064791
outer loop
vertex -44.796470642089844 -36.277095794677734 2.54364013671875
vertex -44.7806510925293 -37.749996185302734 2.0279202461242676
vertex -44.71561050415039 -36.232994079589844 2.4065799713134766
endloop
endfacet
facet normal -0.321571169017947 0.9452491009543397 -0.05564279289758121
outer loop
vertex -33.9489631652832 -36.95449447631836 9.925299644470215
vertex -36.182373046875 -37.71429443359375 9.925299644470215
vertex -35.11052322387695 -37.20249557495117 12.425199508666992
endloop
endfacet
facet normal 0.9567948659394182 -0.09085714503184814 0.27620384448561236
outer loop
vertex -44.836490631103516 -36.32349395751953 2.6670103073120117
vertex -44.832420349121094 -37.79569625854492 2.1686301231384277
vertex -44.796470642089844 -36.277095794677734 2.54364013671875
endloop
endfacet
facet normal 0.9951730781229359 -0.030325456304985794 0.09333226279918172
outer loop
vertex -44.849971771240234 -37.84379577636719 2.3167800903320312
vertex -44.836490631103516 -36.32349395751953 2.6670103073120117
vertex -44.849971771240234 -36.37669372558594 2.7934699058532715
endloop
endfacet
facet normal 1 0 0
outer loop
vertex -44.849971771240234 -36.37669372558594 2.7934699058532715
vertex -44.849971771240234 -36.825496673583984 3.9084296226501465
vertex -44.849971771240234 -37.84379577636719 2.3167800903320312
endloop
endfacet
facet normal -0.43383847117201635 0.8695168580037663 0.23606061632213357
outer loop
vertex -32.94997024536133 -35.61069107055664 4.682089328765869
vertex -34.212562561035156 -36.319496154785156 4.972509860992432
vertex -32.94997024536133 -36.06727600097656 6.363895893096924
endloop
endfacet
facet normal 0 -0.7193392007382154 0.6946589913628882
outer loop
vertex -36.23762130737305 -34.961395263671875 22.67249870300293
vertex -47.11833190917969 -37.4241943359375 20.12220001220703
vertex -34.58161163330078 -37.4241943359375 20.12220001220703
endloop
endfacet
facet normal -0.31412745471588666 0.9234689224242365 0.2202931944258335
outer loop
vertex -34.212562561035156 -36.319496154785156 4.972509860992432
vertex -36.360660552978516 -37.050193786621094 4.972509860992432
vertex -35.10826110839844 -37.20919418334961 7.424900531768799
endloop
endfacet
facet normal -0.24396082380593836 0.9406688669969112 0.23584995041482504
outer loop
vertex -36.360660552978516 -37.050193786621094 4.972509860992432
vertex -36.849971771240234 -37.196895599365234 5.051479816436768
vertex -36.849971771240234 -37.48919677734375 6.217299938201904
endloop
endfacet
facet normal 0.30342322922476767 0.8952247104883873 0.32635419669095295
outer loop
vertex -44.849971771240234 -36.825496673583984 3.9084296226501465
vertex -46.15086364746094 -35.91329574584961 2.615650177001953
vertex -47.48738098144531 -36.319496154785156 4.972509860992432
endloop
endfacet
facet normal 0.3457146262224486 0.8720806263672665 0.34634777078934537
outer loop
vertex -46.15086364746094 -35.91329574584961 2.615650177001953
vertex -48.18767166137695 -35.329994201660156 3.180020332336426
vertex -47.48738098144531 -36.319496154785156 4.972509860992432
endloop
endfacet
facet normal 1 0 0
outer loop
vertex -44.849971771240234 -37.84379577636719 2.3167800903320312
vertex -44.849971771240234 -36.825496673583984 3.9084296226501465
vertex -44.849971771240234 -37.196895599365234 5.051479816436768
endloop
endfacet
facet normal -0.40906700723262607 0.8570363706696031 0.31329354117698827
outer loop
vertex -34.212562561035156 -36.319496154785156 4.972509860992432
vertex -32.94997024536133 -35.61069107055664 4.682089328765869
vertex -32.94997024536133 -35.329994201660156 3.9142234325408936
endloop
endfacet
facet normal -0.304147804228457 0.8941308402431277 0.3286702811468149
outer loop
vertex -34.212562561035156 -36.319496154785156 4.972509860992432
vertex -36.849971771240234 -36.825496673583984 3.9084296226501465
vertex -36.360660552978516 -37.050193786621094 4.972509860992432
endloop
endfacet
facet normal 1 0 0
outer loop
vertex -47.64997100830078 -41.550296783447266 5.633780002593994
vertex -47.64997100830078 -40.77769470214844 3.2561302185058594
vertex -47.64997100830078 -39.6360969543457 7.832900524139404
endloop
endfacet
facet normal -0.2290141915786988 0.9257805088076074 0.3008038390171951
outer loop
vertex -36.849971771240234 -36.825496673583984 3.9084296226501465
vertex -36.849971771240234 -37.196895599365234 5.051479816436768
vertex -36.360660552978516 -37.050193786621094 4.972509860992432
endloop
endfacet
facet normal -0.9937065484662143 0.03729671366705375 -0.10562315411405396
outer loop
vertex -36.849971771240234 -38.956295013427734 5.740580081939697
vertex -36.867523193359375 -39.00439453125 5.8887200355529785
vertex -36.85490036010742 -37.50759506225586 6.2985005378723145
endloop
endfacet
facet normal 0.40906700723262607 0.8570363706696031 0.31329354117698827
outer loop
vertex -47.48738098144531 -36.319496154785156 4.972509860992432
vertex -48.74997329711914 -35.329994201660156 3.9142234325408936
vertex -48.74997329711914 -35.61069107055664 4.682089328765869
endloop
endfacet
facet normal 0 0.8033256793365475 -0.5955399675239894
outer loop
vertex -39.94639205932617 -34.08909606933594 21.470298767089844
vertex -40.849971771240234 -35.59209442138672 19.442899703979492
vertex -41.7535514831543 -34.08909606933594 21.470298767089844
endloop
endfacet
facet normal -0.15934366895334087 0.7994420087211839 -0.5792254050508547
outer loop
vertex -36.8923225402832 -35.07009506225586 19.442899703979492
vertex -38.854000091552734 -35.46109390258789 19.442899703979492
vertex -38.15475082397461 -33.8527946472168 21.470298767089844
endloop
endfacet
facet normal -1 0 0
outer loop
vertex -36.849971771240234 -37.196895599365234 5.051479816436768
vertex -36.849971771240234 -38.956295013427734 5.740580081939697
vertex -36.849971771240234 -37.48919677734375 6.217299938201904
endloop
endfacet
facet normal -0.053386502816577835 0.8134162267180237 -0.5792270050928464
outer loop
vertex -38.854000091552734 -35.46109390258789 19.442899703979492
vertex -40.849971771240234 -35.59209442138672 19.442899703979492
vertex -39.94639205932617 -34.08909606933594 21.470298767089844
endloop
endfacet
facet normal 0.053386502816577835 0.8134162267180237 -0.5792270050928464
outer loop
vertex -40.849971771240234 -35.59209442138672 19.442899703979492
vertex -42.845943450927734 -35.46109390258789 19.442899703979492
vertex -41.7535514831543 -34.08909606933594 21.470298767089844
endloop
endfacet
facet normal 0.6032942258796341 -0.38090968372857614 0.7006738826744502
outer loop
vertex -34.58161163330078 -37.4241943359375 20.12220001220703
vertex -32.449974060058594 -39.10679626464844 17.372098922729492
vertex -34.04252243041992 -36.352394104003906 20.240699768066406
endloop
endfacet
facet normal 1 0 0
outer loop
vertex -32.449974060058594 -38.329994201660156 5.300000190734863
vertex -32.449974060058594 -40.77769470214844 3.2561302185058594
vertex -32.449974060058594 -37.15085983276367 5.300000190734863
endloop
endfacet
facet normal 1 0 0
outer loop
vertex -32.449974060058594 -38.329994201660156 5.400000095367432
vertex -32.449974060058594 -40.77769470214844 3.2561302185058594
vertex -32.449974060058594 -38.329994201660156 5.300000190734863
endloop
endfacet
facet normal 1 0 0
outer loop
vertex -32.449974060058594 -41.47433090209961 5.400000095367432
vertex -32.449974060058594 -40.77769470214844 3.2561302185058594
vertex -32.449974060058594 -38.329994201660156 5.400000095367432
endloop
endfacet
facet normal -1 0 0
outer loop
vertex -34.04997253417969 -39.849693298339844 0.4000000059604645
vertex -34.04997253417969 -41.550296783447266 5.633780002593994
vertex -34.04997253417969 -39.6360969543457 7.832900524139404
endloop
endfacet
facet normal 0.00001202319084947213 -0.9510563538076198 -0.3090174942258099
outer loop
vertex -36.849971771240234 -38.956295013427734 5.740580081939697
vertex -34.04997253417969 -37.22099685668945 0.4000000059604645
vertex -34.04997253417969 -39.6360969543457 7.832900524139404
endloop
endfacet
facet normal -1 0 0
outer loop
vertex -36.849971771240234 -37.196895599365234 5.051479816436768
vertex -36.849971771240234 -37.84379577636719 2.3167800903320312
vertex -36.849971771240234 -38.956295013427734 5.740580081939697
endloop
endfacet
facet normal 0.8958225598527939 0.12742048512913726 0.4257534042473916
outer loop
vertex -34.04252243041992 -36.352394104003906 20.240699768066406
vertex -32.449974060058594 -34.844993591308594 16.43869972229004
vertex -33.54369354248047 -34.30509567260742 18.578399658203125
endloop
endfacet
facet normal 0.905171807156686 0.09093602473791901 0.4152043339532523
outer loop
vertex -32.449974060058594 -39.10679626464844 17.372098922729492
vertex -32.449974060058594 -34.844993591308594 16.43869972229004
vertex -34.04252243041992 -36.352394104003906 20.240699768066406
endloop
endfacet
facet normal -0.34071450583059665 0.8206530077709902 -0.45873986784782445
outer loop
vertex -33.54369354248047 -34.30509567260742 18.578399658203125
vertex -35.55569076538086 -35.89389419555664 17.230499267578125
vertex -34.99862289428711 -34.42589569091797 19.442899703979492
endloop
endfacet
facet normal 0.43383847117201635 0.8695168580037663 0.23606061632213357
outer loop
vertex -47.48738098144531 -36.319496154785156 4.972509860992432
vertex -48.74997329711914 -35.61069107055664 4.682089328765869
vertex -48.74997329711914 -36.06727600097656 6.363895893096924
endloop
endfacet
facet normal -0.40906840645976095 0.8570363277269447 0.31329183167261965
outer loop
vertex -32.94997024536133 -35.329994201660156 3.9142234325408936
vertex -33.512271881103516 -35.329994201660156 3.180020332336426
vertex -34.212562561035156 -36.319496154785156 4.972509860992432
endloop
endfacet
facet normal -0.00001202319084947213 -0.9510563538076198 -0.3090174942258099
outer loop
vertex -47.64997100830078 -39.6360969543457 7.832900524139404
vertex -47.64997100830078 -37.22099685668945 0.4000000059604645
vertex -44.849971771240234 -38.956295013427734 5.740580081939697
endloop
endfacet
facet normal 0 0 -1
outer loop
vertex -41.349971771240234 -43.95039367675781 0.4000000059604645
vertex -46.64997100830078 -42.688594818115234 0.4000000059604645
vertex -41.349971771240234 -42.688594818115234 0.4000000059604645
endloop
endfacet
facet normal 0 0 -1
outer loop
vertex -41.349971771240234 -43.95039367675781 0.4000000059604645
vertex -46.64997100830078 -43.95039367675781 0.4000000059604645
vertex -46.64997100830078 -42.688594818115234 0.4000000059604645
endloop
endfacet
facet normal 1 0 0
outer loop
vertex -44.849971771240234 -38.956295013427734 5.740580081939697
vertex -44.849971771240234 -37.84379577636719 2.3167800903320312
vertex -44.849971771240234 -37.196895599365234 5.051479816436768
endloop
endfacet
facet normal 1 0 0
outer loop
vertex -44.849971771240234 -38.956295013427734 5.740580081939697
vertex -44.849971771240234 -37.196895599365234 5.051479816436768
vertex -44.849971771240234 -37.48919677734375 6.217299938201904
endloop
endfacet
facet normal 0.9937105986840691 0.03460536304645231 -0.10649748781718815
outer loop
vertex -44.849971771240234 -38.956295013427734 5.740580081939697
vertex -44.849971771240234 -37.48919677734375 6.217299938201904
vertex -44.832420349121094 -39.00439453125 5.8887200355529785
endloop
endfacet
facet normal 0 -0.7193400694809947 0.6946580917538338
outer loop
vertex -48.54997253417969 -39.96159362792969 17.494600296020508
vertex -48.54997253417969 -45.75050735473633 11.5
vertex -33.14997100830078 -39.96159362792969 17.494600296020508
endloop
endfacet
facet normal -0.7070980525886453 -0.5086535246832614 0.4912066121833458
outer loop
vertex -49.24997329711914 -44.77748107910156 11.5
vertex -48.54997253417969 -39.96159362792969 17.494600296020508
vertex -49.24997329711914 -39.10679626464844 17.372098922729492
endloop
endfacet
facet normal -0.7070726658015901 -0.5086747804886617 0.4912211446701424
outer loop
vertex -48.54997253417969 -39.96159362792969 17.494600296020508
vertex -49.187957763671875 -44.86368942260742 11.5
vertex -48.54997253417969 -45.75050735473633 11.5
endloop
endfacet
facet normal -0.707091494688908 -0.5086590747005433 0.4912103051274403
outer loop
vertex -49.24997329711914 -44.77748107910156 11.5
vertex -49.187957763671875 -44.86368942260742 11.5
vertex -48.54997253417969 -39.96159362792969 17.494600296020508
endloop
endfacet
facet normal 0.2290141915786988 0.9257805088076074 0.3008038390171951
outer loop
vertex -44.849971771240234 -37.196895599365234 5.051479816436768
vertex -44.849971771240234 -36.825496673583984 3.9084296226501465
vertex -45.33928298950195 -37.050193786621094 4.972509860992432
endloop
endfacet
facet normal 0.304147804228457 0.8941308402431277 0.3286702811468149
outer loop
vertex -45.33928298950195 -37.050193786621094 4.972509860992432
vertex -44.849971771240234 -36.825496673583984 3.9084296226501465
vertex -47.48738098144531 -36.319496154785156 4.972509860992432
endloop
endfacet
facet normal 0.24396082380593836 0.9406688669969112 0.23584995041482504
outer loop
vertex -44.849971771240234 -37.48919677734375 6.217299938201904
vertex -44.849971771240234 -37.196895599365234 5.051479816436768
vertex -45.33928298950195 -37.050193786621094 4.972509860992432
endloop
endfacet
facet normal 0.31412745471588666 0.9234689224242365 0.2202931944258335
outer loop
vertex -45.33928298950195 -37.050193786621094 4.972509860992432
vertex -47.48738098144531 -36.319496154785156 4.972509860992432
vertex -46.59168243408203 -37.20919418334961 7.424900531768799
endloop
endfacet
facet normal 0 1 0
outer loop
vertex -47.64997100830078 -45.329994201660156 4.424560070037842
vertex -34.04997253417969 -45.329994201660156 0.4000000059604645
vertex -47.64997100830078 -45.329994201660156 0.4000000059604645
endloop
endfacet
facet normal 0 -1 0
outer loop
vertex -48.54997253417969 -46.329994201660156 0.4000000059604645
vertex -33.14997100830078 -46.329994201660156 0.4000000059604645
vertex -48.54997253417969 -46.329994201660156 5.300000190734863
endloop
endfacet
facet normal 1 0 0
outer loop
vertex -47.64997100830078 -41.53829574584961 7.214900493621826
vertex -47.64997100830078 -41.550296783447266 5.633780002593994
vertex -47.64997100830078 -39.6360969543457 7.832900524139404
endloop
endfacet
facet normal -0.28253709588147097 0.8305509478227519 -0.4799561568743475
outer loop
vertex -35.55569076538086 -35.89389419555664 17.230499267578125
vertex -36.8923225402832 -35.07009506225586 19.442899703979492
vertex -34.99862289428711 -34.42589569091797 19.442899703979492
endloop
endfacet
facet normal 0.38617349614432633 0.9033392774126441 0.1866766743845362
outer loop
vertex -46.59168243408203 -37.20919418334961 7.424900531768799
vertex -47.48738098144531 -36.319496154785156 4.972509860992432
vertex -48.74997329711914 -36.06727600097656 6.363895893096924
endloop
endfacet
facet normal -0.23041159038999506 0.8581722632569273 -0.45874924042491494
outer loop
vertex -35.55569076538086 -35.89389419555664 17.230499267578125
vertex -37.63658142089844 -36.45259475708008 17.230499267578125
vertex -36.8923225402832 -35.07009506225586 19.442899703979492
endloop
endfacet
facet normal 0.597608549546284 -0.3889010161144936 0.701156203120461
outer loop
vertex -34.58161163330078 -37.4241943359375 20.12220001220703
vertex -33.14997100830078 -39.96159362792969 17.494600296020508
vertex -32.449974060058594 -39.10679626464844 17.372098922729492
endloop
endfacet
facet normal -0.1714884758189541 0.8603736344327751 -0.4799467802102952
outer loop
vertex -37.63658142089844 -36.45259475708008 17.230499267578125
vertex -38.854000091552734 -35.46109390258789 19.442899703979492
vertex -36.8923225402832 -35.07009506225586 19.442899703979492
endloop
endfacet
facet normal 0.3861731555673842 0.9033392793975832 0.18667736932093296
outer loop
vertex -48.74997329711914 -36.06727600097656 6.363895893096924
vertex -48.74997329711914 -36.200965881347656 7.010826587677002
vertex -46.59168243408203 -37.20919418334961 7.424900531768799
endloop
endfacet
facet normal 0.4053118381016381 0.9086965367527107 0.09996458366992252
outer loop
vertex -46.59168243408203 -37.20919418334961 7.424900531768799
vertex -48.74997329711914 -36.200965881347656 7.010826587677002
vertex -48.74997329711914 -36.47812271118164 9.530233383178711
endloop
endfacet
facet normal -0.11617638959501171 0.880947913858456 -0.4587306612480818
outer loop
vertex -37.63658142089844 -36.45259475708008 17.230499267578125
vertex -39.77267074584961 -36.73429489135742 17.230499267578125
vertex -38.854000091552734 -35.46109390258789 19.442899703979492
endloop
endfacet
facet normal -0.057456065778362306 0.8754215721541034 -0.47993319484331376
outer loop
vertex -39.77267074584961 -36.73429489135742 17.230499267578125
vertex -40.849971771240234 -35.59209442138672 19.442899703979492
vertex -38.854000091552734 -35.46109390258789 19.442899703979492
endloop
endfacet
facet normal 0.057456065778362306 0.8754215721541034 -0.47993319484331376
outer loop
vertex -41.92727279663086 -36.73429489135742 17.230499267578125
vertex -42.845943450927734 -35.46109390258789 19.442899703979492
vertex -40.849971771240234 -35.59209442138672 19.442899703979492
endloop
endfacet
facet normal 0 0.8885688646093683 -0.4587432537343932
outer loop
vertex -39.77267074584961 -36.73429489135742 17.230499267578125
vertex -41.92727279663086 -36.73429489135742 17.230499267578125
vertex -40.849971771240234 -35.59209442138672 19.442899703979492
endloop
endfacet
facet normal 0 -0.7193458548593127 0.694652100764638
outer loop
vertex -34.58161163330078 -37.4241943359375 20.12220001220703
vertex -48.54997253417969 -39.96159362792969 17.494600296020508
vertex -33.14997100830078 -39.96159362792969 17.494600296020508
endloop
endfacet
facet normal 0.00013949995232179847 -0.9511159206113852 -0.30883407535328805
outer loop
vertex -47.64997100830078 -39.6360969543457 7.832900524139404
vertex -44.849971771240234 -38.956295013427734 5.740580081939697
vertex -44.832420349121094 -39.00439453125 5.8887200355529785
endloop
endfacet
facet normal -0.0003327552131558854 -0.9509146538158756 -0.3094530827640946
outer loop
vertex -47.64997100830078 -39.6360969543457 7.832900524139404
vertex -44.832420349121094 -39.00439453125 5.8887200355529785
vertex -44.7806510925293 -39.050193786621094 6.02940034866333
endloop
endfacet
facet normal 0.00010260213164028094 -0.9511183476855641 -0.3088266150588136
outer loop
vertex -47.64997100830078 -39.6360969543457 7.832900524139404
vertex -44.7806510925293 -39.050193786621094 6.02940034866333
vertex -44.69725036621094 -39.09119415283203 6.155700206756592
endloop
endfacet
facet normal 0.1395949590194397 0.7004915508403284 -0.699874870685948
outer loop
vertex -42.425601959228516 -32.27449417114258 23.273300170898438
vertex -43.54519271850586 -33.8527946472168 21.470298767089844
vertex -43.97416305541992 -31.96589469909668 23.273300170898438
endloop
endfacet
facet normal -0.13030368248983162 0.9877194342782223 -0.08620481122708595
outer loop
vertex -37.366390228271484 -37.808197021484375 12.425199508666992
vertex -38.49595260620117 -38.17539596557617 9.925299644470215
vertex -39.2833137512207 -38.134437561035156 11.584736824035645
endloop
endfacet
facet normal -0.00015151726119765313 -0.9511216322288462 -0.30881647907593135
outer loop
vertex -47.64997100830078 -37.22099685668945 0.4000000059604645
vertex -44.832420349121094 -37.79569625854492 2.1686301231384277
vertex -44.849971771240234 -37.84379577636719 2.3167800903320312
endloop
endfacet
facet normal -0.00007670049897003996 -0.9510866286166891 -0.3089242932881347
outer loop
vertex -47.64997100830078 -37.22099685668945 0.4000000059604645
vertex -44.7806510925293 -37.749996185302734 2.0279202461242676
vertex -44.832420349121094 -37.79569625854492 2.1686301231384277
endloop
endfacet
facet normal -0.00005815574943528051 -0.9510770260391136 -0.30895385927109575
outer loop
vertex -47.64997100830078 -37.22099685668945 0.4000000059604645
vertex -44.69725036621094 -37.7089958190918 1.901689887046814
vertex -44.7806510925293 -37.749996185302734 2.0279202461242676
endloop
endfacet
facet normal -8.896262737785451e-7 -0.9510377505715057 -0.3090747433665505
outer loop
vertex -44.45369338989258 -37.64899444580078 1.716959834098816
vertex -47.64997100830078 -37.22099685668945 0.4000000059604645
vertex -44.30573272705078 -37.63299560546875 1.6677302122116089
endloop
endfacet
facet normal 0 -0.951053580069996 -0.3090260310006973
outer loop
vertex -46.64997100830078 -43.95039367675781 0.4000000059604645
vertex -41.349971771240234 -43.95039367675781 0.4000000059604645
vertex -46.64997100830078 -45.258094787597656 4.424560070037842
endloop
endfacet
facet normal -0.3457140844831144 0.8720807335678374 0.34634804161390154
outer loop
vertex -33.512271881103516 -35.329994201660156 3.180020332336426
vertex -35.5490837097168 -35.91329574584961 2.615650177001953
vertex -34.212562561035156 -36.319496154785156 4.972509860992432
endloop
endfacet
facet normal 0.00036470898866673067 -0.9507537984932025 -0.3099469013203721
outer loop
vertex -47.64997100830078 -37.22099685668945 0.4000000059604645
vertex -44.14997100830078 -37.62749481201172 1.651039958000183
vertex -44.30573272705078 -37.63299560546875 1.6677302122116089
endloop
endfacet
facet normal -0.0002296052305836017 -0.9512007586319563 -0.3085726236389561
outer loop
vertex -44.58641052246094 -37.6746940612793 1.796279788017273
vertex -47.64997100830078 -37.22099685668945 0.4000000059604645
vertex -44.45369338989258 -37.64899444580078 1.716959834098816
endloop
endfacet
facet normal 0.00014051346204880873 -0.9509621725134852 -0.309307172086907
outer loop
vertex -47.64997100830078 -37.22099685668945 0.4000000059604645
vertex -44.58641052246094 -37.6746940612793 1.796279788017273
vertex -44.69725036621094 -37.7089958190918 1.901689887046814
endloop
endfacet
facet normal -0.30342339943411323 0.8952244546525481 0.32635474022586897
outer loop
vertex -36.849971771240234 -36.825496673583984 3.9084296226501465
vertex -34.212562561035156 -36.319496154785156 4.972509860992432
vertex -35.5490837097168 -35.91329574584961 2.615650177001953
endloop
endfacet
facet normal -1 0 0
outer loop
vertex -36.849971771240234 -36.825496673583984 3.9084296226501465
vertex -36.849971771240234 -37.84379577636719 2.3167800903320312
vertex -36.849971771240234 -37.196895599365234 5.051479816436768
endloop
endfacet
facet normal -0.5559548228429699 -0.34686254599521743 0.7553811019236301
outer loop
vertex -45.81913375854492 -33.69609451293945 22.99090003967285
vertex -45.46232223510742 -34.961395263671875 22.67249870300293
vertex -43.5945930480957 -32.576393127441406 25.14229965209961
endloop
endfacet
facet normal 0.11327100775708815 0.8677237217760755 0.4839682029521876
outer loop
vertex -41.84154510498047 -35.586692810058594 0.4000000059604645
vertex -43.80801010131836 -35.329994201660156 0.4000000059604645
vertex -41.95564270019531 -36.4778938293457 2.0245699882507324
endloop
endfacet
facet normal -0.8598142949493497 0.18532059228602632 0.4757895083705702
outer loop
vertex -45.8639030456543 -32.30509567260742 22.368200302124023
vertex -45.81913375854492 -33.69609451293945 22.99090003967285
vertex -45.06135177612305 -31.390295028686523 23.462200164794922
endloop
endfacet
facet normal 0.22486884827835865 0.659982380236272 -0.7168383770778665
outer loop
vertex -43.97416305541992 -31.96589469909668 23.273300170898438
vertex -45.8639030456543 -32.30509567260742 22.368200302124023
vertex -45.06135177612305 -31.390295028686523 23.462200164794922
endloop
endfacet
facet normal -0.8509653818113171 0.1787144843804596 0.4938816174260242
outer loop
vertex -45.06135177612305 -31.390295028686523 23.462200164794922
vertex -45.81913375854492 -33.69609451293945 22.99090003967285
vertex -43.73979187011719 -31.131994247436523 25.64579963684082
endloop
endfacet
facet normal 0.122687379485986 0.6156488266363987 -0.7784114138269602
outer loop
vertex -42.425601959228516 -32.27449417114258 23.273300170898438
vertex -43.97416305541992 -31.96589469909668 23.273300170898438
vertex -43.14651107788086 -30.40369415283203 24.639299392700195
endloop
endfacet
facet normal 0.00013054614163897067 -0.9511327929929311 -0.3087821125829201
outer loop
vertex -44.69725036621094 -39.09119415283203 6.155700206756592
vertex -44.58641052246094 -39.125396728515625 6.2611002922058105
vertex -47.64997100830078 -39.6360969543457 7.832900524139404
endloop
endfacet
facet normal -0.00010965486094322733 -0.9509952136390303 -0.30920558146881305
outer loop
vertex -44.58641052246094 -39.125396728515625 6.2611002922058105
vertex -44.45369338989258 -39.15119552612305 6.340400218963623
vertex -47.64997100830078 -39.6360969543457 7.832900524139404
endloop
endfacet
facet normal -0.5699645533914344 -0.3209636322432222 0.7563879656991777
outer loop
vertex -43.73979187011719 -31.131994247436523 25.64579963684082
vertex -45.81913375854492 -33.69609451293945 22.99090003967285
vertex -43.5945930480957 -32.576393127441406 25.14229965209961
endloop
endfacet
facet normal 0 0 -1
outer loop
vertex -47.64997100830078 -45.329994201660156 0.4000000059604645
vertex -33.14997100830078 -46.329994201660156 0.4000000059604645
vertex -48.54997253417969 -46.329994201660156 0.4000000059604645
endloop
endfacet
facet normal 0.18508005626512034 0.6039852423141696 -0.7752078429941184
outer loop
vertex -43.97416305541992 -31.96589469909668 23.273300170898438
vertex -45.06135177612305 -31.390295028686523 23.462200164794922
vertex -44.27763366699219 -30.40369415283203 24.417999267578125
endloop
endfacet
facet normal 0 0 -1
outer loop
vertex -41.84154510498047 -35.586692810058594 0.4000000059604645
vertex -47.64997100830078 -37.22099685668945 0.4000000059604645
vertex -43.80801010131836 -35.329994201660156 0.4000000059604645
endloop
endfacet
facet normal 0 0 -1
outer loop
vertex -41.84154510498047 -35.586692810058594 0.4000000059604645
vertex -39.8583984375 -35.586692810058594 0.4000000059604645
vertex -47.64997100830078 -37.22099685668945 0.4000000059604645
endloop
endfacet
facet normal -0.35086728730292666 0.854438608725212 0.3831798671908656
outer loop
vertex -34.80080032348633 -35.329994201660156 2.000150203704834
vertex -35.5490837097168 -35.91329574584961 2.615650177001953
vertex -33.512271881103516 -35.329994201660156 3.180020332336426
endloop
endfacet
facet normal -0.269101101063755 0.8934459001517457 0.35963734637591704
outer loop
vertex -35.5490837097168 -35.91329574584961 2.615650177001953
vertex -36.849971771240234 -36.37669372558594 2.7934699058532715
vertex -36.849971771240234 -36.825496673583984 3.9084296226501465
endloop
endfacet
facet normal -0.25872412831327307 0.8795450630357546 0.3993273187724167
outer loop
vertex -35.5490837097168 -35.91329574584961 2.615650177001953
vertex -36.8693733215332 -36.313594818115234 2.6419200897216797
vertex -36.849971771240234 -36.37669372558594 2.7934699058532715
endloop
endfacet
facet normal -1 0 0
outer loop
vertex -36.849971771240234 -36.37669372558594 2.7934699058532715
vertex -36.849971771240234 -37.84379577636719 2.3167800903320312
vertex -36.849971771240234 -36.825496673583984 3.9084296226501465
endloop
endfacet
facet normal -0.2561388864821525 0.8721648546382997 0.4167989169436943
outer loop
vertex -35.5490837097168 -35.91329574584961 2.615650177001953
vertex -36.926612854003906 -36.26079559326172 2.496260166168213
vertex -36.8693733215332 -36.313594818115234 2.6419200897216797
endloop
endfacet
facet normal -0.2555839047937189 0.8643950981305661 0.43301037162895323
outer loop
vertex -35.5490837097168 -35.91329574584961 2.615650177001953
vertex -36.9877815246582 -36.231693267822266 2.402060031890869
vertex -36.926612854003906 -36.26079559326172 2.496260166168213
endloop
endfacet
facet normal -0.9930493146261233 -0.03692749553855507 0.11175606826403939
outer loop
vertex -36.8693733215332 -36.313594818115234 2.6419200897216797
vertex -36.867523193359375 -37.79569625854492 2.1686301231384277
vertex -36.849971771240234 -36.37669372558594 2.7934699058532715
endloop
endfacet
facet normal -0.9379793699774694 -0.1081963725937401 0.32937554015777526
outer loop
vertex -36.926612854003906 -36.26079559326172 2.496260166168213
vertex -36.91929244995117 -37.749996185302734 2.0279202461242676
vertex -36.8693733215332 -36.313594818115234 2.6419200897216797
endloop
endfacet
facet normal 0 0.9510590586075492 0.30900916983242144
outer loop
vertex -47.64997100830078 -42.4783935546875 0.4000000059604645
vertex -49.24997329711914 -42.4783935546875 0.4000000059604645
vertex -49.24997329711914 -43.927894592285156 4.861230373382568
endloop
endfacet
facet normal 0.15313230024819813 0.6032683081704789 -0.7826990781761684
outer loop
vertex -43.14651107788086 -30.40369415283203 24.639299392700195
vertex -43.97416305541992 -31.96589469909668 23.273300170898438
vertex -44.27763366699219 -30.40369415283203 24.417999267578125
endloop
endfacet
facet normal -0.8497259390039129 -0.16196636115745489 0.5017297344560427
outer loop
vertex -36.9877815246582 -36.231693267822266 2.402060031890869
vertex -36.91929244995117 -37.749996185302734 2.0279202461242676
vertex -36.926612854003906 -36.26079559326172 2.496260166168213
endloop
endfacet
facet normal -0.8486075183720049 0.19939080827092454 0.49000876047227443
outer loop
vertex -44.27763366699219 -30.40369415283203 24.417999267578125
vertex -45.06135177612305 -31.390295028686523 23.462200164794922
vertex -43.73979187011719 -31.131994247436523 25.64579963684082
endloop
endfacet
facet normal -1 0 0
outer loop
vertex -49.24997329711914 -42.4783935546875 0.4000000059604645
vertex -49.24997329711914 -45.6299934387207 0.4000000059604645
vertex -49.24997329711914 -43.927894592285156 4.861230373382568
endloop
endfacet
facet normal 0 0 -1
outer loop
vertex -47.64997100830078 -45.329994201660156 0.4000000059604645
vertex -49.24997329711914 -42.4783935546875 0.4000000059604645
vertex -47.64997100830078 -42.4783935546875 0.4000000059604645
endloop
endfacet
facet normal 0 1 0
outer loop
vertex -43.14651107788086 -30.40369415283203 24.639299392700195
vertex -44.27763366699219 -30.40369415283203 24.417999267578125
vertex -44.04048156738281 -30.40369415283203 24.817100524902344
endloop
endfacet
facet normal -0.3406767845829818 0.8206434737201751 -0.4587849359849177
outer loop
vertex -33.565731048583984 -35.06779479980469 17.230499267578125
vertex -35.55569076538086 -35.89389419555664 17.230499267578125
vertex -33.54369354248047 -34.30509567260742 18.578399658203125
endloop
endfacet
facet normal -0.4609492334461612 0.7755627230611496 -0.4313099428292502
outer loop
vertex -32.449974060058594 -34.844993591308594 16.43869972229004
vertex -33.565731048583984 -35.06779479980469 17.230499267578125
vertex -33.54369354248047 -34.30509567260742 18.578399658203125
endloop
endfacet
facet normal -0.40708715972788634 0.8499425415784161 -0.3344812706264807
outer loop
vertex -32.449974060058594 -34.844993591308594 16.43869972229004
vertex -34.21790313720703 -36.30669403076172 14.876100540161133
vertex -33.565731048583984 -35.06779479980469 17.230499267578125
endloop
endfacet
facet normal 1 0 0
outer loop
vertex -32.449974060058594 -39.10679626464844 17.372098922729492
vertex -32.449974060058594 -35.67179489135742 14.15060043334961
vertex -32.449974060058594 -34.844993591308594 16.43869972229004
endloop
endfacet
facet normal -0.35842937523065627 0.8634070206242386 -0.3550446446695641
outer loop
vertex -34.21790313720703 -36.30669403076172 14.876100540161133
vertex -35.55569076538086 -35.89389419555664 17.230499267578125
vertex -33.565731048583984 -35.06779479980469 17.230499267578125
endloop
endfacet
facet normal -0.24241444216069974 0.9028771084088938 -0.3550326257446091
outer loop
vertex -35.55569076538086 -35.89389419555664 17.230499267578125
vertex -36.36427307128906 -37.03679656982422 14.876100540161133
vertex -37.63658142089844 -36.45259475708008 17.230499267578125
endloop
endfacet
facet normal -0.12222717784501581 0.926830121978558 -0.3550301987004123
outer loop
vertex -37.63658142089844 -36.45259475708008 17.230499267578125
vertex -38.58769226074219 -37.479896545410156 14.876100540161133
vertex -39.77267074584961 -36.73429489135742 17.230499267578125
endloop
endfacet
facet normal -0.9937113605543295 -0.03460121993377922 0.10649172495718792
outer loop
vertex -36.849971771240234 -37.84379577636719 2.3167800903320312
vertex -36.849971771240234 -36.37669372558594 2.7934699058532715
vertex -36.867523193359375 -37.79569625854492 2.1686301231384277
endloop
endfacet
facet normal 0.09164484042774222 0.6100121938251094 -0.7870745495870456
outer loop
vertex -42.425601959228516 -32.27449417114258 23.273300170898438
vertex -43.14651107788086 -30.40369415283203 24.639299392700195
vertex -42.00168228149414 -30.40369415283203 24.772600173950195
endloop
endfacet
facet normal 0.00011667641803874727 -0.9511463989362186 -0.30874020499001625
outer loop
vertex -44.30573272705078 -39.16719436645508 6.3896002769470215
vertex -44.14997100830078 -39.1725959777832 6.406300067901611
vertex -47.64997100830078 -39.6360969543457 7.832900524139404
endloop
endfacet
facet normal -0.00005306340060665365 -0.9510308517386012 -0.3090959660455409
outer loop
vertex -44.30573272705078 -39.16719436645508 6.3896002769470215
vertex -47.64997100830078 -39.6360969543457 7.832900524139404
vertex -44.45369338989258 -39.15119552612305 6.340400218963623
endloop
endfacet
facet normal -0.7071067811865475 -0.7071067811865475 0
outer loop
vertex -49.24997329711914 -45.6299934387207 0.4000000059604645
vertex -48.54997253417969 -46.329994201660156 0.4000000059604645
vertex -49.24997329711914 -45.6299934387207 5.300000190734863
endloop
endfacet
facet normal 0.8468253353359995 0.16572683043205091 -0.505392391224896
outer loop
vertex -44.69725036621094 -39.09119415283203 6.155700206756592
vertex -44.7806510925293 -39.050193786621094 6.02940034866333
vertex -44.711952209472656 -37.601993560791016 6.619400501251221
endloop
endfacet
facet normal 0.7070105890410687 0.2210374280114533 -0.6717726418974522
outer loop
vertex -44.58641052246094 -39.125396728515625 6.2611002922058105
vertex -44.69725036621094 -39.09119415283203 6.155700206756592
vertex -44.629581451416016 -37.63639450073242 6.705600261688232
endloop
endfacet
facet normal 0.532027667985488 0.2639127644636847 -0.8045474586691944
outer loop
vertex -44.45369338989258 -39.15119552612305 6.340400218963623
vertex -44.58641052246094 -39.125396728515625 6.2611002922058105
vertex -44.54903030395508 -37.66459655761719 6.764999866485596
endloop
endfacet
facet normal 0.33006462903657696 0.29205987690523905 -0.897640445256921
outer loop
vertex -44.30573272705078 -39.16719436645508 6.3896002769470215
vertex -44.45369338989258 -39.15119552612305 6.340400218963623
vertex -44.31084060668945 -37.729793548583984 6.855400562286377
endloop
endfacet
facet normal 0.9438830324165198 0.1025965389905757 -0.3139407130388638
outer loop
vertex -44.7806510925293 -39.050193786621094 6.02940034866333
vertex -44.832420349121094 -39.00439453125 5.8887200355529785
vertex -44.83058166503906 -37.52719497680664 6.377000331878662
endloop
endfacet
facet normal 0.9930569492145687 0.03580271838731582 -0.11205383069191319
outer loop
vertex -44.83058166503906 -37.52719497680664 6.377000331878662
vertex -44.832420349121094 -39.00439453125 5.8887200355529785
vertex -44.849971771240234 -37.48919677734375 6.217299938201904
endloop
endfacet
facet normal 0.9379263547586043 0.10611292062668334 -0.33020327243277303
outer loop
vertex -44.7806510925293 -39.050193786621094 6.02940034866333
vertex -44.83058166503906 -37.52719497680664 6.377000331878662
vertex -44.77334213256836 -37.57009506225586 6.5258002281188965
endloop
endfacet
facet normal -0.9438811980524483 -0.10154232711907105 0.3142887840288266
outer loop
vertex -36.91929244995117 -37.749996185302734 2.0279202461242676
vertex -36.867523193359375 -37.79569625854492 2.1686301231384277
vertex -36.8693733215332 -36.313594818115234 2.6419200897216797
endloop
endfacet
facet normal 1 0 0
outer loop
vertex -32.449974060058594 -40.77769470214844 3.2561302185058594
vertex -32.449974060058594 -39.849693298339844 0.4000000059604645
vertex -32.449974060058594 -37.15085983276367 5.300000190734863
endloop
endfacet
facet normal -1 0 0
outer loop
vertex -34.04997253417969 -37.22099685668945 0.4000000059604645
vertex -34.04997253417969 -39.849693298339844 0.4000000059604645
vertex -34.04997253417969 -39.6360969543457 7.832900524139404
endloop
endfacet
facet normal 0.00002155696506491088 -0.9510540979686893 -0.30902443636751453
outer loop
vertex -34.04997253417969 -39.849693298339844 0.4000000059604645
vertex -32.449974060058594 -40.77769470214844 3.2561302185058594
vertex -34.04997253417969 -41.550296783447266 5.633780002593994
endloop
endfacet
facet normal -0.000007683070373331256 -0.9510533173799592 -0.3090268393546829
outer loop
vertex -36.849971771240234 -37.84379577636719 2.3167800903320312
vertex -34.04997253417969 -37.22099685668945 0.4000000059604645
vertex -36.849971771240234 -38.956295013427734 5.740580081939697
endloop
endfacet
facet normal -0.7472486705211207 -0.20640938323725344 0.6316760173665249
outer loop
vertex -37.07010269165039 -36.20879364013672 2.312160015106201
vertex -37.00269317626953 -37.7089958190918 1.901689887046814
vertex -36.9877815246582 -36.231693267822266 2.402060031890869
endloop
endfacet
facet normal 0 -0.951060012237035 -0.30900623476507877
outer loop
vertex -34.04997253417969 -42.310794830322266 9.592499732971191
vertex -47.64997100830078 -42.310794830322266 9.592499732971191
vertex -34.04997253417969 -41.53829574584961 7.214900493621826
endloop
endfacet
facet normal 0.8495752585121591 0.1639461379168894 -0.5013417437099512
outer loop
vertex -44.711952209472656 -37.601993560791016 6.619400501251221
vertex -44.7806510925293 -39.050193786621094 6.02940034866333
vertex -44.77334213256836 -37.57009506225586 6.5258002281188965
endloop
endfacet
facet normal -0.8384729557032077 0.2207407257419122 0.49823351408075756
outer loop
vertex -44.04048156738281 -30.40369415283203 24.817100524902344
vertex -44.27763366699219 -30.40369415283203 24.417999267578125
vertex -43.73979187011719 -31.131994247436523 25.64579963684082
endloop
endfacet
facet normal 0.7471732595635344 0.20430526211209613 -0.632448796398974
outer loop
vertex -44.629581451416016 -37.63639450073242 6.705600261688232
vertex -44.69725036621094 -39.09119415283203 6.155700206756592
vertex -44.711952209472656 -37.601993560791016 6.619400501251221
endloop
endfacet
facet normal 0.1119730154931749 0.30990230287747533 -0.9441517920719119
outer loop
vertex -44.14997100830078 -39.1725959777832 6.406300067901611
vertex -44.30573272705078 -39.16719436645508 6.3896002769470215
vertex -44.230892181396484 -37.74709701538086 6.864599704742432
endloop
endfacet
facet normal 0 0.30899980240637115 -0.9510621021325704
outer loop
vertex -34.04997253417969 -42.310794830322266 9.592499732971191
vertex -34.04997253417969 -45.329994201660156 8.611562728881836
vertex -47.64997100830078 -45.329994201660156 8.611562728881836
endloop
endfacet
facet normal 0.6291156482126804 0.23904011623234386 -0.7396440522342934
outer loop
vertex -44.54903030395508 -37.66459655761719 6.764999866485596
vertex -44.58641052246094 -39.125396728515625 6.2611002922058105
vertex -44.629581451416016 -37.63639450073242 6.705600261688232
endloop
endfacet
facet normal -1 0 0
outer loop
vertex -34.04997253417969 -41.53829574584961 7.214900493621826
vertex -34.04997253417969 -41.550296783447266 5.633780002593994
vertex -34.04997253417969 -42.310794830322266 9.592499732971191
endloop
endfacet
facet normal -1 0 0
outer loop
vertex -34.04997253417969 -41.550296783447266 5.633780002593994
vertex -34.04997253417969 -45.329994201660156 8.611562728881836
vertex -34.04997253417969 -42.310794830322266 9.592499732971191
endloop
endfacet
facet normal -1 0 0
outer loop
vertex -34.04997253417969 -41.550296783447266 5.633780002593994
vertex -34.04997253417969 -45.329994201660156 8.529213905334473
vertex -34.04997253417969 -45.329994201660156 8.611562728881836
endloop
endfacet
facet normal -1 0 0
outer loop
vertex -34.04997253417969 -41.550296783447266 5.633780002593994
vertex -34.04997253417969 -44.89069366455078 7.177099704742432
vertex -34.04997253417969 -45.329994201660156 8.529213905334473
endloop
endfacet
facet normal 0 0.9510623039440326 0.3089991812556609
outer loop
vertex -34.04997253417969 -44.89069366455078 7.177099704742432
vertex -35.04997253417969 -44.89069366455078 7.177099704742432
vertex -34.04997253417969 -45.329994201660156 8.529213905334473
endloop
endfacet
facet normal 0 0.9510623039440325 0.3089991812556609
outer loop
vertex -35.04997253417969 -44.89069366455078 7.177099704742432
vertex -40.349971771240234 -44.89069366455078 7.177099704742432
vertex -34.04997253417969 -45.329994201660156 8.529213905334473
endloop
endfacet
facet normal 0 0.3090179115477707 -0.9510562182871495
outer loop
vertex -34.04997253417969 -45.329994201660156 7.034361839294434
vertex -35.04997253417969 -45.329994201660156 7.034361839294434
vertex -34.04997253417969 -44.89069366455078 7.177099704742432
endloop
endfacet
facet normal 0 0.3090179115477707 -0.9510562182871495
outer loop
vertex -35.04997253417969 -45.329994201660156 7.034361839294434
vertex -35.04997253417969 -44.89069366455078 7.177099704742432
vertex -34.04997253417969 -44.89069366455078 7.177099704742432
endloop
endfacet
facet normal -1 0 0
outer loop
vertex -34.04997253417969 -44.89069366455078 7.177099704742432
vertex -34.04997253417969 -45.329994201660156 5.300000190734863
vertex -34.04997253417969 -45.329994201660156 7.034361839294434
endloop
endfacet
facet normal 0.49512297727008336 0.2678201165298105 -0.8265141393594954
outer loop
vertex -44.45369338989258 -39.15119552612305 6.340400218963623
vertex -44.54903030395508 -37.66459655761719 6.764999866485596
vertex -44.441802978515625 -37.69679641723633 6.818800449371338
endloop
endfacet
facet normal 1 0 0
outer loop
vertex -35.04997253417969 -45.329994201660156 5.300000190734863
vertex -35.04997253417969 -44.89069366455078 7.177099704742432
vertex -35.04997253417969 -45.329994201660156 7.034361839294434
endloop
endfacet
facet normal 0 0.9510623039440326 0.3089991812556609
outer loop
vertex -40.349971771240234 -44.89069366455078 7.177099704742432
vertex -41.349971771240234 -44.89069366455078 7.177099704742432
vertex -34.04997253417969 -45.329994201660156 8.529213905334473
endloop
endfacet
facet normal 0 0.9510623039440325 0.3089991812556609
outer loop
vertex -41.349971771240234 -44.89069366455078 7.177099704742432
vertex -46.64997100830078 -44.89069366455078 7.177099704742432
vertex -34.04997253417969 -45.329994201660156 8.529213905334473
endloop
endfacet
facet normal 0 0.3090179115477707 -0.9510562182871495
outer loop
vertex -40.349971771240234 -45.329994201660156 7.034361839294434
vertex -41.349971771240234 -45.329994201660156 7.034361839294434
vertex -40.349971771240234 -44.89069366455078 7.177099704742432
endloop
endfacet
facet normal 0 0.3090179115477707 -0.9510562182871495
outer loop
vertex -41.349971771240234 -45.329994201660156 7.034361839294434
vertex -41.349971771240234 -44.89069366455078 7.177099704742432
vertex -40.349971771240234 -44.89069366455078 7.177099704742432
endloop
endfacet
facet normal -1 0 0
outer loop
vertex -40.349971771240234 -44.89069366455078 7.177099704742432
vertex -40.349971771240234 -45.329994201660156 5.300000190734863
vertex -40.349971771240234 -45.329994201660156 7.034361839294434
endloop
endfacet
facet normal 0.32512047619525597 0.29308860407810416 -0.8991083061111816
outer loop
vertex -44.31084060668945 -37.729793548583984 6.855400562286377
vertex -44.45369338989258 -39.15119552612305 6.340400218963623
vertex -44.441802978515625 -37.69679641723633 6.818800449371338
endloop
endfacet
facet normal 1 0 0
outer loop
vertex -41.349971771240234 -45.329994201660156 7.034361839294434
vertex -41.349971771240234 -45.329994201660156 5.300000190734863
vertex -41.349971771240234 -44.89069366455078 7.177099704742432
endloop
endfacet
facet normal 0.17360512306699744 0.30415206559548114 -0.9366711174360479
outer loop
vertex -44.230892181396484 -37.74709701538086 6.864599704742432
vertex -44.30573272705078 -39.16719436645508 6.3896002769470215
vertex -44.31084060668945 -37.729793548583984 6.855400562286377
endloop
endfacet
facet normal 0 0.8286964925191174 0.5596982430618419
outer loop
vertex -43.694820404052734 -30.963394165039062 25.64579963684082
vertex -40.849971771240234 -30.40369415283203 24.817100524902344
vertex -44.04048156738281 -30.40369415283203 24.817100524902344
endloop
endfacet
facet normal 0 1 0
outer loop
vertex -42.00168228149414 -30.40369415283203 24.772600173950195
vertex -43.14651107788086 -30.40369415283203 24.639299392700195
vertex -44.04048156738281 -30.40369415283203 24.817100524902344
endloop
endfacet
facet normal 0.057931436212215213 0.3085368372255258 -0.9494466645226889
outer loop
vertex -44.14997100830078 -39.1725959777832 6.406300067901611
vertex -44.230892181396484 -37.74709701538086 6.864599704742432
vertex -44.14997100830078 -37.762596130371094 6.864500522613525
endloop
endfacet
facet normal 0.21425901312776013 0.9650993591489015 0.15058652749797344
outer loop
vertex -44.441802978515625 -37.69679641723633 6.818800449371338
vertex -44.54903030395508 -37.66459655761719 6.764999866485596
vertex -44.334930419921875 -37.815093994140625 7.424900531768799
endloop
endfacet
facet normal 0 0.9348458164973653 -0.3550539386873133
outer loop
vertex -39.77267074584961 -36.73429489135742 17.230499267578125
vertex -40.849971771240234 -37.62849426269531 14.876100540161133
vertex -41.92727279663086 -36.73429489135742 17.230499267578125
endloop
endfacet
facet normal -0.4306807830380162 0.84878957281047 -0.30670885903406997
outer loop
vertex -32.449974060058594 -35.67179489135742 14.15060043334961
vertex -34.21790313720703 -36.30669403076172 14.876100540161133
vertex -32.449974060058594 -34.844993591308594 16.43869972229004
endloop
endfacet
facet normal -0.30405337275381594 0.8938621395195022 -0.32948751425607425
outer loop
vertex -34.21790313720703 -36.30669403076172 14.876100540161133
vertex -36.36427307128906 -37.03679656982422 14.876100540161133
vertex -35.55569076538086 -35.89389419555664 17.230499267578125
endloop
endfacet
facet normal 1 0 0
outer loop
vertex -32.449974060058594 -39.10679626464844 17.372098922729492
vertex -32.449974060058594 -36.14039611816406 11.763299942016602
vertex -32.449974060058594 -35.67179489135742 14.15060043334961
endloop
endfacet
facet normal 0.20090124345881288 0.9675239006299114 0.1534150973228651
outer loop
vertex -44.441802978515625 -37.69679641723633 6.818800449371338
vertex -44.334930419921875 -37.815093994140625 7.424900531768799
vertex -44.31084060668945 -37.729793548583984 6.855400562286377
endloop
endfacet
facet normal 0.000008686215354825592 0.3090558767494193 -0.9510438817274401
outer loop
vertex -44.14997100830078 -39.1725959777832 6.406300067901611
vertex -44.14997100830078 -37.762596130371094 6.864500522613525
vertex -41.95564270019531 -38.02299499511719 6.779900074005127
endloop
endfacet
facet normal 0.12240966249233151 0.979455720656407 0.16025718642841633
outer loop
vertex -41.95564270019531 -38.02299499511719 6.779900074005127
vertex -44.14997100830078 -37.762596130371094 6.864500522613525
vertex -42.018310546875 -38.120697021484375 7.424900531768799
endloop
endfacet
facet normal 0 -0.9510491213736372 -0.3090397526766303
outer loop
vertex -34.04997253417969 -41.550296783447266 5.633780002593994
vertex -32.94997024536133 -41.47433090209961 5.400000095367432
vertex -32.94997024536133 -41.550296783447266 5.633780002593994
endloop
endfacet
facet normal 0 0.30902700931939275 -0.9510532621841491
outer loop
vertex -32.94997024536133 -41.550296783447266 5.633780002593994
vertex -32.94997024536133 -42.269771575927734 5.400000095367432
vertex -34.04997253417969 -41.550296783447266 5.633780002593994
endloop
endfacet
facet normal -1 0 0
outer loop
vertex -34.04997253417969 -41.550296783447266 5.633780002593994
vertex -34.04997253417969 -43.927894592285156 4.861230373382568
vertex -34.04997253417969 -44.89069366455078 7.177099704742432
endloop
endfacet
facet normal -0.31392777291586665 0.9228910970850177 -0.22298290587687788
outer loop
vertex -34.21790313720703 -36.30669403076172 14.876100540161133
vertex -35.11052322387695 -37.20249557495117 12.425199508666992
vertex -36.36427307128906 -37.03679656982422 14.876100540161133
endloop
endfacet
facet normal -0.18453129570931762 0.9259545171317024 -0.3294790328795388
outer loop
vertex -36.36427307128906 -37.03679656982422 14.876100540161133
vertex -38.58769226074219 -37.479896545410156 14.876100540161133
vertex -37.63658142089844 -36.45259475708008 17.230499267578125
endloop
endfacet
facet normal -0.061883401754652505 0.9421245116492372 -0.3295024266025344
outer loop
vertex -38.58769226074219 -37.479896545410156 14.876100540161133
vertex -40.849971771240234 -37.62849426269531 14.876100540161133
vertex -39.77267074584961 -36.73429489135742 17.230499267578125
endloop
endfacet
facet normal 0.061883401754652505 0.9421245116492372 -0.3295024266025344
outer loop
vertex -40.849971771240234 -37.62849426269531 14.876100540161133
vertex -43.11225128173828 -37.479896545410156 14.876100540161133
vertex -41.92727279663086 -36.73429489135742 17.230499267578125
endloop
endfacet
facet normal -0.1905228134187105 0.9560191891764174 -0.22299858181944737
outer loop
vertex -36.36427307128906 -37.03679656982422 14.876100540161133
vertex -37.366390228271484 -37.808197021484375 12.425199508666992
vertex -38.58769226074219 -37.479896545410156 14.876100540161133
endloop
endfacet
facet normal -0.06389302444327928 0.972719384271594 -0.22301273705728486
outer loop
vertex -38.58769226074219 -37.479896545410156 14.876100540161133
vertex -40.24382019042969 -37.88032150268555 13.60403823852539
vertex -40.849971771240234 -37.62849426269531 14.876100540161133
endloop
endfacet
facet normal 0.06389302444327928 0.972719384271594 -0.22301273705728486
outer loop
vertex -41.45612335205078 -37.88032150268555 13.60403823852539
vertex -43.11225128173828 -37.479896545410156 14.876100540161133
vertex -40.849971771240234 -37.62849426269531 14.876100540161133
endloop
endfacet
facet normal 0.000002357686501705245 0.3090243274650082 -0.9510541335955807
outer loop
vertex -32.449974060058594 -42.269775390625 5.400000095367432
vertex -32.449974060058594 -43.927894592285156 4.861230373382568
vertex -32.94997024536133 -42.269771575927734 5.400000095367432
endloop
endfacet
facet normal -0.06388478070507816 0.9727175941993448 -0.2230229062883511
outer loop
vertex -38.58769226074219 -37.479896545410156 14.876100540161133
vertex -39.99997329711914 -37.879425048828125 13.538098335266113
vertex -40.24382019042969 -37.88032150268555 13.60403823852539
endloop
endfacet
facet normal 1 0 0
outer loop
vertex -32.449974060058594 -44.329994201660156 5.400000095367432
vertex -32.449974060058594 -43.927894592285156 4.861230373382568
vertex -32.449974060058594 -42.269775390625 5.400000095367432
endloop
endfacet
facet normal -0.0000029950233402063212 0.30902286752678015 -0.9510546079676793
outer loop
vertex -32.449974060058594 -43.927894592285156 4.861230373382568
vertex -34.04997253417969 -41.550296783447266 5.633780002593994
vertex -32.94997024536133 -42.269771575927734 5.400000095367432
endloop
endfacet
facet normal 0 0.30902469055008486 -0.9510540156218386
outer loop
vertex -32.449974060058594 -43.927894592285156 4.861230373382568
vertex -34.04997253417969 -43.927894592285156 4.861230373382568
vertex -34.04997253417969 -41.550296783447266 5.633780002593994
endloop
endfacet
facet normal 0 -0.951049912491465 -0.3090373180539483
outer loop
vertex -32.94997024536133 -41.47433090209961 5.400000095367432
vertex -32.449974060058594 -40.77769470214844 3.2561302185058594
vertex -32.449974060058594 -41.47433090209961 5.400000095367432
endloop
endfacet
facet normal 6.018900014476518e-7 -0.951049953748473 -0.30903719108655053
outer loop
vertex -34.04997253417969 -41.550296783447266 5.633780002593994
vertex -32.449974060058594 -40.77769470214844 3.2561302185058594
vertex -32.94997024536133 -41.47433090209961 5.400000095367432
endloop
endfacet
facet normal -1 0 0
outer loop
vertex -34.04997253417969 -43.927894592285156 4.861230373382568
vertex -34.04997253417969 -42.4783935546875 0.4000000059604645
vertex -34.04997253417969 -44.89069366455078 7.177099704742432
endloop
endfacet
facet normal -1 0 0
outer loop
vertex -34.04997253417969 -44.89069366455078 7.177099704742432
vertex -34.04997253417969 -45.258094787597656 4.424560070037842
vertex -34.04997253417969 -45.329994201660156 5.300000190734863
endloop
endfacet
facet normal 1 0 0
outer loop
vertex -32.449974060058594 -44.329994201660156 5.300000190734863
vertex -32.449974060058594 -43.927894592285156 4.861230373382568
vertex -32.449974060058594 -44.329994201660156 5.400000095367432
endloop
endfacet
facet normal 0 1 0
outer loop
vertex -42.00168228149414 -30.40369415283203 24.772600173950195
vertex -44.04048156738281 -30.40369415283203 24.817100524902344
vertex -40.849971771240234 -30.40369415283203 24.817100524902344
endloop
endfacet
facet normal 1 0 0
outer loop
vertex -35.04997253417969 -45.329994201660156 5.300000190734863
vertex -35.04997253417969 -45.258094787597656 4.424560070037842
vertex -35.04997253417969 -44.89069366455078 7.177099704742432
endloop
endfacet
facet normal -0.000004515317032586182 0.9809617797202518 -0.1942008926541993
outer loop
vertex -40.849971771240234 -37.848697662353516 13.763792991638184
vertex -40.849971771240234 -37.62849426269531 14.876100540161133
vertex -40.24382019042969 -37.88032150268555 13.60403823852539
endloop
endfacet
facet normal 0.000004515317032586182 0.9809617797202518 -0.1942008926541993
outer loop
vertex -40.849971771240234 -37.848697662353516 13.763792991638184
vertex -41.45612335205078 -37.88032150268555 13.60403823852539
vertex -40.849971771240234 -37.62849426269531 14.876100540161133
endloop
endfacet
facet normal -1 0 0
outer loop
vertex -34.04997253417969 -45.258094787597656 4.424560070037842
vertex -34.04997253417969 -45.54251480102539 5.300000190734863
vertex -34.04997253417969 -45.329994201660156 5.300000190734863
endloop
endfacet
facet normal 0 0.9510653678524229 0.30898975075515933
outer loop
vertex -34.04997253417969 -45.54251480102539 5.300000190734863
vertex -35.04997253417969 -45.258094787597656 4.424560070037842
vertex -35.04997253417969 -45.54251480102539 5.300000190734863
endloop
endfacet
facet normal 1 0 0
outer loop
vertex -35.04997253417969 -45.258094787597656 4.424560070037842
vertex -35.04997253417969 -45.329994201660156 5.300000190734863
vertex -35.04997253417969 -45.54251480102539 5.300000190734863
endloop
endfacet
facet normal 0 0.9510653678524229 0.30898975075515933
outer loop
vertex -34.04997253417969 -45.258094787597656 4.424560070037842
vertex -35.04997253417969 -45.258094787597656 4.424560070037842
vertex -34.04997253417969 -45.54251480102539 5.300000190734863
endloop
endfacet
facet normal 0 0.9510529829111514 0.30902786880118327
outer loop
vertex -35.04997253417969 -44.89069366455078 7.177099704742432
vertex -35.04997253417969 -42.688594818115234 0.4000000059604645
vertex -40.349971771240234 -44.89069366455078 7.177099704742432
endloop
endfacet
facet normal 0 0 -1
outer loop
vertex -34.04997253417969 -45.258094787597656 4.424560070037842
vertex -34.04997253417969 -45.329994201660156 4.424560070037842
vertex -35.04997253417969 -45.258094787597656 4.424560070037842
endloop
endfacet
facet normal 0 0 -1
outer loop
vertex -34.04997253417969 -45.329994201660156 4.424560070037842
vertex -40.349971771240234 -45.258094787597656 4.424560070037842
vertex -35.04997253417969 -45.258094787597656 4.424560070037842
endloop
endfacet
facet normal -1 0 0
outer loop
vertex -40.349971771240234 -44.89069366455078 7.177099704742432
vertex -40.349971771240234 -45.258094787597656 4.424560070037842
vertex -40.349971771240234 -45.329994201660156 5.300000190734863
endloop
endfacet
facet normal 0 0.30898903552390816 -0.9510656002221957
outer loop
vertex -34.04997253417969 -41.53829574584961 7.214900493621826
vertex -47.64997100830078 -41.53829574584961 7.214900493621826
vertex -47.64997100830078 -39.6360969543457 7.832900524139404
endloop
endfacet
facet normal 0.06388478070507816 0.9727175941993448 -0.2230229062883511
outer loop
vertex -41.69997024536133 -37.879425048828125 13.538098335266113
vertex -43.11225128173828 -37.479896545410156 14.876100540161133
vertex -41.45612335205078 -37.88032150268555 13.60403823852539
endloop
endfacet
facet normal 0.18609824051032173 0.9706475136794632 0.152351071761372
outer loop
vertex -44.14997100830078 -37.762596130371094 6.864500522613525
vertex -44.230892181396484 -37.74709701538086 6.864599704742432
vertex -44.334930419921875 -37.815093994140625 7.424900531768799
endloop
endfacet
facet normal 0.06543286373337939 0.9963046966420062 -0.055637144002267054
outer loop
vertex -42.32221603393555 -38.16028594970703 11.232901573181152
vertex -43.2039909362793 -38.17539596557617 9.925299644470215
vertex -42.416629791259766 -38.134437561035156 11.584736824035645
endloop
endfacet
facet normal 0 0 -1
outer loop
vertex -34.04997253417969 -45.329994201660156 4.424560070037842
vertex -41.349971771240234 -45.258094787597656 4.424560070037842
vertex -40.349971771240234 -45.258094787597656 4.424560070037842
endloop
endfacet
facet normal -1 0 0
outer loop
vertex -40.349971771240234 -45.258094787597656 4.424560070037842
vertex -40.349971771240234 -45.54251480102539 5.300000190734863
vertex -40.349971771240234 -45.329994201660156 5.300000190734863
endloop
endfacet
facet normal 0 0 -1
outer loop
vertex -47.64997100830078 -45.329994201660156 0.4000000059604645
vertex -49.24997329711914 -45.6299934387207 0.4000000059604645
vertex -49.24997329711914 -42.4783935546875 0.4000000059604645
endloop
endfacet
facet normal 0 0.9510653678524229 0.30898975075515933
outer loop
vertex -41.349971771240234 -45.258094787597656 4.424560070037842
vertex -41.349971771240234 -45.54251480102539 5.300000190734863
vertex -40.349971771240234 -45.54251480102539 5.300000190734863
endloop
endfacet
facet normal 0.1921510191060061 0.9693157397740159 0.15331334737352686
outer loop
vertex -44.334930419921875 -37.815093994140625 7.424900531768799
vertex -44.230892181396484 -37.74709701538086 6.864599704742432
vertex -44.31084060668945 -37.729793548583984 6.855400562286377
endloop
endfacet
facet normal 0 0 -1
outer loop
vertex -34.04997253417969 -45.329994201660156 4.424560070037842
vertex -46.64997100830078 -45.258094787597656 4.424560070037842
vertex -41.349971771240234 -45.258094787597656 4.424560070037842
endloop
endfacet
facet normal 0 0.9510590586075492 0.30900916983242144
outer loop
vertex -32.449974060058594 -43.927894592285156 4.861230373382568
vertex -32.449974060058594 -42.4783935546875 0.4000000059604645
vertex -34.04997253417969 -43.927894592285156 4.861230373382568
endloop
endfacet
facet normal 1 0 0
outer loop
vertex -32.449974060058594 -45.6299934387207 5.300000190734863
vertex -32.449974060058594 -45.6299934387207 0.4000000059604645
vertex -32.449974060058594 -44.329994201660156 5.300000190734863
endloop
endfacet
facet normal -1 0 0
outer loop
vertex -34.04997253417969 -42.4783935546875 0.4000000059604645
vertex -34.04997253417969 -45.258094787597656 4.424560070037842
vertex -34.04997253417969 -44.89069366455078 7.177099704742432
endloop
endfacet
facet normal 1 0 0
outer loop
vertex -32.449974060058594 -45.6299934387207 0.4000000059604645
vertex -32.449974060058594 -43.927894592285156 4.861230373382568
vertex -32.449974060058594 -44.329994201660156 5.300000190734863
endloop
endfacet
facet normal 0.7071087079001472 -0.7071048544676979 0
outer loop
vertex -33.14997100830078 -46.329994201660156 5.300000190734863
vertex -32.449974060058594 -45.6299934387207 0.4000000059604645
vertex -32.449974060058594 -45.6299934387207 5.300000190734863
endloop
endfacet
facet normal 1 0 0
outer loop
vertex -35.04997253417969 -45.258094787597656 4.424560070037842
vertex -35.04997253417969 -42.688594818115234 0.4000000059604645
vertex -35.04997253417969 -44.89069366455078 7.177099704742432
endloop
endfacet
facet normal -1 0 0
outer loop
vertex -34.04997253417969 -45.258094787597656 4.424560070037842
vertex -34.04997253417969 -45.329994201660156 0.4000000059604645
vertex -34.04997253417969 -45.329994201660156 4.424560070037842
endloop
endfacet
facet normal 0 -0.951053580069996 -0.3090260310006973
outer loop
vertex -40.349971771240234 -45.258094787597656 4.424560070037842
vertex -35.04997253417969 -43.95039367675781 0.4000000059604645
vertex -35.04997253417969 -45.258094787597656 4.424560070037842
endloop
endfacet
facet normal 0 0.9510529829111514 0.30902786880118327
outer loop
vertex -35.04997253417969 -42.688594818115234 0.4000000059604645
vertex -40.349971771240234 -42.688594818115234 0.4000000059604645
vertex -40.349971771240234 -44.89069366455078 7.177099704742432
endloop
endfacet
facet normal 0 -1 0
outer loop
vertex -33.14997100830078 -46.329994201660156 0.4000000059604645
vertex -33.14997100830078 -46.329994201660156 5.300000190734863
vertex -48.54997253417969 -46.329994201660156 5.300000190734863
endloop
endfacet
facet normal -1 0 0
outer loop
vertex -40.349971771240234 -42.688594818115234 0.4000000059604645
vertex -40.349971771240234 -45.258094787597656 4.424560070037842
vertex -40.349971771240234 -44.89069366455078 7.177099704742432
endloop
endfacet
facet normal 1 0 0
outer loop
vertex -41.349971771240234 -45.258094787597656 4.424560070037842
vertex -41.349971771240234 -42.688594818115234 0.4000000059604645
vertex -41.349971771240234 -44.89069366455078 7.177099704742432
endloop
endfacet
facet normal 0 1 0
outer loop
vertex -34.04997253417969 -45.329994201660156 0.4000000059604645
vertex -47.64997100830078 -45.329994201660156 4.424560070037842
vertex -34.04997253417969 -45.329994201660156 4.424560070037842
endloop
endfacet
facet normal 0.1295909113004316 0.9823622596092534 0.134798318252586
outer loop
vertex -42.018310546875 -38.120697021484375 7.424900531768799
vertex -44.14997100830078 -37.762596130371094 6.864500522613525
vertex -44.334930419921875 -37.815093994140625 7.424900531768799
endloop
endfacet
facet normal 0.2965785473563873 0.9312183763249934 0.2118336631478064
outer loop
vertex -44.849971771240234 -37.48919677734375 6.217299938201904
vertex -45.33928298950195 -37.050193786621094 4.972509860992432
vertex -46.59168243408203 -37.20919418334961 7.424900531768799
endloop
endfacet
facet normal 0.28252486435782587 0.9403675524766735 0.1894427809884106
outer loop
vertex -44.83058166503906 -37.52719497680664 6.377000331878662
vertex -44.849971771240234 -37.48919677734375 6.217299938201904
vertex -46.59168243408203 -37.20919418334961 7.424900531768799
endloop
endfacet
facet normal 0.27150006128469895 0.9475306179262314 0.16874076216118877
outer loop
vertex -44.77334213256836 -37.57009506225586 6.5258002281188965
vertex -44.83058166503906 -37.52719497680664 6.377000331878662
vertex -46.59168243408203 -37.20919418334961 7.424900531768799
endloop
endfacet
facet normal 0.2639710152795453 0.9525588501007772 0.1514956771230492
outer loop
vertex -44.711952209472656 -37.601993560791016 6.619400501251221
vertex -44.77334213256836 -37.57009506225586 6.5258002281188965
vertex -46.59168243408203 -37.20919418334961 7.424900531768799
endloop
endfacet
facet normal 0.25790079033229735 0.9566457246782181 0.13533713385787222
outer loop
vertex -44.629581451416016 -37.63639450073242 6.705600261688232
vertex -44.711952209472656 -37.601993560791016 6.619400501251221
vertex -46.59168243408203 -37.20919418334961 7.424900531768799
endloop
endfacet
facet normal 0.23014550100202033 0.9623233586425937 0.1447991774126055
outer loop
vertex -44.54903030395508 -37.66459655761719 6.764999866485596
vertex -44.629581451416016 -37.63639450073242 6.705600261688232
vertex -44.334930419921875 -37.815093994140625 7.424900531768799
endloop
endfacet
facet normal 0 0 -1
outer loop
vertex -48.54997253417969 -46.329994201660156 0.4000000059604645
vertex -49.24997329711914 -45.6299934387207 0.4000000059604645
vertex -47.64997100830078 -45.329994201660156 0.4000000059604645
endloop
endfacet
facet normal 0.2570125098657617 0.9572762509146425 0.13253961372853043
outer loop
vertex -44.334930419921875 -37.815093994140625 7.424900531768799
vertex -44.629581451416016 -37.63639450073242 6.705600261688232
vertex -46.59168243408203 -37.20919418334961 7.424900531768799
endloop
endfacet
facet normal 0.398744511154768 0.9124425783313465 0.0919312573175709
outer loop
vertex -46.59168243408203 -37.20919418334961 7.424900531768799
vertex -48.74997329711914 -36.47812271118164 9.530233383178711
vertex -47.750980377197266 -36.95449447631836 9.925299644470215
endloop
endfacet
facet normal 0.13032878729203995 0.9879557192057166 0.08341405212373641
outer loop
vertex -42.018310546875 -38.120697021484375 7.424900531768799
vertex -44.334930419921875 -37.815093994140625 7.424900531768799
vertex -43.2039909362793 -38.17539596557617 9.925299644470215
endloop
endfacet
facet normal 0.1951850482925341 0.9793420899605981 0.052838127849583284
outer loop
vertex -43.2039909362793 -38.17539596557617 9.925299644470215
vertex -44.334930419921875 -37.815093994140625 7.424900531768799
vertex -45.51757049560547 -37.71429443359375 9.925299644470215
endloop
endfacet
facet normal -0.19515519601519848 0.979192305989276 -0.05564959442505949
outer loop
vertex -36.182373046875 -37.71429443359375 9.925299644470215
vertex -38.49595260620117 -38.17539596557617 9.925299644470215
vertex -37.366390228271484 -37.808197021484375 12.425199508666992
endloop
endfacet
facet normal 0.25839638635743434 0.962430677445745 0.08341761581790649
outer loop
vertex -45.51757049560547 -37.71429443359375 9.925299644470215
vertex -44.334930419921875 -37.815093994140625 7.424900531768799
vertex -46.59168243408203 -37.20919418334961 7.424900531768799
endloop
endfacet
facet normal 0.3216206044909296 0.9453944150897293 0.05281653797853078
outer loop
vertex -45.51757049560547 -37.71429443359375 9.925299644470215
vertex -46.59168243408203 -37.20919418334961 7.424900531768799
vertex -47.750980377197266 -36.95449447631836 9.925299644470215
endloop
endfacet
facet normal -0.06543286373337939 0.9963046966420062 -0.055637144002267054
outer loop
vertex -39.37772750854492 -38.16028594970703 11.232901573181152
vertex -39.2833137512207 -38.134437561035156 11.584736824035645
vertex -38.49595260620117 -38.17539596557617 9.925299644470215
endloop
endfacet
facet normal -0.06543335936821737 0.9963046454592484 -0.05563747763972887
outer loop
vertex -39.99997329711914 -38.23564529418945 10.615238189697266
vertex -39.37772750854492 -38.16028594970703 11.232901573181152
vertex -38.49595260620117 -38.17539596557617 9.925299644470215
endloop
endfacet
facet normal -0.065430054219247 0.9963052678868954 -0.05563021827826763
outer loop
vertex -38.49595260620117 -38.17539596557617 9.925299644470215
vertex -40.60064697265625 -38.283817291259766 10.458993911743164
vertex -39.99997329711914 -38.23564529418945 10.615238189697266
endloop
endfacet
facet normal -0.0000068322436808694756 0.9962780323884153 -0.0861979241837538
outer loop
vertex -40.60064697265625 -38.283817291259766 10.458993911743164
vertex -40.849971771240234 -38.329994201660156 9.925299644470215
vertex -40.849971771240234 -38.289581298828125 10.392393112182617
endloop
endfacet
facet normal 0 0 -1
outer loop
vertex -33.14997100830078 -46.329994201660156 0.4000000059604645
vertex -47.64997100830078 -45.329994201660156 0.4000000059604645
vertex -34.04997253417969 -45.329994201660156 0.4000000059604645
endloop
endfacet
facet normal 0 -0.951053580069996 -0.3090260310006973
outer loop
vertex -35.04997253417969 -43.95039367675781 0.4000000059604645
vertex -40.349971771240234 -45.258094787597656 4.424560070037842
vertex -40.349971771240234 -43.95039367675781 0.4000000059604645
endloop
endfacet
facet normal 0 0 -1
outer loop
vertex -40.349971771240234 -42.688594818115234 0.4000000059604645
vertex -35.04997253417969 -42.688594818115234 0.4000000059604645
vertex -40.349971771240234 -43.95039367675781 0.4000000059604645
endloop
endfacet
facet normal 1 0 0
outer loop
vertex -41.349971771240234 -45.258094787597656 4.424560070037842
vertex -41.349971771240234 -43.95039367675781 0.4000000059604645
vertex -41.349971771240234 -42.688594818115234 0.4000000059604645
endloop
endfacet
facet normal -1 0 0
outer loop
vertex -40.349971771240234 -42.688594818115234 0.4000000059604645
vertex -40.349971771240234 -43.95039367675781 0.4000000059604645
vertex -40.349971771240234 -45.258094787597656 4.424560070037842
endloop
endfacet
facet normal 0 0 -1
outer loop
vertex -33.14997100830078 -46.329994201660156 0.4000000059604645
vertex -34.04997253417969 -45.329994201660156 0.4000000059604645
vertex -32.449974060058594 -45.6299934387207 0.4000000059604645
endloop
endfacet
facet normal 0 0 -1
outer loop
vertex -32.449974060058594 -45.6299934387207 0.4000000059604645
vertex -34.04997253417969 -45.329994201660156 0.4000000059604645
vertex -34.04997253417969 -42.4783935546875 0.4000000059604645
endloop
endfacet
facet normal 0.7071087079001472 -0.7071048544676979 0
outer loop
vertex -33.14997100830078 -46.329994201660156 0.4000000059604645
vertex -32.449974060058594 -45.6299934387207 0.4000000059604645
vertex -33.14997100830078 -46.329994201660156 5.300000190734863
endloop
endfacet
facet normal -1 0 0
outer loop
vertex -34.04997253417969 -42.4783935546875 0.4000000059604645
vertex -34.04997253417969 -45.329994201660156 0.4000000059604645
vertex -34.04997253417969 -45.258094787597656 4.424560070037842
endloop
endfacet
facet normal 0 0 -1
outer loop
vertex -35.04997253417969 -43.95039367675781 0.4000000059604645
vertex -40.349971771240234 -43.95039367675781 0.4000000059604645
vertex -35.04997253417969 -42.688594818115234 0.4000000059604645
endloop
endfacet
facet normal 0 0 -1
outer loop
vertex -32.449974060058594 -45.6299934387207 0.4000000059604645
vertex -34.04997253417969 -42.4783935546875 0.4000000059604645
vertex -32.449974060058594 -42.4783935546875 0.4000000059604645
endloop
endfacet
facet normal 1 0 0
outer loop
vertex -35.04997253417969 -43.95039367675781 0.4000000059604645
vertex -35.04997253417969 -42.688594818115234 0.4000000059604645
vertex -35.04997253417969 -45.258094787597656 4.424560070037842
endloop
endfacet
facet normal 0 0.9510590586075492 0.30900916983242144
outer loop
vertex -32.449974060058594 -42.4783935546875 0.4000000059604645
vertex -34.04997253417969 -42.4783935546875 0.4000000059604645
vertex -34.04997253417969 -43.927894592285156 4.861230373382568
endloop
endfacet
facet normal 1 0 0
outer loop
vertex -32.449974060058594 -45.6299934387207 0.4000000059604645
vertex -32.449974060058594 -42.4783935546875 0.4000000059604645
vertex -32.449974060058594 -43.927894592285156 4.861230373382568
endloop
endfacet
facet normal -0.06543148640391275 0.9963048537509148 -0.055635950421851224
outer loop
vertex -38.49595260620117 -38.17539596557617 9.925299644470215
vertex -40.849971771240234 -38.329994201660156 9.925299644470215
vertex -40.60064697265625 -38.283817291259766 10.458993911743164
endloop
endfacet
facet normal 0.40818049416921987 0.9003876427423088 -0.15063458094581123
outer loop
vertex -48.74997329711914 -36.3778190612793 11.5
vertex -49.24997329711914 -36.15114974975586 11.5
vertex -46.589420318603516 -37.20249557495117 12.425199508666992
endloop
endfacet
facet normal 1 0 0
outer loop
vertex -32.449974060058594 -39.849693298339844 0.4000000059604645
vertex -32.449974060058594 -35.355533599853516 0.4000000059604645
vertex -32.449974060058594 -37.15085983276367 5.300000190734863
endloop
endfacet
facet normal 0.0654281297235396 0.9963049859841117 -0.05563752999620704
outer loop
vertex -41.09929656982422 -38.283817291259766 10.458993911743164
vertex -40.849971771240234 -38.329994201660156 9.925299644470215
vertex -41.69997024536133 -38.23564529418945 10.615238189697266
endloop
endfacet
facet normal 0.0000068322436808694756 0.9962780323884153 -0.0861979241837538
outer loop
vertex -40.849971771240234 -38.329994201660156 9.925299644470215
vertex -41.09929656982422 -38.283817291259766 10.458993911743164
vertex -40.849971771240234 -38.289581298828125 10.392393112182617
endloop
endfacet
facet normal -0.2868131647378866 0.84472974951671 0.45185158936809583
outer loop
vertex -36.27585220336914 -35.329994201660156 1.0638598203659058
vertex -35.5490837097168 -35.91329574584961 2.615650177001953
vertex -34.80080032348633 -35.329994201660156 2.000150203704834
endloop
endfacet
facet normal -0.8368648871532937 0.22322077390463668 0.4998296177171979
outer loop
vertex -43.694820404052734 -30.963394165039062 25.64579963684082
vertex -44.04048156738281 -30.40369415283203 24.817100524902344
vertex -43.73979187011719 -31.131994247436523 25.64579963684082
endloop
endfacet
facet normal -0.2559165502495171 0.8592935820517539 0.44285579950256065
outer loop
vertex -36.27585220336914 -35.329994201660156 1.0638598203659058
vertex -36.9877815246582 -36.231693267822266 2.402060031890869
vertex -35.5490837097168 -35.91329574584961 2.615650177001953
endloop
endfacet
facet normal -0.24878267506087734 0.8593903452643845 0.44671625788179675
outer loop
vertex -36.27585220336914 -35.329994201660156 1.0638598203659058
vertex -37.07010269165039 -36.20879364013672 2.312160015106201
vertex -36.9877815246582 -36.231693267822266 2.402060031890869
endloop
endfacet
facet normal -0.2362998697408305 0.8589222537582724 0.45432910269899796
outer loop
vertex -36.27585220336914 -35.329994201660156 1.0638598203659058
vertex -37.15092086791992 -36.196693420410156 2.2472500801086426
vertex -37.07010269165039 -36.20879364013672 2.312160015106201
endloop
endfacet
facet normal -0.2245351042520355 0.8578535271477288 0.46224594418851156
outer loop
vertex -36.27585220336914 -35.329994201660156 1.0638598203659058
vertex -37.25815200805664 -36.19109344482422 2.184770107269287
vertex -37.15092086791992 -36.196693420410156 2.2472500801086426
endloop
endfacet
facet normal 0 0 1
outer loop
vertex -43.73979187011719 -31.131994247436523 25.64579963684082
vertex -43.58931350708008 -31.390094757080078 25.64579963684082
vertex -43.694820404052734 -30.963394165039062 25.64579963684082
endloop
endfacet
facet normal 0.06543149577361468 0.9963049964204462 -0.055633384478043654
outer loop
vertex -40.849971771240234 -38.329994201660156 9.925299644470215
vertex -43.2039909362793 -38.17539596557617 9.925299644470215
vertex -41.69997024536133 -38.23564529418945 10.615238189697266
endloop
endfacet
facet normal 0.00015151726119765313 -0.9511216322288462 -0.30881647907593135
outer loop
vertex -36.867523193359375 -37.79569625854492 2.1686301231384277
vertex -34.04997253417969 -37.22099685668945 0.4000000059604645
vertex -36.849971771240234 -37.84379577636719 2.3167800903320312
endloop
endfacet
facet normal 0.00007670049897003996 -0.9510866286166891 -0.3089242932881347
outer loop
vertex -36.91929244995117 -37.749996185302734 2.0279202461242676
vertex -34.04997253417969 -37.22099685668945 0.4000000059604645
vertex -36.867523193359375 -37.79569625854492 2.1686301231384277
endloop
endfacet
facet normal 0.00005815574943528051 -0.9510770260391136 -0.30895385927109575
outer loop
vertex -36.91929244995117 -37.749996185302734 2.0279202461242676
vertex -37.00269317626953 -37.7089958190918 1.901689887046814
vertex -34.04997253417969 -37.22099685668945 0.4000000059604645
endloop
endfacet
facet normal 0.0002296052305836017 -0.9512007586319563 -0.3085726236389561
outer loop
vertex -37.11353302001953 -37.6746940612793 1.796279788017273
vertex -37.24625015258789 -37.64899444580078 1.716959834098816
vertex -34.04997253417969 -37.22099685668945 0.4000000059604645
endloop
endfacet
facet normal -0.00014051346204880873 -0.9509621725134852 -0.309307172086907
outer loop
vertex -37.00269317626953 -37.7089958190918 1.901689887046814
vertex -37.11353302001953 -37.6746940612793 1.796279788017273
vertex -34.04997253417969 -37.22099685668945 0.4000000059604645
endloop
endfacet
facet normal 8.896262737785451e-7 -0.9510377505715057 -0.3090747433665505
outer loop
vertex -37.24625015258789 -37.64899444580078 1.716959834098816
vertex -37.39421081542969 -37.63299560546875 1.6677302122116089
vertex -34.04997253417969 -37.22099685668945 0.4000000059604645
endloop
endfacet
facet normal -0.00036470898866673067 -0.9507537984932025 -0.3099469013203721
outer loop
vertex -37.39421081542969 -37.63299560546875 1.6677302122116089
vertex -37.54997253417969 -37.62749481201172 1.651039958000183
vertex -34.04997253417969 -37.22099685668945 0.4000000059604645
endloop
endfacet
facet normal 0.707099979326028 -0.5086521387424602 0.4912052737805772
outer loop
vertex -33.14997100830078 -39.96159362792969 17.494600296020508
vertex -32.449974060058594 -44.77748107910156 11.5
vertex -32.449974060058594 -39.10679626464844 17.372098922729492
endloop
endfacet
facet normal 0 0 -1
outer loop
vertex -34.04997253417969 -37.22099685668945 0.4000000059604645
vertex -32.449974060058594 -35.355533599853516 0.4000000059604645
vertex -32.449974060058594 -39.849693298339844 0.4000000059604645
endloop
endfacet
facet normal 0.7071116354177897 -0.5086422737887335 0.4911987096601599
outer loop
vertex -33.14997100830078 -39.96159362792969 17.494600296020508
vertex -32.511985778808594 -44.86368942260742 11.5
vertex -32.449974060058594 -44.77748107910156 11.5
endloop
endfacet
facet normal 0 0 -1
outer loop
vertex -47.64997100830078 -37.22099685668945 0.4000000059604645
vertex -39.8583984375 -35.586692810058594 0.4000000059604645
vertex -34.04997253417969 -37.22099685668945 0.4000000059604645
endloop
endfacet
facet normal 0 -0.9510541850708151 -0.3090241690536322
outer loop
vertex -37.54997253417969 -37.62749481201172 1.651039958000183
vertex -47.64997100830078 -37.22099685668945 0.4000000059604645
vertex -34.04997253417969 -37.22099685668945 0.4000000059604645
endloop
endfacet
facet normal 0 0 -1
outer loop
vertex -34.04997253417969 -37.22099685668945 0.4000000059604645
vertex -37.89193344116211 -35.329994201660156 0.4000000059604645
vertex -32.449974060058594 -35.355533599853516 0.4000000059604645
endloop
endfacet
facet normal 0 0.8767423656355413 0.4809603146828172
outer loop
vertex -39.8583984375 -35.586692810058594 0.4000000059604645
vertex -41.84154510498047 -35.586692810058594 0.4000000059604645
vertex -39.744300842285156 -36.4778938293457 2.0245699882507324
endloop
endfacet
facet normal 0 0 -1
outer loop
vertex -34.04997253417969 -37.22099685668945 0.4000000059604645
vertex -39.8583984375 -35.586692810058594 0.4000000059604645
vertex -37.89193344116211 -35.329994201660156 0.4000000059604645
endloop
endfacet
facet normal 0 -0.9510576473136659 -0.3090135134362166
outer loop
vertex -34.04997253417969 -39.849693298339844 0.4000000059604645
vertex -32.449974060058594 -39.849693298339844 0.4000000059604645
vertex -32.449974060058594 -40.77769470214844 3.2561302185058594
endloop
endfacet
facet normal 0 0 -1
outer loop
vertex -34.04997253417969 -39.849693298339844 0.4000000059604645
vertex -34.04997253417969 -37.22099685668945 0.4000000059604645
vertex -32.449974060058594 -39.849693298339844 0.4000000059604645
endloop
endfacet
facet normal -0.1979722179590172 0.8526634484080908 0.483499787657875
outer loop
vertex -36.27585220336914 -35.329994201660156 1.0638598203659058
vertex -37.46906280517578 -36.20489501953125 2.1182003021240234
vertex -37.389102935791016 -36.196292877197266 2.135770320892334
endloop
endfacet
facet normal -0.21081641802081816 0.8556877424641078 0.47260440676061244
outer loop
vertex -37.389102935791016 -36.196292877197266 2.135770320892334
vertex -37.25815200805664 -36.19109344482422 2.184770107269287
vertex -36.27585220336914 -35.329994201660156 1.0638598203659058
endloop
endfacet
facet normal -0.18703412719868276 0.8560233676144396 0.48191516822057073
outer loop
vertex -37.54997253417969 -36.21749496459961 2.109179973602295
vertex -37.46906280517578 -36.20489501953125 2.1182003021240234
vertex -37.89193344116211 -35.329994201660156 0.4000000059604645
endloop
endfacet
facet normal -0.19844052009314003 0.8527937077026178 0.4830778944311012
outer loop
vertex -36.27585220336914 -35.329994201660156 1.0638598203659058
vertex -37.89193344116211 -35.329994201660156 0.4000000059604645
vertex -37.46906280517578 -36.20489501953125 2.1182003021240234
endloop
endfacet
facet normal -0.12170013207352195 0.8707233226839535 0.4764766239675387
outer loop
vertex -39.744300842285156 -36.4778938293457 2.0245699882507324
vertex -37.54997253417969 -36.21749496459961 2.109179973602295
vertex -37.89193344116211 -35.329994201660156 0.4000000059604645
endloop
endfacet
facet normal -0.6293974073948185 -0.2413051916768547 0.7386681988785474
outer loop
vertex -37.15092086791992 -36.196693420410156 2.2472500801086426
vertex -37.11353302001953 -37.6746940612793 1.796279788017273
vertex -37.07010269165039 -36.20879364013672 2.312160015106201
endloop
endfacet
facet normal -0.4953246719416312 -0.26908437237864924 0.8259824876518291
outer loop
vertex -37.25815200805664 -36.19109344482422 2.184770107269287
vertex -37.24625015258789 -37.64899444580078 1.716959834098816
vertex -37.15092086791992 -36.196693420410156 2.2472500801086426
endloop
endfacet
facet normal -0.3250815206415314 -0.2913453795198915 0.8996887655016039
outer loop
vertex -37.389102935791016 -36.196292877197266 2.135770320892334
vertex -37.24625015258789 -37.64899444580078 1.716959834098816
vertex -37.25815200805664 -36.19109344482422 2.184770107269287
endloop
endfacet
facet normal -0.17305516408654725 -0.3045216813206039 0.9366527936159966
outer loop
vertex -37.46906280517578 -36.20489501953125 2.1182003021240234
vertex -37.39421081542969 -37.63299560546875 1.6677302122116089
vertex -37.389102935791016 -36.196292877197266 2.135770320892334
endloop
endfacet
facet normal -0.05780983850257315 -0.30850220431557207 0.9494653298065914
outer loop
vertex -37.54997253417969 -36.21749496459961 2.109179973602295
vertex -37.54997253417969 -37.62749481201172 1.651039958000183
vertex -37.46906280517578 -36.20489501953125 2.1182003021240234
endloop
endfacet
facet normal -0.8467062116028253 -0.16300011105404613 0.5064775957824394
outer loop
vertex -36.91929244995117 -37.749996185302734 2.0279202461242676
vertex -36.9877815246582 -36.231693267822266 2.402060031890869
vertex -37.00269317626953 -37.7089958190918 1.901689887046814
endloop
endfacet
facet normal -0.7071386433769471 -0.21598982202838873 0.673278052384864
outer loop
vertex -37.11353302001953 -37.6746940612793 1.796279788017273
vertex -37.00269317626953 -37.7089958190918 1.901689887046814
vertex -37.07010269165039 -36.20879364013672 2.312160015106201
endloop
endfacet
facet normal -0.5319750877279273 -0.2593999717778226 0.8060484853149522
outer loop
vertex -37.24625015258789 -37.64899444580078 1.716959834098816
vertex -37.11353302001953 -37.6746940612793 1.796279788017273
vertex -37.15092086791992 -36.196693420410156 2.2472500801086426
endloop
endfacet
facet normal -0.3302244171524166 -0.29131355376350543 0.897824174162193
outer loop
vertex -37.39421081542969 -37.63299560546875 1.6677302122116089
vertex -37.24625015258789 -37.64899444580078 1.716959834098816
vertex -37.389102935791016 -36.196292877197266 2.135770320892334
endloop
endfacet
facet normal -0.11210801960744791 -0.3042653623152128 0.9459674313816985
outer loop
vertex -37.54997253417969 -37.62749481201172 1.651039958000183
vertex -37.39421081542969 -37.63299560546875 1.6677302122116089
vertex -37.46906280517578 -36.20489501953125 2.1182003021240234
endloop
endfacet
facet normal -2.847871075594978e-7 -0.3090190037275011 0.9510558634145428
outer loop
vertex -37.54997253417969 -37.62749481201172 1.651039958000183
vertex -37.54997253417969 -36.21749496459961 2.109179973602295
vertex -39.744300842285156 -36.4778938293457 2.0245699882507324
endloop
endfacet
facet normal 0 -0.30901851204250336 0.9510560231737335
outer loop
vertex -39.744300842285156 -36.4778938293457 2.0245699882507324
vertex -41.95564270019531 -36.4778938293457 2.0245699882507324
vertex -37.54997253417969 -37.62749481201172 1.651039958000183
endloop
endfacet
facet normal 0 -0.30901851204250336 0.9510560231737336
outer loop
vertex -41.95564270019531 -36.4778938293457 2.0245699882507324
vertex -44.14997100830078 -37.62749481201172 1.651039958000183
vertex -37.54997253417969 -37.62749481201172 1.651039958000183
endloop
endfacet
facet normal 0 0.8767423656355415 0.48096031468281725
outer loop
vertex -39.744300842285156 -36.4778938293457 2.0245699882507324
vertex -41.84154510498047 -35.586692810058594 0.4000000059604645
vertex -41.95564270019531 -36.4778938293457 2.0245699882507324
endloop
endfacet
facet normal 0.7070726658015901 -0.5086747804886617 0.4912211446701424
outer loop
vertex -33.14997100830078 -39.96159362792969 17.494600296020508
vertex -33.14997100830078 -45.75050735473633 11.5
vertex -32.511985778808594 -44.86368942260742 11.5
endloop
endfacet
facet normal -0.11327100775708815 0.8677237217760755 0.4839682029521876
outer loop
vertex -37.89193344116211 -35.329994201660156 0.4000000059604645
vertex -39.8583984375 -35.586692810058594 0.4000000059604645
vertex -39.744300842285156 -36.4778938293457 2.0245699882507324
endloop
endfacet
facet normal -0.5542077701472209 -0.3231155108890462 0.7671050215787638
outer loop
vertex -43.73979187011719 -31.131994247436523 25.64579963684082
vertex -43.5945930480957 -32.576393127441406 25.14229965209961
vertex -43.58931350708008 -31.390094757080078 25.64579963684082
endloop
endfacet
facet normal 0 0 -1
outer loop
vertex -49.20621109008789 -10.371417045593262 -3.299999952316284
vertex -50.80854797363281 -11.973755836486816 -3.299999952316284
vertex -48.849971771240234 -6.473587989807129 -3.299999952316284
endloop
endfacet
facet normal 0 0 -1
outer loop
vertex -26.99356460571289 -12.329994201660156 -3.299999952316284
vertex -28.633968353271484 -15.883732795715332 -3.299999952316284
vertex -28.593259811401367 -10.045392990112305 -3.299999952316284
endloop
endfacet
facet normal 0 0 -1
outer loop
vertex -28.593259811401367 -10.045392990112305 -3.299999952316284
vertex -29.591642379760742 -13.829994201660156 -3.299999952316284
vertex -30.891393661499023 -11.973755836486816 -3.299999952316284
endloop
endfacet
facet normal 0 0 -1
outer loop
vertex -30.891393661499023 -11.973755836486816 -3.299999952316284
vertex -32.49373245239258 -10.371417045593262 -3.299999952316284
vertex -30.565370559692383 -8.073283195495605 -3.299999952316284
endloop
endfacet
facet normal 0 0 -1
outer loop
vertex -28.593259811401367 -10.045392990112305 -3.299999952316284
vertex -30.891393661499023 -11.973755836486816 -3.299999952316284
vertex -30.565370559692383 -8.073283195495605 -3.299999952316284
endloop
endfacet
facet normal 0.8601258601210333 0.40108324497361886 -0.3151439914586417
outer loop
vertex -23.121105194091797 -13.877214431762695 5.300000190734863
vertex -26.99356460571289 -12.329994201660156 -3.299999952316284
vertex -24.51095962524414 -10.896661758422852 5.300000190734863
endloop
endfacet
facet normal 0.7774113474182499 0.5443489689194491 -0.3151440891745771
outer loop
vertex -24.51095962524414 -10.896661758422852 5.300000190734863
vertex -28.593259811401367 -10.045392990112305 -3.299999952316284
vertex -26.397266387939453 -8.20273494720459 5.300000190734863
endloop
endfacet
facet normal 0.40108352795024316 0.8601256214491018 -0.3151442827242515
outer loop
vertex -31.41663932800293 -3.9909820556640625 5.300000190734863
vertex -35.37765121459961 -5.294912815093994 -3.299999952316284
vertex -34.39719009399414 -2.6011271476745605 5.300000190734863
endloop
endfacet
facet normal 0 0 -1
outer loop
vertex -29.591642379760742 -26.829994201660156 -3.299999952316284
vertex -30.565370559692383 -32.58670425415039 -3.299999952316284
vertex -30.891393661499023 -28.686233520507812 -3.299999952316284
endloop
endfacet
facet normal 0 0 -1
outer loop
vertex -30.565370559692383 -32.58670425415039 -3.299999952316284
vertex -29.591642379760742 -26.829994201660156 -3.299999952316284
vertex -28.593259811401367 -30.61459732055664 -3.299999952316284
endloop
endfacet
facet normal 0 0 -1
outer loop
vertex -30.565370559692383 -32.58670425415039 -3.299999952316284
vertex -32.349971771240234 -30.144811630249023 -3.299999952316284
vertex -30.891393661499023 -28.686233520507812 -3.299999952316284
endloop
endfacet
facet normal 0 0 -1
outer loop
vertex -30.565370559692383 -8.073283195495605 -3.299999952316284
vertex -34.349971771240234 -9.071664810180664 -3.299999952316284
vertex -32.849971771240234 -6.473587989807129 -3.299999952316284
endloop
endfacet
facet normal 0.24563039966983874 0.9167059969325083 -0.31514412884585247
outer loop
vertex -34.39719009399414 -2.6011271476745605 5.300000190734863
vertex -38.07160186767578 -4.573070526123047 -3.299999952316284
vertex -37.57381057739258 -1.7499550580978394 5.300000190734863
endloop
endfacet
facet normal 0.08271464483592644 0.9454324202473212 -0.3151441357140557
outer loop
vertex -37.57381057739258 -1.7499550580978394 5.300000190734863
vertex -40.849971771240234 -4.3299946784973145 -3.299999952316284
vertex -40.849971771240234 -1.4633280038833618 5.300000190734863
endloop
endfacet
facet normal -0.9167062137343057 0.24562992311361884 -0.31514386964069396
outer loop
vertex -55.88505554199219 -14.857672691345215 -3.299999952316284
vertex -56.606895446777344 -17.551624298095703 -3.299999952316284
vertex -58.57883834838867 -13.877214431762695 5.300000190734863
endloop
endfacet
facet normal -0.9454323838355891 0.08271477048326463 -0.3151442119710533
outer loop
vertex -56.606895446777344 -17.551624298095703 -3.299999952316284
vertex -56.849971771240234 -20.329994201660156 -3.299999952316284
vertex -59.43001174926758 -17.0538330078125 5.300000190734863
endloop
endfacet
facet normal 0.5443493507940976 -0.7774110630664669 -0.3151441310129544
outer loop
vertex -32.349971771240234 -33.83629608154297 -3.299999952316284
vertex -30.565370559692383 -32.58670425415039 -3.299999952316284
vertex -32.349971771240234 -35.052425384521484 -0.30000001192092896
endloop
endfacet
facet normal 0 0 -1
outer loop
vertex -32.349971771240234 -33.83629608154297 -3.299999952316284
vertex -32.349971771240234 -30.144811630249023 -3.299999952316284
vertex -30.565370559692383 -32.58670425415039 -3.299999952316284
endloop
endfacet
facet normal -0.9454324108240235 -0.08271471606086718 -0.31514414528981
outer loop
vertex -56.849971771240234 -20.329994201660156 -3.299999952316284
vertex -56.606895446777344 -23.108366012573242 -3.299999952316284
vertex -59.849971771240234 -20.329994201660156 5.699999809265137
endloop
endfacet
facet normal 0.4010967044242258 -0.8601194005485041 -0.3151444914640063
outer loop
vertex -32.349971771240234 -35.052425384521484 -0.30000001192092896
vertex -31.41663932800293 -36.66900634765625 5.300000190734863
vertex -32.349971771240234 -35.308902740478516 0.4000000059604645
endloop
endfacet
facet normal 0.401076219425524 -0.8601286888285432 -0.31514521234729254
outer loop
vertex -32.449974060058594 -37.15085983276367 5.300000190734863
vertex -32.449974060058594 -35.355533599853516 0.4000000059604645
vertex -32.349971771240234 -35.308902740478516 0.4000000059604645
endloop
endfacet
facet normal -0.9167060795294838 -0.24562997410807672 -0.31514422027597
outer loop
vertex -56.606895446777344 -23.108366012573242 -3.299999952316284
vertex -55.88505554199219 -25.802316665649414 -3.299999952316284
vertex -59.43001174926758 -23.606157302856445 5.300000190734863
endloop
endfacet
facet normal -0.8601257288130121 -0.4010836270292966 -0.3151438635971024
outer loop
vertex -55.88505554199219 -25.802316665649414 -3.299999952316284
vertex -54.70637893676758 -28.329994201660156 -3.299999952316284
vertex -58.57883834838867 -26.782773971557617 5.300000190734863
endloop
endfacet
facet normal 0 0 -1
outer loop
vertex -52.10830307006836 -26.829994201660156 -3.299999952316284
vertex -53.10668182373047 -30.61459732055664 -3.299999952316284
vertex -53.065975189208984 -24.776256561279297 -3.299999952316284
endloop
endfacet
facet normal 0 0 -1
outer loop
vertex -53.65247344970703 -18.072568893432617 -3.299999952316284
vertex -53.849971771240234 -20.329994201660156 -3.299999952316284
vertex -53.10668182373047 -10.045392990112305 -3.299999952316284
endloop
endfacet
facet normal 0 0 -1
outer loop
vertex -53.10668182373047 -10.045392990112305 -3.299999952316284
vertex -54.70637893676758 -28.329994201660156 -3.299999952316284
vertex -54.70637893676758 -12.329994201660156 -3.299999952316284
endloop
endfacet
facet normal 0 0 -1
outer loop
vertex -54.70637893676758 -12.329994201660156 -3.299999952316284
vertex -55.88505554199219 -25.802316665649414 -3.299999952316284
vertex -55.88505554199219 -14.857672691345215 -3.299999952316284
endloop
endfacet
facet normal 0 0 -1
outer loop
vertex -53.849971771240234 -20.329994201660156 -3.299999952316284
vertex -54.70637893676758 -28.329994201660156 -3.299999952316284
vertex -53.10668182373047 -10.045392990112305 -3.299999952316284
endloop
endfacet
facet normal 0 0 -1
outer loop
vertex -55.88505554199219 -14.857672691345215 -3.299999952316284
vertex -56.606895446777344 -23.108366012573242 -3.299999952316284
vertex -56.606895446777344 -17.551624298095703 -3.299999952316284
endloop
endfacet
facet normal 0 0 -1
outer loop
vertex -56.606895446777344 -23.108366012573242 -3.299999952316284
vertex -56.849971771240234 -20.329994201660156 -3.299999952316284
vertex -56.606895446777344 -17.551624298095703 -3.299999952316284
endloop
endfacet
facet normal 0.5443494193594524 -0.777411039456927 -0.31514407082083445
outer loop
vertex -32.349971771240234 -35.052425384521484 -0.30000001192092896
vertex -30.565370559692383 -32.58670425415039 -3.299999952316284
vertex -31.41663932800293 -36.66900634765625 5.300000190734863
endloop
endfacet
facet normal 0.6710746263404948 -0.671075924417439 -0.3151443312979706
outer loop
vertex -28.593259811401367 -30.61459732055664 -3.299999952316284
vertex -28.72271156311035 -34.78269958496094 5.300000190734863
vertex -30.565370559692383 -32.58670425415039 -3.299999952316284
endloop
endfacet
facet normal 0 0 -1
outer loop
vertex -55.88505554199219 -25.802316665649414 -3.299999952316284
vertex -56.606895446777344 -23.108366012573242 -3.299999952316284
vertex -55.88505554199219 -14.857672691345215 -3.299999952316284
endloop
endfacet
facet normal 0 0 -1
outer loop
vertex -55.88505554199219 -25.802316665649414 -3.299999952316284
vertex -54.70637893676758 -12.329994201660156 -3.299999952316284
vertex -54.70637893676758 -28.329994201660156 -3.299999952316284
endloop
endfacet
facet normal 0 0 -1
outer loop
vertex -53.65247344970703 -22.587421417236328 -3.299999952316284
vertex -54.70637893676758 -28.329994201660156 -3.299999952316284
vertex -53.849971771240234 -20.329994201660156 -3.299999952316284
endloop
endfacet
facet normal 0.7774114223605914 -0.5443489571170659 -0.31514392468972796
outer loop
vertex -28.593259811401367 -30.61459732055664 -3.299999952316284
vertex -26.99356460571289 -28.329994201660156 -3.299999952316284
vertex -26.397266387939453 -32.457252502441406 5.300000190734863
endloop
endfacet
facet normal 0 0 -1
outer loop
vertex -53.065975189208984 -24.776256561279297 -3.299999952316284
vertex -54.70637893676758 -28.329994201660156 -3.299999952316284
vertex -53.65247344970703 -22.587421417236328 -3.299999952316284
endloop
endfacet
facet normal 0 0 -1
outer loop
vertex -53.10668182373047 -30.61459732055664 -3.299999952316284
vertex -54.70637893676758 -28.329994201660156 -3.299999952316284
vertex -53.065975189208984 -24.776256561279297 -3.299999952316284
endloop
endfacet
facet normal 0 0 -1
outer loop
vertex -38.59254455566406 -7.527493953704834 -3.299999952316284
vertex -40.849971771240234 -7.3299946784973145 -3.299999952316284
vertex -40.849971771240234 -4.3299946784973145 -3.299999952316284
endloop
endfacet
facet normal 0 0 -1
outer loop
vertex -40.849971771240234 -7.3299946784973145 -3.299999952316284
vertex -43.107398986816406 -7.527493953704834 -3.299999952316284
vertex -40.849971771240234 -4.3299946784973145 -3.299999952316284
endloop
endfacet
facet normal 0.8601259658930572 0.4010829372174621 -0.3151440944545029
outer loop
vertex -25.814889907836914 -14.857672691345215 -3.299999952316284
vertex -26.99356460571289 -12.329994201660156 -3.299999952316284
vertex -23.121105194091797 -13.877214431762695 5.300000190734863
endloop
endfacet
facet normal 0.6710753740264489 0.671075236421137 -0.3151442041948049
outer loop
vertex -26.397266387939453 -8.20273494720459 5.300000190734863
vertex -30.565370559692383 -8.073283195495605 -3.299999952316284
vertex -28.72271156311035 -5.877289295196533 5.300000190734863
endloop
endfacet
facet normal 0.5443489347149043 0.7774113772587974 -0.31514407464416755
outer loop
vertex -28.72271156311035 -5.877289295196533 5.300000190734863
vertex -32.849971771240234 -6.473587989807129 -3.299999952316284
vertex -31.41663932800293 -3.9909820556640625 5.300000190734863
endloop
endfacet
facet normal 0 0 -1
outer loop
vertex -53.065975189208984 -15.883732795715332 -3.299999952316284
vertex -53.65247344970703 -18.072568893432617 -3.299999952316284
vertex -53.10668182373047 -10.045392990112305 -3.299999952316284
endloop
endfacet
facet normal 0.916705881264335 0.24563089457587597 -0.31514407956557566
outer loop
vertex -22.26993179321289 -17.0538330078125 5.300000190734863
vertex -25.814889907836914 -14.857672691345215 -3.299999952316284
vertex -23.121105194091797 -13.877214431762695 5.300000190734863
endloop
endfacet
facet normal 0.9454324026993448 0.08271457449800311 -0.3151442068192883
outer loop
vertex -21.983304977416992 -20.329994201660156 5.300000190734863
vertex -25.093048095703125 -17.551624298095703 -3.299999952316284
vertex -22.26993179321289 -17.0538330078125 5.300000190734863
endloop
endfacet
facet normal 0 0 -1
outer loop
vertex -34.349971771240234 -9.071664810180664 -3.299999952316284
vertex -30.565370559692383 -8.073283195495605 -3.299999952316284
vertex -32.49373245239258 -10.371417045593262 -3.299999952316284
endloop
endfacet
facet normal 0.945432425488932 -0.08271452833625258 -0.31514415056641343
outer loop
vertex -22.26993179321289 -23.606157302856445 5.300000190734863
vertex -24.849971771240234 -20.329994201660156 -3.299999952316284
vertex -21.983304977416992 -20.329994201660156 5.300000190734863
endloop
endfacet
facet normal 0 0 -1
outer loop
vertex -52.10830307006836 -13.829994201660156 -3.299999952316284
vertex -53.065975189208984 -15.883732795715332 -3.299999952316284
vertex -53.10668182373047 -10.045392990112305 -3.299999952316284
endloop
endfacet
facet normal -0.9592368222437662 0.09298669870168165 -0.2668673691485041
outer loop
vertex -59.51247024536133 -17.99635887145996 5.300000190734863
vertex -59.849971771240234 -20.329994201660156 5.699999809265137
vertex -59.51247024536133 -16.848379135131836 5.699999809265137
endloop
endfacet
facet normal 0.40108438018651726 -0.8601253977427404 -0.31514380864660796
outer loop
vertex -32.449974060058594 -37.15085983276367 5.300000190734863
vertex -32.349971771240234 -35.308902740478516 0.4000000059604645
vertex -31.41663932800293 -36.66900634765625 5.300000190734863
endloop
endfacet
facet normal 0.9167058083486687 -0.24563102252328595 -0.3151441919407355
outer loop
vertex -22.26993179321289 -23.606157302856445 5.300000190734863
vertex -23.121105194091797 -26.782773971557617 5.300000190734863
vertex -25.093048095703125 -23.108366012573242 -3.299999952316284
endloop
endfacet
facet normal 0.8601259402054618 -0.4010830256520586 -0.31514405201345697
outer loop
vertex -23.121105194091797 -26.782773971557617 5.300000190734863
vertex -24.51095962524414 -29.763328552246094 5.300000190734863
vertex -25.814889907836914 -25.802316665649414 -3.299999952316284
endloop
endfacet
facet normal 0.6710751673835216 0.6710754919025486 -0.3151441001969272
outer loop
vertex -30.565370559692383 -8.073283195495605 -3.299999952316284
vertex -26.397266387939453 -8.20273494720459 5.300000190734863
vertex -28.593259811401367 -10.045392990112305 -3.299999952316284
endloop
endfacet
facet normal 0.4010829497485214 0.8601259693180684 -0.3151440691583426
outer loop
vertex -35.37765121459961 -5.294912815093994 -3.299999952316284
vertex -31.41663932800293 -3.9909820556640625 5.300000190734863
vertex -32.849971771240234 -6.473587989807129 -3.299999952316284
endloop
endfacet
facet normal 0.24563072931098684 0.9167058701787174 -0.3151442406232945
outer loop
vertex -35.37765121459961 -5.294912815093994 -3.299999952316284
vertex -38.07160186767578 -4.573070526123047 -3.299999952316284
vertex -34.39719009399414 -2.6011271476745605 5.300000190734863
endloop
endfacet
facet normal 0 0 -1
outer loop
vertex -52.10830307006836 -13.829994201660156 -3.299999952316284
vertex -53.10668182373047 -10.045392990112305 -3.299999952316284
vertex -51.13457489013672 -8.073283195495605 -3.299999952316284
endloop
endfacet
facet normal 0 0 -1
outer loop
vertex -50.80854797363281 -11.973755836486816 -3.299999952316284
vertex -52.10830307006836 -13.829994201660156 -3.299999952316284
vertex -51.13457489013672 -8.073283195495605 -3.299999952316284
endloop
endfacet
facet normal 0.5443488004661401 -0.7774113820523753 -0.31514429470718686
outer loop
vertex -31.41663932800293 -36.66900634765625 5.300000190734863
vertex -30.565370559692383 -32.58670425415039 -3.299999952316284
vertex -28.72271156311035 -34.78269958496094 5.300000190734863
endloop
endfacet
facet normal 0.6710756482667829 -0.6710750978456489 -0.31514391530659397
outer loop
vertex -28.72271156311035 -34.78269958496094 5.300000190734863
vertex -28.593259811401367 -30.61459732055664 -3.299999952316284
vertex -26.397266387939453 -32.457252502441406 5.300000190734863
endloop
endfacet
facet normal 0.7774110749808174 -0.5443493562705177 -0.3151440921626853
outer loop
vertex -26.397266387939453 -32.457252502441406 5.300000190734863
vertex -26.99356460571289 -28.329994201660156 -3.299999952316284
vertex -24.51095962524414 -29.763328552246094 5.300000190734863
endloop
endfacet
facet normal 0.08271461196987091 0.9454324266553463 -0.3151441251162027
outer loop
vertex -38.07160186767578 -4.573070526123047 -3.299999952316284
vertex -40.849971771240234 -4.3299946784973145 -3.299999952316284
vertex -37.57381057739258 -1.7499550580978394 5.300000190734863
endloop
endfacet
facet normal -0.08271461163793703 0.9454324228613243 -0.3151441365853901
outer loop
vertex -40.849971771240234 -4.3299946784973145 -3.299999952316284
vertex -43.62834167480469 -4.573070526123047 -3.299999952316284
vertex -40.849971771240234 -1.4633280038833618 5.300000190734863
endloop
endfacet
facet normal -0.40108497641010277 -0.8601250887061827 -0.3151438932873186
outer loop
vertex -50.28330612182617 -36.66900634765625 5.300000190734863
vertex -49.24997329711914 -35.355533599853516 0.4000000059604645
vertex -49.24997329711914 -37.15085983276367 5.300000190734863
endloop
endfacet
facet normal -0.5443493281704452 -0.7774110348497741 -0.3151442396969805
outer loop
vertex -52.977230072021484 -34.78269958496094 5.300000190734863
vertex -49.349971771240234 -35.052425384521484 -0.30000001192092896
vertex -50.28330612182617 -36.66900634765625 5.300000190734863
endloop
endfacet
facet normal 0 0 -1
outer loop
vertex -51.13457489013672 -8.073283195495605 -3.299999952316284
vertex -48.849971771240234 -6.473587989807129 -3.299999952316284
vertex -50.80854797363281 -11.973755836486816 -3.299999952316284
endloop
endfacet
facet normal 0 0 -1
outer loop
vertex -29.591642379760742 -13.829994201660156 -3.299999952316284
vertex -28.593259811401367 -10.045392990112305 -3.299999952316284
vertex -28.633968353271484 -15.883732795715332 -3.299999952316284
endloop
endfacet
facet normal 0 0 -1
outer loop
vertex -47.349971771240234 -9.071664810180664 -3.299999952316284
vertex -49.20621109008789 -10.371417045593262 -3.299999952316284
vertex -48.849971771240234 -6.473587989807129 -3.299999952316284
endloop
endfacet
facet normal 0 0 -1
outer loop
vertex -47.349971771240234 -9.071664810180664 -3.299999952316284
vertex -46.32229232788086 -5.294912815093994 -3.299999952316284
vertex -45.296234130859375 -8.113990783691406 -3.299999952316284
endloop
endfacet
facet normal 0 0 -1
outer loop
vertex -46.32229232788086 -5.294912815093994 -3.299999952316284
vertex -47.349971771240234 -9.071664810180664 -3.299999952316284
vertex -48.849971771240234 -6.473587989807129 -3.299999952316284
endloop
endfacet
facet normal 0 0 -1
outer loop
vertex -45.296234130859375 -8.113990783691406 -3.299999952316284
vertex -46.32229232788086 -5.294912815093994 -3.299999952316284
vertex -43.62834167480469 -4.573070526123047 -3.299999952316284
endloop
endfacet
facet normal 0 0 -1
outer loop
vertex -43.107398986816406 -7.527493953704834 -3.299999952316284
vertex -45.296234130859375 -8.113990783691406 -3.299999952316284
vertex -43.62834167480469 -4.573070526123047 -3.299999952316284
endloop
endfacet
facet normal 0 0 -1
outer loop
vertex -43.107398986816406 -7.527493953704834 -3.299999952316284
vertex -43.62834167480469 -4.573070526123047 -3.299999952316284
vertex -40.849971771240234 -4.3299946784973145 -3.299999952316284
endloop
endfacet
facet normal 0 0 -1
outer loop
vertex -32.849971771240234 -6.473587989807129 -3.299999952316284
vertex -36.403709411621094 -8.113990783691406 -3.299999952316284
vertex -35.37765121459961 -5.294912815093994 -3.299999952316284
endloop
endfacet
facet normal -0.8601257462101971 0.40108348381586967 -0.3151439983824483
outer loop
vertex -54.70637893676758 -12.329994201660156 -3.299999952316284
vertex -55.88505554199219 -14.857672691345215 -3.299999952316284
vertex -57.18898391723633 -10.896661758422852 5.300000190734863
endloop
endfacet
facet normal 0 0 -1
outer loop
vertex -36.403709411621094 -8.113990783691406 -3.299999952316284
vertex -38.59254455566406 -7.527493953704834 -3.299999952316284
vertex -35.37765121459961 -5.294912815093994 -3.299999952316284
endloop
endfacet
facet normal 0.5443492113939602 0.7774111364674182 -0.3151441907305461
outer loop
vertex -30.565370559692383 -8.073283195495605 -3.299999952316284
vertex -32.849971771240234 -6.473587989807129 -3.299999952316284
vertex -28.72271156311035 -5.877289295196533 5.300000190734863
endloop
endfacet
facet normal -0.7774110745482283 -0.5443493559676155 -0.3151440937530182
outer loop
vertex -57.18898391723633 -29.763328552246094 5.300000190734863
vertex -53.10668182373047 -30.61459732055664 -3.299999952316284
vertex -55.302677154541016 -32.457252502441406 5.300000190734863
endloop
endfacet
facet normal 0 0 -1
outer loop
vertex -51.13457489013672 -32.58670425415039 -3.299999952316284
vertex -50.80854797363281 -28.686233520507812 -3.299999952316284
vertex -49.349971771240234 -33.83629608154297 -3.299999952316284
endloop
endfacet
facet normal -0.5443489413978163 -0.7774113092701492 -0.31514423081812726
outer loop
vertex -51.13457489013672 -32.58670425415039 -3.299999952316284
vertex -49.349971771240234 -33.83629608154297 -3.299999952316284
vertex -49.349971771240234 -35.052425384521484 -0.30000001192092896
endloop
endfacet
facet normal 0 0 -1
outer loop
vertex -50.80854797363281 -28.686233520507812 -3.299999952316284
vertex -51.13457489013672 -32.58670425415039 -3.299999952316284
vertex -53.10668182373047 -30.61459732055664 -3.299999952316284
endloop
endfacet
facet normal 0 0 -1
outer loop
vertex -50.80854797363281 -28.686233520507812 -3.299999952316284
vertex -53.10668182373047 -30.61459732055664 -3.299999952316284
vertex -52.10830307006836 -26.829994201660156 -3.299999952316284
endloop
endfacet
facet normal -0.8601259361492465 -0.40108302376061566 -0.31514406549136176
outer loop
vertex -54.70637893676758 -28.329994201660156 -3.299999952316284
vertex -57.18898391723633 -29.763328552246094 5.300000190734863
vertex -58.57883834838867 -26.782773971557617 5.300000190734863
endloop
endfacet
facet normal -0.08271464511742524 0.9454324234648662 -0.31514412598753644
outer loop
vertex -43.62834167480469 -4.573070526123047 -3.299999952316284
vertex -44.12613296508789 -1.7499550580978394 5.300000190734863
vertex -40.849971771240234 -1.4633280038833618 5.300000190734863
endloop
endfacet
facet normal -0.24563039085301605 0.916705964027647 -0.3151442314330644
outer loop
vertex -44.12613296508789 -1.7499550580978394 5.300000190734863
vertex -46.32229232788086 -5.294912815093994 -3.299999952316284
vertex -47.30275344848633 -2.6011271476745605 5.300000190734863
endloop
endfacet
facet normal -0.6710753439713193 -0.6710753439713193 -0.31514403917502737
outer loop
vertex -55.302677154541016 -32.457252502441406 5.300000190734863
vertex -51.13457489013672 -32.58670425415039 -3.299999952316284
vertex -52.977230072021484 -34.78269958496094 5.300000190734863
endloop
endfacet
facet normal -0.40108333424399106 0.8601257564663831 -0.315144160750053
outer loop
vertex -47.30275344848633 -2.6011271476745605 5.300000190734863
vertex -48.849971771240234 -6.473587989807129 -3.299999952316284
vertex -50.28330612182617 -3.9909820556640625 5.300000190734863
endloop
endfacet
facet normal -0.5443494699239404 0.7774110407738711 -0.3151439802319117
outer loop
vertex -50.28330612182617 -3.9909820556640625 5.300000190734863
vertex -51.13457489013672 -8.073283195495605 -3.299999952316284
vertex -52.977230072021484 -5.877289295196533 5.300000190734863
endloop
endfacet
facet normal 0 0 -1
outer loop
vertex -38.59254455566406 -7.527493953704834 -3.299999952316284
vertex -38.07160186767578 -4.573070526123047 -3.299999952316284
vertex -35.37765121459961 -5.294912815093994 -3.299999952316284
endloop
endfacet
facet normal 0 0 -1
outer loop
vertex -49.349971771240234 -30.144811630249023 -3.299999952316284
vertex -49.349971771240234 -33.83629608154297 -3.299999952316284
vertex -50.80854797363281 -28.686233520507812 -3.299999952316284
endloop
endfacet
facet normal -0.6710753439713192 -0.6710753439713192 -0.31514403917502737
outer loop
vertex -51.13457489013672 -32.58670425415039 -3.299999952316284
vertex -55.302677154541016 -32.457252502441406 5.300000190734863
vertex -53.10668182373047 -30.61459732055664 -3.299999952316284
endloop
endfacet
facet normal -0.7774110718966626 -0.5443493607576242 -0.31514409202021854
outer loop
vertex -53.10668182373047 -30.61459732055664 -3.299999952316284
vertex -57.18898391723633 -29.763328552246094 5.300000190734863
vertex -54.70637893676758 -28.329994201660156 -3.299999952316284
endloop
endfacet
facet normal -0.6710750921424757 0.6710755049582381 -0.31514423261581903
outer loop
vertex -52.977230072021484 -5.877289295196533 5.300000190734863
vertex -53.10668182373047 -10.045392990112305 -3.299999952316284
vertex -55.302677154541016 -8.20273494720459 5.300000190734863
endloop
endfacet
facet normal 0 0 -1
outer loop
vertex -28.593259811401367 -30.61459732055664 -3.299999952316284
vertex -29.591642379760742 -26.829994201660156 -3.299999952316284
vertex -28.633968353271484 -24.776256561279297 -3.299999952316284
endloop
endfacet
facet normal 0.7774111917613407 0.5443492501111866 -0.3151439874527214
outer loop
vertex -28.593259811401367 -10.045392990112305 -3.299999952316284
vertex -24.51095962524414 -10.896661758422852 5.300000190734863
vertex -26.99356460571289 -12.329994201660156 -3.299999952316284
endloop
endfacet
facet normal -0.7774108108426054 0.5443496324271762 -0.31514426674372653
outer loop
vertex -53.10668182373047 -10.045392990112305 -3.299999952316284
vertex -54.70637893676758 -12.329994201660156 -3.299999952316284
vertex -55.302677154541016 -8.20273494720459 5.300000190734863
endloop
endfacet
facet normal 0 0 -1
outer loop
vertex -28.633968353271484 -24.776256561279297 -3.299999952316284
vertex -28.047470092773438 -22.587421417236328 -3.299999952316284
vertex -28.593259811401367 -30.61459732055664 -3.299999952316284
endloop
endfacet
facet normal 0 0 -1
outer loop
vertex -28.047470092773438 -22.587421417236328 -3.299999952316284
vertex -27.849971771240234 -20.329994201660156 -3.299999952316284
vertex -28.593259811401367 -30.61459732055664 -3.299999952316284
endloop
endfacet
facet normal 0 0 -1
outer loop
vertex -26.99356460571289 -28.329994201660156 -3.299999952316284
vertex -28.593259811401367 -30.61459732055664 -3.299999952316284
vertex -26.99356460571289 -12.329994201660156 -3.299999952316284
endloop
endfacet
facet normal 0 0 -1
outer loop
vertex -26.99356460571289 -28.329994201660156 -3.299999952316284
vertex -25.814889907836914 -14.857672691345215 -3.299999952316284
vertex -25.814889907836914 -25.802316665649414 -3.299999952316284
endloop
endfacet
facet normal -0.5443491066569486 -0.7774112523655431 -0.3151440857405068
outer loop
vertex -49.349971771240234 -35.052425384521484 -0.30000001192092896
vertex -52.977230072021484 -34.78269958496094 5.300000190734863
vertex -51.13457489013672 -32.58670425415039 -3.299999952316284
endloop
endfacet
facet normal 0 0 -1
outer loop
vertex -25.814889907836914 -25.802316665649414 -3.299999952316284
vertex -25.093048095703125 -17.551624298095703 -3.299999952316284
vertex -25.093048095703125 -23.108366012573242 -3.299999952316284
endloop
endfacet
facet normal 0 0 -1
outer loop
vertex -26.99356460571289 -12.329994201660156 -3.299999952316284
vertex -28.593259811401367 -30.61459732055664 -3.299999952316284
vertex -27.849971771240234 -20.329994201660156 -3.299999952316284
endloop
endfacet
facet normal -0.777411372812844 0.5443489867009248 -0.3151439958160805
outer loop
vertex -55.302677154541016 -8.20273494720459 5.300000190734863
vertex -54.70637893676758 -12.329994201660156 -3.299999952316284
vertex -57.18898391723633 -10.896661758422852 5.300000190734863
endloop
endfacet
facet normal 0 0 -1
outer loop
vertex -25.814889907836914 -14.857672691345215 -3.299999952316284
vertex -26.99356460571289 -28.329994201660156 -3.299999952316284
vertex -26.99356460571289 -12.329994201660156 -3.299999952316284
endloop
endfacet
facet normal 0 0 -1
outer loop
vertex -26.99356460571289 -12.329994201660156 -3.299999952316284
vertex -27.849971771240234 -20.329994201660156 -3.299999952316284
vertex -28.047470092773438 -18.072568893432617 -3.299999952316284
endloop
endfacet
facet normal 0 0 -1
outer loop
vertex -26.99356460571289 -12.329994201660156 -3.299999952316284
vertex -28.047470092773438 -18.072568893432617 -3.299999952316284
vertex -28.633968353271484 -15.883732795715332 -3.299999952316284
endloop
endfacet
facet normal 0 0 -1
outer loop
vertex -25.093048095703125 -23.108366012573242 -3.299999952316284
vertex -25.093048095703125 -17.551624298095703 -3.299999952316284
vertex -24.849971771240234 -20.329994201660156 -3.299999952316284
endloop
endfacet
facet normal -0.6710758585870572 0.6710748850289737 -0.3151439206219811
outer loop
vertex -51.13457489013672 -8.073283195495605 -3.299999952316284
vertex -53.10668182373047 -10.045392990112305 -3.299999952316284
vertex -52.977230072021484 -5.877289295196533 5.300000190734863
endloop
endfacet
facet normal -0.544348907807872 0.7774113519397152 -0.315144183578947
outer loop
vertex -48.849971771240234 -6.473587989807129 -3.299999952316284
vertex -51.13457489013672 -8.073283195495605 -3.299999952316284
vertex -50.28330612182617 -3.9909820556640625 5.300000190734863
endloop
endfacet
facet normal -0.4010829173132733 0.8601258997603891 -0.31514430028298945
outer loop
vertex -46.32229232788086 -5.294912815093994 -3.299999952316284
vertex -48.849971771240234 -6.473587989807129 -3.299999952316284
vertex -47.30275344848633 -2.6011271476745605 5.300000190734863
endloop
endfacet
facet normal -0.8601258833814451 0.4010832558201262 -0.315143914169409
outer loop
vertex -57.18898391723633 -10.896661758422852 5.300000190734863
vertex -55.88505554199219 -14.857672691345215 -3.299999952316284
vertex -58.57883834838867 -13.877214431762695 5.300000190734863
endloop
endfacet
facet normal -0.24563073970751564 0.9167059089790703 -0.31514411965574596
outer loop
vertex -43.62834167480469 -4.573070526123047 -3.299999952316284
vertex -46.32229232788086 -5.294912815093994 -3.299999952316284
vertex -44.12613296508789 -1.7499550580978394 5.300000190734863
endloop
endfacet
facet normal -0.9454325899855581 -0.08271262866434011 -0.3151441556694882
outer loop
vertex -56.606895446777344 -23.108366012573242 -3.299999952316284
vertex -59.43001174926758 -23.606157302856445 5.300000190734863
vertex -59.51247024536133 -22.66362953186035 5.300000190734863
endloop
endfacet
facet normal -0.9454324192995414 -0.08271533198325746 -0.3151439582037322
outer loop
vertex -59.849971771240234 -20.329994201660156 5.699999809265137
vertex -56.606895446777344 -23.108366012573242 -3.299999952316284
vertex -59.51247024536133 -22.66362953186035 5.300000190734863
endloop
endfacet
facet normal -0.9167059098019288 -0.24563104970765395 -0.3151438756405302
outer loop
vertex -59.43001174926758 -23.606157302856445 5.300000190734863
vertex -55.88505554199219 -25.802316665649414 -3.299999952316284
vertex -58.57883834838867 -26.782773971557617 5.300000190734863
endloop
endfacet
facet normal 0 0 -1
outer loop
vertex -34.349971771240234 -9.071664810180664 -3.299999952316284
vertex -36.403709411621094 -8.113990783691406 -3.299999952316284
vertex -32.849971771240234 -6.473587989807129 -3.299999952316284
endloop
endfacet
facet normal -0.9454318493726602 -0.08271493880282962 -0.3151457711768249
outer loop
vertex -59.51247024536133 -22.66362953186035 5.300000190734863
vertex -59.51247024536133 -23.620697021484375 5.551197528839111
vertex -59.849971771240234 -20.329994201660156 5.699999809265137
endloop
endfacet
facet normal -0.9877944327130541 -0.09575496983061488 -0.12285415928585201
outer loop
vertex -59.849971771240234 -20.329994201660156 5.699999809265137
vertex -59.51247024536133 -23.620697021484375 5.551197528839111
vertex -59.51247024536133 -23.81161117553711 5.699999809265137
endloop
endfacet
facet normal -0.40109601661665045 -0.8601196833290533 -0.3151445950737287
outer loop
vertex -49.349971771240234 -35.052425384521484 -0.30000001192092896
vertex -49.349971771240234 -35.308902740478516 0.4000000059604645
vertex -50.28330612182617 -36.66900634765625 5.300000190734863
endloop
endfacet
facet normal -0.40108892851929034 -0.8601231325429218 -0.3151442023642493
outer loop
vertex -49.349971771240234 -35.308902740478516 0.4000000059604645
vertex -49.24997329711914 -35.355533599853516 0.4000000059604645
vertex -50.28330612182617 -36.66900634765625 5.300000190734863
endloop
endfacet
facet normal 0 0 -1
outer loop
vertex -25.093048095703125 -17.551624298095703 -3.299999952316284
vertex -25.814889907836914 -25.802316665649414 -3.299999952316284
vertex -25.814889907836914 -14.857672691345215 -3.299999952316284
endloop
endfacet
facet normal 0.860125916285165 -0.4010830654106054 -0.315144066698768
outer loop
vertex -24.51095962524414 -29.763328552246094 5.300000190734863
vertex -26.99356460571289 -28.329994201660156 -3.299999952316284
vertex -25.814889907836914 -25.802316665649414 -3.299999952316284
endloop
endfacet
facet normal 0.9167059729031256 -0.2456305945762809 -0.31514404682912306
outer loop
vertex -25.093048095703125 -23.108366012573242 -3.299999952316284
vertex -23.121105194091797 -26.782773971557617 5.300000190734863
vertex -25.814889907836914 -25.802316665649414 -3.299999952316284
endloop
endfacet
facet normal 0.9454323892554235 -0.08271471417385695 -0.31514421049087776
outer loop
vertex -24.849971771240234 -20.329994201660156 -3.299999952316284
vertex -22.26993179321289 -23.606157302856445 5.300000190734863
vertex -25.093048095703125 -23.108366012573242 -3.299999952316284
endloop
endfacet
facet normal 0.945432406267786 0.08271477244583123 -0.31514414415936465
outer loop
vertex -25.093048095703125 -17.551624298095703 -3.299999952316284
vertex -21.983304977416992 -20.329994201660156 5.300000190734863
vertex -24.849971771240234 -20.329994201660156 -3.299999952316284
endloop
endfacet
facet normal 0.916705943565469 0.24563049976064427 -0.31514420606934734
outer loop
vertex -25.814889907836914 -14.857672691345215 -3.299999952316284
vertex -22.26993179321289 -17.0538330078125 5.300000190734863
vertex -25.093048095703125 -17.551624298095703 -3.299999952316284
endloop
endfacet
facet normal -0.9454323652616026 0.08271529470354129 -0.31514413010233594
outer loop
vertex -56.849971771240234 -20.329994201660156 -3.299999952316284
vertex -59.849971771240234 -20.329994201660156 5.699999809265137
vertex -59.51247024536133 -17.99635887145996 5.300000190734863
endloop
endfacet
facet normal -0.9454327657986566 0.08271281142760374 -0.3151435802615117
outer loop
vertex -59.43001174926758 -17.0538330078125 5.300000190734863
vertex -56.849971771240234 -20.329994201660156 -3.299999952316284
vertex -59.51247024536133 -17.99635887145996 5.300000190734863
endloop
endfacet
facet normal -0.9167058440243367 0.2456308845974366 -0.3151441956684417
outer loop
vertex -58.57883834838867 -13.877214431762695 5.300000190734863
vertex -56.606895446777344 -17.551624298095703 -3.299999952316284
vertex -59.43001174926758 -17.0538330078125 5.300000190734863
endloop
endfacet
facet normal 0 0 -1
outer loop
vertex -38.07160186767578 -4.573070526123047 -3.299999952316284
vertex -38.59254455566406 -7.527493953704834 -3.299999952316284
vertex -40.849971771240234 -4.3299946784973145 -3.299999952316284
endloop
endfacet
facet normal 0 0 1
outer loop
vertex -59.849971771240234 -20.329994201660156 5.699999809265137
vertex -59.51247024536133 -23.81161117553711 5.699999809265137
vertex -59.51247024536133 -16.848379135131836 5.699999809265137
endloop
endfacet
facet normal -1 0 0
outer loop
vertex -59.51247024536133 -17.99635887145996 5.300000190734863
vertex -59.51247024536133 -16.848379135131836 5.699999809265137
vertex -59.51247024536133 -17.03929328918457 5.551197528839111
endloop
endfacet
facet normal -0.9555324694557761 -0.27614061309582233 -0.10346043502136365
outer loop
vertex -23.935504913330078 -14.17363166809082 9.899999618530273
vertex -23.68659019470215 -15.634419441223145 11.5
vertex -24.156858444213867 -14.007144927978516 11.5
endloop
endfacet
facet normal -0.8167677097128948 0.5719069467909469 -0.07624272150579009
outer loop
vertex -25.26151466369629 -29.329994201660156 9.899999618530273
vertex -26.574966430664062 -30.992496490478516 11.5
vertex -25.633079528808594 -29.647342681884766 11.5
endloop
endfacet
facet normal 0.747909719580922 -0.2669529409337307 0.6077558545034503
outer loop
vertex -54.33322525024414 -15.00292682647705 -0.5365796685218811
vertex -53.35367965698242 -16.95746421813965 -2.6005353927612305
vertex -54.47610092163086 -14.473312377929688 -0.12812578678131104
endloop
endfacet
facet normal 0.9623710330120627 0.25786669558409436 0.08571325526332166
outer loop
vertex -57.76443862915039 -26.486356735229492 9.899999618530273
vertex -58.26509475708008 -23.548179626464844 6.681815147399902
vertex -58.57651138305664 -23.45566177368164 9.899999618530273
endloop
endfacet
facet normal 0.9555325801414798 0.27614015237888523 0.10346064243146895
outer loop
vertex -57.30789566040039 -26.829736709594727 6.59999418258667
vertex -58.26509475708008 -23.548179626464844 6.681815147399902
vertex -57.76443862915039 -26.486356735229492 9.899999618530273
endloop
endfacet
facet normal 0.9912677633659395 0.0932422007627354 0.09324222921192814
outer loop
vertex -58.26509475708008 -23.548179626464844 6.681815147399902
vertex -58.57651138305664 -20.329994201660156 6.7743330001831055
vertex -58.57651138305664 -23.45566177368164 9.899999618530273
endloop
endfacet
facet normal 0.812568487654882 -0.49155476994214914 0.31321934968545406
outer loop
vertex -55.65885925292969 -10.664178848266602 6.543097496032715
vertex -56.06991958618164 -13.534659385681152 3.1046645641326904
vertex -53.94932556152344 -10.140504837036133 2.929978609085083
endloop
endfacet
facet normal -0.8167675658439405 -0.5719070484986633 -0.07624349980760196
outer loop
vertex -25.26151466369629 -11.329994201660156 9.899999618530273
vertex -25.746360778808594 -10.767935752868652 10.877937316894531
vertex -26.410486221313477 -9.756988525390625 10.409284591674805
endloop
endfacet
facet normal 0.9276820160163725 -0.26401333030720125 0.26401333030720125
outer loop
vertex -58.26509475708008 -17.11180877685547 6.681815147399902
vertex -57.30789566040039 -17.02998924255371 3.4002575874328613
vertex -57.30789566040039 -13.830252647399902 6.59999418258667
endloop
endfacet
facet normal 0.9555325756475047 -0.10346067641677871 0.276140155196285
outer loop
vertex -58.26509475708008 -17.11180877685547 6.681815147399902
vertex -57.76443862915039 -20.329994201660156 3.7436373233795166
vertex -57.30789566040039 -17.02998924255371 3.4002575874328613
endloop
endfacet
facet normal -0.5719069043353411 0.8167676490800102 -0.07624368950857878
outer loop
vertex -30.187469482421875 -34.60499954223633 11.5
vertex -31.849971771240234 -35.918453216552734 9.899999618530273
vertex -31.532623291015625 -35.5468864440918 11.5
endloop
endfacet
facet normal -0.45731189442959924 -0.8819549475544457 0.11411091839717227
outer loop
vertex -33.5439453125 -4.224524021148682 7.107169151306152
vertex -31.18415641784668 -5.5211052894592285 6.543097496032715
vertex -31.724075317382812 -5.105894088745117 7.588450908660889
endloop
endfacet
facet normal -0.42122539159896716 -0.9033189654173647 0.08114195086142882
outer loop
vertex -34.41023254394531 -3.792290449142456 7.176656246185303
vertex -34.3502311706543 -3.8720691204071045 6.59999418258667
vertex -33.92365646362305 -4.020410537719727 7.163013458251953
endloop
endfacet
facet normal -0.4573117800372229 -0.8819548792883279 0.1141119044565357
outer loop
vertex -34.3502311706543 -3.8720691204071045 6.59999418258667
vertex -33.5439453125 -4.224524021148682 7.107169151306152
vertex -33.92365646362305 -4.020410537719727 7.163013458251953
endloop
endfacet
facet normal -0.5719074156092493 0.8167673626235945 -0.07624292310796504
outer loop
vertex -29.279794692993164 -34.11879348754883 9.899999618530273
vertex -31.849971771240234 -35.918453216552734 9.899999618530273
vertex -30.187469482421875 -34.60499954223633 11.5
endloop
endfacet
facet normal -0.4573116985676625 -0.8819549441187272 0.11411172988651185
outer loop
vertex -34.3502311706543 -3.8720691204071045 6.59999418258667
vertex -31.18415641784668 -5.5211052894592285 6.543097496032715
vertex -33.5439453125 -4.224524021148682 7.107169151306152
endloop
endfacet
facet normal -0.8819546569283593 -0.457312491200077 -0.11411077300044692
outer loop
vertex -25.26151466369629 -11.329994201660156 9.899999618530273
vertex -24.839954376220703 -12.542238235473633 11.5
vertex -25.557443618774414 -11.07724666595459 11.174299240112305
endloop
endfacet
facet normal 0.45731185926195916 0.8819541773779258 -0.11411701180803968
outer loop
vertex -48.74997329711914 -36.30097961425781 11.351853370666504
vertex -50.167320251464844 -35.5468864440918 11.5
vertex -48.74997329711914 -36.28181076049805 11.5
endloop
endfacet
facet normal 0.9623710500655658 -0.08571323313155271 0.25786663929604486
outer loop
vertex -58.57651138305664 -20.329994201660156 6.7743330001831055
vertex -57.76443862915039 -20.329994201660156 3.7436373233795166
vertex -58.26509475708008 -17.11180877685547 6.681815147399902
endloop
endfacet
facet normal 0.9623710500655658 0.08571323313155271 0.25786663929604486
outer loop
vertex -58.26509475708008 -23.548179626464844 6.681815147399902
vertex -57.76443862915039 -20.329994201660156 3.7436373233795166
vertex -58.57651138305664 -20.329994201660156 6.7743330001831055
endloop
endfacet
facet normal -0.770482419029135 -0.6258855782074111 0.12093008293632763
outer loop
vertex -28.348102569580078 -7.828126430511475 6.522637844085693
vertex -26.04108238220215 -10.664178848266602 6.543097496032715
vertex -27.061172485351562 -8.759818077087402 9.899999618530273
endloop
endfacet
facet normal 0.8568717066202819 -0.26614880121181517 0.4415152251136526
outer loop
vertex -57.30789566040039 -17.02998924255371 3.4002575874328613
vertex -56.1723518371582 -15.453495025634766 2.146771192550659
vertex -56.06991958618164 -13.534659385681152 3.1046645641326904
endloop
endfacet
facet normal 0.8568719090461933 -0.266149681128699 0.44151430183248247
outer loop
vertex -57.30789566040039 -17.02998924255371 3.4002575874328613
vertex -56.310874938964844 -16.290117263793945 1.9112857580184937
vertex -56.1723518371582 -15.453495025634766 2.146771192550659
endloop
endfacet
facet normal 0.8568719395630091 -0.2661489289722081 0.441514696014157
outer loop
vertex -57.30789566040039 -17.02998924255371 3.4002575874328613
vertex -56.21413040161133 -16.944683074951172 1.32895028591156
vertex -56.310874938964844 -16.290117263793945 1.9112857580184937
endloop
endfacet
facet normal -0.955532603453218 -0.2761402513866553 0.10346016287455746
outer loop
vertex -24.392045974731445 -13.830252647399902 6.59999418258667
vertex -23.434846878051758 -17.11180877685547 6.681815147399902
vertex -23.935504913330078 -14.17363166809082 9.899999618530273
endloop
endfacet
facet normal 0.9033196341564032 -0.08114059519892405 0.42122421862745063
outer loop
vertex -57.76443862915039 -20.329994201660156 3.7436373233795166
vertex -56.43843078613281 -20.329994201660156 0.8999999761581421
vertex -57.30789566040039 -17.02998924255371 3.4002575874328613
endloop
endfacet
facet normal 0.9033196375938258 0.0811405486097866 0.42122422023034467
outer loop
vertex -57.30789566040039 -23.630001068115234 3.4002575874328613
vertex -56.43843078613281 -20.329994201660156 0.8999999761581421
vertex -57.76443862915039 -20.329994201660156 3.7436373233795166
endloop
endfacet
facet normal -0.8819549620300441 -0.45731193131137504 0.11411065870830724
outer loop
vertex -26.04108238220215 -10.664178848266602 6.543097496032715
vertex -24.392045974731445 -13.830252647399902 6.59999418258667
vertex -25.26151466369629 -11.329994201660156 9.899999618530273
endloop
endfacet
facet normal -0.9033194472541003 -0.4212247197100852 0.081140074671563
outer loop
vertex -25.26151466369629 -11.329994201660156 9.899999618530273
vertex -24.392045974731445 -13.830252647399902 6.59999418258667
vertex -23.935504913330078 -14.17363166809082 9.899999618530273
endloop
endfacet
facet normal -0.8167675287608451 -0.5719071380187413 0.07624322556866638
outer loop
vertex -27.061172485351562 -8.759818077087402 9.899999618530273
vertex -26.04108238220215 -10.664178848266602 6.543097496032715
vertex -25.26151466369629 -11.329994201660156 9.899999618530273
endloop
endfacet
facet normal -0.6258855156664112 -0.7704824148443387 0.12093043328553384
outer loop
vertex -31.18415641784668 -5.5211052894592285 6.543097496032715
vertex -28.348102569580078 -7.828126430511475 6.522637844085693
vertex -30.23272705078125 -6.030747413635254 8.220223426818848
endloop
endfacet
facet normal -0.625883441066509 -0.7704835499628985 0.1209339383106153
outer loop
vertex -30.23272705078125 -6.030747413635254 8.220223426818848
vertex -28.348102569580078 -7.828126430511475 6.522637844085693
vertex -30.04288673400879 -6.181245803833008 8.243884086608887
endloop
endfacet
facet normal -0.6258861217910809 -0.770482016856231 0.12092983192940823
outer loop
vertex -30.04288673400879 -6.181245803833008 8.243884086608887
vertex -28.348102569580078 -7.828126430511475 6.522637844085693
vertex -28.973501205444336 -6.9642744064331055 8.789689064025879
endloop
endfacet
facet normal 0.9033196438306561 0.4212242054803089 0.08114055574827594
outer loop
vertex -56.43843078613281 -29.329994201660156 9.899999618530273
vertex -57.30789566040039 -26.829736709594727 6.59999418258667
vertex -57.76443862915039 -26.486356735229492 9.899999618530273
endloop
endfacet
facet normal -0.4573119115624964 -0.8819549401938752 0.11411090662453527
outer loop
vertex -31.724075317382812 -5.105894088745117 7.588450908660889
vertex -31.18415641784668 -5.5211052894592285 6.543097496032715
vertex -31.435697555541992 -5.226588249206543 7.811319828033447
endloop
endfacet
facet normal 0.0762431691333209 -0.8167676907349362 0.5719069142194624
outer loop
vertex -40.849971771240234 -4.741537570953369 0.8999999761581421
vertex -44.20687484741211 -5.5211052894592285 0.23418393731117249
vertex -40.849971771240234 -6.541194915771484 -1.6701769828796387
endloop
endfacet
facet normal -0.8167675768044417 -0.5719070307620157 -0.07624351543558021
outer loop
vertex -25.746360778808594 -10.767935752868652 10.877937316894531
vertex -25.26151466369629 -11.329994201660156 9.899999618530273
vertex -25.557443618774414 -11.07724666595459 11.174299240112305
endloop
endfacet
facet normal 0.9912677633659395 -0.0932422007627354 0.09324222921192814
outer loop
vertex -58.57651138305664 -20.329994201660156 6.7743330001831055
vertex -58.26509475708008 -17.11180877685547 6.681815147399902
vertex -58.57651138305664 -17.204326629638672 9.899999618530273
endloop
endfacet
facet normal 0.9924325117983902 0.0868265654197155 0.08682659191142929
outer loop
vertex -58.57651138305664 -23.45566177368164 9.899999618530273
vertex -58.57651138305664 -20.329994201660156 6.7743330001831055
vertex -58.849971771240234 -20.329994201660156 9.899999618530273
endloop
endfacet
facet normal 0.9924325117983902 -0.0868265654197155 0.08682659191142929
outer loop
vertex -58.849971771240234 -20.329994201660156 9.899999618530273
vertex -58.57651138305664 -20.329994201660156 6.7743330001831055
vertex -58.57651138305664 -17.204326629638672 9.899999618530273
endloop
endfacet
facet normal 0.927682071020639 0.26401327301529975 0.2640131943267358
outer loop
vertex -57.30789566040039 -26.829736709594727 6.59999418258667
vertex -57.30789566040039 -23.630001068115234 3.4002575874328613
vertex -58.26509475708008 -23.548179626464844 6.681815147399902
endloop
endfacet
facet normal 0.9555325964684014 0.10346062499063471 0.2761401024170569
outer loop
vertex -57.30789566040039 -23.630001068115234 3.4002575874328613
vertex -57.76443862915039 -20.329994201660156 3.7436373233795166
vertex -58.26509475708008 -23.548179626464844 6.681815147399902
endloop
endfacet
facet normal 0.8568717718934803 0.4415150845431765 0.26614882425620257
outer loop
vertex -57.30789566040039 -26.829736709594727 6.59999418258667
vertex -55.65885925292969 -29.995811462402344 6.543097496032715
vertex -56.06991958618164 -27.125329971313477 3.1046645641326904
endloop
endfacet
facet normal 0.907858573957961 0.2964733226495077 0.29647323428629874
outer loop
vertex -57.30789566040039 -23.630001068115234 3.4002575874328613
vertex -57.30789566040039 -26.829736709594727 6.59999418258667
vertex -56.06991958618164 -27.125329971313477 3.1046645641326904
endloop
endfacet
facet normal 0.9623710330120627 -0.25786669558409436 0.08571325526332166
outer loop
vertex -58.57651138305664 -17.204326629638672 9.899999618530273
vertex -58.26509475708008 -17.11180877685547 6.681815147399902
vertex -57.76443862915039 -14.17363166809082 9.899999618530273
endloop
endfacet
facet normal 0.8568743053598611 -0.2661469724858001 0.4415112839449274
outer loop
vertex -56.1723518371582 -15.453495025634766 2.146771192550659
vertex -55.913543701171875 -14.842731475830078 2.0126564502716064
vertex -56.06991958618164 -13.534659385681152 3.1046645641326904
endloop
endfacet
facet normal -0.2761408101110967 -0.9555323069947398 0.10346140961970947
outer loop
vertex -35.354862213134766 -3.554983377456665 6.847101211547852
vertex -34.3502311706543 -3.8720691204071045 6.59999418258667
vertex -34.41023254394531 -3.792290449142456 7.176656246185303
endloop
endfacet
facet normal 0.45731268710967343 0.8819545364238598 -0.11411091924046725
outer loop
vertex -48.74997329711914 -36.30097961425781 11.351853370666504
vertex -49.849971771240234 -35.918453216552734 9.899999618530273
vertex -50.167320251464844 -35.5468864440918 11.5
endloop
endfacet
facet normal -0.5719070917977849 -0.8167675292228436 0.07624356732611341
outer loop
vertex -31.435697555541992 -5.226588249206543 7.811319828033447
vertex -31.18415641784668 -5.5211052894592285 6.543097496032715
vertex -30.23272705078125 -6.030747413635254 8.220223426818848
endloop
endfacet
facet normal -0.2761404942711479 -0.9555325140326224 0.1034603404700685
outer loop
vertex -37.07268524169922 -3.077954053878784 6.667874813079834
vertex -34.3502311706543 -3.8720691204071045 6.59999418258667
vertex -35.42758560180664 -3.5358076095581055 6.830107688903809
endloop
endfacet
facet normal -0.27613600025822843 -0.9555316682354611 0.10348014476480118
outer loop
vertex -34.3502311706543 -3.8720691204071045 6.59999418258667
vertex -35.354862213134766 -3.554983377456665 6.847101211547852
vertex -35.42758560180664 -3.5358076095581055 6.830107688903809
endloop
endfacet
facet normal 0.8568716834443 0.2661488650717471 0.4415152315972261
outer loop
vertex -56.06991958618164 -27.125329971313477 3.1046645641326904
vertex -55.65885925292969 -23.68689727783203 0.23418393731117249
vertex -57.30789566040039 -23.630001068115234 3.4002575874328613
endloop
endfacet
facet normal 0.8125690563523243 -0.31321940484908806 0.49155379470071864
outer loop
vertex -55.82417297363281 -14.66270923614502 1.9796336889266968
vertex -55.32087707519531 -14.142194747924805 1.4793274402618408
vertex -56.06991958618164 -13.534659385681152 3.1046645641326904
endloop
endfacet
facet normal -0.276142021523878 -0.9555325964139968 0.10345550318388956
outer loop
vertex -37.59640884399414 -2.920898199081421 6.720564842224121
vertex -37.63178634643555 -2.914869785308838 6.681815147399902
vertex -37.3934211730957 -2.9843990802764893 6.675871849060059
endloop
endfacet
facet normal -0.705157552924754 -0.7051605941365455 0.0741711671080274
outer loop
vertex -28.973501205444336 -6.9642744064331055 8.789689064025879
vertex -28.348102569580078 -7.828126430511475 6.522637844085693
vertex -28.75734519958496 -7.179134368896484 8.802001953125
endloop
endfacet
facet normal 0.8125660897224168 -0.31322279045784285 0.49155654137751403
outer loop
vertex -56.06991958618164 -13.534659385681152 3.1046645641326904
vertex -55.913543701171875 -14.842731475830078 2.0126564502716064
vertex -55.82417297363281 -14.66270923614502 1.9796336889266968
endloop
endfacet
facet normal 0.11411054088016553 -0.8819549844799583 0.45731191741632143
outer loop
vertex -44.20687484741211 -5.5211052894592285 0.23418393731117249
vertex -40.849971771240234 -4.741537570953369 0.8999999761581421
vertex -44.14997863769531 -3.8720691204071045 3.4002575874328613
endloop
endfacet
facet normal 0.3132197095202964 -0.8125684843579284 0.49155454610478416
outer loop
vertex -47.64530563354492 -5.11004638671875 3.1046645641326904
vertex -47.81999206542969 -7.230639457702637 -0.2894895076751709
vertex -44.20687484741211 -5.5211052894592285 0.23418393731117249
endloop
endfacet
facet normal 0.4549070403518423 -0.7655839610884059 0.4549074446110041
outer loop
vertex -51.03946304321289 -7.230639457702637 2.929978609085083
vertex -47.81999206542969 -7.230639457702637 -0.2894895076751709
vertex -47.64530563354492 -5.11004638671875 3.1046645641326904
endloop
endfacet
facet normal 0.5134435555098634 -0.6875688780508846 0.513444011788274
outer loop
vertex -51.03946304321289 -7.230639457702637 2.929978609085083
vertex -51.24227523803711 -9.937689781188965 -0.49230483174324036
vertex -47.81999206542969 -7.230639457702637 -0.2894895076751709
endloop
endfacet
facet normal -0.7051594118632842 -0.7051588233391358 0.07417032915925599
outer loop
vertex -28.75734519958496 -7.179134368896484 8.802001953125
vertex -28.348102569580078 -7.828126430511475 6.522637844085693
vertex -27.46439552307129 -8.383944511413574 9.63998031616211
endloop
endfacet
facet normal -0.7051590541317122 -0.7051591987783 0.07417016080887696
outer loop
vertex -27.46439552307129 -8.383944511413574 9.63998031616211
vertex -28.348102569580078 -7.828126430511475 6.522637844085693
vertex -27.061172485351562 -8.759818077087402 9.899999618530273
endloop
endfacet
facet normal 0.1209302538127828 -0.7704823324883326 0.625885651725708
outer loop
vertex -44.20687484741211 -5.5211052894592285 0.23418393731117249
vertex -44.222503662109375 -7.826284885406494 -2.6005353927612305
vertex -40.849971771240234 -6.541194915771484 -1.6701769828796387
endloop
endfacet
facet normal 0.2661716174687174 -0.748579566068447 0.6072736642724286
outer loop
vertex -47.81999206542969 -7.230639457702637 -0.2894895076751709
vertex -44.222503662109375 -7.826284885406494 -2.6005353927612305
vertex -44.20687484741211 -5.5211052894592285 0.23418393731117249
endloop
endfacet
facet normal 0.31884127148988833 -0.6711075453653716 0.669294334466068
outer loop
vertex -47.81999206542969 -7.230639457702637 -0.2894895076751709
vertex -45.296234130859375 -8.113990783691406 -2.3775124549865723
vertex -44.222503662109375 -7.826284885406494 -2.6005353927612305
endloop
endfacet
facet normal 0.3197999375217216 -0.6699731309186115 0.6699731366317727
outer loop
vertex -47.81999206542969 -7.230639457702637 -0.2894895076751709
vertex -47.349971771240234 -9.071664810180664 -2.3548707962036133
vertex -45.296234130859375 -8.113990783691406 -2.3775124549865723
endloop
endfacet
facet normal -0.8167674924952618 -0.5719072640794728 -0.07624266847464496
outer loop
vertex -25.26151466369629 -11.329994201660156 9.899999618530273
vertex -26.410486221313477 -9.756988525390625 10.409284591674805
vertex -26.661483764648438 -9.383071899414062 10.293352127075195
endloop
endfacet
facet normal -0.7051603409134207 -0.7051574337190668 0.07417470777568383
outer loop
vertex -27.061172485351562 -8.759818077087402 9.899999618530273
vertex -27.292491912841797 -8.528497695922852 9.899999618530273
vertex -27.46439552307129 -8.383944511413574 9.63998031616211
endloop
endfacet
facet normal 0.3197999162083534 -0.6699731388619734 0.6699731388619734
outer loop
vertex -47.81999206542969 -7.230639457702637 -0.2894895076751709
vertex -47.81999206542969 -9.400776863098145 -2.4596269130706787
vertex -47.349971771240234 -9.071664810180664 -2.3548707962036133
endloop
endfacet
facet normal 0.6280188817992767 -0.6280182643217651 0.4595490656957795
outer loop
vertex -53.94932556152344 -10.140504837036133 2.929978609085083
vertex -51.24227523803711 -9.937689781188965 -0.49230483174324036
vertex -51.03946304321289 -7.230639457702637 2.929978609085083
endloop
endfacet
facet normal 0.45954894264928065 -0.6280187588892115 0.62801847727052
outer loop
vertex -51.24227523803711 -9.937689781188965 -0.49230483174324036
vertex -48.79399871826172 -10.082782745361328 -2.428910255432129
vertex -47.81999206542969 -7.230639457702637 -0.2894895076751709
endloop
endfacet
facet normal 0.4595483734275819 -0.6280188263420386 0.6280188263420386
outer loop
vertex -47.81999206542969 -9.400776863098145 -2.4596269130706787
vertex -47.81999206542969 -7.230639457702637 -0.2894895076751709
vertex -48.79399871826172 -10.082782745361328 -2.428910255432129
endloop
endfacet
facet normal 0.5134438485616476 -0.5134437367407448 0.6875688646062332
outer loop
vertex -51.24227523803711 -9.937689781188965 -0.49230483174324036
vertex -49.20621109008789 -10.371417045593262 -2.336627960205078
vertex -48.79399871826172 -10.082782745361328 -2.428910255432129
endloop
endfacet
facet normal 0.6280187085757177 -0.45954889792993586 0.6280185603071529
outer loop
vertex -51.24227523803711 -9.937689781188965 -0.49230483174324036
vertex -53.94932556152344 -13.359972953796387 -0.2894895076751709
vertex -51.09718322753906 -12.385968208312988 -2.428910255432129
endloop
endfacet
facet normal 0.5719069043353411 0.8167676490800102 -0.07624368950857878
outer loop
vertex -50.167320251464844 -35.5468864440918 11.5
vertex -49.849971771240234 -35.918453216552734 9.899999618530273
vertex -51.512474060058594 -34.60499954223633 11.5
endloop
endfacet
facet normal -0.7051605808729178 -0.7051576736775745 -0.07417014518389829
outer loop
vertex -27.292491912841797 -8.528497695922852 9.899999618530273
vertex -27.061172485351562 -8.759818077087402 9.899999618530273
vertex -27.127113342285156 -8.712079048156738 10.073052406311035
endloop
endfacet
facet normal -0.8167675165601168 -0.5719071294756939 -0.07624342035278475
outer loop
vertex -27.061172485351562 -8.759818077087402 9.899999618530273
vertex -25.26151466369629 -11.329994201660156 9.899999618530273
vertex -26.661483764648438 -9.383071899414062 10.293352127075195
endloop
endfacet
facet normal -0.8819532765842836 -0.45731338797353827 -0.11411784743154932
outer loop
vertex -25.557443618774414 -11.07724666595459 11.174299240112305
vertex -24.839954376220703 -12.542238235473633 11.5
vertex -25.119129180908203 -12.00383472442627 11.5
endloop
endfacet
facet normal -0.7704820651778628 -0.6258862860855288 -0.1209286737267854
outer loop
vertex -27.127113342285156 -8.712079048156738 10.073052406311035
vertex -27.061172485351562 -8.759818077087402 9.899999618530273
vertex -26.980684280395508 -8.910077095031738 10.16486930847168
endloop
endfacet
facet normal 0.6258858201522266 0.7704823990677131 -0.12092895790188485
outer loop
vertex -51.512474060058594 -34.60499954223633 11.5
vertex -52.42014694213867 -34.11879348754883 9.899999618530273
vertex -52.86153030395508 -33.50912094116211 11.5
endloop
endfacet
facet normal -0.8167676187500593 -0.07624318171242654 0.5719070153475333
outer loop
vertex -26.101152420043945 -17.1707706451416 0.12204191088676453
vertex -27.061172485351562 -20.329994201660156 -1.6701769828796387
vertex -25.26151466369629 -20.329994201660156 0.8999999761581421
endloop
endfacet
facet normal -0.07483625200635734 -0.7059943890159243 0.7042524107617045
outer loop
vertex -40.849971771240234 -6.541194915771484 -1.6701769828796387
vertex -38.59254455566406 -7.527493953704834 -2.4190337657928467
vertex -37.471351623535156 -7.827917098999023 -2.6010582447052
endloop
endfacet
facet normal 0.513444021662136 -0.5134434104825538 0.6875689789769867
outer loop
vertex -51.24227523803711 -9.937689781188965 -0.49230483174324036
vertex -50.80854797363281 -11.973755836486816 -2.336627960205078
vertex -49.20621109008789 -10.371417045593262 -2.336627960205078
endloop
endfacet
facet normal 0.5134424152433675 -0.5134442627877279 0.6875695421115047
outer loop
vertex -51.09718322753906 -12.385968208312988 -2.428910255432129
vertex -50.80854797363281 -11.973755836486816 -2.336627960205078
vertex -51.24227523803711 -9.937689781188965 -0.49230483174324036
endloop
endfacet
facet normal 0.6280186118809382 -0.45954971391207006 0.6280180599110778
outer loop
vertex -53.94932556152344 -13.359972953796387 -0.2894895076751709
vertex -51.77919006347656 -13.359972953796387 -2.4596269130706787
vertex -51.09718322753906 -12.385968208312988 -2.428910255432129
endloop
endfacet
facet normal 0.669973222823277 -0.3198007980270462 0.6699726339792216
outer loop
vertex -53.94932556152344 -13.359972953796387 -0.2894895076751709
vertex -52.10830307006836 -13.829994201660156 -2.3548707962036133
vertex -51.77919006347656 -13.359972953796387 -2.4596269130706787
endloop
endfacet
facet normal -0.2578633283681902 -0.9623728166503634 0.085703358483345
outer loop
vertex -37.633079528808594 -2.9105224609375 6.726740837097168
vertex -37.63178634643555 -2.914869785308838 6.681815147399902
vertex -37.59640884399414 -2.920898199081421 6.720564842224121
endloop
endfacet
facet normal 0.687569021106026 -0.5134436878642591 0.5134436878642591
outer loop
vertex -53.94932556152344 -10.140504837036133 2.929978609085083
vertex -53.94932556152344 -13.359972953796387 -0.2894895076751709
vertex -51.24227523803711 -9.937689781188965 -0.49230483174324036
endloop
endfacet
facet normal 0.7655836915811776 -0.45490746926431996 0.45490746926431996
outer loop
vertex -56.06991958618164 -13.534659385681152 3.1046645641326904
vertex -53.94932556152344 -13.359972953796387 -0.2894895076751709
vertex -53.94932556152344 -10.140504837036133 2.929978609085083
endloop
endfacet
facet normal 0.812568634445985 -0.3132187360618952 0.49155491828927494
outer loop
vertex -54.835567474365234 -14.01904296875 0.7555601596832275
vertex -53.94932556152344 -13.359972953796387 -0.2894895076751709
vertex -56.06991958618164 -13.534659385681152 3.1046645641326904
endloop
endfacet
facet normal 0.8125654825912638 -0.3132268772637069 0.49155494083657963
outer loop
vertex -55.32087707519531 -14.142194747924805 1.4793274402618408
vertex -54.835567474365234 -14.01904296875 0.7555601596832275
vertex -56.06991958618164 -13.534659385681152 3.1046645641326904
endloop
endfacet
facet normal -0.8167676218234785 0.07624313264531571 0.5719070174995652
outer loop
vertex -27.061172485351562 -20.329994201660156 -1.6701769828796387
vertex -26.04108238220215 -23.68689727783203 0.23418393731117249
vertex -25.26151466369629 -20.329994201660156 0.8999999761581421
endloop
endfacet
facet normal -0.7704815168989967 -0.12093095757848359 0.6258865197591111
outer loop
vertex -26.320392608642578 -17.13262176513672 -0.14047713577747345
vertex -27.061172485351562 -20.329994201660156 -1.6701769828796387
vertex -26.101152420043945 -17.1707706451416 0.12204191088676453
endloop
endfacet
facet normal 0.5134450345795802 0.6875694224117634 0.5134418037420868
outer loop
vertex -49.349971771240234 -32.80171203613281 0.4000000059604645
vertex -49.349971771240234 -32.2191276550293 -0.3801608681678772
vertex -51.24227523803711 -30.722299575805664 -0.49230483174324036
endloop
endfacet
facet normal 0.5134440610197154 0.5134433896008717 0.6875689651800395
outer loop
vertex -49.349971771240234 -30.144811630249023 -2.336627960205078
vertex -50.80854797363281 -28.686233520507812 -2.336627960205078
vertex -51.24227523803711 -30.722299575805664 -0.49230483174324036
endloop
endfacet
facet normal 0.5134424152433675 0.5134442627877279 0.6875695421115047
outer loop
vertex -50.80854797363281 -28.686233520507812 -2.336627960205078
vertex -51.09718322753906 -28.27402114868164 -2.428910255432129
vertex -51.24227523803711 -30.722299575805664 -0.49230483174324036
endloop
endfacet
facet normal 0.6280187085757177 0.45954889792993586 0.6280185603071529
outer loop
vertex -53.94932556152344 -27.300016403198242 -0.2894895076751709
vertex -51.24227523803711 -30.722299575805664 -0.49230483174324036
vertex -51.09718322753906 -28.27402114868164 -2.428910255432129
endloop
endfacet
facet normal 0.5134436767857625 0.5134440322818555 0.687568772184184
outer loop
vertex -49.349971771240234 -30.61015510559082 -1.9891313314437866
vertex -49.349971771240234 -30.144811630249023 -2.336627960205078
vertex -51.24227523803711 -30.722299575805664 -0.49230483174324036
endloop
endfacet
facet normal 0.45954923126811614 0.6280181053435683 0.6280189196207056
outer loop
vertex -49.349971771240234 -32.2191276550293 -0.3801608681678772
vertex -49.349971771240234 -30.61015510559082 -1.9891313314437866
vertex -51.24227523803711 -30.722299575805664 -0.49230483174324036
endloop
endfacet
facet normal -0.7486870862935183 -0.2662464685573006 0.6071082809500198
outer loop
vertex -26.857572555541992 -16.623071670532227 -0.6192136406898499
vertex -28.3478946685791 -16.951374053955078 -2.6010582447052
vertex -26.47439193725586 -16.969249725341797 -0.2984904646873474
endloop
endfacet
facet normal 0.5134436723053766 0.6875690063666738 0.513443723161082
outer loop
vertex -49.349971771240234 -32.80171203613281 0.4000000059604645
vertex -51.24227523803711 -30.722299575805664 -0.49230483174324036
vertex -51.03946304321289 -33.42934799194336 2.929978609085083
endloop
endfacet
facet normal -0.7486862484910356 -0.2662477715888101 0.6071087426848769
outer loop
vertex -27.247785568237305 -15.845890045166016 -0.7595937252044678
vertex -27.366718292236328 -15.00292682647705 -0.5365796685218811
vertex -28.3478946685791 -16.951374053955078 -2.6010582447052
endloop
endfacet
facet normal -0.7486872000186837 -0.26624609489826995 0.607108304571437
outer loop
vertex -28.3478946685791 -16.951374053955078 -2.6010582447052
vertex -26.857572555541992 -16.623071670532227 -0.6192136406898499
vertex -27.247785568237305 -15.845890045166016 -0.7595937252044678
endloop
endfacet
facet normal 0.9078585940324503 -0.2964732477319183 0.2964732477319183
outer loop
vertex -57.30789566040039 -13.830252647399902 6.59999418258667
vertex -57.30789566040039 -17.02998924255371 3.4002575874328613
vertex -56.06991958618164 -13.534659385681152 3.1046645641326904
endloop
endfacet
facet normal 0.8568717240720375 -0.441515193096647 0.2661487981386439
outer loop
vertex -57.30789566040039 -13.830252647399902 6.59999418258667
vertex -56.06991958618164 -13.534659385681152 3.1046645641326904
vertex -55.65885925292969 -10.664178848266602 6.543097496032715
endloop
endfacet
facet normal -0.8167654949584113 -0.07624182586077187 0.5719102291747868
outer loop
vertex -25.989240646362305 -17.196325302124023 0.27846041321754456
vertex -26.101152420043945 -17.1707706451416 0.12204191088676453
vertex -25.26151466369629 -20.329994201660156 0.8999999761581421
endloop
endfacet
facet normal 0.7655836492449806 0.4549075722656378 0.45490743751242635
outer loop
vertex -53.94932556152344 -30.51948356628418 2.929978609085083
vertex -53.94932556152344 -27.300016403198242 -0.2894895076751709
vertex -56.06991958618164 -27.125329971313477 3.1046645641326904
endloop
endfacet
facet normal 0.6875690687910675 0.5134437319823897 0.5134435798895338
outer loop
vertex -51.24227523803711 -30.722299575805664 -0.49230483174324036
vertex -53.94932556152344 -27.300016403198242 -0.2894895076751709
vertex -53.94932556152344 -30.51948356628418 2.929978609085083
endloop
endfacet
facet normal 0.6280188546485694 0.6280184429967779 0.4595488586231086
outer loop
vertex -51.03946304321289 -33.42934799194336 2.929978609085083
vertex -51.24227523803711 -30.722299575805664 -0.49230483174324036
vertex -53.94932556152344 -30.51948356628418 2.929978609085083
endloop
endfacet
facet normal 0.5134433806339893 0.6875693128450335 0.5134436044172221
outer loop
vertex -48.509483337402344 -33.42934799194336 0.4000000059604645
vertex -49.349971771240234 -32.80171203613281 0.4000000059604645
vertex -51.03946304321289 -33.42934799194336 2.929978609085083
endloop
endfacet
facet normal -0.9033196984695256 -0.42122410559204804 -0.08114046601483531
outer loop
vertex -24.839954376220703 -12.542238235473633 11.5
vertex -23.935504913330078 -14.17363166809082 9.899999618530273
vertex -24.156858444213867 -14.007144927978516 11.5
endloop
endfacet
facet normal 0.8125686272910829 -0.3132214703323314 0.4915531878292902
outer loop
vertex -54.498291015625 -14.326251983642578 0.002264814218506217
vertex -53.94932556152344 -13.359972953796387 -0.2894895076751709
vertex -54.835567474365234 -14.01904296875 0.7555601596832275
endloop
endfacet
facet normal -0.6280184914676289 -0.459548704961209 0.6280189186188576
outer loop
vertex -30.457666397094727 -9.937689781188965 -0.49230483174324036
vertex -30.602760314941406 -12.385968208312988 -2.428910255432129
vertex -27.7506160736084 -13.359972953796387 -0.2894895076751709
endloop
endfacet
facet normal -0.513443622345276 -0.513443622345276 0.6875691189589039
outer loop
vertex -30.457666397094727 -9.937689781188965 -0.49230483174324036
vertex -32.49373245239258 -10.371417045593262 -2.336627960205078
vertex -30.891393661499023 -11.973755836486816 -2.336627960205078
endloop
endfacet
facet normal -0.07417060948368287 -0.7051592094275119 0.7051589962897628
outer loop
vertex -40.849971771240234 -6.541194915771484 -1.6701769828796387
vertex -40.849971771240234 -7.3299946784973145 -2.458976984024048
vertex -38.59254455566406 -7.527493953704834 -2.4190337657928467
endloop
endfacet
facet normal -0.6699729742787124 -0.3197997149727714 0.6699733995014056
outer loop
vertex -28.633968353271484 -15.883732795715332 -2.3775124549865723
vertex -28.3478946685791 -16.951374053955078 -2.6010582447052
vertex -27.7506160736084 -13.359972953796387 -0.2894895076751709
endloop
endfacet
facet normal -0.0762431691333209 -0.8167676907349362 0.5719069142194624
outer loop
vertex -40.849971771240234 -4.741537570953369 0.8999999761581421
vertex -40.849971771240234 -6.541194915771484 -1.6701769828796387
vertex -37.49306869506836 -5.5211052894592285 0.23418393731117249
endloop
endfacet
facet normal -0.7704495119200635 -0.12083561074737921 0.6259443303980347
outer loop
vertex -26.47439193725586 -16.969249725341797 -0.2984904646873474
vertex -28.3478946685791 -16.951374053955078 -2.6010582447052
vertex -26.320392608642578 -17.13262176513672 -0.14047713577747345
endloop
endfacet
facet normal -0.7704422526509039 -0.12096045123862724 0.6259291529928516
outer loop
vertex -28.3478946685791 -16.951374053955078 -2.6010582447052
vertex -27.061172485351562 -20.329994201660156 -1.6701769828796387
vertex -26.320392608642578 -17.13262176513672 -0.14047713577747345
endloop
endfacet
facet normal 0.07417060948368287 -0.7051592094275119 0.7051589962897628
outer loop
vertex -40.849971771240234 -6.541194915771484 -1.6701769828796387
vertex -43.107398986816406 -7.527493953704834 -2.4190337657928467
vertex -40.849971771240234 -7.3299946784973145 -2.458976984024048
endloop
endfacet
facet normal 0.26614928577153574 -0.856871609705564 0.4415151211044726
outer loop
vertex -47.64530563354492 -5.11004638671875 3.1046645641326904
vertex -44.20687484741211 -5.5211052894592285 0.23418393731117249
vertex -44.14997863769531 -3.8720691204071045 3.4002575874328613
endloop
endfacet
facet normal -0.8819549589275822 0.11411052435409962 0.45731197081935143
outer loop
vertex -26.04108238220215 -23.68689727783203 0.23418393731117249
vertex -24.392045974731445 -23.630001068115234 3.4002575874328613
vertex -25.26151466369629 -20.329994201660156 0.8999999761581421
endloop
endfacet
facet normal 0.6699734853255891 -0.669972826597687 0.31979984456123256
outer loop
vertex -53.35184097290039 -7.828126430511475 6.522637844085693
vertex -53.94932556152344 -10.140504837036133 2.929978609085083
vertex -51.03946304321289 -7.230639457702637 2.929978609085083
endloop
endfacet
facet normal 0.4915542436049606 -0.8125686971127919 0.31321963231313416
outer loop
vertex -51.03946304321289 -7.230639457702637 2.929978609085083
vertex -47.64530563354492 -5.11004638671875 3.1046645641326904
vertex -50.51578903198242 -5.5211052894592285 6.543097496032715
endloop
endfacet
facet normal 0.607108089183871 -0.7486872798142765 0.266246361649898
outer loop
vertex -53.35184097290039 -7.828126430511475 6.522637844085693
vertex -51.03946304321289 -7.230639457702637 2.929978609085083
vertex -50.51578903198242 -5.5211052894592285 6.543097496032715
endloop
endfacet
facet normal -0.8125686320027402 0.3132195251385624 0.49155441952765383
outer loop
vertex -26.04108238220215 -23.68689727783203 0.23418393731117249
vertex -27.7506160736084 -27.300016403198242 -0.2894895076751709
vertex -25.630023956298828 -27.125329971313477 3.1046645641326904
endloop
endfacet
facet normal -0.7704822989602266 0.12093018546316468 0.6258857062058605
outer loop
vertex -27.061172485351562 -20.329994201660156 -1.6701769828796387
vertex -28.346261978149414 -23.702524185180664 -2.6005353927612305
vertex -26.04108238220215 -23.68689727783203 0.23418393731117249
endloop
endfacet
facet normal 0.4415147761402236 -0.8568718259803689 0.26614916173250774
outer loop
vertex -50.51578903198242 -5.5211052894592285 6.543097496032715
vertex -47.64530563354492 -5.11004638671875 3.1046645641326904
vertex -47.34971237182617 -3.8720691204071045 6.59999418258667
endloop
endfacet
facet normal -0.7485795368838584 0.2661713416184963 0.6072738211546403
outer loop
vertex -28.346261978149414 -23.702524185180664 -2.6005353927612305
vertex -27.7506160736084 -27.300016403198242 -0.2894895076751709
vertex -26.04108238220215 -23.68689727783203 0.23418393731117249
endloop
endfacet
facet normal 0.2964737077837173 -0.9078583801289126 0.29647344269374615
outer loop
vertex -47.34971237182617 -3.8720691204071045 6.59999418258667
vertex -47.64530563354492 -5.11004638671875 3.1046645641326904
vertex -44.14997863769531 -3.8720691204071045 3.4002575874328613
endloop
endfacet
facet normal 0.10346020469764765 -0.9555326171418136 0.27614018835011556
outer loop
vertex -44.14997863769531 -3.8720691204071045 3.4002575874328613
vertex -40.849971771240234 -3.415527582168579 3.7436373233795166
vertex -44.06815719604492 -2.914869785308838 6.681815147399902
endloop
endfacet
facet normal 0.812569491778868 -0.31322261274849145 0.49155103081291657
outer loop
vertex -54.47610092163086 -14.473312377929688 -0.12812578678131104
vertex -53.94932556152344 -13.359972953796387 -0.2894895076751709
vertex -54.498291015625 -14.326251983642578 0.002264814218506217
endloop
endfacet
facet normal -0.6711074225774368 0.3188410206370061 0.6692945770889094
outer loop
vertex -28.346261978149414 -23.702524185180664 -2.6005353927612305
vertex -28.633968353271484 -24.776256561279297 -2.3775124549865723
vertex -27.7506160736084 -27.300016403198242 -0.2894895076751709
endloop
endfacet
facet normal -0.45731185926195916 0.8819541773779258 -0.11411701180803968
outer loop
vertex -31.532623291015625 -35.5468864440918 11.5
vertex -32.94997024536133 -36.30097961425781 11.351853370666504
vertex -32.94997024536133 -36.28181076049805 11.5
endloop
endfacet
facet normal 0.2640135702627232 -0.9276819466193341 0.2640133341967656
outer loop
vertex -47.34971237182617 -3.8720691204071045 6.59999418258667
vertex -44.14997863769531 -3.8720691204071045 3.4002575874328613
vertex -44.62725830078125 -3.077954053878784 6.667874813079834
endloop
endfacet
facet normal 0.2640101515505457 -0.9276829895402342 0.2640130883042571
outer loop
vertex -44.62725830078125 -3.077954053878784 6.667874813079834
vertex -44.14997863769531 -3.8720691204071045 3.4002575874328613
vertex -44.430824279785156 -3.0317234992980957 6.633886814117432
endloop
endfacet
facet normal -0.09324065132593169 -0.9912682939560824 0.09323813778553193
outer loop
vertex -37.83863067626953 -2.8948543071746826 6.687761306762695
vertex -37.63178634643555 -2.914869785308838 6.681815147399902
vertex -37.633079528808594 -2.9105224609375 6.726740837097168
endloop
endfacet
facet normal -0.6699728573824965 0.3197998136372361 0.6699734693018239
outer loop
vertex -28.633968353271484 -24.776256561279297 -2.3775124549865723
vertex -29.591642379760742 -26.829994201660156 -2.3548707962036133
vertex -27.7506160736084 -27.300016403198242 -0.2894895076751709
endloop
endfacet
facet normal 0.2640137169261718 -0.9276819626784871 0.26401313110490765
outer loop
vertex -44.430824279785156 -3.0317234992980957 6.633886814117432
vertex -44.14997863769531 -3.8720691204071045 3.4002575874328613
vertex -44.306522369384766 -2.9843990802764893 6.675871849060059
endloop
endfacet
facet normal 0.2640148379741021 -0.9276816523214557 0.2640131005757903
outer loop
vertex -44.306522369384766 -2.9843990802764893 6.675871849060059
vertex -44.14997863769531 -3.8720691204071045 3.4002575874328613
vertex -44.06815719604492 -2.914869785308838 6.681815147399902
endloop
endfacet
facet normal 0.7485780839402303 -0.266172482165296 0.6072751122698336
outer loop
vertex -54.47610092163086 -14.473312377929688 -0.12812578678131104
vertex -53.35367965698242 -16.95746421813965 -2.6005353927612305
vertex -53.94932556152344 -13.359972953796387 -0.2894895076751709
endloop
endfacet
facet normal 0.6699737284151098 -0.3197994414418025 0.6699727759297894
outer loop
vertex -53.94932556152344 -13.359972953796387 -0.2894895076751709
vertex -53.065975189208984 -15.883732795715332 -2.3775124549865723
vertex -52.10830307006836 -13.829994201660156 -2.3548707962036133
endloop
endfacet
facet normal 0.08571186414883725 -0.9623714108240086 0.2578657479634288
outer loop
vertex -44.06815719604492 -2.914869785308838 6.681815147399902
vertex -40.849971771240234 -3.415527582168579 3.7436373233795166
vertex -43.86131286621094 -2.8948543071746826 6.687761306762695
endloop
endfacet
facet normal 0.07416995766508458 -0.7051583910040988 0.7051598832722054
outer loop
vertex -44.222503662109375 -7.826284885406494 -2.6005353927612305
vertex -43.107398986816406 -7.527493953704834 -2.4190337657928467
vertex -40.849971771240234 -6.541194915771484 -1.6701769828796387
endloop
endfacet
facet normal -0.6699737081681598 0.3197975308328859 0.6699737081681598
outer loop
vertex -29.591642379760742 -26.829994201660156 -2.3548707962036133
vertex -29.920753479003906 -27.300016403198242 -2.4596269130706787
vertex -27.7506160736084 -27.300016403198242 -0.2894895076751709
endloop
endfacet
facet normal -0.6280183891563569 0.45954956834155497 0.6280183891563569
outer loop
vertex -29.920753479003906 -27.300016403198242 -2.4596269130706787
vertex -30.602760314941406 -28.27402114868164 -2.428910255432129
vertex -27.7506160736084 -27.300016403198242 -0.2894895076751709
endloop
endfacet
facet normal -0.7059976875405868 -0.07483848465873504 0.7042488668086931
outer loop
vertex -28.3478946685791 -16.951374053955078 -2.6010582447052
vertex -28.047470092773438 -18.072568893432617 -2.4190337657928467
vertex -27.061172485351562 -20.329994201660156 -1.6701769828796387
endloop
endfacet
facet normal 0.08571237004732533 -0.9623712354288148 0.257866234393119
outer loop
vertex -43.86131286621094 -2.8948543071746826 6.687761306762695
vertex -40.849971771240234 -3.415527582168579 3.7436373233795166
vertex -43.260223388671875 -2.891629457473755 6.5
endloop
endfacet
facet normal -0.8125686323859417 -0.31321952364834976 0.4915544198437661
outer loop
vertex -27.7506160736084 -13.359972953796387 -0.2894895076751709
vertex -26.8643741607666 -14.01904296875 0.7555601596832275
vertex -25.630023956298828 -13.534659385681152 3.1046645641326904
endloop
endfacet
facet normal -0.7655839765789075 -0.4549072294466349 0.4549072294466349
outer loop
vertex -27.7506160736084 -13.359972953796387 -0.2894895076751709
vertex -25.630023956298828 -13.534659385681152 3.1046645641326904
vertex -27.7506160736084 -10.140504837036133 2.929978609085083
endloop
endfacet
facet normal 0.9555325523556099 -0.2761402228137189 0.10346071106059325
outer loop
vertex -57.76443862915039 -14.17363166809082 9.899999618530273
vertex -58.26509475708008 -17.11180877685547 6.681815147399902
vertex -57.30789566040039 -13.830252647399902 6.59999418258667
endloop
endfacet
facet normal 0.8819548680940902 -0.45731186452837996 0.11411165237044221
outer loop
vertex -57.30789566040039 -13.830252647399902 6.59999418258667
vertex -55.65885925292969 -10.664178848266602 6.543097496032715
vertex -56.43843078613281 -11.329994201660156 9.899999618530273
endloop
endfacet
facet normal -0.687569021106026 -0.5134436878642591 0.5134436878642591
outer loop
vertex -30.457666397094727 -9.937689781188965 -0.49230483174324036
vertex -27.7506160736084 -13.359972953796387 -0.2894895076751709
vertex -27.7506160736084 -10.140504837036133 2.929978609085083
endloop
endfacet
facet normal 0.7704826560646315 -0.6258852515473683 0.1209302633714084
outer loop
vertex -55.65885925292969 -10.664178848266602 6.543097496032715
vertex -53.35184097290039 -7.828126430511475 6.522637844085693
vertex -54.638771057128906 -8.759818077087402 9.899999618530273
endloop
endfacet
facet normal 0.9033196349083216 -0.42122420131976257 0.08114067667714386
outer loop
vertex -57.76443862915039 -14.17363166809082 9.899999618530273
vertex -57.30789566040039 -13.830252647399902 6.59999418258667
vertex -56.43843078613281 -11.329994201660156 9.899999618530273
endloop
endfacet
facet normal -0.7051594340904715 -0.07417039033777408 0.7051587946770205
outer loop
vertex -28.047470092773438 -18.072568893432617 -2.4190337657928467
vertex -27.849971771240234 -20.329994201660156 -2.458976984024048
vertex -27.061172485351562 -20.329994201660156 -1.6701769828796387
endloop
endfacet
facet normal -0.7051594373681367 0.07417032801437427 0.7051587979546826
outer loop
vertex -27.849971771240234 -20.329994201660156 -2.458976984024048
vertex -28.047470092773438 -22.587421417236328 -2.4190337657928467
vertex -27.061172485351562 -20.329994201660156 -1.6701769828796387
endloop
endfacet
facet normal -0.7051617567755941 0.07417217526840832 0.7051562842357079
outer loop
vertex -28.047470092773438 -22.587421417236328 -2.4190337657928467
vertex -28.346261978149414 -23.702524185180664 -2.6005353927612305
vertex -27.061172485351562 -20.329994201660156 -1.6701769828796387
endloop
endfacet
facet normal -0.9033194748740494 -0.42122473258947724 -0.08113970032108249
outer loop
vertex -25.26151466369629 -11.329994201660156 9.899999618530273
vertex -23.935504913330078 -14.17363166809082 9.899999618530273
vertex -24.839954376220703 -12.542238235473633 11.5
endloop
endfacet
facet normal -0.8167686059512357 -0.5719059668168229 -0.07624047121962078
outer loop
vertex -27.061172485351562 -8.759818077087402 9.899999618530273
vertex -26.661483764648438 -9.383071899414062 10.293352127075195
vertex -26.980684280395508 -8.910077095031738 10.16486930847168
endloop
endfacet
facet normal 0.816767195315813 -0.5719075106674574 0.07624400237456415
outer loop
vertex -56.43843078613281 -11.329994201660156 9.899999618530273
vertex -55.65885925292969 -10.664178848266602 6.543097496032715
vertex -54.638771057128906 -8.759818077087402 9.899999618530273
endloop
endfacet
facet normal -0.9623711052806759 -0.2578666034165339 -0.08571272112860637
outer loop
vertex -23.68659019470215 -15.634419441223145 11.5
vertex -23.123432159423828 -17.204326629638672 9.899999618530273
vertex -23.27825927734375 -17.1583309173584 11.5
endloop
endfacet
facet normal -0.5134444770087426 -0.5134431688923103 0.6875688193534091
outer loop
vertex -30.891393661499023 -11.973755836486816 -2.336627960205078
vertex -30.602760314941406 -12.385968208312988 -2.428910255432129
vertex -30.457666397094727 -9.937689781188965 -0.49230483174324036
endloop
endfacet
facet normal -0.9623710866294808 -0.2578667099508468 -0.08571261003328652
outer loop
vertex -23.935504913330078 -14.17363166809082 9.899999618530273
vertex -23.123432159423828 -17.204326629638672 9.899999618530273
vertex -23.68659019470215 -15.634419441223145 11.5
endloop
endfacet
facet normal -0.9918323298524431 -0.086774056320735 -0.09348204431397775
outer loop
vertex -23.123432159423828 -17.204326629638672 9.899999618530273
vertex -22.849971771240234 -20.329994201660156 9.899999618530273
vertex -23.27825927734375 -17.1583309173584 11.5
endloop
endfacet
facet normal -0.8819563031460129 -0.11411121089568729 0.4573092070896216
outer loop
vertex -25.989240646362305 -17.196325302124023 0.27846041321754456
vertex -25.26151466369629 -20.329994201660156 0.8999999761581421
vertex -25.82663345336914 -17.25303840637207 0.577909529209137
endloop
endfacet
facet normal 0.7051638756395199 -0.7051546314300247 0.0741677441064365
outer loop
vertex -53.35184097290039 -7.828126430511475 6.522637844085693
vertex -52.726444244384766 -6.9642744064331055 8.789689064025879
vertex -52.942596435546875 -7.179134368896484 8.802001953125
endloop
endfacet
facet normal 0.7051583128407962 -0.7051599305132786 0.07417025165138429
outer loop
vertex -53.35184097290039 -7.828126430511475 6.522637844085693
vertex -52.942596435546875 -7.179134368896484 8.802001953125
vertex -54.23554992675781 -8.383944511413574 9.63998031616211
endloop
endfacet
facet normal 0.705161189266094 -0.7051569116996447 0.07417160531529164
outer loop
vertex -54.638771057128906 -8.759818077087402 9.899999618530273
vertex -53.35184097290039 -7.828126430511475 6.522637844085693
vertex -54.23554992675781 -8.383944511413574 9.63998031616211
endloop
endfacet
facet normal -0.9921351784217247 -0.09018542869946496 -0.08680078449176777
outer loop
vertex -23.27825927734375 -17.1583309173584 11.5
vertex -22.849971771240234 -20.329994201660156 9.899999618530273
vertex -22.989953994750977 -20.329994201660156 11.5
endloop
endfacet
facet normal 0.7051606114594738 -0.7051577042640045 0.0741695635905982
outer loop
vertex -54.638771057128906 -8.759818077087402 9.899999618530273
vertex -54.23554992675781 -8.383944511413574 9.63998031616211
vertex -54.40745162963867 -8.528497695922852 9.899999618530273
endloop
endfacet
facet normal 0.7051605808729178 -0.7051576736775745 -0.07417014518389829
outer loop
vertex -54.638771057128906 -8.759818077087402 9.899999618530273
vertex -54.40745162963867 -8.528497695922852 9.899999618530273
vertex -54.57283020019531 -8.712079048156738 10.073052406311035
endloop
endfacet
facet normal -0.45731268710967343 0.8819545364238598 -0.11411091924046725
outer loop
vertex -31.849971771240234 -35.918453216552734 9.899999618530273
vertex -32.94997024536133 -36.30097961425781 11.351853370666504
vertex -31.532623291015625 -35.5468864440918 11.5
endloop
endfacet
facet normal -0.9924324940525189 0.08682656386715346 -0.08682679629999297
outer loop
vertex -22.849971771240234 -20.329994201660156 9.899999618530273
vertex -23.123432159423828 -23.45566177368164 9.899999618530273
vertex -22.989953994750977 -20.329994201660156 11.5
endloop
endfacet
facet normal -0.4212234196199084 0.9033201909429177 -0.08113854446908314
outer loop
vertex -31.849971771240234 -35.918453216552734 9.899999618530273
vertex -32.94997024536133 -36.43138885498047 9.899999618530273
vertex -32.94997024536133 -36.30097961425781 11.351853370666504
endloop
endfacet
facet normal -0.9915445744406346 0.09013168839195349 -0.0933575687609553
outer loop
vertex -22.989953994750977 -20.329994201660156 11.5
vertex -23.123432159423828 -23.45566177368164 9.899999618530273
vertex -23.27825927734375 -23.501659393310547 11.5
endloop
endfacet
facet normal -0.9623711032236929 0.2578667143972552 -0.08571241033815595
outer loop
vertex -23.123432159423828 -23.45566177368164 9.899999618530273
vertex -23.935504913330078 -26.486356735229492 9.899999618530273
vertex -23.27825927734375 -23.501659393310547 11.5
endloop
endfacet
facet normal 0.6258858094274248 -0.7704822541112187 0.12092993697622054
outer loop
vertex -53.35184097290039 -7.828126430511475 6.522637844085693
vertex -50.51578903198242 -5.5211052894592285 6.543097496032715
vertex -51.46721649169922 -6.030747413635254 8.220223426818848
endloop
endfacet
facet normal 0.62588726532944 -0.7704814574997145 0.12092747722313066
outer loop
vertex -53.35184097290039 -7.828126430511475 6.522637844085693
vertex -51.46721649169922 -6.030747413635254 8.220223426818848
vertex -51.65705490112305 -6.181245803833008 8.243884086608887
endloop
endfacet
facet normal 0.6258849988578045 -0.7704827537096547 0.12093094906083225
outer loop
vertex -52.726444244384766 -6.9642744064331055 8.789689064025879
vertex -53.35184097290039 -7.828126430511475 6.522637844085693
vertex -51.65705490112305 -6.181245803833008 8.243884086608887
endloop
endfacet
facet normal -0.9579616215636094 0.2670946097369208 -0.10473777284581708
outer loop
vertex -23.27825927734375 -23.501659393310547 11.5
vertex -23.935504913330078 -26.486356735229492 9.899999618530273
vertex -24.156858444213867 -26.652843475341797 11.5
endloop
endfacet
facet normal -0.9033196984695256 0.42122410559204804 -0.08114046601483531
outer loop
vertex -23.935504913330078 -26.486356735229492 9.899999618530273
vertex -24.839954376220703 -28.11775016784668 11.5
vertex -24.156858444213867 -26.652843475341797 11.5
endloop
endfacet
facet normal 0.45731150895703176 -0.8819550950035066 0.11411132359585723
outer loop
vertex -50.51578903198242 -5.5211052894592285 6.543097496032715
vertex -47.34971237182617 -3.8720691204071045 6.59999418258667
vertex -48.15599822998047 -4.224524021148682 7.107169151306152
endloop
endfacet
facet normal 0.4573117800372229 -0.8819548792883279 0.1141119044565357
outer loop
vertex -48.15599822998047 -4.224524021148682 7.107169151306152
vertex -47.34971237182617 -3.8720691204071045 6.59999418258667
vertex -47.77628707885742 -4.020410537719727 7.163013458251953
endloop
endfacet
facet normal 0.4573133461286187 -0.8819544265607432 0.1141091272535067
outer loop
vertex -50.51578903198242 -5.5211052894592285 6.543097496032715
vertex -49.975868225097656 -5.105894088745117 7.588450908660889
vertex -50.264244079589844 -5.226588249206543 7.811319828033447
endloop
endfacet
facet normal -0.6280185711639119 -0.6280187769896473 0.45954878959873907
outer loop
vertex -30.66048240661621 -7.230639457702637 2.929978609085083
vertex -30.457666397094727 -9.937689781188965 -0.49230483174324036
vertex -27.7506160736084 -10.140504837036133 2.929978609085083
endloop
endfacet
facet normal -0.9033194748740494 0.42122473258947724 -0.08113970032108249
outer loop
vertex -23.935504913330078 -26.486356735229492 9.899999618530273
vertex -25.26151466369629 -29.329994201660156 9.899999618530273
vertex -24.839954376220703 -28.11775016784668 11.5
endloop
endfacet
facet normal -0.6071078215283349 -0.7486874537871484 0.26624648275768076
outer loop
vertex -31.18415641784668 -5.5211052894592285 6.543097496032715
vertex -30.66048240661621 -7.230639457702637 2.929978609085083
vertex -28.348102569580078 -7.828126430511475 6.522637844085693
endloop
endfacet
facet normal -0.8167676455011369 0.5719070075528008 0.07624295360575936
outer loop
vertex -25.26151466369629 -29.329994201660156 9.899999618530273
vertex -26.04108238220215 -29.995811462402344 6.543097496032715
vertex -27.061172485351562 -31.900171279907227 9.899999618530273
endloop
endfacet
facet normal 0.571906214446582 -0.8167682717888459 0.0762421935442713
outer loop
vertex -51.46721649169922 -6.030747413635254 8.220223426818848
vertex -50.51578903198242 -5.5211052894592285 6.543097496032715
vertex -50.264244079589844 -5.226588249206543 7.811319828033447
endloop
endfacet
facet normal 0.45731177919432914 -0.881955099743461 0.11411020395485663
outer loop
vertex -49.975868225097656 -5.105894088745117 7.588450908660889
vertex -50.51578903198242 -5.5211052894592285 6.543097496032715
vertex -48.15599822998047 -4.224524021148682 7.107169151306152
endloop
endfacet
facet normal 0.27613600025822843 -0.9555316682354611 0.10348014476480118
outer loop
vertex -47.34971237182617 -3.8720691204071045 6.59999418258667
vertex -46.27235794067383 -3.5358076095581055 6.830107688903809
vertex -46.3450813293457 -3.554983377456665 6.847101211547852
endloop
endfacet
facet normal 0.2761408101110967 -0.9555323069947398 0.10346140961970947
outer loop
vertex -46.3450813293457 -3.554983377456665 6.847101211547852
vertex -47.289710998535156 -3.792290449142456 7.176656246185303
vertex -47.34971237182617 -3.8720691204071045 6.59999418258667
endloop
endfacet
facet normal 0.42122539159896716 -0.9033189654173647 0.08114195086142882
outer loop
vertex -47.77628707885742 -4.020410537719727 7.163013458251953
vertex -47.34971237182617 -3.8720691204071045 6.59999418258667
vertex -47.289710998535156 -3.792290449142456 7.176656246185303
endloop
endfacet
facet normal -0.7051591291772595 0.7051591291772595 0.0741701090462864
outer loop
vertex -27.061172485351562 -31.900171279907227 9.899999618530273
vertex -28.348102569580078 -32.83186340332031 6.522637844085693
vertex -29.279794692993164 -34.11879348754883 9.899999618530273
endloop
endfacet
facet normal 0.2761404942711479 -0.9555325140326224 0.1034603404700685
outer loop
vertex -46.27235794067383 -3.5358076095581055 6.830107688903809
vertex -47.34971237182617 -3.8720691204071045 6.59999418258667
vertex -44.62725830078125 -3.077954053878784 6.667874813079834
endloop
endfacet
facet normal -0.8819550393815001 0.45731183786319446 0.11411043536751568
outer loop
vertex -26.04108238220215 -29.995811462402344 6.543097496032715
vertex -25.26151466369629 -29.329994201660156 9.899999618530273
vertex -24.392045974731445 -26.829736709594727 6.59999418258667
endloop
endfacet
facet normal -0.6699730461738158 -0.6699732657496392 0.31979984456115873
outer loop
vertex -30.66048240661621 -7.230639457702637 2.929978609085083
vertex -27.7506160736084 -10.140504837036133 2.929978609085083
vertex -28.348102569580078 -7.828126430511475 6.522637844085693
endloop
endfacet
facet normal 0.276142021523878 -0.9555325964139968 0.10345550318388956
outer loop
vertex -44.306522369384766 -2.9843990802764893 6.675871849060059
vertex -44.06815719604492 -2.914869785308838 6.681815147399902
vertex -44.10353469848633 -2.920898199081421 6.720564842224121
endloop
endfacet
facet normal 0.2578633283681902 -0.9623728166503634 0.085703358483345
outer loop
vertex -44.10353469848633 -2.920898199081421 6.720564842224121
vertex -44.06815719604492 -2.914869785308838 6.681815147399902
vertex -44.066864013671875 -2.9105224609375 6.726740837097168
endloop
endfacet
facet normal 0.09324065132593169 -0.9912682939560824 0.09323813778553193
outer loop
vertex -44.066864013671875 -2.9105224609375 6.726740837097168
vertex -44.06815719604492 -2.914869785308838 6.681815147399902
vertex -43.86131286621094 -2.8948543071746826 6.687761306762695
endloop
endfacet
facet normal 0.6699733618498894 0.3198002155136768 0.6699727730057118
outer loop
vertex -53.94932556152344 -27.300016403198242 -0.2894895076751709
vertex -51.77919006347656 -27.300016403198242 -2.4596269130706787
vertex -52.10830307006836 -26.829994201660156 -2.3548707962036133
endloop
endfacet
facet normal -0.7704823788332795 0.6258856516364634 0.1209299589969768
outer loop
vertex -26.04108238220215 -29.995811462402344 6.543097496032715
vertex -28.348102569580078 -32.83186340332031 6.522637844085693
vertex -27.061172485351562 -31.900171279907227 9.899999618530273
endloop
endfacet
facet normal -0.6258857129408005 0.7704823343487555 0.12092992513467603
outer loop
vertex -28.348102569580078 -32.83186340332031 6.522637844085693
vertex -31.18415641784668 -35.138885498046875 6.543097496032715
vertex -29.279794692993164 -34.11879348754883 9.899999618530273
endloop
endfacet
facet normal -0.5719074065038278 0.816767349619722 0.07624313071510264
outer loop
vertex -31.18415641784668 -35.138885498046875 6.543097496032715
vertex -31.849971771240234 -35.918453216552734 9.899999618530273
vertex -29.279794692993164 -34.11879348754883 9.899999618530273
endloop
endfacet
facet normal 0.6280186118809382 0.45954971391207006 0.6280180599110778
outer loop
vertex -53.94932556152344 -27.300016403198242 -0.2894895076751709
vertex -51.09718322753906 -28.27402114868164 -2.428910255432129
vertex -51.77919006347656 -27.300016403198242 -2.4596269130706787
endloop
endfacet
facet normal -0.42122341779834377 0.903320187036544 0.08113859741544162
outer loop
vertex -31.849971771240234 -35.918453216552734 9.899999618530273
vertex -32.94997024536133 -36.30097961425781 8.44814682006836
vertex -32.94997024536133 -36.43138885498047 9.899999618530273
endloop
endfacet
facet normal -0.4573122240423107 0.8819548219635766 0.1141105681200098
outer loop
vertex -31.18415641784668 -35.138885498046875 6.543097496032715
vertex -32.94997024536133 -36.30097961425781 8.44814682006836
vertex -31.849971771240234 -35.918453216552734 9.899999618530273
endloop
endfacet
facet normal -0.4573115149712331 0.8819550839193496 0.11411138516172974
outer loop
vertex -31.18415641784668 -35.138885498046875 6.543097496032715
vertex -32.94997024536133 -36.05860137939453 6.574830532073975
vertex -32.94997024536133 -36.30097961425781 8.44814682006836
endloop
endfacet
facet normal -0.8125689890427338 -0.3132186023987751 0.4915544172901182
outer loop
vertex -25.630023956298828 -13.534659385681152 3.1046645641326904
vertex -26.8643741607666 -14.01904296875 0.7555601596832275
vertex -26.37906837463379 -14.142194747924805 1.4793274402618408
endloop
endfacet
facet normal 0.4212234196199084 0.9033201909429177 -0.08113854446908314
outer loop
vertex -48.74997329711914 -36.43138885498047 9.899999618530273
vertex -49.849971771240234 -35.918453216552734 9.899999618530273
vertex -48.74997329711914 -36.30097961425781 11.351853370666504
endloop
endfacet
facet normal 0.5719077204379647 0.8167671918337354 -0.07624246616869584
outer loop
vertex -49.849971771240234 -35.918453216552734 9.899999618530273
vertex -52.42014694213867 -34.11879348754883 9.899999618530273
vertex -51.512474060058594 -34.60499954223633 11.5
endloop
endfacet
facet normal 0.816767720288632 0.5719069541961583 -0.07624255266309274
outer loop
vertex -55.124977111816406 -30.992496490478516 11.5
vertex -54.638771057128906 -31.900171279907227 9.899999618530273
vertex -56.066864013671875 -29.647342681884766 11.5
endloop
endfacet
facet normal 0.8819549716494784 0.45731177751287305 -0.11411120072448802
outer loop
vertex -56.066864013671875 -29.647342681884766 11.5
vertex -56.43843078613281 -29.329994201660156 9.899999618530273
vertex -56.859989166259766 -28.11775016784668 11.5
endloop
endfacet
facet normal 0.8167673253551141 0.5719073895135441 -0.07624351809863204
outer loop
vertex -54.638771057128906 -31.900171279907227 9.899999618530273
vertex -56.43843078613281 -29.329994201660156 9.899999618530273
vertex -56.066864013671875 -29.647342681884766 11.5
endloop
endfacet
facet normal 0.7051591358111337 0.7051591358111337 -0.07416998290542028
outer loop
vertex -54.02909851074219 -32.341552734375 11.5
vertex -52.86153030395508 -33.50912094116211 11.5
vertex -54.638771057128906 -31.900171279907227 9.899999618530273
endloop
endfacet
facet normal 0.812568376042064 0.4915548281205776 0.31321954793357376
outer loop
vertex -53.94932556152344 -30.51948356628418 2.929978609085083
vertex -56.06991958618164 -27.125329971313477 3.1046645641326904
vertex -55.65885925292969 -29.995811462402344 6.543097496032715
endloop
endfacet
facet normal 0.7486875581224768 0.6071075571919904 0.26624679211772095
outer loop
vertex -53.94932556152344 -30.51948356628418 2.929978609085083
vertex -55.65885925292969 -29.995811462402344 6.543097496032715
vertex -53.35184097290039 -32.83186340332031 6.522637844085693
endloop
endfacet
facet normal 0.4549076809786361 0.7655842119596529 0.4549063817806439
outer loop
vertex -47.66342544555664 -35.329994201660156 2.75262188911438
vertex -51.03946304321289 -33.42934799194336 2.929978609085083
vertex -47.99734878540039 -35.329994201660156 3.0865461826324463
endloop
endfacet
facet normal -0.5134439385643363 0.5134439385643363 0.6875686466841576
outer loop
vertex -32.349971771240234 -30.144811630249023 -2.336627960205078
vertex -32.349971771240234 -30.61015510559082 -1.9891313314437866
vertex -30.891393661499023 -28.686233520507812 -2.336627960205078
endloop
endfacet
facet normal 0.7704823295493685 0.6258857636804029 -0.12092969310461757
outer loop
vertex -55.124977111816406 -30.992496490478516 11.5
vertex -54.02909851074219 -32.341552734375 11.5
vertex -54.638771057128906 -31.900171279907227 9.899999618530273
endloop
endfacet
facet normal 0.7051588662498994 0.7051594724746973 -0.07416934493686132
outer loop
vertex -52.42014694213867 -34.11879348754883 9.899999618530273
vertex -54.638771057128906 -31.900171279907227 9.899999618530273
vertex -52.86153030395508 -33.50912094116211 11.5
endloop
endfacet
facet normal 0.49155440842847137 0.8125682884934929 0.31322043370331243
outer loop
vertex -47.99734878540039 -35.329994201660156 3.0865461826324463
vertex -51.03946304321289 -33.42934799194336 2.929978609085083
vertex -48.74997329711914 -35.329994201660156 4.267682075500488
endloop
endfacet
facet normal 0.4915490207192125 0.8125680977007342 0.3132293837253988
outer loop
vertex -48.74997329711914 -35.329994201660156 4.267682075500488
vertex -51.03946304321289 -33.42934799194336 2.929978609085083
vertex -48.74997329711914 -35.391754150390625 4.4278974533081055
endloop
endfacet
facet normal -0.3197994917294878 -0.669973659086179 0.6699728212548908
outer loop
vertex -37.471351623535156 -7.827917098999023 -2.6010582447052
vertex -36.403709411621094 -8.113990783691406 -2.3775124549865723
vertex -33.87995147705078 -7.230639457702637 -0.2894895076751709
endloop
endfacet
facet normal -0.7486873435785364 0.6071078872658623 0.26624664276737015
outer loop
vertex -26.04108238220215 -29.995811462402344 6.543097496032715
vertex -27.7506160736084 -30.51948356628418 2.929978609085083
vertex -28.348102569580078 -32.83186340332031 6.522637844085693
endloop
endfacet
facet normal -0.11410874228670033 0.8819594267804379 0.45730379885462225
outer loop
vertex -37.49604797363281 -35.225250244140625 0.4000000059604645
vertex -38.305625915527344 -35.329994201660156 0.4000000059604645
vertex -37.499664306640625 -35.329994201660156 0.6011075973510742
endloop
endfacet
facet normal -0.26616268582648905 0.8568732811430384 0.44150379923256966
outer loop
vertex -37.49604797363281 -35.225250244140625 0.4000000059604645
vertex -37.499664306640625 -35.329994201660156 0.6011075973510742
vertex -37.2944450378418 -35.162628173828125 0.4000000059604645
endloop
endfacet
facet normal -0.8125685428277118 0.4915544689602368 0.3132196789029524
outer loop
vertex -25.630023956298828 -27.125329971313477 3.1046645641326904
vertex -27.7506160736084 -30.51948356628418 2.929978609085083
vertex -26.04108238220215 -29.995811462402344 6.543097496032715
endloop
endfacet
facet normal -0.6071078714955901 0.7486872107708709 0.26624705218317024
outer loop
vertex -28.348102569580078 -32.83186340332031 6.522637844085693
vertex -30.66048240661621 -33.42934799194336 2.929978609085083
vertex -31.18415641784668 -35.138885498046875 6.543097496032715
endloop
endfacet
facet normal -0.6699728601766723 0.6699732993283413 0.31980016387391963
outer loop
vertex -27.7506160736084 -30.51948356628418 2.929978609085083
vertex -30.66048240661621 -33.42934799194336 2.929978609085083
vertex -28.348102569580078 -32.83186340332031 6.522637844085693
endloop
endfacet
facet normal -0.49155549869024356 0.8125678695565113 0.31321980951366757
outer loop
vertex -30.66048240661621 -33.42934799194336 2.929978609085083
vertex -32.94997024536133 -35.391754150390625 4.4278974533081055
vertex -31.18415641784668 -35.138885498046875 6.543097496032715
endloop
endfacet
facet normal -0.8568716204588731 -0.4415151312929263 0.2661492342494618
outer loop
vertex -26.04108238220215 -10.664178848266602 6.543097496032715
vertex -25.630023956298828 -13.534659385681152 3.1046645641326904
vertex -24.392045974731445 -13.830252647399902 6.59999418258667
endloop
endfacet
facet normal -0.4549075679302269 0.765583660297937 0.45490742324633376
outer loop
vertex -30.66048240661621 -33.42934799194336 2.929978609085083
vertex -33.190460205078125 -33.42934799194336 0.4000000059604645
vertex -33.70259475708008 -35.329994201660156 3.0865461826324463
endloop
endfacet
facet normal -0.44151489310204445 0.85687201332529 0.2661483645430764
outer loop
vertex -32.94997024536133 -35.391754150390625 4.4278974533081055
vertex -32.94997024536133 -36.05860137939453 6.574830532073975
vertex -31.18415641784668 -35.138885498046875 6.543097496032715
endloop
endfacet
facet normal -0.3197999375217216 -0.6699731309186115 0.6699731366317727
outer loop
vertex -36.403709411621094 -8.113990783691406 -2.3775124549865723
vertex -34.349971771240234 -9.071664810180664 -2.3548707962036133
vertex -33.87995147705078 -7.230639457702637 -0.2894895076751709
endloop
endfacet
facet normal -0.26624655393449437 -0.7486872214230741 0.6071080768658931
outer loop
vertex -37.49306869506836 -5.5211052894592285 0.23418393731117249
vertex -37.471351623535156 -7.827917098999023 -2.6010582447052
vertex -33.87995147705078 -7.230639457702637 -0.2894895076751709
endloop
endfacet
facet normal 0.49155514549908996 0.8125680335703906 0.31321993830680195
outer loop
vertex -51.03946304321289 -33.42934799194336 2.929978609085083
vertex -50.51578903198242 -35.138885498046875 6.543097496032715
vertex -48.74997329711914 -35.391754150390625 4.4278974533081055
endloop
endfacet
facet normal -0.4915493312788885 0.8125679341376735 0.31322932067498266
outer loop
vertex -30.66048240661621 -33.42934799194336 2.929978609085083
vertex -32.94997024536133 -35.329994201660156 4.267682075500488
vertex -32.94997024536133 -35.391754150390625 4.4278974533081055
endloop
endfacet
facet normal 0.44151450916419777 0.856872193748031 0.26614842058320454
outer loop
vertex -48.74997329711914 -36.05860137939453 6.574830532073975
vertex -48.74997329711914 -35.391754150390625 4.4278974533081055
vertex -50.51578903198242 -35.138885498046875 6.543097496032715
endloop
endfacet
facet normal -0.9078583481445175 -0.2964736242099017 0.2964736242099017
outer loop
vertex -25.630023956298828 -13.534659385681152 3.1046645641326904
vertex -24.392045974731445 -17.02998924255371 3.4002575874328613
vertex -24.392045974731445 -13.830252647399902 6.59999418258667
endloop
endfacet
facet normal -0.7486874499715102 -0.6071078736716148 0.2662463745876889
outer loop
vertex -27.7506160736084 -10.140504837036133 2.929978609085083
vertex -26.04108238220215 -10.664178848266602 6.543097496032715
vertex -28.348102569580078 -7.828126430511475 6.522637844085693
endloop
endfacet
facet normal -0.3197999162083534 -0.6699731388619734 0.6699731388619734
outer loop
vertex -33.87995147705078 -7.230639457702637 -0.2894895076751709
vertex -34.349971771240234 -9.071664810180664 -2.3548707962036133
vertex -33.87995147705078 -9.400776863098145 -2.4596269130706787
endloop
endfacet
facet normal -0.11411054088016553 -0.8819549844799583 0.45731191741632143
outer loop
vertex -40.849971771240234 -4.741537570953369 0.8999999761581421
vertex -37.49306869506836 -5.5211052894592285 0.23418393731117249
vertex -37.549964904785156 -3.8720691204071045 3.4002575874328613
endloop
endfacet
facet normal -0.3132197095202964 -0.8125684843579284 0.49155454610478416
outer loop
vertex -37.49306869506836 -5.5211052894592285 0.23418393731117249
vertex -33.87995147705078 -7.230639457702637 -0.2894895076751709
vertex -34.05463790893555 -5.11004638671875 3.1046645641326904
endloop
endfacet
facet normal 0.7704790610275976 -0.6258904260817602 -0.12092638693529369
outer loop
vertex -54.719261169433594 -8.910077095031738 10.16486930847168
vertex -54.638771057128906 -8.759818077087402 9.899999618530273
vertex -54.57283020019531 -8.712079048156738 10.073052406311035
endloop
endfacet
facet normal -0.5134435160330003 -0.6875691641611056 0.5134436681257921
outer loop
vertex -33.87995147705078 -7.230639457702637 -0.2894895076751709
vertex -30.457666397094727 -9.937689781188965 -0.49230483174324036
vertex -30.66048240661621 -7.230639457702637 2.929978609085083
endloop
endfacet
facet normal 0.856867162910956 -0.2661699254223141 0.4415113089441864
outer loop
vertex -57.30789566040039 -17.02998924255371 3.4002575874328613
vertex -56.16680908203125 -16.990617752075195 1.209418773651123
vertex -56.21413040161133 -16.944683074951172 1.32895028591156
endloop
endfacet
facet normal 0.8819554097774371 -0.11411078330276503 0.4573110367117139
outer loop
vertex -56.16680908203125 -16.990617752075195 1.209418773651123
vertex -57.30789566040039 -17.02998924255371 3.4002575874328613
vertex -56.43843078613281 -20.329994201660156 0.8999999761581421
endloop
endfacet
facet normal -0.45490724635424756 -0.765583876416188 0.4549073811073625
outer loop
vertex -34.05463790893555 -5.11004638671875 3.1046645641326904
vertex -33.87995147705078 -7.230639457702637 -0.2894895076751709
vertex -30.66048240661621 -7.230639457702637 2.929978609085083
endloop
endfacet
facet normal -0.6699735691438098 -0.3197981133424794 0.6699735691438098
outer loop
vertex -29.920753479003906 -13.359972953796387 -2.4596269130706787
vertex -29.591642379760742 -13.829994201660156 -2.3548707962036133
vertex -27.7506160736084 -13.359972953796387 -0.2894895076751709
endloop
endfacet
facet normal -0.6280183891563569 -0.45954956834155497 0.6280183891563569
outer loop
vertex -29.920753479003906 -13.359972953796387 -2.4596269130706787
vertex -27.7506160736084 -13.359972953796387 -0.2894895076751709
vertex -30.602760314941406 -12.385968208312988 -2.428910255432129
endloop
endfacet
facet normal 0.6699732993285102 0.6699728601765534 0.319800163873815
outer loop
vertex -51.03946304321289 -33.42934799194336 2.929978609085083
vertex -53.94932556152344 -30.51948356628418 2.929978609085083
vertex -53.35184097290039 -32.83186340332031 6.522637844085693
endloop
endfacet
facet normal -0.8125686544404602 -0.49155441078179485 0.31321948065499133
outer loop
vertex -27.7506160736084 -10.140504837036133 2.929978609085083
vertex -25.630023956298828 -13.534659385681152 3.1046645641326904
vertex -26.04108238220215 -10.664178848266602 6.543097496032715
endloop
endfacet
facet normal 0.6071081391511447 0.7486870367980508 0.26624693107524866
outer loop
vertex -50.51578903198242 -35.138885498046875 6.543097496032715
vertex -51.03946304321289 -33.42934799194336 2.929978609085083
vertex -53.35184097290039 -32.83186340332031 6.522637844085693
endloop
endfacet
facet normal -0.8125708527540817 -0.31321735472370876 0.49155213147171567
outer loop
vertex -25.875770568847656 -14.66270923614502 1.9796336889266968
vertex -25.786401748657227 -14.842731475830078 2.0126564502716064
vertex -25.630023956298828 -13.534659385681152 3.1046645641326904
endloop
endfacet
facet normal -0.6699729712856294 -0.3197997174990377 0.669973401288619
outer loop
vertex -29.591642379760742 -13.829994201660156 -2.3548707962036133
vertex -28.633968353271484 -15.883732795715332 -2.3775124549865723
vertex -27.7506160736084 -13.359972953796387 -0.2894895076751709
endloop
endfacet
facet normal -0.8125680632016556 -0.31322053826683793 0.4915547142206478
outer loop
vertex -25.630023956298828 -13.534659385681152 3.1046645641326904
vertex -26.37906837463379 -14.142194747924805 1.4793274402618408
vertex -25.875770568847656 -14.66270923614502 1.9796336889266968
endloop
endfacet
facet normal -0.4915546054583038 0.812568120907351 0.31322055925150916
outer loop
vertex -33.70259475708008 -35.329994201660156 3.0865461826324463
vertex -32.94997024536133 -35.329994201660156 4.267682075500488
vertex -30.66048240661621 -33.42934799194336 2.929978609085083
endloop
endfacet
facet normal 0.4549076570460454 0.7655835715980982 0.4549074834073159
outer loop
vertex -47.66342544555664 -35.329994201660156 2.75262188911438
vertex -47.784507751464844 -33.86012649536133 0.4000000059604645
vertex -48.509483337402344 -33.42934799194336 0.4000000059604645
endloop
endfacet
facet normal 0.45490741975699484 0.7655836326036657 0.4549076180274505
outer loop
vertex -47.66342544555664 -35.329994201660156 2.75262188911438
vertex -48.509483337402344 -33.42934799194336 0.4000000059604645
vertex -51.03946304321289 -33.42934799194336 2.929978609085083
endloop
endfacet
facet normal 0.7704826158688276 0.6258853249764343 0.1209301394321196
outer loop
vertex -55.65885925292969 -29.995811462402344 6.543097496032715
vertex -54.638771057128906 -31.900171279907227 9.899999618530273
vertex -53.35184097290039 -32.83186340332031 6.522637844085693
endloop
endfacet
facet normal 0.8819527567493258 -0.45731311842696243 -0.11412294500612763
outer loop
vertex -56.14250183105469 -11.07724666595459 11.174299240112305
vertex -56.580814361572266 -12.00383472442627 11.5
vertex -56.859989166259766 -12.542238235473633 11.5
endloop
endfacet
facet normal 0.8819541159965948 -0.11411090641488938 0.45731350112787755
outer loop
vertex -56.43843078613281 -20.329994201660156 0.8999999761581421
vertex -55.87331008911133 -17.25303840637207 0.577909529209137
vertex -56.16680908203125 -16.990617752075195 1.209418773651123
endloop
endfacet
facet normal 0.8819549454457233 0.4573117710803091 0.11411142902979586
outer loop
vertex -55.65885925292969 -29.995811462402344 6.543097496032715
vertex -57.30789566040039 -26.829736709594727 6.59999418258667
vertex -56.43843078613281 -29.329994201660156 9.899999618530273
endloop
endfacet
facet normal -0.8568710298272799 -0.2661499321852553 0.4415158568392769
outer loop
vertex -25.786401748657227 -14.842731475830078 2.0126564502716064
vertex -25.527589797973633 -15.453495025634766 2.146771192550659
vertex -25.630023956298828 -13.534659385681152 3.1046645641326904
endloop
endfacet
facet normal 0.816771877450695 -0.5719024751929115 -0.07623161466142701
outer loop
vertex -55.03845977783203 -9.383071899414062 10.293352127075195
vertex -54.638771057128906 -8.759818077087402 9.899999618530273
vertex -54.719261169433594 -8.910077095031738 10.16486930847168
endloop
endfacet
facet normal 0.8167671736207175 -0.5719074954763624 -0.0762443487320818
outer loop
vertex -55.03845977783203 -9.383071899414062 10.293352127075195
vertex -56.43843078613281 -11.329994201660156 9.899999618530273
vertex -54.638771057128906 -8.759818077087402 9.899999618530273
endloop
endfacet
facet normal 0.8819540384181401 -0.11411087570310471 0.4573136584054806
outer loop
vertex -56.43843078613281 -20.329994201660156 0.8999999761581421
vertex -55.71070098876953 -17.196325302124023 0.27846041321754456
vertex -55.87331008911133 -17.25303840637207 0.577909529209137
endloop
endfacet
facet normal 0.7051588364789849 0.7051594427037573 0.07416991102415307
outer loop
vertex -53.35184097290039 -32.83186340332031 6.522637844085693
vertex -54.638771057128906 -31.900171279907227 9.899999618530273
vertex -52.42014694213867 -34.11879348754883 9.899999618530273
endloop
endfacet
facet normal 0.8167748712347016 -0.07624781183336117 0.5718960402994243
outer loop
vertex -56.43843078613281 -20.329994201660156 0.8999999761581421
vertex -55.598793029785156 -17.1707706451416 0.12204191088676453
vertex -55.71070098876953 -17.196325302124023 0.27846041321754456
endloop
endfacet
facet normal -0.4415149932470028 -0.8568717303376424 0.26614910949742776
outer loop
vertex -34.3502311706543 -3.8720691204071045 6.59999418258667
vertex -34.05463790893555 -5.11004638671875 3.1046645641326904
vertex -31.18415641784668 -5.5211052894592285 6.543097496032715
endloop
endfacet
facet normal -0.2640135702627232 -0.9276819466193341 0.2640133341967656
outer loop
vertex -37.07268524169922 -3.077954053878784 6.667874813079834
vertex -37.549964904785156 -3.8720691204071045 3.4002575874328613
vertex -34.3502311706543 -3.8720691204071045 6.59999418258667
endloop
endfacet
facet normal 0.8167673120563772 0.571907380201656 0.07624373041161374
outer loop
vertex -54.638771057128906 -31.900171279907227 9.899999618530273
vertex -55.65885925292969 -29.995811462402344 6.543097496032715
vertex -56.43843078613281 -29.329994201660156 9.899999618530273
endloop
endfacet
facet normal -0.2964737077837173 -0.9078583801289126 0.29647344269374615
outer loop
vertex -37.549964904785156 -3.8720691204071045 3.4002575874328613
vertex -34.05463790893555 -5.11004638671875 3.1046645641326904
vertex -34.3502311706543 -3.8720691204071045 6.59999418258667
endloop
endfacet
facet normal -0.4915544608749794 -0.8125685962178121 0.3132195530846098
outer loop
vertex -34.05463790893555 -5.11004638671875 3.1046645641326904
vertex -30.66048240661621 -7.230639457702637 2.929978609085083
vertex -31.18415641784668 -5.5211052894592285 6.543097496032715
endloop
endfacet
facet normal 0.8167669076831342 -0.5719089828354189 -0.07623604046569392
outer loop
vertex -55.289459228515625 -9.756988525390625 10.409284591674805
vertex -56.43843078613281 -11.329994201660156 9.899999618530273
vertex -55.03845977783203 -9.383071899414062 10.293352127075195
endloop
endfacet
facet normal 0.8167656521261828 -0.5719099153356139 -0.07624249633703185
outer loop
vertex -56.14250183105469 -11.07724666595459 11.174299240112305
vertex -56.43843078613281 -11.329994201660156 9.899999618530273
vertex -55.953582763671875 -10.767935752868652 10.877937316894531
endloop
endfacet
facet normal -0.2640137169261718 -0.9276819626784871 0.26401313110490765
outer loop
vertex -37.3934211730957 -2.9843990802764893 6.675871849060059
vertex -37.549964904785156 -3.8720691204071045 3.4002575874328613
vertex -37.26911926269531 -3.0317234992980957 6.633886814117432
endloop
endfacet
facet normal -0.2640101515505457 -0.9276829895402342 0.2640130883042571
outer loop
vertex -37.549964904785156 -3.8720691204071045 3.4002575874328613
vertex -37.07268524169922 -3.077954053878784 6.667874813079834
vertex -37.26911926269531 -3.0317234992980957 6.633886814117432
endloop
endfacet
facet normal 0.8819550785432524 -0.45731161004868837 -0.11411104568113438
outer loop
vertex -56.859989166259766 -12.542238235473633 11.5
vertex -56.43843078613281 -11.329994201660156 9.899999618530273
vertex -56.14250183105469 -11.07724666595459 11.174299240112305
endloop
endfacet
facet normal -0.2640148379741021 -0.9276816523214557 0.2640131005757903
outer loop
vertex -37.63178634643555 -2.914869785308838 6.681815147399902
vertex -37.549964904785156 -3.8720691204071045 3.4002575874328613
vertex -37.3934211730957 -2.9843990802764893 6.675871849060059
endloop
endfacet
facet normal -0.08571186414883725 -0.9623714108240086 0.2578657479634288
outer loop
vertex -37.83863067626953 -2.8948543071746826 6.687761306762695
vertex -40.849971771240234 -3.415527582168579 3.7436373233795166
vertex -37.63178634643555 -2.914869785308838 6.681815147399902
endloop
endfacet
facet normal 0.8167677399600511 -0.5719065367411049 -0.07624547326461728
outer loop
vertex -56.43843078613281 -11.329994201660156 9.899999618530273
vertex -55.289459228515625 -9.756988525390625 10.409284591674805
vertex -55.953582763671875 -10.767935752868652 10.877937316894531
endloop
endfacet
facet normal 0.9033193388425422 -0.42122511404206336 -0.08113923448815134
outer loop
vertex -57.543087005615234 -14.007144927978516 11.5
vertex -57.76443862915039 -14.17363166809082 9.899999618530273
vertex -56.859989166259766 -12.542238235473633 11.5
endloop
endfacet
facet normal -0.08571237004732533 -0.9623712354288148 0.257866234393119
outer loop
vertex -38.439720153808594 -2.891629457473755 6.5
vertex -40.849971771240234 -3.415527582168579 3.7436373233795166
vertex -37.83863067626953 -2.8948543071746826 6.687761306762695
endloop
endfacet
facet normal -0.08702404262370907 -0.9619661411215887 0.2589362070878971
outer loop
vertex -40.849971771240234 -2.67358660697937 6.5
vertex -40.849971771240234 -3.415527582168579 3.7436373233795166
vertex -38.439720153808594 -2.891629457473755 6.5
endloop
endfacet
facet normal 0.9579619181269946 -0.2670939509216184 -0.10473674044731925
outer loop
vertex -58.42168426513672 -17.1583309173584 11.5
vertex -57.76443862915039 -14.17363166809082 9.899999618530273
vertex -57.543087005615234 -14.007144927978516 11.5
endloop
endfacet
facet normal 0.9033196601366082 -0.42122421308388736 -0.08114033474507457
outer loop
vertex -56.43843078613281 -11.329994201660156 9.899999618530273
vertex -56.859989166259766 -12.542238235473633 11.5
vertex -57.76443862915039 -14.17363166809082 9.899999618530273
endloop
endfacet
facet normal -0.4595483734275819 -0.6280188263420386 0.6280188263420386
outer loop
vertex -33.87995147705078 -9.400776863098145 -2.4596269130706787
vertex -32.90594482421875 -10.082782745361328 -2.428910255432129
vertex -33.87995147705078 -7.230639457702637 -0.2894895076751709
endloop
endfacet
facet normal 0.08702404262370907 -0.9619661411215887 0.2589362070878971
outer loop
vertex -40.849971771240234 -3.415527582168579 3.7436373233795166
vertex -40.849971771240234 -2.67358660697937 6.5
vertex -43.260223388671875 -2.891629457473755 6.5
endloop
endfacet
facet normal 0.991544508091438 -0.09013233285027313 -0.09335765125942207
outer loop
vertex -58.42168426513672 -17.1583309173584 11.5
vertex -58.709991455078125 -20.329994201660156 11.5
vertex -58.57651138305664 -17.204326629638672 9.899999618530273
endloop
endfacet
facet normal -0.10346020469764765 -0.9555326171418136 0.27614018835011556
outer loop
vertex -40.849971771240234 -3.415527582168579 3.7436373233795166
vertex -37.549964904785156 -3.8720691204071045 3.4002575874328613
vertex -37.63178634643555 -2.914869785308838 6.681815147399902
endloop
endfacet
facet normal -0.26614907968501644 0.8568712320555432 0.4415159782594899
outer loop
vertex -37.2944450378418 -35.162628173828125 0.4000000059604645
vertex -37.499664306640625 -35.329994201660156 0.6011075973510742
vertex -35.89446258544922 -35.329994201660156 1.5687350034713745
endloop
endfacet
facet normal 0.9623710778670167 -0.2578667076029503 -0.08571271548079129
outer loop
vertex -58.57651138305664 -17.204326629638672 9.899999618530273
vertex -57.76443862915039 -14.17363166809082 9.899999618530273
vertex -58.42168426513672 -17.1583309173584 11.5
endloop
endfacet
facet normal 0.9921352317417846 0.09018597595306008 -0.08679960643960033
outer loop
vertex -58.709991455078125 -20.329994201660156 11.5
vertex -58.42168426513672 -23.501659393310547 11.5
vertex -58.849971771240234 -20.329994201660156 9.899999618530273
endloop
endfacet
facet normal -0.7486876839977742 -0.2662459974181686 0.6071077504766791
outer loop
vertex -27.7506160736084 -13.359972953796387 -0.2894895076751709
vertex -28.3478946685791 -16.951374053955078 -2.6010582447052
vertex -27.366718292236328 -15.00292682647705 -0.5365796685218811
endloop
endfacet
facet normal -0.5134437158415004 -0.5134434461243684 0.6875691807336954
outer loop
vertex -32.90594482421875 -10.082782745361328 -2.428910255432129
vertex -32.49373245239258 -10.371417045593262 -2.336627960205078
vertex -30.457666397094727 -9.937689781188965 -0.49230483174324036
endloop
endfacet
facet normal -0.26614928577153574 -0.856871609705564 0.4415151211044726
outer loop
vertex -37.549964904785156 -3.8720691204071045 3.4002575874328613
vertex -37.49306869506836 -5.5211052894592285 0.23418393731117249
vertex -34.05463790893555 -5.11004638671875 3.1046645641326904
endloop
endfacet
facet normal 0.9924325959967915 -0.08682657278611867 -0.08682562214741718
outer loop
vertex -58.57651138305664 -17.204326629638672 9.899999618530273
vertex -58.709991455078125 -20.329994201660156 11.5
vertex -58.849971771240234 -20.329994201660156 9.899999618530273
endloop
endfacet
facet normal -0.08114006585346499 -0.9033194121322795 0.42122479672769564
outer loop
vertex -40.849971771240234 -3.415527582168579 3.7436373233795166
vertex -40.849971771240234 -4.741537570953369 0.8999999761581421
vertex -37.549964904785156 -3.8720691204071045 3.4002575874328613
endloop
endfacet
facet normal 0.08114006585346499 -0.9033194121322795 0.42122479672769564
outer loop
vertex -40.849971771240234 -3.415527582168579 3.7436373233795166
vertex -44.14997863769531 -3.8720691204071045 3.4002575874328613
vertex -40.849971771240234 -4.741537570953369 0.8999999761581421
endloop
endfacet
facet normal -0.31322216374411405 0.8125652838300027 0.49155827289724513
outer loop
vertex -37.2944450378418 -35.162628173828125 0.4000000059604645
vertex -35.89446258544922 -35.329994201660156 1.5687350034713745
vertex -34.03651809692383 -35.329994201660156 2.75262188911438
endloop
endfacet
facet normal 0.9033193388425422 0.42122511404206336 -0.08113923448815134
outer loop
vertex -57.543087005615234 -26.652843475341797 11.5
vertex -56.859989166259766 -28.11775016784668 11.5
vertex -57.76443862915039 -26.486356735229492 9.899999618530273
endloop
endfacet
facet normal 0.960473865054205 0.25735835065736723 -0.10609728504894253
outer loop
vertex -57.76443862915039 -26.486356735229492 9.899999618530273
vertex -58.57651138305664 -23.45566177368164 9.899999618530273
vertex -57.543087005615234 -26.652843475341797 11.5
endloop
endfacet
facet normal -0.9623710800611073 -0.2578667081908554 0.08571268907711453
outer loop
vertex -23.434846878051758 -17.11180877685547 6.681815147399902
vertex -23.123432159423828 -17.204326629638672 9.899999618530273
vertex -23.935504913330078 -14.17363166809082 9.899999618530273
endloop
endfacet
facet normal 0.9033196601366082 0.42122421308388736 -0.08114033474507457
outer loop
vertex -56.859989166259766 -28.11775016784668 11.5
vertex -56.43843078613281 -29.329994201660156 9.899999618530273
vertex -57.76443862915039 -26.486356735229492 9.899999618530273
endloop
endfacet
facet normal 0.9597589339594855 0.2675951474832637 -0.08517996083799448
outer loop
vertex -57.543087005615234 -26.652843475341797 11.5
vertex -58.57651138305664 -23.45566177368164 9.899999618530273
vertex -58.42168426513672 -23.501659393310547 11.5
endloop
endfacet
facet normal 0.9918323394434923 0.0867740571598428 -0.09348194177523961
outer loop
vertex -58.57651138305664 -23.45566177368164 9.899999618530273
vertex -58.849971771240234 -20.329994201660156 9.899999618530273
vertex -58.42168426513672 -23.501659393310547 11.5
endloop
endfacet
facet normal -0.9924325117983902 -0.0868265654197155 0.08682659191142929
outer loop
vertex -23.123432159423828 -17.204326629638672 9.899999618530273
vertex -23.123432159423828 -20.329994201660156 6.7743330001831055
vertex -22.849971771240234 -20.329994201660156 9.899999618530273
endloop
endfacet
facet normal -0.9924325117983902 0.0868265654197155 0.08682659191142929
outer loop
vertex -23.123432159423828 -20.329994201660156 6.7743330001831055
vertex -23.123432159423828 -23.45566177368164 9.899999618530273
vertex -22.849971771240234 -20.329994201660156 9.899999618530273
endloop
endfacet
facet normal 0.7704787595248092 -0.1209330288991989 0.625889513925882
outer loop
vertex -55.598793029785156 -17.1707706451416 0.12204191088676453
vertex -54.638771057128906 -20.329994201660156 -1.6701769828796387
vertex -55.37955093383789 -17.13262176513672 -0.14047713577747345
endloop
endfacet
facet normal 0.770484892716085 -0.1209284216677996 0.6258828539984282
outer loop
vertex -54.638771057128906 -20.329994201660156 -1.6701769828796387
vertex -55.22555160522461 -16.969249725341797 -0.2984904646873474
vertex -55.37955093383789 -17.13262176513672 -0.14047713577747345
endloop
endfacet
facet normal -0.4595487004294184 -0.6280187875923265 0.6280186258103312
outer loop
vertex -33.87995147705078 -7.230639457702637 -0.2894895076751709
vertex -32.90594482421875 -10.082782745361328 -2.428910255432129
vertex -30.457666397094727 -9.937689781188965 -0.49230483174324036
endloop
endfacet
facet normal -0.12096319490528396 -0.770445860513466 0.6259241819070192
outer loop
vertex -40.849971771240234 -6.541194915771484 -1.6701769828796387
vertex -37.471351623535156 -7.827917098999023 -2.6010582447052
vertex -37.49306869506836 -5.5211052894592285 0.23418393731117249
endloop
endfacet
facet normal -0.3132195261065559 0.8125683770683477 0.4915548403322827
outer loop
vertex -33.915435791015625 -33.86012649536133 0.4000000059604645
vertex -37.2944450378418 -35.162628173828125 0.4000000059604645
vertex -34.03651809692383 -35.329994201660156 2.75262188911438
endloop
endfacet
facet normal -0.8568715798310725 0.26614930118260305 0.4415151697935346
outer loop
vertex -24.392045974731445 -23.630001068115234 3.4002575874328613
vertex -26.04108238220215 -23.68689727783203 0.23418393731117249
vertex -25.630023956298828 -27.125329971313477 3.1046645641326904
endloop
endfacet
facet normal -0.7486876290554516 -0.2662459949339658 0.6071078193212053
outer loop
vertex -27.7506160736084 -13.359972953796387 -0.2894895076751709
vertex -27.366718292236328 -15.00292682647705 -0.5365796685218811
vertex -27.223844528198242 -14.473312377929688 -0.12812578678131104
endloop
endfacet
facet normal -0.8125674751077602 -0.3132179617010838 0.49155732815696873
outer loop
vertex -27.7506160736084 -13.359972953796387 -0.2894895076751709
vertex -27.223844528198242 -14.473312377929688 -0.12812578678131104
vertex -27.20165252685547 -14.326251983642578 0.002264814218506217
endloop
endfacet
facet normal 0.7486876645154328 -0.6071075435977111 0.26624652393821013
outer loop
vertex -55.65885925292969 -10.664178848266602 6.543097496032715
vertex -53.94932556152344 -10.140504837036133 2.929978609085083
vertex -53.35184097290039 -7.828126430511475 6.522637844085693
endloop
endfacet
facet normal 0.7486016525885847 -0.26592993824946 0.6073523142989399
outer loop
vertex -55.22555160522461 -16.969249725341797 -0.2984904646873474
vertex -53.35367965698242 -16.95746421813965 -2.6005353927612305
vertex -54.842369079589844 -16.623071670532227 -0.6192136406898499
endloop
endfacet
facet normal 0.45731112431029625 0.8819552831496338 0.11411141093905569
outer loop
vertex -48.74997329711914 -36.05860137939453 6.574830532073975
vertex -50.51578903198242 -35.138885498046875 6.543097496032715
vertex -48.74997329711914 -36.30097961425781 8.44814682006836
endloop
endfacet
facet normal 0.6711087451929374 -0.3188402653537551 0.6692936106931756
outer loop
vertex -53.35367965698242 -16.95746421813965 -2.6005353927612305
vertex -53.065975189208984 -15.883732795715332 -2.3775124549865723
vertex -53.94932556152344 -13.359972953796387 -0.2894895076751709
endloop
endfacet
facet normal 0.7485403142850846 -0.26613048172677944 0.6073400732586802
outer loop
vertex -54.842369079589844 -16.623071670532227 -0.6192136406898499
vertex -53.35367965698242 -16.95746421813965 -2.6005353927612305
vertex -54.45215606689453 -15.845890045166016 -0.7595937252044678
endloop
endfacet
facet normal 0.7704818695473317 -0.12093031887040694 0.6258862090482185
outer loop
vertex -54.638771057128906 -20.329994201660156 -1.6701769828796387
vertex -53.35367965698242 -16.95746421813965 -2.6005353927612305
vertex -55.22555160522461 -16.969249725341797 -0.2984904646873474
endloop
endfacet
facet normal 0.8167673449125001 -0.07624300689113765 0.5719074297338539
outer loop
vertex -56.43843078613281 -20.329994201660156 0.8999999761581421
vertex -54.638771057128906 -20.329994201660156 -1.6701769828796387
vertex -55.598793029785156 -17.1707706451416 0.12204191088676453
endloop
endfacet
facet normal 0.8167672883786028 0.07624390945104738 0.571907390148339
outer loop
vertex -56.43843078613281 -20.329994201660156 0.8999999761581421
vertex -55.65885925292969 -23.68689727783203 0.23418393731117249
vertex -54.638771057128906 -20.329994201660156 -1.6701769828796387
endloop
endfacet
facet normal -0.45490851739128213 0.7655832179735144 0.45490721819090113
outer loop
vertex -33.915435791015625 -33.86012649536133 0.4000000059604645
vertex -34.03651809692383 -35.329994201660156 2.75262188911438
vertex -33.70259475708008 -35.329994201660156 3.0865461826324463
endloop
endfacet
facet normal -0.9912678689341522 -0.09324163960773407 0.0932416680567556
outer loop
vertex -23.434846878051758 -17.11180877685547 6.681815147399902
vertex -23.123432159423828 -20.329994201660156 6.7743330001831055
vertex -23.123432159423828 -17.204326629638672 9.899999618530273
endloop
endfacet
facet normal 0.8819548649917173 0.11411151801594378 0.45731190403655436
outer loop
vertex -55.65885925292969 -23.68689727783203 0.23418393731117249
vertex -56.43843078613281 -20.329994201660156 0.8999999761581421
vertex -57.30789566040039 -23.630001068115234 3.4002575874328613
endloop
endfacet
facet normal 0.8125684652171253 0.3132193941690682 0.4915547786880392
outer loop
vertex -56.06991958618164 -27.125329971313477 3.1046645641326904
vertex -53.94932556152344 -27.300016403198242 -0.2894895076751709
vertex -55.65885925292969 -23.68689727783203 0.23418393731117249
endloop
endfacet
facet normal -0.8125686324709994 -0.3132194911347882 0.49155444042086965
outer loop
vertex -27.7506160736084 -13.359972953796387 -0.2894895076751709
vertex -27.20165252685547 -14.326251983642578 0.002264814218506217
vertex -26.8643741607666 -14.01904296875 0.7555601596832275
endloop
endfacet
facet normal 0.7704822594577064 0.12093061567627461 0.6258856717109802
outer loop
vertex -55.65885925292969 -23.68689727783203 0.23418393731117249
vertex -53.35367965698242 -23.702524185180664 -2.6005353927612305
vertex -54.638771057128906 -20.329994201660156 -1.6701769828796387
endloop
endfacet
facet normal -0.8819552592300259 -0.11411079762846317 0.4573113234778836
outer loop
vertex -25.82663345336914 -17.25303840637207 0.577909529209137
vertex -25.26151466369629 -20.329994201660156 0.8999999761581421
vertex -25.53313636779785 -16.990617752075195 1.209418773651123
endloop
endfacet
facet normal 0.7485795368838584 0.2661713416184963 0.6072738211546403
outer loop
vertex -53.94932556152344 -27.300016403198242 -0.2894895076751709
vertex -53.35367965698242 -23.702524185180664 -2.6005353927612305
vertex -55.65885925292969 -23.68689727783203 0.23418393731117249
endloop
endfacet
facet normal 0.671109031382173 0.31884002320344357 0.6692934390840156
outer loop
vertex -53.94932556152344 -27.300016403198242 -0.2894895076751709
vertex -53.065975189208984 -24.776256561279297 -2.3775124549865723
vertex -53.35367965698242 -23.702524185180664 -2.6005353927612305
endloop
endfacet
facet normal 0.6699736145120506 0.31979953758001456 0.6699728439431459
outer loop
vertex -52.10830307006836 -26.829994201660156 -2.3548707962036133
vertex -53.065975189208984 -24.776256561279297 -2.3775124549865723
vertex -53.94932556152344 -27.300016403198242 -0.2894895076751709
endloop
endfacet
facet normal -0.9623710800611073 0.2578667081908554 0.08571268907711453
outer loop
vertex -23.123432159423828 -23.45566177368164 9.899999618530273
vertex -23.434846878051758 -23.548179626464844 6.681815147399902
vertex -23.935504913330078 -26.486356735229492 9.899999618530273
endloop
endfacet
facet normal 0.3132199228750459 0.8125682750411504 0.4915547561674079
outer loop
vertex -45.80548095703125 -35.329994201660156 1.5687350034713745
vertex -47.784507751464844 -33.86012649536133 0.4000000059604645
vertex -47.66342544555664 -35.329994201660156 2.75262188911438
endloop
endfacet
facet normal -0.9078583280699826 0.2964736991275696 0.29647361076424844
outer loop
vertex -24.392045974731445 -23.630001068115234 3.4002575874328613
vertex -25.630023956298828 -27.125329971313477 3.1046645641326904
vertex -24.392045974731445 -26.829736709594727 6.59999418258667
endloop
endfacet
facet normal -0.8819547771339452 -0.1141108435033262 0.457312241784071
outer loop
vertex -25.53313636779785 -16.990617752075195 1.209418773651123
vertex -25.26151466369629 -20.329994201660156 0.8999999761581421
vertex -24.392045974731445 -17.02998924255371 3.4002575874328613
endloop
endfacet
facet normal -0.8568716682802923 0.44151502273946175 0.2661492603670377
outer loop
vertex -25.630023956298828 -27.125329971313477 3.1046645641326904
vertex -26.04108238220215 -29.995811462402344 6.543097496032715
vertex -24.392045974731445 -26.829736709594727 6.59999418258667
endloop
endfacet
facet normal -0.8568732985775986 -0.26614154990284106 0.4415165065997636
outer loop
vertex -25.48581314086914 -16.944683074951172 1.32895028591156
vertex -25.53313636779785 -16.990617752075195 1.209418773651123
vertex -24.392045974731445 -17.02998924255371 3.4002575874328613
endloop
endfacet
facet normal 0.26614907968501644 0.8568712320555432 0.4415159782594899
outer loop
vertex -45.80548095703125 -35.329994201660156 1.5687350034713745
vertex -44.200279235839844 -35.329994201660156 0.6011075973510742
vertex -44.40549850463867 -35.162628173828125 0.4000000059604645
endloop
endfacet
facet normal 0.7051646409373573 -0.07417453725963999 0.7051531515876579
outer loop
vertex -54.638771057128906 -20.329994201660156 -1.6701769828796387
vertex -53.65247344970703 -18.072568893432617 -2.4190337657928467
vertex -53.35367965698242 -16.95746421813965 -2.6005353927612305
endloop
endfacet
facet normal -0.9555326475659295 0.10346007680478972 0.27614013099003243
outer loop
vertex -24.392045974731445 -23.630001068115234 3.4002575874328613
vertex -23.434846878051758 -23.548179626464844 6.681815147399902
vertex -23.935504913330078 -20.329994201660156 3.7436373233795166
endloop
endfacet
facet normal -0.927682071020639 0.26401327301529975 0.2640131943267358
outer loop
vertex -23.434846878051758 -23.548179626464844 6.681815147399902
vertex -24.392045974731445 -23.630001068115234 3.4002575874328613
vertex -24.392045974731445 -26.829736709594727 6.59999418258667
endloop
endfacet
facet normal -0.5134446534860703 0.6875696051137564 0.5134419401746241
outer loop
vertex -32.349971771240234 -32.2191276550293 -0.3801608681678772
vertex -32.349971771240234 -32.80171203613281 0.4000000059604645
vertex -30.457666397094727 -30.722299575805664 -0.49230483174324036
endloop
endfacet
facet normal 0.11410874228670033 0.8819594267804379 0.45730379885462225
outer loop
vertex -43.394317626953125 -35.329994201660156 0.4000000059604645
vertex -44.203895568847656 -35.225250244140625 0.4000000059604645
vertex -44.200279235839844 -35.329994201660156 0.6011075973510742
endloop
endfacet
facet normal 0.26616268582648905 0.8568732811430384 0.44150379923256966
outer loop
vertex -44.203895568847656 -35.225250244140625 0.4000000059604645
vertex -44.40549850463867 -35.162628173828125 0.4000000059604645
vertex -44.200279235839844 -35.329994201660156 0.6011075973510742
endloop
endfacet
facet normal -0.903319449939507 0.08113994660434158 0.4212247386206453
outer loop
vertex -25.26151466369629 -20.329994201660156 0.8999999761581421
vertex -24.392045974731445 -23.630001068115234 3.4002575874328613
vertex -23.935504913330078 -20.329994201660156 3.7436373233795166
endloop
endfacet
facet normal -0.45954886588714167 0.6280182390262138 0.6280190533035245
outer loop
vertex -32.349971771240234 -30.61015510559082 -1.9891313314437866
vertex -32.349971771240234 -32.2191276550293 -0.3801608681678772
vertex -30.457666397094727 -30.722299575805664 -0.49230483174324036
endloop
endfacet
facet normal -0.9033194465021361 -0.08113999319313797 0.4212247370177731
outer loop
vertex -24.392045974731445 -17.02998924255371 3.4002575874328613
vertex -25.26151466369629 -20.329994201660156 0.8999999761581421
vertex -23.935504913330078 -20.329994201660156 3.7436373233795166
endloop
endfacet
facet normal 0.7051594340904715 -0.07417039033777408 0.7051587946770205
outer loop
vertex -54.638771057128906 -20.329994201660156 -1.6701769828796387
vertex -53.849971771240234 -20.329994201660156 -2.458976984024048
vertex -53.65247344970703 -18.072568893432617 -2.4190337657928467
endloop
endfacet
facet normal 0.31321941586773244 0.8125680910817651 0.4915553833284839
outer loop
vertex -44.40549850463867 -35.162628173828125 0.4000000059604645
vertex -47.784507751464844 -33.86012649536133 0.4000000059604645
vertex -45.80548095703125 -35.329994201660156 1.5687350034713745
endloop
endfacet
facet normal 0.7051594373681367 0.07417032801437427 0.7051587979546826
outer loop
vertex -54.638771057128906 -20.329994201660156 -1.6701769828796387
vertex -53.65247344970703 -22.587421417236328 -2.4190337657928467
vertex -53.849971771240234 -20.329994201660156 -2.458976984024048
endloop
endfacet
facet normal -0.8568714971704572 -0.2661494687257168 0.4415152292207799
outer loop
vertex -25.389068603515625 -16.290117263793945 1.9112857580184937
vertex -25.48581314086914 -16.944683074951172 1.32895028591156
vertex -24.392045974731445 -17.02998924255371 3.4002575874328613
endloop
endfacet
facet normal -0.8568715515927623 -0.26614812733295445 0.44151593220196894
outer loop
vertex -25.527589797973633 -15.453495025634766 2.146771192550659
vertex -25.389068603515625 -16.290117263793945 1.9112857580184937
vertex -24.392045974731445 -17.02998924255371 3.4002575874328613
endloop
endfacet
facet normal -0.8568718362538055 -0.26614936470979333 0.44151463384536294
outer loop
vertex -25.527589797973633 -15.453495025634766 2.146771192550659
vertex -24.392045974731445 -17.02998924255371 3.4002575874328613
vertex -25.630023956298828 -13.534659385681152 3.1046645641326904
endloop
endfacet
facet normal -0.454907685997364 0.7655836203215116 0.45490737245721913
outer loop
vertex -33.190460205078125 -33.42934799194336 0.4000000059604645
vertex -33.915435791015625 -33.86012649536133 0.4000000059604645
vertex -33.70259475708008 -35.329994201660156 3.0865461826324463
endloop
endfacet
facet normal -0.5134434826788334 0.6875694494967192 0.513443319377523
outer loop
vertex -32.349971771240234 -32.80171203613281 0.4000000059604645
vertex -33.190460205078125 -33.42934799194336 0.4000000059604645
vertex -30.66048240661621 -33.42934799194336 2.929978609085083
endloop
endfacet
facet normal -0.513443490315021 0.5134436923955956 0.6875691652425272
outer loop
vertex -30.891393661499023 -28.686233520507812 -2.336627960205078
vertex -32.349971771240234 -30.61015510559082 -1.9891313314437866
vertex -30.457666397094727 -30.722299575805664 -0.49230483174324036
endloop
endfacet
facet normal 0.7051651825696996 0.07417490369941887 0.7051525714004198
outer loop
vertex -53.35367965698242 -23.702524185180664 -2.6005353927612305
vertex -53.65247344970703 -22.587421417236328 -2.4190337657928467
vertex -54.638771057128906 -20.329994201660156 -1.6701769828796387
endloop
endfacet
facet normal -0.9623710971145859 0.08571266694550116 0.2578666519027964
outer loop
vertex -23.935504913330078 -20.329994201660156 3.7436373233795166
vertex -23.434846878051758 -23.548179626464844 6.681815147399902
vertex -23.123432159423828 -20.329994201660156 6.7743330001831055
endloop
endfacet
facet normal -0.9623710971145859 -0.08571266694550116 0.2578666519027964
outer loop
vertex -23.935504913330078 -20.329994201660156 3.7436373233795166
vertex -23.123432159423828 -20.329994201660156 6.7743330001831055
vertex -23.434846878051758 -17.11180877685547 6.681815147399902
endloop
endfacet
facet normal -0.9555326267451687 -0.10346012823067607 0.27614018376898797
outer loop
vertex -24.392045974731445 -17.02998924255371 3.4002575874328613
vertex -23.935504913330078 -20.329994201660156 3.7436373233795166
vertex -23.434846878051758 -17.11180877685547 6.681815147399902
endloop
endfacet
facet normal -0.5134444770087426 0.5134431688923103 0.6875688193534091
outer loop
vertex -30.891393661499023 -28.686233520507812 -2.336627960205078
vertex -30.457666397094727 -30.722299575805664 -0.49230483174324036
vertex -30.602760314941406 -28.27402114868164 -2.428910255432129
endloop
endfacet
facet normal -0.9276820160163725 -0.26401333030720125 0.26401333030720125
outer loop
vertex -24.392045974731445 -17.02998924255371 3.4002575874328613
vertex -23.434846878051758 -17.11180877685547 6.681815147399902
vertex -24.392045974731445 -13.830252647399902 6.59999418258667
endloop
endfacet
facet normal -0.6280184914676289 0.459548704961209 0.6280189186188576
outer loop
vertex -30.602760314941406 -28.27402114868164 -2.428910255432129
vertex -30.457666397094727 -30.722299575805664 -0.49230483174324036
vertex -27.7506160736084 -27.300016403198242 -0.2894895076751709
endloop
endfacet
facet normal -0.5134436315935934 0.6875692930222905 0.5134433800029075
outer loop
vertex -30.457666397094727 -30.722299575805664 -0.49230483174324036
vertex -32.349971771240234 -32.80171203613281 0.4000000059604645
vertex -30.66048240661621 -33.42934799194336 2.929978609085083
endloop
endfacet
facet normal -0.6280185440130973 0.6280189556646851 0.4595485825258388
outer loop
vertex -30.457666397094727 -30.722299575805664 -0.49230483174324036
vertex -30.66048240661621 -33.42934799194336 2.929978609085083
vertex -27.7506160736084 -30.51948356628418 2.929978609085083
endloop
endfacet
facet normal 0.6258860066568518 0.7704821735651584 0.12092942937700761
outer loop
vertex -50.51578903198242 -35.138885498046875 6.543097496032715
vertex -53.35184097290039 -32.83186340332031 6.522637844085693
vertex -52.42014694213867 -34.11879348754883 9.899999618530273
endloop
endfacet
facet normal -0.6875690687910675 0.5134437319823897 0.5134435798895338
outer loop
vertex -27.7506160736084 -27.300016403198242 -0.2894895076751709
vertex -30.457666397094727 -30.722299575805664 -0.49230483174324036
vertex -27.7506160736084 -30.51948356628418 2.929978609085083
endloop
endfacet
facet normal -0.7655839342427395 0.45490733244792503 0.4549071976947846
outer loop
vertex -27.7506160736084 -27.300016403198242 -0.2894895076751709
vertex -27.7506160736084 -30.51948356628418 2.929978609085083
vertex -25.630023956298828 -27.125329971313477 3.1046645641326904
endloop
endfacet
facet normal -0.7051591358111337 0.7051591358111337 -0.07416998290542026
outer loop
vertex -27.061172485351562 -31.900171279907227 9.899999618530273
vertex -29.279794692993164 -34.11879348754883 9.899999618530273
vertex -28.83841323852539 -33.50912094116211 11.5
endloop
endfacet
facet normal -0.6258857636804029 0.7704823295493685 -0.12092969310461757
outer loop
vertex -28.83841323852539 -33.50912094116211 11.5
vertex -29.279794692993164 -34.11879348754883 9.899999618530273
vertex -30.187469482421875 -34.60499954223633 11.5
endloop
endfacet
facet normal -0.9555326312390572 0.27614018095180504 0.10346009424540632
outer loop
vertex -23.434846878051758 -23.548179626464844 6.681815147399902
vertex -24.392045974731445 -26.829736709594727 6.59999418258667
vertex -23.935504913330078 -26.486356735229492 9.899999618530273
endloop
endfacet
facet normal 0.42122341779834377 0.903320187036544 0.08113859741544162
outer loop
vertex -48.74997329711914 -36.30097961425781 8.44814682006836
vertex -49.849971771240234 -35.918453216552734 9.899999618530273
vertex -48.74997329711914 -36.43138885498047 9.899999618530273
endloop
endfacet
facet normal 0.4573120198315262 0.8819549523129787 0.11411037905563709
outer loop
vertex -48.74997329711914 -36.30097961425781 8.44814682006836
vertex -50.51578903198242 -35.138885498046875 6.543097496032715
vertex -49.849971771240234 -35.918453216552734 9.899999618530273
endloop
endfacet
facet normal -0.7051596480329079 0.7051584960785443 -0.07417119517947172
outer loop
vertex -27.061172485351562 -31.900171279907227 9.899999618530273
vertex -28.83841323852539 -33.50912094116211 11.5
vertex -27.670846939086914 -32.341552734375 11.5
endloop
endfacet
facet normal -0.9912678689341522 0.09324163960773407 0.0932416680567556
outer loop
vertex -23.123432159423828 -20.329994201660156 6.7743330001831055
vertex -23.434846878051758 -23.548179626464844 6.681815147399902
vertex -23.123432159423828 -23.45566177368164 9.899999618530273
endloop
endfacet
facet normal 0.5719077099431142 0.8167671768455664 0.07624270545662724
outer loop
vertex -50.51578903198242 -35.138885498046875 6.543097496032715
vertex -52.42014694213867 -34.11879348754883 9.899999618530273
vertex -49.849971771240234 -35.918453216552734 9.899999618530273
endloop
endfacet
facet normal -0.7704817466540386 0.6258863795144657 -0.1209302195946744
outer loop
vertex -27.061172485351562 -31.900171279907227 9.899999618530273
vertex -27.670846939086914 -32.341552734375 11.5
vertex -26.574966430664062 -30.992496490478516 11.5
endloop
endfacet
facet normal -0.9033194561763778 0.42122472387061094 0.08113995374253438
outer loop
vertex -24.392045974731445 -26.829736709594727 6.59999418258667
vertex -25.26151466369629 -29.329994201660156 9.899999618530273
vertex -23.935504913330078 -26.486356735229492 9.899999618530273
endloop
endfacet
facet normal -0.8819550774600776 0.45731183237784323 -0.11411016304259589
outer loop
vertex -25.26151466369629 -29.329994201660156 9.899999618530273
vertex -25.633079528808594 -29.647342681884766 11.5
vertex -24.839954376220703 -28.11775016784668 11.5
endloop
endfacet
facet normal -0.8167676671687331 0.5719070227246188 -0.07624260768106239
outer loop
vertex -25.26151466369629 -29.329994201660156 9.899999618530273
vertex -27.061172485351562 -31.900171279907227 9.899999618530273
vertex -26.574966430664062 -30.992496490478516 11.5
endloop
endfacet
facet normal 0.7484522472844923 -0.2662850532633819 0.6073808557596387
outer loop
vertex -54.45215606689453 -15.845890045166016 -0.7595937252044678
vertex -53.35367965698242 -16.95746421813965 -2.6005353927612305
vertex -54.33322525024414 -15.00292682647705 -0.5365796685218811
endloop
endfacet
facet normal -0.7071067811865476 -0.7071067811865476 0
outer loop
vertex -30.891393661499023 -11.973755836486816 -2.336627960205078
vertex -32.49373245239258 -10.371417045593262 -3.299999952316284
vertex -30.891393661499023 -11.973755836486816 -3.299999952316284
endloop
endfacet
facet normal -0.5735765565416402 -0.8191519601306186 0
outer loop
vertex -32.90594482421875 -10.082782745361328 -2.428910255432129
vertex -32.49373245239258 -10.371417045593262 -3.299999952316284
vertex -32.49373245239258 -10.371417045593262 -2.336627960205078
endloop
endfacet
facet normal -0.5735767869651296 -0.8191517987862558 0
outer loop
vertex -34.349971771240234 -9.071664810180664 -3.299999952316284
vertex -33.87995147705078 -9.400776863098145 -2.4596269130706787
vertex -34.349971771240234 -9.071664810180664 -2.3548707962036133
endloop
endfacet
facet normal -0.258818647025822 -0.9659259329525098 -0.0000012435233011402712
outer loop
vertex -37.471351623535156 -7.827917098999023 -2.6010582447052
vertex -38.59254455566406 -7.527493953704834 -3.299999952316284
vertex -36.403709411621094 -8.113990783691406 -2.3775124549865723
endloop
endfacet
facet normal -0.5735759025188142 -0.8191524180817538 -7.372027672788239e-7
outer loop
vertex -34.349971771240234 -9.071664810180664 -3.299999952316284
vertex -32.90594482421875 -10.082782745361328 -2.428910255432129
vertex -33.87995147705078 -9.400776863098145 -2.4596269130706787
endloop
endfacet
facet normal 0.7071072435202355 0.7071063188525573 0
outer loop
vertex -49.349971771240234 -30.144811630249023 -2.336627960205078
vertex -49.349971771240234 -30.144811630249023 -3.299999952316284
vertex -50.80854797363281 -28.686233520507812 -2.336627960205078
endloop
endfacet
facet normal 0.8191510697013729 0.5735778282038948 0
outer loop
vertex -50.80854797363281 -28.686233520507812 -2.336627960205078
vertex -50.80854797363281 -28.686233520507812 -3.299999952316284
vertex -51.09718322753906 -28.27402114868164 -2.428910255432129
endloop
endfacet
facet normal 0.7071072435202355 0.7071063188525573 0
outer loop
vertex -50.80854797363281 -28.686233520507812 -3.299999952316284
vertex -50.80854797363281 -28.686233520507812 -2.336627960205078
vertex -49.349971771240234 -30.144811630249023 -3.299999952316284
endloop
endfacet
facet normal -0.422618420121458 -0.9063077131824725 0
outer loop
vertex -36.403709411621094 -8.113990783691406 -3.299999952316284
vertex -34.349971771240234 -9.071664810180664 -3.299999952316284
vertex -34.349971771240234 -9.071664810180664 -2.3548707962036133
endloop
endfacet
facet normal 0.0871557362265409 -0.9961946986622693 0
outer loop
vertex -43.107398986816406 -7.527493953704834 -2.4190337657928467
vertex -43.107398986816406 -7.527493953704834 -3.299999952316284
vertex -40.849971771240234 -7.3299946784973145 -2.458976984024048
endloop
endfacet
facet normal 0.25881962113447016 -0.9659256719415886 0
outer loop
vertex -45.296234130859375 -8.113990783691406 -2.3775124549865723
vertex -45.296234130859375 -8.113990783691406 -3.299999952316284
vertex -44.222503662109375 -7.826284885406494 -2.6005353927612305
endloop
endfacet
facet normal -0.9659258100625526 -0.258819105660694 0
outer loop
vertex -28.633968353271484 -15.883732795715332 -3.299999952316284
vertex -28.3478946685791 -16.951374053955078 -2.6010582447052
vertex -28.633968353271484 -15.883732795715332 -2.3775124549865723
endloop
endfacet
facet normal 0.422618420121458 -0.9063077131824725 0
outer loop
vertex -47.349971771240234 -9.071664810180664 -2.3548707962036133
vertex -47.349971771240234 -9.071664810180664 -3.299999952316284
vertex -45.296234130859375 -8.113990783691406 -2.3775124549865723
endloop
endfacet
facet normal -0.9659256723035963 -0.2588196197820737 -8.417102636111955e-7
outer loop
vertex -28.047470092773438 -18.072568893432617 -3.299999952316284
vertex -28.3478946685791 -16.951374053955078 -2.6010582447052
vertex -28.633968353271484 -15.883732795715332 -3.299999952316284
endloop
endfacet
facet normal 0.2588183516903326 -0.9659260120857793 0.0000020886009431298954
outer loop
vertex -44.222503662109375 -7.826284885406494 -2.6005353927612305
vertex -45.296234130859375 -8.113990783691406 -3.299999952316284
vertex -43.107398986816406 -7.527493953704834 -2.4190337657928467
endloop
endfacet
facet normal 0.2588191360035797 -0.9659258019321983 0
outer loop
vertex -45.296234130859375 -8.113990783691406 -3.299999952316284
vertex -43.107398986816406 -7.527493953704834 -3.299999952316284
vertex -43.107398986816406 -7.527493953704834 -2.4190337657928467
endloop
endfacet
facet normal 0.422618420121458 -0.9063077131824725 0
outer loop
vertex -47.349971771240234 -9.071664810180664 -3.299999952316284
vertex -45.296234130859375 -8.113990783691406 -3.299999952316284
vertex -45.296234130859375 -8.113990783691406 -2.3775124549865723
endloop
endfacet
facet normal -0.9659255411251108 -0.2588201093465533 0
outer loop
vertex -28.047470092773438 -18.072568893432617 -3.299999952316284
vertex -28.047470092773438 -18.072568893432617 -2.4190337657928467
vertex -28.3478946685791 -16.951374053955078 -2.6010582447052
endloop
endfacet
facet normal -0.0871557362265409 -0.9961946986622693 0
outer loop
vertex -40.849971771240234 -7.3299946784973145 -2.458976984024048
vertex -40.849971771240234 -7.3299946784973145 -3.299999952316284
vertex -38.59254455566406 -7.527493953704834 -3.299999952316284
endloop
endfacet
facet normal 0.5735767869651296 -0.8191517987862558 0
outer loop
vertex -47.81999206542969 -9.400776863098145 -2.4596269130706787
vertex -47.349971771240234 -9.071664810180664 -3.299999952316284
vertex -47.349971771240234 -9.071664810180664 -2.3548707962036133
endloop
endfacet
facet normal -0.9961947288087188 -0.0871553916503337 0
outer loop
vertex -28.047470092773438 -18.072568893432617 -3.299999952316284
vertex -27.849971771240234 -20.329994201660156 -2.458976984024048
vertex -28.047470092773438 -18.072568893432617 -2.4190337657928467
endloop
endfacet
facet normal 0.5735759275064533 -0.8191524005854559 4.436127088649333e-7
outer loop
vertex -48.79399871826172 -10.082782745361328 -2.428910255432129
vertex -49.20621109008789 -10.371417045593262 -3.299999952316284
vertex -47.81999206542969 -9.400776863098145 -2.4596269130706787
endloop
endfacet
facet normal -0.9961947352023695 0.0871553185702447 0
outer loop
vertex -27.849971771240234 -20.329994201660156 -3.299999952316284
vertex -28.047470092773438 -22.587421417236328 -2.4190337657928467
vertex -27.849971771240234 -20.329994201660156 -2.458976984024048
endloop
endfacet
facet normal -0.9961947288087188 -0.0871553916503337 0
outer loop
vertex -27.849971771240234 -20.329994201660156 -3.299999952316284
vertex -27.849971771240234 -20.329994201660156 -2.458976984024048
vertex -28.047470092773438 -18.072568893432617 -3.299999952316284
endloop
endfacet
facet normal 0.9659256441080537 0.2588197249946512 -0.000002852114309335297
outer loop
vertex -53.065975189208984 -24.776256561279297 -3.299999952316284
vertex -53.65247344970703 -22.587421417236328 -3.299999952316284
vertex -53.35367965698242 -23.702524185180664 -2.6005353927612305
endloop
endfacet
facet normal 0.9659251968520282 0.25882139418210953 0
outer loop
vertex -53.35367965698242 -23.702524185180664 -2.6005353927612305
vertex -53.65247344970703 -22.587421417236328 -3.299999952316284
vertex -53.65247344970703 -22.587421417236328 -2.4190337657928467
endloop
endfacet
facet normal 0.9659261086020328 0.25881799149389484 0
outer loop
vertex -53.065975189208984 -24.776256561279297 -3.299999952316284
vertex -53.35367965698242 -23.702524185180664 -2.6005353927612305
vertex -53.065975189208984 -24.776256561279297 -2.3775124549865723
endloop
endfacet
facet normal 0.5735765565416402 -0.8191519601306186 0
outer loop
vertex -49.20621109008789 -10.371417045593262 -2.336627960205078
vertex -49.20621109008789 -10.371417045593262 -3.299999952316284
vertex -48.79399871826172 -10.082782745361328 -2.428910255432129
endloop
endfacet
facet normal -0.9659257141673699 0.2588194635451788 -6.648973156232839e-7
outer loop
vertex -28.346261978149414 -23.702524185180664 -2.6005353927612305
vertex -28.047470092773438 -22.587421417236328 -3.299999952316284
vertex -28.633968353271484 -24.776256561279297 -2.3775124549865723
endloop
endfacet
facet normal -0.9961947352023695 0.0871553185702447 0
outer loop
vertex -27.849971771240234 -20.329994201660156 -3.299999952316284
vertex -28.047470092773438 -22.587421417236328 -3.299999952316284
vertex -28.047470092773438 -22.587421417236328 -2.4190337657928467
endloop
endfacet
facet normal -0.9659256099007126 0.258819852673508 0
outer loop
vertex -28.047470092773438 -22.587421417236328 -3.299999952316284
vertex -28.346261978149414 -23.702524185180664 -2.6005353927612305
vertex -28.047470092773438 -22.587421417236328 -2.4190337657928467
endloop
endfacet
facet normal -0.9659256441119826 0.25881972499570394 0
outer loop
vertex -28.047470092773438 -22.587421417236328 -3.299999952316284
vertex -28.633968353271484 -24.776256561279297 -3.299999952316284
vertex -28.633968353271484 -24.776256561279297 -2.3775124549865723
endloop
endfacet
facet normal -0.9063077131824725 0.422618420121458 0
outer loop
vertex -28.633968353271484 -24.776256561279297 -3.299999952316284
vertex -29.591642379760742 -26.829994201660156 -2.3548707962036133
vertex -28.633968353271484 -24.776256561279297 -2.3775124549865723
endloop
endfacet
facet normal -0.8191536732999463 0.573574109875267 0
outer loop
vertex -29.591642379760742 -26.829994201660156 -2.3548707962036133
vertex -29.591642379760742 -26.829994201660156 -3.299999952316284
vertex -29.920753479003906 -27.300016403198242 -2.4596269130706787
endloop
endfacet
facet normal -0.8191514636037458 0.5735772656485978 0.000002630402179456328
outer loop
vertex -29.591642379760742 -26.829994201660156 -3.299999952316284
vertex -30.602760314941406 -28.27402114868164 -2.428910255432129
vertex -29.920753479003906 -27.300016403198242 -2.4596269130706787
endloop
endfacet
facet normal 0.9961947352023695 0.0871553185702447 0
outer loop
vertex -53.65247344970703 -22.587421417236328 -2.4190337657928467
vertex -53.65247344970703 -22.587421417236328 -3.299999952316284
vertex -53.849971771240234 -20.329994201660156 -2.458976984024048
endloop
endfacet
facet normal -0.819153229069548 0.5735747442940482 -0.0000035985752363563193
outer loop
vertex -29.591642379760742 -26.829994201660156 -3.299999952316284
vertex -30.891393661499023 -28.686233520507812 -2.336627960205078
vertex -30.602760314941406 -28.27402114868164 -2.428910255432129
endloop
endfacet
facet normal -0.9063077131824725 0.422618420121458 0
outer loop
vertex -29.591642379760742 -26.829994201660156 -3.299999952316284
vertex -29.591642379760742 -26.829994201660156 -2.3548707962036133
vertex -28.633968353271484 -24.776256561279297 -3.299999952316284
endloop
endfacet
facet normal -0.8191523515775043 0.573575997497319 0
outer loop
vertex -29.591642379760742 -26.829994201660156 -3.299999952316284
vertex -30.891393661499023 -28.686233520507812 -3.299999952316284
vertex -30.891393661499023 -28.686233520507812 -2.336627960205078
endloop
endfacet
facet normal 0.707107202039978 -0.7071063603328667 0
outer loop
vertex -50.80854797363281 -11.973755836486816 -2.336627960205078
vertex -50.80854797363281 -11.973755836486816 -3.299999952316284
vertex -49.20621109008789 -10.371417045593262 -2.336627960205078
endloop
endfacet
facet normal -0.7071067811865476 -0.7071067811865476 0
outer loop
vertex -32.49373245239258 -10.371417045593262 -3.299999952316284
vertex -30.891393661499023 -11.973755836486816 -2.336627960205078
vertex -32.49373245239258 -10.371417045593262 -2.336627960205078
endloop
endfacet
facet normal -0.5735762798942627 -0.8191521538411655 1.9509928811032808e-7
outer loop
vertex -34.349971771240234 -9.071664810180664 -3.299999952316284
vertex -32.49373245239258 -10.371417045593262 -3.299999952316284
vertex -32.90594482421875 -10.082782745361328 -2.428910255432129
endloop
endfacet
facet normal 0.9961947352023695 0.0871553185702447 0
outer loop
vertex -53.849971771240234 -20.329994201660156 -2.458976984024048
vertex -53.65247344970703 -22.587421417236328 -3.299999952316284
vertex -53.849971771240234 -20.329994201660156 -3.299999952316284
endloop
endfacet
facet normal 0.5735762798942223 -0.8191521538411078 -4.2265331189892296e-7
outer loop
vertex -49.20621109008789 -10.371417045593262 -3.299999952316284
vertex -47.349971771240234 -9.071664810180664 -3.299999952316284
vertex -47.81999206542969 -9.400776863098145 -2.4596269130706787
endloop
endfacet
facet normal 0.707107202039978 -0.7071063603328667 0
outer loop
vertex -50.80854797363281 -11.973755836486816 -3.299999952316284
vertex -49.20621109008789 -10.371417045593262 -3.299999952316284
vertex -49.20621109008789 -10.371417045593262 -2.336627960205078
endloop
endfacet
facet normal 0.8191508023213103 -0.5735782100549949 0.0000025419725337694017
outer loop
vertex -51.09718322753906 -12.385968208312988 -2.428910255432129
vertex -52.10830307006836 -13.829994201660156 -3.299999952316284
vertex -50.80854797363281 -11.973755836486816 -2.336627960205078
endloop
endfacet
facet normal 0.9961947288087188 -0.0871553916503337 0
outer loop
vertex -53.849971771240234 -20.329994201660156 -3.299999952316284
vertex -53.65247344970703 -18.072568893432617 -3.299999952316284
vertex -53.65247344970703 -18.072568893432617 -2.4190337657928467
endloop
endfacet
facet normal 0.9961947288087188 -0.0871553916503337 0
outer loop
vertex -53.849971771240234 -20.329994201660156 -2.458976984024048
vertex -53.849971771240234 -20.329994201660156 -3.299999952316284
vertex -53.65247344970703 -18.072568893432617 -2.4190337657928467
endloop
endfacet
facet normal 0.8191515014671523 -0.5735772115801884 7.524170733183187e-8
outer loop
vertex -51.77919006347656 -13.359972953796387 -2.4596269130706787
vertex -52.10830307006836 -13.829994201660156 -3.299999952316284
vertex -51.09718322753906 -12.385968208312988 -2.428910255432129
endloop
endfacet
facet normal 0.8191515646747665 -0.5735771213105366 0
outer loop
vertex -52.10830307006836 -13.829994201660156 -2.3548707962036133
vertex -52.10830307006836 -13.829994201660156 -3.299999952316284
vertex -51.77919006347656 -13.359972953796387 -2.4596269130706787
endloop
endfacet
facet normal 0.9063081107416083 -0.42261756755248187 0
outer loop
vertex -53.065975189208984 -15.883732795715332 -2.3775124549865723
vertex -52.10830307006836 -13.829994201660156 -3.299999952316284
vertex -52.10830307006836 -13.829994201660156 -2.3548707962036133
endloop
endfacet
facet normal 0.9659253075291834 -0.258820981133007 0
outer loop
vertex -53.65247344970703 -18.072568893432617 -2.4190337657928467
vertex -53.65247344970703 -18.072568893432617 -3.299999952316284
vertex -53.35367965698242 -16.95746421813965 -2.6005353927612305
endloop
endfacet
facet normal 0.9659256723039383 -0.25881961978216533 0
outer loop
vertex -53.65247344970703 -18.072568893432617 -3.299999952316284
vertex -53.065975189208984 -15.883732795715332 -3.299999952316284
vertex -53.065975189208984 -15.883732795715332 -2.3775124549865723
endloop
endfacet
facet normal 0.9659264192398078 -0.2588168320729991 -0.000007089434881364408
outer loop
vertex -53.35367965698242 -16.95746421813965 -2.6005353927612305
vertex -53.65247344970703 -18.072568893432617 -3.299999952316284
vertex -53.065975189208984 -15.883732795715332 -2.3775124549865723
endloop
endfacet
facet normal 0.8191514221754104 -0.5735773248202917 0
outer loop
vertex -52.10830307006836 -13.829994201660156 -3.299999952316284
vertex -50.80854797363281 -11.973755836486816 -3.299999952316284
vertex -50.80854797363281 -11.973755836486816 -2.336627960205078
endloop
endfacet
facet normal 0.9063081107416083 -0.4226175675524818 0
outer loop
vertex -53.065975189208984 -15.883732795715332 -2.3775124549865723
vertex -53.065975189208984 -15.883732795715332 -3.299999952316284
vertex -52.10830307006836 -13.829994201660156 -3.299999952316284
endloop
endfacet
facet normal -0.25881913600357964 -0.9659258019321983 0
outer loop
vertex -38.59254455566406 -7.527493953704834 -3.299999952316284
vertex -36.403709411621094 -8.113990783691406 -3.299999952316284
vertex -36.403709411621094 -8.113990783691406 -2.3775124549865723
endloop
endfacet
facet normal 0.8191515606320233 0.5735771270837869 6.557205175582442e-7
outer loop
vertex -50.80854797363281 -28.686233520507812 -3.299999952316284
vertex -52.10830307006836 -26.829994201660156 -3.299999952316284
vertex -51.77919006347656 -27.300016403198242 -2.4596269130706787
endloop
endfacet
facet normal 0.9063080355747968 0.42261772874851466 0
outer loop
vertex -52.10830307006836 -26.829994201660156 -3.299999952316284
vertex -53.065975189208984 -24.776256561279297 -3.299999952316284
vertex -53.065975189208984 -24.776256561279297 -2.3775124549865723
endloop
endfacet
facet normal 0.8191521114761613 0.573576340397812 0
outer loop
vertex -51.77919006347656 -27.300016403198242 -2.4596269130706787
vertex -52.10830307006836 -26.829994201660156 -3.299999952316284
vertex -52.10830307006836 -26.829994201660156 -2.3548707962036133
endloop
endfacet
facet normal -0.25881937029869106 -0.9659257391529584 0
outer loop
vertex -38.59254455566406 -7.527493953704834 -3.299999952316284
vertex -37.471351623535156 -7.827917098999023 -2.6010582447052
vertex -38.59254455566406 -7.527493953704834 -2.4190337657928467
endloop
endfacet
facet normal 0.8191514962168481 0.5735772190782288 4.2957291241539007e-7
outer loop
vertex -51.09718322753906 -28.27402114868164 -2.428910255432129
vertex -50.80854797363281 -28.686233520507812 -3.299999952316284
vertex -51.77919006347656 -27.300016403198242 -2.4596269130706787
endloop
endfacet
facet normal 0.9063080355747967 0.4226177287485146 0
outer loop
vertex -52.10830307006836 -26.829994201660156 -3.299999952316284
vertex -53.065975189208984 -24.776256561279297 -2.3775124549865723
vertex -52.10830307006836 -26.829994201660156 -2.3548707962036133
endloop
endfacet
facet normal -0.7071067811865475 0.7071067811865475 0
outer loop
vertex -32.349971771240234 -30.144811630249023 -3.299999952316284
vertex -32.349971771240234 -30.144811630249023 -2.336627960205078
vertex -30.891393661499023 -28.686233520507812 -3.299999952316284
endloop
endfacet
facet normal 0.0871557362265409 -0.9961946986622693 0
outer loop
vertex -40.849971771240234 -7.3299946784973145 -2.458976984024048
vertex -43.107398986816406 -7.527493953704834 -3.299999952316284
vertex -40.849971771240234 -7.3299946784973145 -3.299999952316284
endloop
endfacet
facet normal -0.422618420121458 -0.9063077131824725 0
outer loop
vertex -36.403709411621094 -8.113990783691406 -2.3775124549865723
vertex -36.403709411621094 -8.113990783691406 -3.299999952316284
vertex -34.349971771240234 -9.071664810180664 -2.3548707962036133
endloop
endfacet
facet normal -0.8191522131206429 -0.5735761952333539 0.000001087280155437271
outer loop
vertex -29.591642379760742 -13.829994201660156 -3.299999952316284
vertex -29.920753479003906 -13.359972953796387 -2.4596269130706787
vertex -30.891393661499023 -11.973755836486816 -3.299999952316284
endloop
endfacet
facet normal -0.0871557362265409 -0.9961946986622693 0
outer loop
vertex -40.849971771240234 -7.3299946784973145 -2.458976984024048
vertex -38.59254455566406 -7.527493953704834 -3.299999952316284
vertex -38.59254455566406 -7.527493953704834 -2.4190337657928467
endloop
endfacet
facet normal -0.9063077883495033 -0.42261825892527616 0
outer loop
vertex -28.633968353271484 -15.883732795715332 -3.299999952316284
vertex -28.633968353271484 -15.883732795715332 -2.3775124549865723
vertex -29.591642379760742 -13.829994201660156 -3.299999952316284
endloop
endfacet
facet normal -0.7071067811865475 0.7071067811865475 0
outer loop
vertex -30.891393661499023 -28.686233520507812 -3.299999952316284
vertex -32.349971771240234 -30.144811630249023 -2.336627960205078
vertex -30.891393661499023 -28.686233520507812 -2.336627960205078
endloop
endfacet
facet normal -0.9063077883495033 -0.42261825892527616 0
outer loop
vertex -29.591642379760742 -13.829994201660156 -3.299999952316284
vertex -28.633968353271484 -15.883732795715332 -2.3775124549865723
vertex -29.591642379760742 -13.829994201660156 -2.3548707962036133
endloop
endfacet
facet normal -0.8191531265017615 -0.5735748907879326 0
outer loop
vertex -29.920753479003906 -13.359972953796387 -2.4596269130706787
vertex -29.591642379760742 -13.829994201660156 -3.299999952316284
vertex -29.591642379760742 -13.829994201660156 -2.3548707962036133
endloop
endfacet
facet normal -0.8191515224020681 -0.5735771816805344 -0.0000013376776610967457
outer loop
vertex -30.891393661499023 -11.973755836486816 -3.299999952316284
vertex -29.920753479003906 -13.359972953796387 -2.4596269130706787
vertex -30.602760314941406 -12.385968208312988 -2.428910255432129
endloop
endfacet
facet normal -0.8191528505598261 -0.5735752848752386 0
outer loop
vertex -30.891393661499023 -11.973755836486816 -3.299999952316284
vertex -30.602760314941406 -12.385968208312988 -2.428910255432129
vertex -30.891393661499023 -11.973755836486816 -2.336627960205078
endloop
endfacet
facet normal -0.4830270095159319 -0.7582965853379237 0.43780269156657897
outer loop
vertex -33.5439453125 -4.224524021148682 7.107169151306152
vertex -31.724075317382812 -5.105894088745117 7.588450908660889
vertex -31.724075317382812 -2.847560405731201 11.5
endloop
endfacet
facet normal 0.6645421477148968 -0.6471381506056731 0.3736254112625927
outer loop
vertex -52.726444244384766 -6.9642744064331055 8.789689064025879
vertex -51.65705490112305 -6.181245803833008 8.243884086608887
vertex -51.65705490112305 -4.301326274871826 11.5
endloop
endfacet
facet normal -0.3649580780623432 -0.8062903935909289 0.46551197885771495
outer loop
vertex -35.354862213134766 -3.554983377456665 6.847101211547852
vertex -34.41023254394531 -3.792290449142456 7.176656246185303
vertex -33.5439453125 -1.6883217096328735 11.5
endloop
endfacet
facet normal 0.8355944432052282 -0.4757481951004573 0.27467359054558194
outer loop
vertex -55.289459228515625 -9.756988525390625 10.409284591674805
vertex -55.03845977783203 -9.383071899414062 10.293352127075195
vertex -55.03845977783203 -8.686412811279297 11.5
endloop
endfacet
facet normal 0.9105275916936534 -0.3580567473047558 0.2067241410046103
outer loop
vertex -56.14250183105469 -11.07724666595459 11.174299240112305
vertex -55.953582763671875 -10.767935752868652 10.877937316894531
vertex -55.953582763671875 -10.408787727355957 11.5
endloop
endfacet
facet normal 0.9105301208552421 -0.35805419131189 0.2067174281460726
outer loop
vertex -56.580814361572266 -12.00383472442627 11.5
vertex -56.14250183105469 -11.07724666595459 11.174299240112305
vertex -55.953582763671875 -10.408787727355957 11.5
endloop
endfacet
facet normal 0.8580980472192098 -0.4446918200701026 0.25674291912595854
outer loop
vertex -55.953582763671875 -10.408787727355957 11.5
vertex -55.953582763671875 -10.767935752868652 10.877937316894531
vertex -55.289459228515625 -9.127264022827148 11.5
endloop
endfacet
facet normal -0.27882078811661487 -0.8316815690000736 0.4801715692329207
outer loop
vertex -37.07268524169922 -3.077954053878784 6.667874813079834
vertex -35.42758560180664 -3.5358076095581055 6.830107688903809
vertex -35.42758560180664 -0.8396440744400024 11.5
endloop
endfacet
facet normal 0.8355950393311814 -0.47574757735081596 0.27467284701977857
outer loop
vertex -55.289459228515625 -9.127264022827148 11.5
vertex -55.289459228515625 -9.756988525390625 10.409284591674805
vertex -55.03845977783203 -8.686412811279297 11.5
endloop
endfacet
facet normal -0.36495782654650416 -0.8062904613488896 0.46551205868403306
outer loop
vertex -33.92365646362305 -4.020410537719727 7.163013458251953
vertex -33.5439453125 -4.224524021148682 7.107169151306152
vertex -33.5439453125 -1.6883217096328735 11.5
endloop
endfacet
facet normal -0.36495856088086487 -0.806290179379816 0.4655119713556594
outer loop
vertex -33.5439453125 -1.6883217096328735 11.5
vertex -34.41023254394531 -3.792290449142456 7.176656246185303
vertex -33.92365646362305 -4.020410537719727 7.163013458251953
endloop
endfacet
facet normal -0.6645434839591284 -0.6471369731326857 0.3736250740142173
outer loop
vertex -28.973501205444336 -6.9642744064331055 8.789689064025879
vertex -28.75734519958496 -5.621444225311279 11.5
vertex -30.04288673400879 -6.181245803833008 8.243884086608887
endloop
endfacet
facet normal -0.6645413930580202 -0.6471387175535448 0.373625771535716
outer loop
vertex -28.973501205444336 -6.9642744064331055 8.789689064025879
vertex -28.75734519958496 -7.179134368896484 8.802001953125
vertex -28.75734519958496 -5.621444225311279 11.5
endloop
endfacet
facet normal -0.8580974461325134 -0.44469268998264894 0.2567434213701565
outer loop
vertex -26.410486221313477 -9.756988525390625 10.409284591674805
vertex -25.746360778808594 -10.767935752868652 10.877937316894531
vertex -25.746360778808594 -10.408787727355957 11.5
endloop
endfacet
facet normal 0.8293846055798134 -0.48382937193871484 0.27933906793824254
outer loop
vertex -54.40745162963867 -8.528497695922852 9.899999618530273
vertex -54.23554992675781 -8.383944511413574 9.63998031616211
vertex -54.23554992675781 -7.310061454772949 11.5
endloop
endfacet
facet normal 0.8293854530305943 -0.4838291954164488 0.27933685751061815
outer loop
vertex -55.03845977783203 -9.383071899414062 10.293352127075195
vertex -54.719261169433594 -8.910077095031738 10.16486930847168
vertex -54.23554992675781 -7.310061454772949 11.5
endloop
endfacet
facet normal 0.829379645000037 -0.48383436194495194 0.27934515327983356
outer loop
vertex -54.23554992675781 -7.310061454772949 11.5
vertex -54.719261169433594 -8.910077095031738 10.16486930847168
vertex -54.57283020019531 -8.712079048156738 10.073052406311035
endloop
endfacet
facet normal -0.5994231591563232 -0.6931946586964887 0.4002162433256699
outer loop
vertex -31.435697555541992 -5.226588249206543 7.811319828033447
vertex -30.04288673400879 -4.301326274871826 11.5
vertex -31.724075317382812 -5.105894088745117 7.588450908660889
endloop
endfacet
facet normal 0.8293846317414012 -0.48382934191532395 0.27933904226399303
outer loop
vertex -54.57283020019531 -8.712079048156738 10.073052406311035
vertex -54.40745162963867 -8.528497695922852 9.899999618530273
vertex -54.23554992675781 -7.310061454772949 11.5
endloop
endfacet
facet normal 0.7491732579026738 -0.5736327626282189 0.33118708199899843
outer loop
vertex -54.23554992675781 -8.383944511413574 9.63998031616211
vertex -52.942596435546875 -7.179134368896484 8.802001953125
vertex -52.942596435546875 -5.621444225311279 11.5
endloop
endfacet
facet normal -0.9105291631009793 -0.35805375025814495 0.20672241065909708
outer loop
vertex -25.746360778808594 -10.408787727355957 11.5
vertex -25.746360778808594 -10.767935752868652 10.877937316894531
vertex -25.557443618774414 -11.07724666595459 11.174299240112305
endloop
endfacet
facet normal 0.7491732517716917 -0.5736327656143028 0.3311870906957516
outer loop
vertex -54.23554992675781 -7.310061454772949 11.5
vertex -54.23554992675781 -8.383944511413574 9.63998031616211
vertex -52.942596435546875 -5.621444225311279 11.5
endloop
endfacet
facet normal -0.9105291172060926 -0.35805379663984527 0.206722532472119
outer loop
vertex -25.746360778808594 -10.408787727355957 11.5
vertex -25.557443618774414 -11.07724666595459 11.174299240112305
vertex -25.119129180908203 -12.00383472442627 11.5
endloop
endfacet
facet normal 0.8293838379067596 -0.4838302738825463 0.27933978501780665
outer loop
vertex -55.03845977783203 -8.686412811279297 11.5
vertex -55.03845977783203 -9.383071899414062 10.293352127075195
vertex -54.23554992675781 -7.310061454772949 11.5
endloop
endfacet
facet normal -0.8580974222060272 -0.4446927733142576 0.2567433570035365
outer loop
vertex -26.410486221313477 -9.127264022827148 11.5
vertex -26.410486221313477 -9.756988525390625 10.409284591674805
vertex -25.746360778808594 -10.408787727355957 11.5
endloop
endfacet
facet normal -0.7491742279198986 -0.5736318094644918 0.33118653866230235
outer loop
vertex -28.75734519958496 -7.179134368896484 8.802001953125
vertex -27.46439552307129 -8.383944511413574 9.63998031616211
vertex -27.46439552307129 -7.310061454772949 11.5
endloop
endfacet
facet normal -0.5994233267094795 -0.6931945002312017 0.4002162668430097
outer loop
vertex -30.04288673400879 -4.301326274871826 11.5
vertex -31.435697555541992 -5.226588249206543 7.811319828033447
vertex -30.23272705078125 -6.030747413635254 8.220223426818848
endloop
endfacet
facet normal -0.8293802624044232 -0.483837604636967 0.27933770363689203
outer loop
vertex -27.46439552307129 -8.383944511413574 9.63998031616211
vertex -27.292491912841797 -8.528497695922852 9.899999618530273
vertex -26.661483764648438 -8.686412811279297 11.5
endloop
endfacet
facet normal -0.8293848256984491 -0.4838282077867309 0.2793404307489931
outer loop
vertex -26.661483764648438 -8.686412811279297 11.5
vertex -27.292491912841797 -8.528497695922852 9.899999618530273
vertex -27.127113342285156 -8.712079048156738 10.073052406311035
endloop
endfacet
facet normal -0.8293831425583197 -0.48383137722020797 0.2793399385288161
outer loop
vertex -27.127113342285156 -8.712079048156738 10.073052406311035
vertex -26.980684280395508 -8.910077095031738 10.16486930847168
vertex -26.661483764648438 -8.686412811279297 11.5
endloop
endfacet
facet normal -0.8293832684395458 -0.4838310910374116 0.27934006046051485
outer loop
vertex -27.46439552307129 -7.310061454772949 11.5
vertex -27.46439552307129 -8.383944511413574 9.63998031616211
vertex -26.661483764648438 -8.686412811279297 11.5
endloop
endfacet
facet normal -0.7491742232663152 -0.5736318170420226 0.3311865360644676
outer loop
vertex -28.75734519958496 -5.621444225311279 11.5
vertex -28.75734519958496 -7.179134368896484 8.802001953125
vertex -27.46439552307129 -7.310061454772949 11.5
endloop
endfacet
facet normal -0.5994229556905917 -0.6931948610920755 0.4002161975066642
outer loop
vertex -31.724075317382812 -2.847560405731201 11.5
vertex -31.724075317382812 -5.105894088745117 7.588450908660889
vertex -30.04288673400879 -4.301326274871826 11.5
endloop
endfacet
facet normal -0.5994210754639387 -0.6931960502784679 0.4002169538737544
outer loop
vertex -30.04288673400879 -4.301326274871826 11.5
vertex -30.23272705078125 -6.030747413635254 8.220223426818848
vertex -30.04288673400879 -6.181245803833008 8.243884086608887
endloop
endfacet
facet normal -0.6645430845193638 -0.6471374291057705 0.3736249947044009
outer loop
vertex -30.04288673400879 -4.301326274871826 11.5
vertex -30.04288673400879 -6.181245803833008 8.243884086608887
vertex -28.75734519958496 -5.621444225311279 11.5
endloop
endfacet
facet normal 0.4830270087554428 -0.7582965479091314 0.43780275723419526
outer loop
vertex -49.975868225097656 -5.105894088745117 7.588450908660889
vertex -48.15599822998047 -4.224524021148682 7.107169151306152
vertex -48.15599822998047 -1.6883217096328735 11.5
endloop
endfacet
facet normal -0.3649580307204449 -0.8062904196271166 0.46551197087742313
outer loop
vertex -35.354862213134766 -0.86863112449646 11.5
vertex -35.354862213134766 -3.554983377456665 6.847101211547852
vertex -33.5439453125 -1.6883217096328735 11.5
endloop
endfacet
facet normal -0.32629840988284387 -0.8186250770156774 0.47263340020464445
outer loop
vertex -35.42758560180664 -0.8396440744400024 11.5
vertex -35.42758560180664 -3.5358076095581055 6.830107688903809
vertex -35.354862213134766 -0.86863112449646 11.5
endloop
endfacet
facet normal 0.6645432488778045 -0.647137589159349 0.37362442514905014
outer loop
vertex -52.942596435546875 -5.621444225311279 11.5
vertex -52.726444244384766 -6.9642744064331055 8.789689064025879
vertex -51.65705490112305 -4.301326274871826 11.5
endloop
endfacet
facet normal 0.599423374657167 -0.6931945591538197 0.4002160929724779
outer loop
vertex -51.65705490112305 -4.301326274871826 11.5
vertex -51.65705490112305 -6.181245803833008 8.243884086608887
vertex -49.975868225097656 -2.847560405731201 11.5
endloop
endfacet
facet normal 0.48302717103413645 -0.7582965081738449 0.43780264701588206
outer loop
vertex -49.975868225097656 -2.847560405731201 11.5
vertex -49.975868225097656 -5.105894088745117 7.588450908660889
vertex -48.15599822998047 -1.6883217096328735 11.5
endloop
endfacet
facet normal -0.2788205074256658 -0.8316816247832314 0.48017163560212367
outer loop
vertex -37.26911926269531 -0.22227159142494202 11.5
vertex -37.26911926269531 -3.0317234992980957 6.633886814117432
vertex -35.42758560180664 -0.8396440744400024 11.5
endloop
endfacet
facet normal -0.27881738510989756 -0.8316829968739355 0.4801710720891759
outer loop
vertex -37.26911926269531 -3.0317234992980957 6.633886814117432
vertex -37.07268524169922 -3.077954053878784 6.667874813079834
vertex -35.42758560180664 -0.8396440744400024 11.5
endloop
endfacet
facet normal -0.15879013448550297 -0.8550375888464474 0.49365617067927897
outer loop
vertex -39.11572265625 0.12066350877285004 11.5
vertex -39.11572265625 -2.766087770462036 6.5
vertex -37.26911926269531 -0.22227159142494202 11.5
endloop
endfacet
facet normal -0.04614282797250533 -0.8651029527760935 0.4994674369013301
outer loop
vertex -40.849971771240234 0.213164821267128 11.5
vertex -40.849971771240234 -2.67358660697937 6.5
vertex -39.11572265625 0.12066350877285004 11.5
endloop
endfacet
facet normal 0.04614282856670073 -0.8651029639162904 0.49946741755104856
outer loop
vertex -42.58422088623047 0.12066350877285004 11.5
vertex -42.58422088623047 -2.766087770462036 6.5
vertex -40.849971771240234 0.213164821267128 11.5
endloop
endfacet
facet normal 0.3649580198951549 -0.8062903957111404 0.46551202078805726
outer loop
vertex -48.15599822998047 -1.6883217096328735 11.5
vertex -48.15599822998047 -4.224524021148682 7.107169151306152
vertex -46.3450813293457 -0.86863112449646 11.5
endloop
endfacet
facet normal -0.15879121838901766 -0.8550374150674777 0.49365612302214706
outer loop
vertex -37.26911926269531 -0.22227159142494202 11.5
vertex -37.59640884399414 -2.920898199081421 6.720564842224121
vertex -37.3934211730957 -2.9843990802764893 6.675871849060059
endloop
endfacet
facet normal -0.15879065617941898 -0.8550374998227513 0.4936561570637685
outer loop
vertex -37.3934211730957 -2.9843990802764893 6.675871849060059
vertex -37.26911926269531 -3.0317234992980957 6.633886814117432
vertex -37.26911926269531 -0.22227159142494202 11.5
endloop
endfacet
facet normal -0.15878713923845492 -0.8550381079935668 0.4936562349360624
outer loop
vertex -37.26911926269531 -0.22227159142494202 11.5
vertex -37.633079528808594 -2.9105224609375 6.726740837097168
vertex -37.59640884399414 -2.920898199081421 6.720564842224121
endloop
endfacet
facet normal -0.3262977307220751 -0.8186252851863624 0.4726335085234341
outer loop
vertex -35.42758560180664 -3.5358076095581055 6.830107688903809
vertex -35.354862213134766 -3.554983377456665 6.847101211547852
vertex -35.354862213134766 -0.86863112449646 11.5
endloop
endfacet
facet normal -0.15878942550708333 -0.8550377116415968 0.49365618604230205
outer loop
vertex -37.26911926269531 -0.22227159142494202 11.5
vertex -37.83863067626953 -2.8948543071746826 6.687761306762695
vertex -37.633079528808594 -2.9105224609375 6.726740837097168
endloop
endfacet
facet normal 0.1587901315238305 -0.8550375728987233 0.49365619925420284
outer loop
vertex -44.430824279785156 -0.22227159142494202 11.5
vertex -44.430824279785156 -3.0317234992980957 6.633886814117432
vertex -42.58422088623047 0.12066350877285004 11.5
endloop
endfacet
facet normal 0.278820511999437 -0.8316816384261357 0.48017160931607566
outer loop
vertex -46.27235794067383 -0.8396440744400024 11.5
vertex -46.27235794067383 -3.5358076095581055 6.830107688903809
vertex -44.430824279785156 -0.22227159142494202 11.5
endloop
endfacet
facet normal 0.3262984117132147 -0.8186250816077546 0.47263339098727525
outer loop
vertex -46.3450813293457 -0.86863112449646 11.5
vertex -46.3450813293457 -3.554983377456665 6.847101211547852
vertex -46.27235794067383 -0.8396440744400024 11.5
endloop
endfacet
facet normal -0.15878983560740947 -0.8550376327550309 0.4936561907648326
outer loop
vertex -37.26911926269531 -0.22227159142494202 11.5
vertex -38.439720153808594 -2.891629457473755 6.5
vertex -37.83863067626953 -2.8948543071746826 6.687761306762695
endloop
endfacet
facet normal -0.15879060052733543 -0.8550374451367095 0.49365626968393356
outer loop
vertex -39.11572265625 -2.766087770462036 6.5
vertex -38.439720153808594 -2.891629457473755 6.5
vertex -37.26911926269531 -0.22227159142494202 11.5
endloop
endfacet
facet normal 0.15878945397088487 -0.8550375919099504 0.49365638426790515
outer loop
vertex -42.58422088623047 0.12066350877285004 11.5
vertex -44.066864013671875 -2.9105224609375 6.726740837097168
vertex -43.86131286621094 -2.8948543071746826 6.687761306762695
endloop
endfacet
facet normal 0.1587906147920264 -0.8550375219475844 0.49365613205520326
outer loop
vertex -42.58422088623047 0.12066350877285004 11.5
vertex -43.260223388671875 -2.891629457473755 6.5
vertex -42.58422088623047 -2.766087770462036 6.5
endloop
endfacet
facet normal 0.1587898602072717 -0.8550375822175076 0.4936562703855729
outer loop
vertex -43.86131286621094 -2.8948543071746826 6.687761306762695
vertex -43.260223388671875 -2.891629457473755 6.5
vertex -42.58422088623047 0.12066350877285004 11.5
endloop
endfacet
facet normal 0.15878683311255481 -0.8550376041363585 0.4936572061084912
outer loop
vertex -42.58422088623047 0.12066350877285004 11.5
vertex -44.10353469848633 -2.920898199081421 6.720564842224121
vertex -44.066864013671875 -2.9105224609375 6.726740837097168
endloop
endfacet
facet normal 0.15879135426063773 -0.8550375969331635 0.4936557643164249
outer loop
vertex -42.58422088623047 0.12066350877285004 11.5
vertex -44.306522369384766 -2.9843990802764893 6.675871849060059
vertex -44.10353469848633 -2.920898199081421 6.720564842224121
endloop
endfacet
facet normal 0.15879075167926324 -0.8550375879656754 0.4936559736769874
outer loop
vertex -44.430824279785156 -3.0317234992980957 6.633886814117432
vertex -44.306522369384766 -2.9843990802764893 6.675871849060059
vertex -42.58422088623047 0.12066350877285004 11.5
endloop
endfacet
facet normal 0.27881741994298764 -0.8316824010853675 0.48017208380039494
outer loop
vertex -44.62725830078125 -3.077954053878784 6.667874813079834
vertex -44.430824279785156 -3.0317234992980957 6.633886814117432
vertex -44.430824279785156 -0.22227159142494202 11.5
endloop
endfacet
facet normal 0.2788207929956085 -0.8316816169823688 0.4801714832920555
outer loop
vertex -44.62725830078125 -3.077954053878784 6.667874813079834
vertex -44.430824279785156 -0.22227159142494202 11.5
vertex -46.27235794067383 -3.5358076095581055 6.830107688903809
endloop
endfacet
facet normal -0.04614275439286044 -0.8651029668834992 0.4994674192641673
outer loop
vertex -40.849971771240234 -2.67358660697937 6.5
vertex -39.11572265625 -2.766087770462036 6.5
vertex -39.11572265625 0.12066350877285004 11.5
endloop
endfacet
facet normal 0.04614275379866599 -0.865102955743302 0.4994674386144488
outer loop
vertex -40.849971771240234 -2.67358660697937 6.5
vertex -40.849971771240234 0.213164821267128 11.5
vertex -42.58422088623047 -2.766087770462036 6.5
endloop
endfacet
facet normal -0.835596866757354 -0.47574500257831637 0.27467174734044025
outer loop
vertex -26.661483764648438 -8.686412811279297 11.5
vertex -26.661483764648438 -9.383071899414062 10.293352127075195
vertex -26.410486221313477 -9.127264022827148 11.5
endloop
endfacet
facet normal 0.36495807501293787 -0.806290404590752 0.4655119621961743
outer loop
vertex -47.289710998535156 -3.792290449142456 7.176656246185303
vertex -46.3450813293457 -3.554983377456665 6.847101211547852
vertex -46.3450813293457 -0.86863112449646 11.5
endloop
endfacet
facet normal -0.8355963942948753 -0.4757457924689763 0.2746718165183113
outer loop
vertex -26.410486221313477 -9.756988525390625 10.409284591674805
vertex -26.410486221313477 -9.127264022827148 11.5
vertex -26.661483764648438 -9.383071899414062 10.293352127075195
endloop
endfacet
facet normal 0.3649586131716631 -0.8062902782244922 0.4655117591559716
outer loop
vertex -46.3450813293457 -0.86863112449646 11.5
vertex -47.77628707885742 -4.020410537719727 7.163013458251953
vertex -47.289710998535156 -3.792290449142456 7.176656246185303
endloop
endfacet
facet normal -0.8293836617654142 -0.48383050033903113 0.27933991576263434
outer loop
vertex -26.980684280395508 -8.910077095031738 10.16486930847168
vertex -26.661483764648438 -9.383071899414062 10.293352127075195
vertex -26.661483764648438 -8.686412811279297 11.5
endloop
endfacet
facet normal 0.36495779743672013 -0.8062904288436248 0.4655121378066328
outer loop
vertex -48.15599822998047 -4.224524021148682 7.107169151306152
vertex -47.77628707885742 -4.020410537719727 7.163013458251953
vertex -46.3450813293457 -0.86863112449646 11.5
endloop
endfacet
facet normal -0.4830271525775903 -0.758296479199213 0.4378027175645017
outer loop
vertex -33.5439453125 -1.6883217096328735 11.5
vertex -33.5439453125 -4.224524021148682 7.107169151306152
vertex -31.724075317382812 -2.847560405731201 11.5
endloop
endfacet
facet normal 0.5994251229994426 -0.6931939365245036 0.4002145528123203
outer loop
vertex -51.46721649169922 -6.030747413635254 8.220223426818848
vertex -49.975868225097656 -2.847560405731201 11.5
vertex -51.65705490112305 -6.181245803833008 8.243884086608887
endloop
endfacet
facet normal 0.599422716221782 -0.6931948653962078 0.40021654871536033
outer loop
vertex -51.46721649169922 -6.030747413635254 8.220223426818848
vertex -50.264244079589844 -5.226588249206543 7.811319828033447
vertex -49.975868225097656 -2.847560405731201 11.5
endloop
endfacet
facet normal 0.6645479416952781 -0.6471336739533862 0.37362285961134883
outer loop
vertex -52.942596435546875 -7.179134368896484 8.802001953125
vertex -52.726444244384766 -6.9642744064331055 8.789689064025879
vertex -52.942596435546875 -5.621444225311279 11.5
endloop
endfacet
facet normal 0.8580980997778157 -0.4446917927097866 0.2567427908515797
outer loop
vertex -55.953582763671875 -10.767935752868652 10.877937316894531
vertex -55.289459228515625 -9.756988525390625 10.409284591674805
vertex -55.289459228515625 -9.127264022827148 11.5
endloop
endfacet
facet normal 0.3262977313698034 -0.8186252798534692 0.47263351731309605
outer loop
vertex -46.3450813293457 -3.554983377456665 6.847101211547852
vertex -46.27235794067383 -3.5358076095581055 6.830107688903809
vertex -46.27235794067383 -0.8396440744400024 11.5
endloop
endfacet
facet normal 0.599425657743184 -0.6931931086864115 0.4002151857548889
outer loop
vertex -50.264244079589844 -5.226588249206543 7.811319828033447
vertex -49.975868225097656 -5.105894088745117 7.588450908660889
vertex -49.975868225097656 -2.847560405731201 11.5
endloop
endfacet
facet normal 0 0 1
outer loop
vertex -43.260223388671875 -2.891629457473755 6.5
vertex -40.849971771240234 -2.67358660697937 6.5
vertex -42.58422088623047 -2.766087770462036 6.5
endloop
endfacet
facet normal 0 0 1
outer loop
vertex -39.11572265625 -2.766087770462036 6.5
vertex -40.849971771240234 -2.67358660697937 6.5
vertex -38.439720153808594 -2.891629457473755 6.5
endloop
endfacet
facet normal 0 1 0
outer loop
vertex -47.64997100830078 -45.329994201660156 7.034361839294434
vertex -46.64997100830078 -45.329994201660156 7.034361839294434
vertex -46.64997100830078 -45.329994201660156 5.300000190734863
endloop
endfacet
facet normal 0 1 0
outer loop
vertex -34.04997253417969 -45.329994201660156 5.300000190734863
vertex -35.04997253417969 -45.329994201660156 5.300000190734863
vertex -34.04997253417969 -45.329994201660156 7.034361839294434
endloop
endfacet
facet normal -0.9999988089279158 0.0015372303645836709 0.00013807807848946154
outer loop
vertex -32.94997024536133 -36.30097961425781 8.44814682006836
vertex -32.950130462646484 -36.31329345703125 7.424900531768799
vertex -32.94997024536133 -36.43138885498047 9.899999618530273
endloop
endfacet
facet normal 0 -1 0
outer loop
vertex -36.27585220336914 -35.329994201660156 1.0638598203659058
vertex -35.89446258544922 -35.329994201660156 1.5687350034713745
vertex -37.499664306640625 -35.329994201660156 0.6011075973510742
endloop
endfacet
facet normal 0 1 0
outer loop
vertex -34.04997253417969 -45.329994201660156 8.529213905334473
vertex -47.64997100830078 -45.329994201660156 8.529213905334473
vertex -47.64997100830078 -45.329994201660156 8.611562728881836
endloop
endfacet
facet normal 0 -1 0
outer loop
vertex -44.200279235839844 -35.329994201660156 0.6011075973510742
vertex -45.42409133911133 -35.329994201660156 1.0638598203659058
vertex -43.80801010131836 -35.329994201660156 0.4000000059604645
endloop
endfacet
facet normal 0 -1 0
outer loop
vertex -34.03651809692383 -35.329994201660156 2.75262188911438
vertex -34.80080032348633 -35.329994201660156 2.000150203704834
vertex -33.512271881103516 -35.329994201660156 3.180020332336426
endloop
endfacet
facet normal 0 -1 0
outer loop
vertex -47.66342544555664 -35.329994201660156 2.75262188911438
vertex -48.18767166137695 -35.329994201660156 3.180020332336426
vertex -46.89914321899414 -35.329994201660156 2.000150203704834
endloop
endfacet
facet normal 0 -1 0
outer loop
vertex -43.80801010131836 -35.329994201660156 0.4000000059604645
vertex -43.394317626953125 -35.329994201660156 0.4000000059604645
vertex -44.200279235839844 -35.329994201660156 0.6011075973510742
endloop
endfacet
facet normal 0 -1 0
outer loop
vertex -44.200279235839844 -35.329994201660156 0.6011075973510742
vertex -45.80548095703125 -35.329994201660156 1.5687350034713745
vertex -45.42409133911133 -35.329994201660156 1.0638598203659058
endloop
endfacet
facet normal -0.9999991948559144 0.0012610682529445728 0.00014140149993151907
outer loop
vertex -32.94997024536133 -36.30097961425781 8.44814682006836
vertex -32.94997024536133 -36.06727600097656 6.363895893096924
vertex -32.950130462646484 -36.31329345703125 7.424900531768799
endloop
endfacet
facet normal 0 1 0
outer loop
vertex -46.64997100830078 -45.329994201660156 5.300000190734863
vertex -47.64997100830078 -45.329994201660156 5.300000190734863
vertex -47.64997100830078 -45.329994201660156 7.034361839294434
endloop
endfacet
facet normal -1 0 0
outer loop
vertex -32.94997024536133 -36.43138885498047 9.899999618530273
vertex -32.94997024536133 -36.47812271118164 9.530233383178711
vertex -32.94997024536133 -36.41194534301758 11.15022087097168
endloop
endfacet
facet normal -1 0 0
outer loop
vertex -32.94997024536133 -36.43138885498047 9.899999618530273
vertex -32.94997024536133 -36.41194534301758 11.15022087097168
vertex -32.94997024536133 -36.30097961425781 11.351853370666504
endloop
endfacet
facet normal -1 0 0
outer loop
vertex -32.94997024536133 -36.30097961425781 11.351853370666504
vertex -32.94997024536133 -36.41194534301758 11.15022087097168
vertex -32.94997024536133 -36.3778190612793 11.5
endloop
endfacet
facet normal -1 0 0
outer loop
vertex -32.94997024536133 -36.3778190612793 11.5
vertex -32.94997024536133 -36.28181076049805 11.5
vertex -32.94997024536133 -36.30097961425781 11.351853370666504
endloop
endfacet
facet normal -1 0 0
outer loop
vertex -32.94997024536133 -36.05860137939453 6.574830532073975
vertex -32.94997024536133 -36.06727600097656 6.363895893096924
vertex -32.94997024536133 -36.30097961425781 8.44814682006836
endloop
endfacet
facet normal 0 -1 0
outer loop
vertex -37.499664306640625 -35.329994201660156 0.6011075973510742
vertex -37.89193344116211 -35.329994201660156 0.4000000059604645
vertex -36.27585220336914 -35.329994201660156 1.0638598203659058
endloop
endfacet
facet normal 1 0 0
outer loop
vertex -48.74997329711914 -36.41194534301758 11.15022087097168
vertex -48.74997329711914 -36.43138885498047 9.899999618530273
vertex -48.74997329711914 -36.30097961425781 11.351853370666504
endloop
endfacet
facet normal 0 -1 0
outer loop
vertex -32.94997024536133 -35.329994201660156 4.267682075500488
vertex -33.70259475708008 -35.329994201660156 3.0865461826324463
vertex -32.94997024536133 -35.329994201660156 3.9142234325408936
endloop
endfacet
facet normal 1 0 0
outer loop
vertex -48.74997329711914 -36.41194534301758 11.15022087097168
vertex -48.74997329711914 -36.47812271118164 9.530233383178711
vertex -48.74997329711914 -36.43138885498047 9.899999618530273
endloop
endfacet
facet normal 1 0 0
outer loop
vertex -48.74997329711914 -36.3778190612793 11.5
vertex -48.74997329711914 -36.30097961425781 11.351853370666504
vertex -48.74997329711914 -36.28181076049805 11.5
endloop
endfacet
facet normal 1 0 0
outer loop
vertex -48.74997329711914 -36.06727600097656 6.363895893096924
vertex -48.74997329711914 -35.61069107055664 4.682089328765869
vertex -48.74997329711914 -36.200965881347656 7.010826587677002
endloop
endfacet
facet normal 1 0 0
outer loop
vertex -48.74997329711914 -42.57752990722656 5.300000190734863
vertex -48.74997329711914 -41.441837310791016 5.300000190734863
vertex -48.74997329711914 -41.550296783447266 5.633780002593994
endloop
endfacet
facet normal 0 -1 0
outer loop
vertex -33.70259475708008 -35.329994201660156 3.0865461826324463
vertex -34.03651809692383 -35.329994201660156 2.75262188911438
vertex -33.512271881103516 -35.329994201660156 3.180020332336426
endloop
endfacet
facet normal 1 0 0
outer loop
vertex -48.74997329711914 -35.61069107055664 4.682089328765869
vertex -48.74997329711914 -35.391754150390625 4.4278974533081055
vertex -48.74997329711914 -36.05860137939453 6.574830532073975
endloop
endfacet
facet normal 1 0 0
outer loop
vertex -48.74997329711914 -35.61069107055664 4.682089328765869
vertex -48.74997329711914 -35.329994201660156 4.267682075500488
vertex -48.74997329711914 -35.391754150390625 4.4278974533081055
endloop
endfacet
facet normal 1 0 0
outer loop
vertex -48.74997329711914 -35.329994201660156 3.9142234325408936
vertex -48.74997329711914 -35.329994201660156 4.267682075500488
vertex -48.74997329711914 -35.61069107055664 4.682089328765869
endloop
endfacet
facet normal 0 -1 0
outer loop
vertex -35.89446258544922 -35.329994201660156 1.5687350034713745
vertex -36.27585220336914 -35.329994201660156 1.0638598203659058
vertex -34.03651809692383 -35.329994201660156 2.75262188911438
endloop
endfacet
facet normal 0 -1 0
outer loop
vertex -45.80548095703125 -35.329994201660156 1.5687350034713745
vertex -46.89914321899414 -35.329994201660156 2.000150203704834
vertex -45.42409133911133 -35.329994201660156 1.0638598203659058
endloop
endfacet
facet normal 0 -1 0
outer loop
vertex -46.89914321899414 -35.329994201660156 2.000150203704834
vertex -45.80548095703125 -35.329994201660156 1.5687350034713745
vertex -47.66342544555664 -35.329994201660156 2.75262188911438
endloop
endfacet
facet normal -1 0 0
outer loop
vertex -32.94997024536133 -35.329994201660156 4.267682075500488
vertex -32.94997024536133 -35.329994201660156 3.9142234325408936
vertex -32.94997024536133 -35.391754150390625 4.4278974533081055
endloop
endfacet
facet normal 0 -1 0
outer loop
vertex -48.18767166137695 -35.329994201660156 3.180020332336426
vertex -47.99734878540039 -35.329994201660156 3.0865461826324463
vertex -48.74997329711914 -35.329994201660156 3.9142234325408936
endloop
endfacet
facet normal 1 0 0
outer loop
vertex -48.74997329711914 -36.05860137939453 6.574830532073975
vertex -48.74997329711914 -36.30097961425781 8.44814682006836
vertex -48.74997329711914 -36.200965881347656 7.010826587677002
endloop
endfacet
facet normal 0 -1 0
outer loop
vertex -48.74997329711914 -35.329994201660156 3.9142234325408936
vertex -47.99734878540039 -35.329994201660156 3.0865461826324463
vertex -48.74997329711914 -35.329994201660156 4.267682075500488
endloop
endfacet
facet normal 0 -1 0
outer loop
vertex -38.305625915527344 -35.329994201660156 0.4000000059604645
vertex -37.89193344116211 -35.329994201660156 0.4000000059604645
vertex -37.499664306640625 -35.329994201660156 0.6011075973510742
endloop
endfacet
facet normal -1 0 0
outer loop
vertex -32.94997024536133 -35.329994201660156 3.9142234325408936
vertex -32.94997024536133 -35.61069107055664 4.682089328765869
vertex -32.94997024536133 -36.06727600097656 6.363895893096924
endloop
endfacet
facet normal 1 0 0
outer loop
vertex -48.74997329711914 -36.47812271118164 9.530233383178711
vertex -48.74997329711914 -36.30097961425781 8.44814682006836
vertex -48.74997329711914 -36.43138885498047 9.899999618530273
endloop
endfacet
facet normal 1 0 0
outer loop
vertex -48.74997329711914 -36.47812271118164 9.530233383178711
vertex -48.74997329711914 -36.200965881347656 7.010826587677002
vertex -48.74997329711914 -36.30097961425781 8.44814682006836
endloop
endfacet
facet normal -1 0 0
outer loop
vertex -32.94997024536133 -35.391754150390625 4.4278974533081055
vertex -32.94997024536133 -35.329994201660156 3.9142234325408936
vertex -32.94997024536133 -36.05860137939453 6.574830532073975
endloop
endfacet
facet normal 1 0 0
outer loop
vertex -48.74997329711914 -36.200965881347656 7.010826587677002
vertex -48.74997329711914 -35.61069107055664 4.682089328765869
vertex -48.74997329711914 -36.05860137939453 6.574830532073975
endloop
endfacet
facet normal 0 1 0
outer loop
vertex -34.04997253417969 -45.329994201660156 8.529213905334473
vertex -47.64997100830078 -45.329994201660156 8.611562728881836
vertex -34.04997253417969 -45.329994201660156 8.611562728881836
endloop
endfacet
facet normal 0 1 0
outer loop
vertex -34.04997253417969 -45.329994201660156 7.034361839294434
vertex -35.04997253417969 -45.329994201660156 5.300000190734863
vertex -35.04997253417969 -45.329994201660156 7.034361839294434
endloop
endfacet
facet normal 0 1 0
outer loop
vertex -41.349971771240234 -45.329994201660156 7.034361839294434
vertex -40.349971771240234 -45.329994201660156 7.034361839294434
vertex -40.349971771240234 -45.329994201660156 5.300000190734863
endloop
endfacet
facet normal -1 0 0
outer loop
vertex -32.94997024536133 -36.05860137939453 6.574830532073975
vertex -32.94997024536133 -35.329994201660156 3.9142234325408936
vertex -32.94997024536133 -36.06727600097656 6.363895893096924
endloop
endfacet
facet normal -0.9999999297763115 -0.0003718052778243362 0.00004699156582579481
outer loop
vertex -32.94997024536133 -36.43138885498047 9.899999618530273
vertex -32.950130462646484 -36.31329345703125 7.424900531768799
vertex -32.94997024536133 -36.47812271118164 9.530233383178711
endloop
endfacet
facet normal 0 -1 0
outer loop
vertex -34.03651809692383 -35.329994201660156 2.75262188911438
vertex -36.27585220336914 -35.329994201660156 1.0638598203659058
vertex -34.80080032348633 -35.329994201660156 2.000150203704834
endloop
endfacet
facet normal 0 -1 0
outer loop
vertex -33.512271881103516 -35.329994201660156 3.180020332336426
vertex -32.94997024536133 -35.329994201660156 3.9142234325408936
vertex -33.70259475708008 -35.329994201660156 3.0865461826324463
endloop
endfacet
facet normal 1 0 0
outer loop
vertex -48.74997329711914 -36.30097961425781 11.351853370666504
vertex -48.74997329711914 -36.3778190612793 11.5
vertex -48.74997329711914 -36.41194534301758 11.15022087097168
endloop
endfacet
facet normal -1 0 0
outer loop
vertex -32.94997024536133 -41.550296783447266 5.633780002593994
vertex -32.94997024536133 -41.47433090209961 5.400000095367432
vertex -32.94997024536133 -42.269771575927734 5.400000095367432
endloop
endfacet
facet normal 0 1 0
outer loop
vertex -40.349971771240234 -45.329994201660156 5.300000190734863
vertex -41.349971771240234 -45.329994201660156 5.300000190734863
vertex -41.349971771240234 -45.329994201660156 7.034361839294434
endloop
endfacet
facet normal 0 -1 0
outer loop
vertex -48.18767166137695 -35.329994201660156 3.180020332336426
vertex -47.66342544555664 -35.329994201660156 2.75262188911438
vertex -47.99734878540039 -35.329994201660156 3.0865461826324463
endloop
endfacet
facet normal -1 0 0
outer loop
vertex -32.349971771240234 -32.2191276550293 -0.3801608681678772
vertex -32.349971771240234 -35.052425384521484 -0.30000001192092896
vertex -32.349971771240234 -32.80171203613281 0.4000000059604645
endloop
endfacet
facet normal 1 0 0
outer loop
vertex -49.349971771240234 -33.83629608154297 -3.299999952316284
vertex -49.349971771240234 -30.144811630249023 -2.336627960205078
vertex -49.349971771240234 -30.61015510559082 -1.9891313314437866
endloop
endfacet
facet normal 1 0 0
outer loop
vertex -49.349971771240234 -33.83629608154297 -3.299999952316284
vertex -49.349971771240234 -30.61015510559082 -1.9891313314437866
vertex -49.349971771240234 -32.2191276550293 -0.3801608681678772
endloop
endfacet
facet normal 0 0 -1
outer loop
vertex -33.190460205078125 -33.42934799194336 0.4000000059604645
vertex -32.449974060058594 -35.355533599853516 0.4000000059604645
vertex -33.915435791015625 -33.86012649536133 0.4000000059604645
endloop
endfacet
facet normal 0 0 -1
outer loop
vertex -43.394317626953125 -35.329994201660156 0.4000000059604645
vertex -43.80801010131836 -35.329994201660156 0.4000000059604645
vertex -44.203895568847656 -35.225250244140625 0.4000000059604645
endloop
endfacet
facet normal 0 0 -1
outer loop
vertex -32.449974060058594 -35.355533599853516 0.4000000059604645
vertex -37.2944450378418 -35.162628173828125 0.4000000059604645
vertex -33.915435791015625 -33.86012649536133 0.4000000059604645
endloop
endfacet
facet normal 0 0 -1
outer loop
vertex -32.449974060058594 -35.355533599853516 0.4000000059604645
vertex -37.49604797363281 -35.225250244140625 0.4000000059604645
vertex -37.2944450378418 -35.162628173828125 0.4000000059604645
endloop
endfacet
facet normal 0 0 -1
outer loop
vertex -47.784507751464844 -33.86012649536133 0.4000000059604645
vertex -49.24997329711914 -35.355533599853516 0.4000000059604645
vertex -48.509483337402344 -33.42934799194336 0.4000000059604645
endloop
endfacet
facet normal 0 0 -1
outer loop
vertex -48.509483337402344 -33.42934799194336 0.4000000059604645
vertex -49.349971771240234 -35.308902740478516 0.4000000059604645
vertex -49.349971771240234 -32.80171203613281 0.4000000059604645
endloop
endfacet
facet normal 1 0 0
outer loop
vertex -49.349971771240234 -35.052425384521484 -0.30000001192092896
vertex -49.349971771240234 -33.83629608154297 -3.299999952316284
vertex -49.349971771240234 -32.2191276550293 -0.3801608681678772
endloop
endfacet
facet normal 1 0 0
outer loop
vertex -49.349971771240234 -32.80171203613281 0.4000000059604645
vertex -49.349971771240234 -35.052425384521484 -0.30000001192092896
vertex -49.349971771240234 -32.2191276550293 -0.3801608681678772
endloop
endfacet
facet normal 1 0 0
outer loop
vertex -49.349971771240234 -35.308902740478516 0.4000000059604645
vertex -49.349971771240234 -35.052425384521484 -0.30000001192092896
vertex -49.349971771240234 -32.80171203613281 0.4000000059604645
endloop
endfacet
facet normal 0 0 -1
outer loop
vertex -49.24997329711914 -35.355533599853516 0.4000000059604645
vertex -49.349971771240234 -35.308902740478516 0.4000000059604645
vertex -48.509483337402344 -33.42934799194336 0.4000000059604645
endloop
endfacet
facet normal 0 0 -1
outer loop
vertex -37.49604797363281 -35.225250244140625 0.4000000059604645
vertex -32.449974060058594 -35.355533599853516 0.4000000059604645
vertex -37.89193344116211 -35.329994201660156 0.4000000059604645
endloop
endfacet
facet normal 0 0 -1
outer loop
vertex -49.24997329711914 -35.355533599853516 0.4000000059604645
vertex -44.40549850463867 -35.162628173828125 0.4000000059604645
vertex -44.203895568847656 -35.225250244140625 0.4000000059604645
endloop
endfacet
facet normal 0 0 -1
outer loop
vertex -49.24997329711914 -35.355533599853516 0.4000000059604645
vertex -47.784507751464844 -33.86012649536133 0.4000000059604645
vertex -44.40549850463867 -35.162628173828125 0.4000000059604645
endloop
endfacet
facet normal 0 0 -1
outer loop
vertex -32.349971771240234 -35.308902740478516 0.4000000059604645
vertex -32.449974060058594 -35.355533599853516 0.4000000059604645
vertex -33.190460205078125 -33.42934799194336 0.4000000059604645
endloop
endfacet
facet normal 0 0 -1
outer loop
vertex -32.349971771240234 -32.80171203613281 0.4000000059604645
vertex -32.349971771240234 -35.308902740478516 0.4000000059604645
vertex -33.190460205078125 -33.42934799194336 0.4000000059604645
endloop
endfacet
facet normal 0 0 -1
outer loop
vertex -43.80801010131836 -35.329994201660156 0.4000000059604645
vertex -49.24997329711914 -35.355533599853516 0.4000000059604645
vertex -44.203895568847656 -35.225250244140625 0.4000000059604645
endloop
endfacet
facet normal 1 0 0
outer loop
vertex -49.349971771240234 -33.83629608154297 -3.299999952316284
vertex -49.349971771240234 -30.144811630249023 -3.299999952316284
vertex -49.349971771240234 -30.144811630249023 -2.336627960205078
endloop
endfacet
facet normal 0 0 -1
outer loop
vertex -37.89193344116211 -35.329994201660156 0.4000000059604645
vertex -38.305625915527344 -35.329994201660156 0.4000000059604645
vertex -37.49604797363281 -35.225250244140625 0.4000000059604645
endloop
endfacet
facet normal -1 0 0
outer loop
vertex -32.349971771240234 -32.2191276550293 -0.3801608681678772
vertex -32.349971771240234 -33.83629608154297 -3.299999952316284
vertex -32.349971771240234 -35.052425384521484 -0.30000001192092896
endloop
endfacet
facet normal -1 0 0
outer loop
vertex -32.349971771240234 -30.61015510559082 -1.9891313314437866
vertex -32.349971771240234 -30.144811630249023 -3.299999952316284
vertex -32.349971771240234 -32.2191276550293 -0.3801608681678772
endloop
endfacet
facet normal -1 0 0
outer loop
vertex -32.349971771240234 -30.144811630249023 -2.336627960205078
vertex -32.349971771240234 -30.144811630249023 -3.299999952316284
vertex -32.349971771240234 -30.61015510559082 -1.9891313314437866
endloop
endfacet
facet normal -1 0 0
outer loop
vertex -32.349971771240234 -35.052425384521484 -0.30000001192092896
vertex -32.349971771240234 -35.308902740478516 0.4000000059604645
vertex -32.349971771240234 -32.80171203613281 0.4000000059604645
endloop
endfacet
facet normal -1 0 0
outer loop
vertex -32.349971771240234 -30.144811630249023 -3.299999952316284
vertex -32.349971771240234 -33.83629608154297 -3.299999952316284
vertex -32.349971771240234 -32.2191276550293 -0.3801608681678772
endloop
endfacet
facet normal -1 0 0
outer loop
vertex -25.849971771240234 -38.329994201660156 5.300000190734863
vertex -25.849971771240234 -44.329994201660156 5.400000095367432
vertex -25.849971771240234 -38.329994201660156 5.400000095367432
endloop
endfacet
facet normal -1 0 0
outer loop
vertex -25.849971771240234 -44.329994201660156 5.400000095367432
vertex -25.849971771240234 -38.329994201660156 5.300000190734863
vertex -25.849971771240234 -44.329994201660156 5.300000190734863
endloop
endfacet
facet normal 0 0 -1
outer loop
vertex -32.449974060058594 -44.329994201660156 5.400000095367432
vertex -32.449974060058594 -42.269775390625 5.400000095367432
vertex -25.849971771240234 -38.329994201660156 5.400000095367432
endloop
endfacet
facet normal 0 1 0
outer loop
vertex -25.849971771240234 -44.329994201660156 5.300000190734863
vertex -32.449974060058594 -44.329994201660156 5.300000190734863
vertex -25.849971771240234 -44.329994201660156 5.400000095367432
endloop
endfacet
facet normal 0 0 -1
outer loop
vertex -25.849971771240234 -38.329994201660156 5.400000095367432
vertex -32.449974060058594 -42.269775390625 5.400000095367432
vertex -32.449974060058594 -41.47433090209961 5.400000095367432
endloop
endfacet
facet normal 0 0 -1
outer loop
vertex -25.849971771240234 -38.329994201660156 5.400000095367432
vertex -32.449974060058594 -41.47433090209961 5.400000095367432
vertex -32.449974060058594 -38.329994201660156 5.400000095367432
endloop
endfacet
facet normal 0 -1 0
outer loop
vertex -32.449974060058594 -38.329994201660156 5.400000095367432
vertex -32.449974060058594 -38.329994201660156 5.300000190734863
vertex -25.849971771240234 -38.329994201660156 5.300000190734863
endloop
endfacet
facet normal 0 1 0
outer loop
vertex -32.449974060058594 -44.329994201660156 5.400000095367432
vertex -25.849971771240234 -44.329994201660156 5.400000095367432
vertex -32.449974060058594 -44.329994201660156 5.300000190734863
endloop
endfacet
facet normal 0 -1 0
outer loop
vertex -25.849971771240234 -38.329994201660156 5.400000095367432
vertex -32.449974060058594 -38.329994201660156 5.400000095367432
vertex -25.849971771240234 -38.329994201660156 5.300000190734863
endloop
endfacet
facet normal 0 0 -1
outer loop
vertex -32.449974060058594 -42.269775390625 5.400000095367432
vertex -32.94997024536133 -42.269771575927734 5.400000095367432
vertex -32.449974060058594 -41.47433090209961 5.400000095367432
endloop
endfacet
facet normal 0 0 -1
outer loop
vertex -32.94997024536133 -42.269771575927734 5.400000095367432
vertex -32.94997024536133 -41.47433090209961 5.400000095367432
vertex -32.449974060058594 -41.47433090209961 5.400000095367432
endloop
endfacet
facet normal 0 0 -1
outer loop
vertex -25.849971771240234 -44.329994201660156 5.400000095367432
vertex -32.449974060058594 -44.329994201660156 5.400000095367432
vertex -25.849971771240234 -38.329994201660156 5.400000095367432
endloop
endfacet
facet normal 0.0000014573313841517948 0.992546143135647 -0.12186941266957738
outer loop
vertex -41.88920211791992 -37.725685119628906 12.64042854309082
vertex -42.32221603393555 -37.69521713256836 12.888565063476562
vertex -40.849971771240234 -37.652565002441406 13.235956192016602
endloop
endfacet
facet normal -0.9659255637328457 0.03154182302960866 0.2568908692954133
outer loop
vertex -42.32221603393555 -37.69521713256836 12.888565063476562
vertex -42.45722198486328 -38.05573272705078 12.425199508666992
vertex -42.32221603393555 -37.97417449951172 12.922816276550293
endloop
endfacet
facet normal -0.7070901465244652 0.08617556401485436 0.7018527600962555
outer loop
vertex -42.32221603393555 -37.97417449951172 12.922816276550293
vertex -42.26539993286133 -37.970333099365234 12.979584693908691
vertex -42.32221603393555 -37.69521713256836 12.888565063476562
endloop
endfacet
facet normal -0.2588206435975247 -0.11771767721059029 -0.9587254158099212
outer loop
vertex -40.849971771240234 -38.289581298828125 10.392393112182617
vertex -41.09929656982422 -38.283817291259766 10.458993911743164
vertex -40.849971771240234 -38.005985260009766 10.357571601867676
endloop
endfacet
facet normal 0.2588201754373077 -0.11771769249847894 -0.9587255403187269
outer loop
vertex -40.849971771240234 -38.005985260009766 10.357571601867676
vertex -39.99997329711914 -37.97822952270508 10.58363151550293
vertex -40.849971771240234 -38.289581298828125 10.392393112182617
endloop
endfacet
facet normal -0.2588196124881815 -0.11771866008216482 -0.9587255734880172
outer loop
vertex -40.849971771240234 -38.005985260009766 10.357571601867676
vertex -41.09929656982422 -38.283817291259766 10.458993911743164
vertex -41.69997024536133 -38.23564529418945 10.615238189697266
endloop
endfacet
facet normal -0.2588201754384691 -0.11771667894826596 -0.9587256647672424
outer loop
vertex -40.849971771240234 -38.005985260009766 10.357571601867676
vertex -41.69997024536133 -38.23564529418945 10.615238189697266
vertex -41.69997024536133 -37.97822952270508 10.58363151550293
endloop
endfacet
facet normal -0.7071054286416407 -0.08617478174250603 -0.7018374596565454
outer loop
vertex -41.69997024536133 -38.23564529418945 10.615238189697266
vertex -42.32221603393555 -38.16028594970703 11.232901573181152
vertex -41.69997024536133 -37.97822952270508 10.58363151550293
endloop
endfacet
facet normal -0.0000019396231610363166 0.9925458958939185 -0.12187142626709792
outer loop
vertex -42.32221603393555 -37.90239715576172 11.2012357711792
vertex -40.849971771240234 -37.94504928588867 10.85384464263916
vertex -41.69997024536133 -37.97822952270508 10.58363151550293
endloop
endfacet
facet normal 0.2588206305872419 -0.11771911805331846 -0.9587252424063795
outer loop
vertex -40.60064697265625 -38.283817291259766 10.458993911743164
vertex -40.849971771240234 -38.289581298828125 10.392393112182617
vertex -39.99997329711914 -37.97822952270508 10.58363151550293
endloop
endfacet
facet normal 0 0.9925466455140727 -0.12186532106699503
outer loop
vertex -39.99997329711914 -37.97822952270508 10.58363151550293
vertex -40.849971771240234 -38.005985260009766 10.357571601867676
vertex -41.69997024536133 -37.97822952270508 10.58363151550293
endloop
endfacet
facet normal 0.2588195241142685 -0.11771670021718773 -0.9587258379887549
outer loop
vertex -39.99997329711914 -38.23564529418945 10.615238189697266
vertex -40.60064697265625 -38.283817291259766 10.458993911743164
vertex -39.99997329711914 -37.97822952270508 10.58363151550293
endloop
endfacet
facet normal 0 0.992546132279859 -0.12186950109150682
outer loop
vertex -39.99997329711914 -37.97822952270508 10.58363151550293
vertex -41.69997024536133 -37.97822952270508 10.58363151550293
vertex -39.37772750854492 -37.90239715576172 11.2012357711792
endloop
endfacet
facet normal 0.000013110758230975905 0.9925401679230923 -0.12191806628760035
outer loop
vertex -39.37772750854492 -37.90239715576172 11.2012357711792
vertex -41.69997024536133 -37.97822952270508 10.58363151550293
vertex -40.849971771240234 -37.94504928588867 10.85384464263916
endloop
endfacet
facet normal 0.7071048376318566 -0.08617485376812604 -0.7018380462583002
outer loop
vertex -39.99997329711914 -38.23564529418945 10.615238189697266
vertex -39.99997329711914 -37.97822952270508 10.58363151550293
vertex -39.37772750854492 -37.90239715576172 11.2012357711792
endloop
endfacet
facet normal -0.7071048376292932 -0.08617766342618964 -0.7018377012726328
outer loop
vertex -41.69997024536133 -37.97822952270508 10.58363151550293
vertex -42.32221603393555 -38.16028594970703 11.232901573181152
vertex -42.32221603393555 -37.90239715576172 11.2012357711792
endloop
endfacet
facet normal -0.0000014573313841517948 0.992546143135647 -0.12186941266957738
outer loop
vertex -40.849971771240234 -37.94504928588867 10.85384464263916
vertex -42.32221603393555 -37.90239715576172 11.2012357711792
vertex -41.88920211791992 -37.87192916870117 11.449372291564941
endloop
endfacet
facet normal 0.0000014573313841517948 0.992546143135647 -0.12186941266957738
outer loop
vertex -39.37772750854492 -37.90239715576172 11.2012357711792
vertex -40.849971771240234 -37.94504928588867 10.85384464263916
vertex -39.81074142456055 -37.87192916870117 11.449372291564941
endloop
endfacet
facet normal 0.707105427554752 -0.08617759153037106 -0.7018371157474046
outer loop
vertex -39.37772750854492 -38.16028594970703 11.232901573181152
vertex -39.99997329711914 -38.23564529418945 10.615238189697266
vertex -39.37772750854492 -37.90239715576172 11.2012357711792
endloop
endfacet
facet normal 0.9659260104746444 -0.031543043578822254 -0.25688903964615106
outer loop
vertex -39.37772750854492 -37.90239715576172 11.2012357711792
vertex -39.14997100830078 -37.798805236816406 12.044900894165039
vertex -39.37772750854492 -38.16028594970703 11.232901573181152
endloop
endfacet
facet normal 0.9659267766201929 -0.03155264664221627 -0.25688497951027706
outer loop
vertex -39.2833137512207 -38.134437561035156 11.584736824035645
vertex -39.37772750854492 -38.16028594970703 11.232901573181152
vertex -39.14997100830078 -37.798805236816406 12.044900894165039
endloop
endfacet
facet normal -3.7707302439401917e-7 0.9925457559171839 -0.12187256627577836
outer loop
vertex -39.37772750854492 -37.90239715576172 11.2012357711792
vertex -39.81074142456055 -37.87192916870117 11.449372291564941
vertex -39.14997100830078 -37.798805236816406 12.044900894165039
endloop
endfacet
facet normal 0.9659251388281948 -0.031541711656747094 -0.25689248063245285
outer loop
vertex -39.2833137512207 -38.134437561035156 11.584736824035645
vertex -39.14997100830078 -37.798805236816406 12.044900894165039
vertex -39.14997100830078 -38.0737419128418 12.078658103942871
endloop
endfacet
facet normal 0.0000027770905636007584 0.9925460780308216 -0.12186994288142604
outer loop
vertex -41.88920211791992 -37.87192916870117 11.449372291564941
vertex -42.54997253417969 -37.798805236816406 12.044900894165039
vertex -41.88920211791992 -37.725685119628906 12.64042854309082
endloop
endfacet
facet normal -0.0000027770905636007584 0.9925460780308216 -0.12186994288142604
outer loop
vertex -39.14997100830078 -37.798805236816406 12.044900894165039
vertex -39.81074142456055 -37.87192916870117 11.449372291564941
vertex -39.81074142456055 -37.725685119628906 12.64042854309082
endloop
endfacet
facet normal 0.9659259030297274 0.03154136409007639 0.2568896498645734
outer loop
vertex -39.14997100830078 -38.0737419128418 12.078658103942871
vertex -39.14997100830078 -37.798805236816406 12.044900894165039
vertex -39.37772750854492 -37.69521713256836 12.888565063476562
endloop
endfacet
facet normal -0.000001781766975689323 0.9925462116183111 -0.12186885491775251
outer loop
vertex -39.14997100830078 -37.798805236816406 12.044900894165039
vertex -39.81074142456055 -37.725685119628906 12.64042854309082
vertex -39.37772750854492 -37.69521713256836 12.888565063476562
endloop
endfacet
facet normal 0.9659263641171445 0.03154677190096023 0.2568872520894373
outer loop
vertex -39.24272155761719 -38.05573272705078 12.425199508666992
vertex -39.14997100830078 -38.0737419128418 12.078658103942871
vertex -39.37772750854492 -37.69521713256836 12.888565063476562
endloop
endfacet
facet normal 0.9659255637328457 0.03154182302960866 0.2568908692954133
outer loop
vertex -39.24272155761719 -38.05573272705078 12.425199508666992
vertex -39.37772750854492 -37.69521713256836 12.888565063476562
vertex -39.37772750854492 -37.97417449951172 12.922816276550293
endloop
endfacet
facet normal -0.707106495139565 0.08616708297381777 0.70183733040016
outer loop
vertex -42.32221603393555 -37.69521713256836 12.888565063476562
vertex -42.26539993286133 -37.970333099365234 12.979584693908691
vertex -41.69997024536133 -37.879425048828125 13.538098335266113
endloop
endfacet
facet normal -0.7071048376318585 0.08617509967234226 0.7018380160650212
outer loop
vertex -42.32221603393555 -37.69521713256836 12.888565063476562
vertex -41.69997024536133 -37.879425048828125 13.538098335266113
vertex -41.69997024536133 -37.619384765625 13.506169319152832
endloop
endfacet
facet normal 0.7070917312707526 0.08611777487207907 0.7018582566441828
outer loop
vertex -39.37772750854492 -37.97417449951172 12.922816276550293
vertex -39.99997329711914 -37.619384765625 13.506169319152832
vertex -39.43454360961914 -37.970333099365234 12.979584693908691
endloop
endfacet
facet normal 0.7071066494778856 0.0861748788639315 0.7018362177295678
outer loop
vertex -39.43454360961914 -37.970333099365234 12.979584693908691
vertex -39.99997329711914 -37.619384765625 13.506169319152832
vertex -39.99997329711914 -37.879425048828125 13.538098335266113
endloop
endfacet
facet normal -0.2588211369232574 0.11771698346126705 0.9587253678121448
outer loop
vertex -41.69997024536133 -37.619384765625 13.506169319152832
vertex -41.69997024536133 -37.879425048828125 13.538098335266113
vertex -41.45612335205078 -37.88032150268555 13.60403823852539
endloop
endfacet
facet normal -0.2588191964145414 0.11771563722438366 0.9587260569736218
outer loop
vertex -41.45612335205078 -37.88032150268555 13.60403823852539
vertex -40.849971771240234 -37.848697662353516 13.763792991638184
vertex -40.849971771240234 -37.59162902832031 13.732229232788086
endloop
endfacet
facet normal 0.2588211369232574 0.11771698346126705 0.9587253678121448
outer loop
vertex -39.99997329711914 -37.879425048828125 13.538098335266113
vertex -39.99997329711914 -37.619384765625 13.506169319152832
vertex -40.24382019042969 -37.88032150268555 13.60403823852539
endloop
endfacet
facet normal 0.2588191964145414 0.11771563722438366 0.9587260569736218
outer loop
vertex -40.849971771240234 -37.59162902832031 13.732229232788086
vertex -40.849971771240234 -37.848697662353516 13.763792991638184
vertex -40.24382019042969 -37.88032150268555 13.60403823852539
endloop
endfacet
facet normal 0.7071048376313342 0.08617377368924663 0.701838178874959
outer loop
vertex -39.99997329711914 -37.619384765625 13.506169319152832
vertex -39.37772750854492 -37.97417449951172 12.922816276550293
vertex -39.37772750854492 -37.69521713256836 12.888565063476562
endloop
endfacet
facet normal -0.0000014573313841517948 0.992546143135647 -0.12186941266957738
outer loop
vertex -39.37772750854492 -37.69521713256836 12.888565063476562
vertex -39.81074142456055 -37.725685119628906 12.64042854309082
vertex -40.849971771240234 -37.652565002441406 13.235956192016602
endloop
endfacet
facet normal -0.0000019396231610363166 0.9925458958939185 -0.12187142626709792
outer loop
vertex -39.99997329711914 -37.619384765625 13.506169319152832
vertex -39.37772750854492 -37.69521713256836 12.888565063476562
vertex -40.849971771240234 -37.652565002441406 13.235956192016602
endloop
endfacet
facet normal -0.2588201754369891 0.11771793548708032 0.9587255104832799
outer loop
vertex -41.69997024536133 -37.619384765625 13.506169319152832
vertex -41.45612335205078 -37.88032150268555 13.60403823852539
vertex -40.849971771240234 -37.59162902832031 13.732229232788086
endloop
endfacet
facet normal 0 0.9925466455140727 -0.12186532106699503
outer loop
vertex -39.99997329711914 -37.619384765625 13.506169319152832
vertex -41.69997024536133 -37.619384765625 13.506169319152832
vertex -40.849971771240234 -37.59162902832031 13.732229232788086
endloop
endfacet
facet normal 0.2588201754369891 0.11771793548708032 0.9587255104832799
outer loop
vertex -40.849971771240234 -37.59162902832031 13.732229232788086
vertex -40.24382019042969 -37.88032150268555 13.60403823852539
vertex -39.99997329711914 -37.619384765625 13.506169319152832
endloop
endfacet
facet normal -0.965925903027673 0.0315439209021744 0.25688933592948443
outer loop
vertex -42.54997253417969 -37.798805236816406 12.044900894165039
vertex -42.45722198486328 -38.05573272705078 12.425199508666992
vertex -42.32221603393555 -37.69521713256836 12.888565063476562
endloop
endfacet
facet normal 0.000013110758230975905 0.9925401679230923 -0.12191806628760035
outer loop
vertex -40.849971771240234 -37.652565002441406 13.235956192016602
vertex -42.32221603393555 -37.69521713256836 12.888565063476562
vertex -39.99997329711914 -37.619384765625 13.506169319152832
endloop
endfacet
facet normal -0.9659264636924492 0.03154110909232727 0.25688757302723997
outer loop
vertex -42.54997253417969 -37.798805236816406 12.044900894165039
vertex -42.54997253417969 -38.0737419128418 12.078658103942871
vertex -42.45722198486328 -38.05573272705078 12.425199508666992
endloop
endfacet
facet normal -0.9659251388281948 -0.031541711656747094 -0.25689248063245285
outer loop
vertex -42.54997253417969 -37.798805236816406 12.044900894165039
vertex -42.416629791259766 -38.134437561035156 11.584736824035645
vertex -42.54997253417969 -38.0737419128418 12.078658103942871
endloop
endfacet
facet normal 3.7707302439401917e-7 0.9925457559171839 -0.12187256627577836
outer loop
vertex -42.32221603393555 -37.90239715576172 11.2012357711792
vertex -42.54997253417969 -37.798805236816406 12.044900894165039
vertex -41.88920211791992 -37.87192916870117 11.449372291564941
endloop
endfacet
facet normal -0.965926010464067 -0.031547531133230784 -0.25688848862564667
outer loop
vertex -42.32221603393555 -37.90239715576172 11.2012357711792
vertex -42.416629791259766 -38.134437561035156 11.584736824035645
vertex -42.54997253417969 -37.798805236816406 12.044900894165039
endloop
endfacet
facet normal -0.9659268991893377 -0.031542639354309995 -0.25688574760977867
outer loop
vertex -42.32221603393555 -38.16028594970703 11.232901573181152
vertex -42.416629791259766 -38.134437561035156 11.584736824035645
vertex -42.32221603393555 -37.90239715576172 11.2012357711792
endloop
endfacet
facet normal 0.000001781766975689323 0.9925462116183111 -0.12186885491775251
outer loop
vertex -42.54997253417969 -37.798805236816406 12.044900894165039
vertex -42.32221603393555 -37.69521713256836 12.888565063476562
vertex -41.88920211791992 -37.725685119628906 12.64042854309082
endloop
endfacet
facet normal 0 0.992546132279859 -0.12186950109150682
outer loop
vertex -39.99997329711914 -37.619384765625 13.506169319152832
vertex -42.32221603393555 -37.69521713256836 12.888565063476562
vertex -41.69997024536133 -37.619384765625 13.506169319152832
endloop
endfacet
facet normal -0.8137971985184611 -0.26336258143435703 0.5180485212639216
outer loop
vertex -27.377132415771484 -14.383041381835938 0.11397182941436768
vertex -27.22446632385254 -15.240303039550781 -0.08201638609170914
vertex -26.869028091430664 -14.545523643493652 0.8295459747314453
endloop
endfacet
facet normal 0.5596320551068236 -0.5954877731270685 0.5763733815445315
outer loop
vertex -25.539241790771484 -16.33871841430664 2.0068840980529785
vertex -25.67713165283203 -17.0065975189209 1.4507406949996948
vertex -25.389068603515625 -16.290117263793945 1.9112857580184937
endloop
endfacet
facet normal -0.5596268005316504 0.5954890580493214 -0.576377155923307
outer loop
vertex -27.366718292236328 -15.00292682647705 -0.5365796685218811
vertex -27.51502227783203 -15.050921440124512 -0.4421716630458832
vertex -27.377132415771484 -14.383041381835938 0.11397182941436768
endloop
endfacet
facet normal 0.4155137798431337 0.3595383192311306 0.8355121158696178
outer loop
vertex -26.023595809936523 -14.710549354553223 2.0737361907958984
vertex -25.786401748657227 -14.842731475830078 2.0126564502716064
vertex -25.875770568847656 -14.66270923614502 1.9796336889266968
endloop
endfacet
facet normal 0.156696954927642 0.7589679746086427 0.6319918336773499
outer loop
vertex -26.37906837463379 -14.142194747924805 1.4793274402618408
vertex -26.516056060791016 -14.186527252197266 1.5665318965911865
vertex -26.023595809936523 -14.710549354553223 2.0737361907958984
endloop
endfacet
facet normal -0.8137980801899614 -0.2633628642841014 0.5180469924584133
outer loop
vertex -26.882570266723633 -16.389598846435547 -0.129206120967865
vertex -26.5382080078125 -17.20311164855957 -0.0018194466829299927
vertex -26.04277992248535 -17.322988510131836 0.7155041098594666
endloop
endfacet
facet normal -0.4063027914770553 0.8951924773007442 -0.18316241487300036
outer loop
vertex -27.20165252685547 -14.326251983642578 0.002264814218506217
vertex -27.377132415771484 -14.383041381835938 0.11397182941436768
vertex -27.011486053466797 -14.066650390625 0.8492083549499512
endloop
endfacet
facet normal -0.8137970362424211 -0.2633638972216726 0.5180481072673309
outer loop
vertex -27.011486053466797 -14.066650390625 0.8492083549499512
vertex -27.377132415771484 -14.383041381835938 0.11397182941436768
vertex -26.869028091430664 -14.545523643493652 0.8295459747314453
endloop
endfacet
facet normal -0.4062960187823323 0.8951950770192687 -0.18316473241891315
outer loop
vertex -26.8643741607666 -14.01904296875 0.7555601596832275
vertex -27.20165252685547 -14.326251983642578 0.002264814218506217
vertex -27.011486053466797 -14.066650390625 0.8492083549499512
endloop
endfacet
facet normal -0.813798392426356 -0.2633642067318803 0.5180458194955021
outer loop
vertex -27.011486053466797 -14.066650390625 0.8492083549499512
vertex -26.869028091430664 -14.545523643493652 0.8295459747314453
vertex -26.171695709228516 -15.000040054321289 1.6939185857772827
endloop
endfacet
facet normal -0.1441048435468434 0.9550316390116511 0.2591300109077663
outer loop
vertex -26.8643741607666 -14.01904296875 0.7555601596832275
vertex -27.011486053466797 -14.066650390625 0.8492083549499512
vertex -26.516056060791016 -14.186527252197266 1.5665318965911865
endloop
endfacet
facet normal -0.1441107152458103 0.9550301520516619 0.2591322257526465
outer loop
vertex -26.8643741607666 -14.01904296875 0.7555601596832275
vertex -26.516056060791016 -14.186527252197266 1.5665318965911865
vertex -26.37906837463379 -14.142194747924805 1.4793274402618408
endloop
endfacet
facet normal -0.8137974969838091 -0.26336035684116865 0.5180491833285519
outer loop
vertex -26.516056060791016 -14.186527252197266 1.5665318965911865
vertex -27.011486053466797 -14.066650390625 0.8492083549499512
vertex -26.171695709228516 -15.000040054321289 1.6939185857772827
endloop
endfacet
facet normal -0.813785942967173 -0.26335195522768107 0.5180716038413865
outer loop
vertex -26.171695709228516 -15.000040054321289 1.6939185857772827
vertex -25.539241790771484 -16.33871841430664 2.0068840980529785
vertex -26.516056060791016 -14.186527252197266 1.5665318965911865
endloop
endfacet
facet normal -0.15669579521055468 -0.7589685267617067 -0.6319914581293774
outer loop
vertex -26.47439193725586 -16.969249725341797 -0.2984904646873474
vertex -26.5382080078125 -17.20311164855957 -0.0018194466829299927
vertex -27.030670166015625 -16.67909049987793 -0.5090237855911255
endloop
endfacet
facet normal -0.15669637867611477 -0.7589683909423655 -0.6319914765723889
outer loop
vertex -26.5382080078125 -17.20311164855957 -0.0018194466829299927
vertex -26.47439193725586 -16.969249725341797 -0.2984904646873474
vertex -26.320392608642578 -17.13262176513672 -0.14047713577747345
endloop
endfacet
facet normal -0.4155130655869314 -0.3595399203944233 -0.8355117820649341
outer loop
vertex -27.247785568237305 -15.845890045166016 -0.7595937252044678
vertex -26.857572555541992 -16.623071670532227 -0.6192136406898499
vertex -27.388208389282227 -15.89133358001709 -0.6702038645744324
endloop
endfacet
facet normal -0.4155117130901328 -0.35953901366195407 -0.8355128448682834
outer loop
vertex -27.388208389282227 -15.89133358001709 -0.6702038645744324
vertex -26.857572555541992 -16.623071670532227 -0.6192136406898499
vertex -27.030670166015625 -16.67909049987793 -0.5090237855911255
endloop
endfacet
facet normal -0.15669273364248773 -0.758965684589326 -0.6319956303958915
outer loop
vertex -26.857572555541992 -16.623071670532227 -0.6192136406898499
vertex -26.47439193725586 -16.969249725341797 -0.2984904646873474
vertex -27.030670166015625 -16.67909049987793 -0.5090237855911255
endloop
endfacet
facet normal -0.8137964860352331 -0.26336027458959194 0.5180508132266576
outer loop
vertex -27.030670166015625 -16.67909049987793 -0.5090237855911255
vertex -26.5382080078125 -17.20311164855957 -0.0018194466829299927
vertex -27.388208389282227 -15.89133358001709 -0.6702038645744324
endloop
endfacet
facet normal -0.5629946363781096 0.1362263684384048 -0.8151560684626987
outer loop
vertex -27.247785568237305 -15.845890045166016 -0.7595937252044678
vertex -27.388208389282227 -15.89133358001709 -0.6702038645744324
vertex -27.51502227783203 -15.050921440124512 -0.4421716630458832
endloop
endfacet
facet normal -0.5629991281831458 0.1362237916902274 -0.8151533967558225
outer loop
vertex -27.366718292236328 -15.00292682647705 -0.5365796685218811
vertex -27.247785568237305 -15.845890045166016 -0.7595937252044678
vertex -27.51502227783203 -15.050921440124512 -0.4421716630458832
endloop
endfacet
facet normal -0.813797339250139 -0.26336194237281774 0.5180486250720208
outer loop
vertex -27.388208389282227 -15.89133358001709 -0.6702038645744324
vertex -26.5382080078125 -17.20311164855957 -0.0018194466829299927
vertex -27.51502227783203 -15.050921440124512 -0.4421716630458832
endloop
endfacet
facet normal -0.5596247961016761 0.5954917413345964 -0.576376329831862
outer loop
vertex -27.20165252685547 -14.326251983642578 0.002264814218506217
vertex -27.223844528198242 -14.473312377929688 -0.12812578678131104
vertex -27.377132415771484 -14.383041381835938 0.11397182941436768
endloop
endfacet
facet normal -0.813800113134053 -0.2633643425923617 0.5180430473560045
outer loop
vertex -27.51502227783203 -15.050921440124512 -0.4421716630458832
vertex -26.5382080078125 -17.20311164855957 -0.0018194466829299927
vertex -26.882570266723633 -16.389598846435547 -0.129206120967865
endloop
endfacet
facet normal -0.8137975604966023 -0.2633619100208788 0.5180482939648905
outer loop
vertex -27.51502227783203 -15.050921440124512 -0.4421716630458832
vertex -26.882570266723633 -16.389598846435547 -0.129206120967865
vertex -27.22446632385254 -15.240303039550781 -0.08201638609170914
endloop
endfacet
facet normal 0.14410830139238398 -0.9550299883989007 -0.2591341712869946
outer loop
vertex -26.5382080078125 -17.20311164855957 -0.0018194466829299927
vertex -26.320392608642578 -17.13262176513672 -0.14047713577747345
vertex -26.101152420043945 -17.1707706451416 0.12204191088676453
endloop
endfacet
facet normal 0.14410733918195173 -0.955031136150108 -0.2591304763584008
outer loop
vertex -26.5382080078125 -17.20311164855957 -0.0018194466829299927
vertex -26.101152420043945 -17.1707706451416 0.12204191088676453
vertex -25.989240646362305 -17.196325302124023 0.27846041321754456
endloop
endfacet
facet normal -0.5596274162630871 0.5954887520632044 -0.5763768742176503
outer loop
vertex -27.223844528198242 -14.473312377929688 -0.12812578678131104
vertex -27.366718292236328 -15.00292682647705 -0.5365796685218811
vertex -27.377132415771484 -14.383041381835938 0.11397182941436768
endloop
endfacet
facet normal 0.41551352902639743 0.3595405267266263 0.8355112906700719
outer loop
vertex -25.666057586669922 -15.498305320739746 2.2349164485931396
vertex -25.527589797973633 -15.453495025634766 2.146771192550659
vertex -25.786401748657227 -14.842731475830078 2.0126564502716064
endloop
endfacet
facet normal 0.5629937981206364 -0.1362254077880678 0.8151568079521109
outer loop
vertex -25.666057586669922 -15.498305320739746 2.2349164485931396
vertex -25.539241790771484 -16.33871841430664 2.0068840980529785
vertex -25.527589797973633 -15.453495025634766 2.146771192550659
endloop
endfacet
facet normal -0.8137978262829232 -0.2633624594418962 0.5180475971316774
outer loop
vertex -25.829797744750977 -16.149335861206055 1.6467288732528687
vertex -25.67713165283203 -17.0065975189209 1.4507406949996948
vertex -25.539241790771484 -16.33871841430664 2.0068840980529785
endloop
endfacet
facet normal 0.1441057963997515 -0.9550321957984624 -0.2591274289463788
outer loop
vertex -26.5382080078125 -17.20311164855957 -0.0018194466829299927
vertex -25.989240646362305 -17.196325302124023 0.27846041321754456
vertex -25.82663345336914 -17.25303840637207 0.577909529209137
endloop
endfacet
facet normal 0.14411091677609392 -0.9550297744550243 -0.25913350530245816
outer loop
vertex -26.04277992248535 -17.322988510131836 0.7155041098594666
vertex -26.5382080078125 -17.20311164855957 -0.0018194466829299927
vertex -25.82663345336914 -17.25303840637207 0.577909529209137
endloop
endfacet
facet normal 0.4063026921523205 -0.8951926438513496 0.18316182119701616
outer loop
vertex -26.04277992248535 -17.322988510131836 0.7155041098594666
vertex -25.82663345336914 -17.25303840637207 0.577909529209137
vertex -25.53313636779785 -16.990617752075195 1.209418773651123
endloop
endfacet
facet normal -0.8137976467945004 -0.26336034773108885 0.5180489526238745
outer loop
vertex -26.04277992248535 -17.322988510131836 0.7155041098594666
vertex -25.67713165283203 -17.0065975189209 1.4507406949996948
vertex -26.18523597717285 -16.844114303588867 0.7351664900779724
endloop
endfacet
facet normal 0.4063032961792133 -0.8951925149686502 0.18316111120543466
outer loop
vertex -25.67713165283203 -17.0065975189209 1.4507406949996948
vertex -26.04277992248535 -17.322988510131836 0.7155041098594666
vertex -25.53313636779785 -16.990617752075195 1.209418773651123
endloop
endfacet
facet normal 0.5630018993015546 -0.13622465024858577 0.8151513393520816
outer loop
vertex -25.539241790771484 -16.33871841430664 2.0068840980529785
vertex -25.389068603515625 -16.290117263793945 1.9112857580184937
vertex -25.527589797973633 -15.453495025634766 2.146771192550659
endloop
endfacet
facet normal -0.8137974863481487 -0.26336031111443686 0.5180492232820563
outer loop
vertex -26.18523597717285 -16.844114303588867 0.7351664900779724
vertex -26.882570266723633 -16.389598846435547 -0.129206120967865
vertex -26.04277992248535 -17.322988510131836 0.7155041098594666
endloop
endfacet
facet normal -0.8137982236584277 -0.2633620027320652 0.5180472050762781
outer loop
vertex -25.666057586669922 -15.498305320739746 2.2349164485931396
vertex -26.023595809936523 -14.710549354553223 2.0737361907958984
vertex -26.516056060791016 -14.186527252197266 1.5665318965911865
endloop
endfacet
facet normal 0.41551465936174087 0.35954054148807224 0.8355107221825224
outer loop
vertex -25.666057586669922 -15.498305320739746 2.2349164485931396
vertex -25.786401748657227 -14.842731475830078 2.0126564502716064
vertex -26.023595809936523 -14.710549354553223 2.0737361907958984
endloop
endfacet
facet normal 0.15669254352345927 0.7589672586468554 0.6319937872370472
outer loop
vertex -26.37906837463379 -14.142194747924805 1.4793274402618408
vertex -26.023595809936523 -14.710549354553223 2.0737361907958984
vertex -25.875770568847656 -14.66270923614502 1.9796336889266968
endloop
endfacet
facet normal 0.406298441973202 -0.8951953491695366 0.18315802705691053
outer loop
vertex -25.67713165283203 -17.0065975189209 1.4507406949996948
vertex -25.53313636779785 -16.990617752075195 1.209418773651123
vertex -25.48581314086914 -16.944683074951172 1.32895028591156
endloop
endfacet
facet normal -0.813797377382103 -0.2633625322543384 0.518048265290594
outer loop
vertex -25.829797744750977 -16.149335861206055 1.6467288732528687
vertex -26.18523597717285 -16.844114303588867 0.7351664900779724
vertex -25.67713165283203 -17.0065975189209 1.4507406949996948
endloop
endfacet
facet normal 0.5596256515360215 -0.5954886276214159 0.5763787162243643
outer loop
vertex -25.67713165283203 -17.0065975189209 1.4507406949996948
vertex -25.48581314086914 -16.944683074951172 1.32895028591156
vertex -25.389068603515625 -16.290117263793945 1.9112857580184937
endloop
endfacet
facet normal -0.8137987548215115 -0.263363041007049 0.518045842838717
outer loop
vertex -25.539241790771484 -16.33871841430664 2.0068840980529785
vertex -25.666057586669922 -15.498305320739746 2.2349164485931396
vertex -26.516056060791016 -14.186527252197266 1.5665318965911865
endloop
endfacet
facet normal -0.8137978323463191 -0.26336328514099977 0.5180471678410884
outer loop
vertex -26.171695709228516 -15.000040054321289 1.6939185857772827
vertex -25.829797744750977 -16.149335861206055 1.6467288732528687
vertex -25.539241790771484 -16.33871841430664 2.0068840980529785
endloop
endfacet
facet normal -0.8137975649903404 -0.26336252199210336 0.5180479757954388
outer loop
vertex -27.22446632385254 -15.240303039550781 -0.08201638609170914
vertex -27.377132415771484 -14.383041381835938 0.11397182941436768
vertex -27.51502227783203 -15.050921440124512 -0.4421716630458832
endloop
endfacet
facet normal 0.8137976125422243 -0.26336085367135015 0.5180487492254696
outer loop
vertex -55.52824783325195 -15.000040054321289 1.6939185857772827
vertex -54.83091354370117 -14.545523643493652 0.8295459747314453
vertex -54.68845748901367 -14.066650390625 0.8492083549499512
endloop
endfacet
facet normal 0.8137974660589005 -0.26336059332245837 0.5180491116882217
outer loop
vertex -55.16173553466797 -17.20311164855957 -0.0018194466829299927
vertex -54.311737060546875 -15.89133358001709 -0.6702038645744324
vertex -55.65716552734375 -17.322988510131836 0.7155041098594666
endloop
endfacet
facet normal 0.5596256429792066 0.5954876393929855 -0.5763797455239724
outer loop
vertex -54.322811126708984 -14.383041381835938 0.11397182941436768
vertex -54.47610092163086 -14.473312377929688 -0.12812578678131104
vertex -54.498291015625 -14.326251983642578 0.002264814218506217
endloop
endfacet
facet normal 0.8137983730553845 -0.2633607688068225 0.5180475976837345
outer loop
vertex -54.83091354370117 -14.545523643493652 0.8295459747314453
vertex -54.4754753112793 -15.240303039550781 -0.08201638609170914
vertex -54.322811126708984 -14.383041381835938 0.11397182941436768
endloop
endfacet
facet normal 0.4063025260236149 0.895192706995551 -0.18316188110195683
outer loop
vertex -54.322811126708984 -14.383041381835938 0.11397182941436768
vertex -54.498291015625 -14.326251983642578 0.002264814218506217
vertex -54.835567474365234 -14.01904296875 0.7555601596832275
endloop
endfacet
facet normal 0.8137983420565149 -0.26336102015942 0.518047518599073
outer loop
vertex -54.83091354370117 -14.545523643493652 0.8295459747314453
vertex -54.322811126708984 -14.383041381835938 0.11397182941436768
vertex -54.68845748901367 -14.066650390625 0.8492083549499512
endloop
endfacet
facet normal 0.4063002606199198 0.8951932963397814 -0.18316402596716774
outer loop
vertex -54.322811126708984 -14.383041381835938 0.11397182941436768
vertex -54.835567474365234 -14.01904296875 0.7555601596832275
vertex -54.68845748901367 -14.066650390625 0.8492083549499512
endloop
endfacet
facet normal 0.5596265864465996 0.5954900949792249 -0.5763762924719931
outer loop
vertex -54.18492126464844 -15.050921440124512 -0.4421716630458832
vertex -54.33322525024414 -15.00292682647705 -0.5365796685218811
vertex -54.47610092163086 -14.473312377929688 -0.12812578678131104
endloop
endfacet
facet normal 0.1441086557790285 0.9550304053048949 0.2591324377084615
outer loop
vertex -55.18388748168945 -14.186527252197266 1.5665318965911865
vertex -54.68845748901367 -14.066650390625 0.8492083549499512
vertex -55.32087707519531 -14.142194747924805 1.4793274402618408
endloop
endfacet
facet normal -0.4155183267601447 0.35953953437327113 0.8355093316948059
outer loop
vertex -55.913543701171875 -14.842731475830078 2.0126564502716064
vertex -56.1723518371582 -15.453495025634766 2.146771192550659
vertex -56.03388595581055 -15.498305320739746 2.2349164485931396
endloop
endfacet
facet normal 0.8137978148321631 -0.2633632684506622 0.5180472038389753
outer loop
vertex -56.03388595581055 -15.498305320739746 2.2349164485931396
vertex -56.160701751708984 -16.33871841430664 2.0068840980529785
vertex -55.52824783325195 -15.000040054321289 1.6939185857772827
endloop
endfacet
facet normal -0.5629990342524789 -0.1362244093894528 0.8151533584039696
outer loop
vertex -56.310874938964844 -16.290117263793945 1.9112857580184937
vertex -56.03388595581055 -15.498305320739746 2.2349164485931396
vertex -56.1723518371582 -15.453495025634766 2.146771192550659
endloop
endfacet
facet normal -0.5630016310881029 -0.13622287285921755 0.8151518216271845
outer loop
vertex -56.310874938964844 -16.290117263793945 1.9112857580184937
vertex -56.160701751708984 -16.33871841430664 2.0068840980529785
vertex -56.03388595581055 -15.498305320739746 2.2349164485931396
endloop
endfacet
facet normal 0.8137960069375073 -0.2633615455996543 0.5180509196902653
outer loop
vertex -55.87014389038086 -16.149335861206055 1.6467288732528687
vertex -55.52824783325195 -15.000040054321289 1.6939185857772827
vertex -56.160701751708984 -16.33871841430664 2.0068840980529785
endloop
endfacet
facet normal 0.813796027705298 -0.26336437328289863 0.518049449547419
outer loop
vertex -55.87014389038086 -16.149335861206055 1.6467288732528687
vertex -56.160701751708984 -16.33871841430664 2.0068840980529785
vertex -56.02281188964844 -17.0065975189209 1.4507406949996948
endloop
endfacet
facet normal -0.5596323983639505 -0.5954861104963609 0.5763747660223586
outer loop
vertex -56.21413040161133 -16.944683074951172 1.32895028591156
vertex -56.160701751708984 -16.33871841430664 2.0068840980529785
vertex -56.310874938964844 -16.290117263793945 1.9112857580184937
endloop
endfacet
facet normal 0.8137974707131451 -0.2633605309423463 0.5180491360890905
outer loop
vertex -56.03388595581055 -15.498305320739746 2.2349164485931396
vertex -54.68845748901367 -14.066650390625 0.8492083549499512
vertex -55.18388748168945 -14.186527252197266 1.5665318965911865
endloop
endfacet
facet normal -0.5596253820885663 -0.5954899326927574 0.5763776294963238
outer loop
vertex -56.21413040161133 -16.944683074951172 1.32895028591156
vertex -56.02281188964844 -17.0065975189209 1.4507406949996948
vertex -56.160701751708984 -16.33871841430664 2.0068840980529785
endloop
endfacet
facet normal 0.8137962028453768 -0.26336434487550936 0.5180491888640887
outer loop
vertex -55.514705657958984 -16.844114303588867 0.7351664900779724
vertex -55.87014389038086 -16.149335861206055 1.6467288732528687
vertex -56.02281188964844 -17.0065975189209 1.4507406949996948
endloop
endfacet
facet normal -0.40630080883971115 -0.8951933011721827 0.18316278626578666
outer loop
vertex -56.16680908203125 -16.990617752075195 1.209418773651123
vertex -56.02281188964844 -17.0065975189209 1.4507406949996948
vertex -56.21413040161133 -16.944683074951172 1.32895028591156
endloop
endfacet
facet normal 0.8137975330465985 -0.263366671906892 0.5180459162429115
outer loop
vertex -54.8173713684082 -16.389598846435547 -0.129206120967865
vertex -55.514705657958984 -16.844114303588867 0.7351664900779724
vertex -55.65716552734375 -17.322988510131836 0.7155041098594666
endloop
endfacet
facet normal -0.14410924375888384 -0.9550302164193514 -0.25913280685634826
outer loop
vertex -55.65716552734375 -17.322988510131836 0.7155041098594666
vertex -55.37955093383789 -17.13262176513672 -0.14047713577747345
vertex -55.16173553466797 -17.20311164855957 -0.0018194466829299927
endloop
endfacet
facet normal 0.8137969431790919 -0.26335797584131126 0.5180512637115493
outer loop
vertex -55.52824783325195 -15.000040054321289 1.6939185857772827
vertex -54.68845748901367 -14.066650390625 0.8492083549499512
vertex -56.03388595581055 -15.498305320739746 2.2349164485931396
endloop
endfacet
facet normal -0.1566951617309245 0.7589678776333585 0.6319923947412932
outer loop
vertex -55.82417297363281 -14.66270923614502 1.9796336889266968
vertex -55.18388748168945 -14.186527252197266 1.5665318965911865
vertex -55.32087707519531 -14.142194747924805 1.4793274402618408
endloop
endfacet
facet normal -0.40630003148158644 -0.8951937550471152 0.18316229236037448
outer loop
vertex -56.16680908203125 -16.990617752075195 1.209418773651123
vertex -55.87331008911133 -17.25303840637207 0.577909529209137
vertex -56.02281188964844 -17.0065975189209 1.4507406949996948
endloop
endfacet
facet normal 0.8137993635699987 -0.26336060814047646 0.5180461233644581
outer loop
vertex -54.4754753112793 -15.240303039550781 -0.08201638609170914
vertex -54.18492126464844 -15.050921440124512 -0.4421716630458832
vertex -54.322811126708984 -14.383041381835938 0.11397182941436768
endloop
endfacet
facet normal 0.14410642166836105 0.9550313210293759 0.2591303052265898
outer loop
vertex -54.68845748901367 -14.066650390625 0.8492083549499512
vertex -54.835567474365234 -14.01904296875 0.7555601596832275
vertex -55.32087707519531 -14.142194747924805 1.4793274402618408
endloop
endfacet
facet normal -0.15669420525170952 0.7589673485126324 0.6319932673155939
outer loop
vertex -55.82417297363281 -14.66270923614502 1.9796336889266968
vertex -55.67634963989258 -14.710549354553223 2.0737361907958984
vertex -55.18388748168945 -14.186527252197266 1.5665318965911865
endloop
endfacet
facet normal -0.41551423964986517 0.35953948101226035 0.8355113872602987
outer loop
vertex -55.913543701171875 -14.842731475830078 2.0126564502716064
vertex -56.03388595581055 -15.498305320739746 2.2349164485931396
vertex -55.67634963989258 -14.710549354553223 2.0737361907958984
endloop
endfacet
facet normal 0.15669758889319246 -0.7589681092266499 -0.6319915148259382
outer loop
vertex -55.22555160522461 -16.969249725341797 -0.2984904646873474
vertex -54.842369079589844 -16.623071670532227 -0.6192136406898499
vertex -55.16173553466797 -17.20311164855957 -0.0018194466829299927
endloop
endfacet
facet normal 0.15669637867611477 -0.7589683909423655 -0.6319914765723889
outer loop
vertex -55.37955093383789 -17.13262176513672 -0.14047713577747345
vertex -55.22555160522461 -16.969249725341797 -0.2984904646873474
vertex -55.16173553466797 -17.20311164855957 -0.0018194466829299927
endloop
endfacet
facet normal 0.41551452564557007 -0.3595404789039471 -0.8355108156134529
outer loop
vertex -54.842369079589844 -16.623071670532227 -0.6192136406898499
vertex -54.45215606689453 -15.845890045166016 -0.7595937252044678
vertex -54.669273376464844 -16.67909049987793 -0.5090237855911255
endloop
endfacet
facet normal 0.5596234487305863 0.5954901427658754 -0.5763792896171428
outer loop
vertex -54.322811126708984 -14.383041381835938 0.11397182941436768
vertex -54.18492126464844 -15.050921440124512 -0.4421716630458832
vertex -54.47610092163086 -14.473312377929688 -0.12812578678131104
endloop
endfacet
facet normal 0.8137959601236566 -0.2633663129266586 0.5180485696359302
outer loop
vertex -55.514705657958984 -16.844114303588867 0.7351664900779724
vertex -56.02281188964844 -17.0065975189209 1.4507406949996948
vertex -55.65716552734375 -17.322988510131836 0.7155041098594666
endloop
endfacet
facet normal 0.41552109278037197 -0.35954112445448744 -0.8355072718298795
outer loop
vertex -54.669273376464844 -16.67909049987793 -0.5090237855911255
vertex -54.45215606689453 -15.845890045166016 -0.7595937252044678
vertex -54.311737060546875 -15.89133358001709 -0.6702038645744324
endloop
endfacet
facet normal 0.15669254298199262 -0.7589674742634092 -0.6319935284352665
outer loop
vertex -54.842369079589844 -16.623071670532227 -0.6192136406898499
vertex -54.669273376464844 -16.67909049987793 -0.5090237855911255
vertex -55.16173553466797 -17.20311164855957 -0.0018194466829299927
endloop
endfacet
facet normal -0.40630530960129185 -0.8951916651647392 0.18316079823308168
outer loop
vertex -55.65716552734375 -17.322988510131836 0.7155041098594666
vertex -56.02281188964844 -17.0065975189209 1.4507406949996948
vertex -55.87331008911133 -17.25303840637207 0.577909529209137
endloop
endfacet
facet normal -0.14411321570259225 -0.9550298543697734 -0.25913193227062487
outer loop
vertex -55.87331008911133 -17.25303840637207 0.577909529209137
vertex -55.71070098876953 -17.196325302124023 0.27846041321754456
vertex -55.65716552734375 -17.322988510131836 0.7155041098594666
endloop
endfacet
facet normal -0.14411436100192918 -0.9550297294351009 -0.25913175576938374
outer loop
vertex -55.71070098876953 -17.196325302124023 0.27846041321754456
vertex -55.598793029785156 -17.1707706451416 0.12204191088676453
vertex -55.65716552734375 -17.322988510131836 0.7155041098594666
endloop
endfacet
facet normal -0.14410312548206722 -0.9550315948442827 -0.2591311291132069
outer loop
vertex -55.598793029785156 -17.1707706451416 0.12204191088676453
vertex -55.37955093383789 -17.13262176513672 -0.14047713577747345
vertex -55.65716552734375 -17.322988510131836 0.7155041098594666
endloop
endfacet
facet normal 0.8137993761718009 -0.263362324391957 0.5180452310689224
outer loop
vertex -54.4754753112793 -15.240303039550781 -0.08201638609170914
vertex -54.8173713684082 -16.389598846435547 -0.129206120967865
vertex -54.18492126464844 -15.050921440124512 -0.4421716630458832
endloop
endfacet
facet normal 0.8137959332359395 -0.2633575971246759 0.5180530427334281
outer loop
vertex -54.669273376464844 -16.67909049987793 -0.5090237855911255
vertex -54.311737060546875 -15.89133358001709 -0.6702038645744324
vertex -55.16173553466797 -17.20311164855957 -0.0018194466829299927
endloop
endfacet
facet normal 0.813808105940968 -0.26341213629773175 0.5180061902678766
outer loop
vertex -54.8173713684082 -16.389598846435547 -0.129206120967865
vertex -55.65716552734375 -17.322988510131836 0.7155041098594666
vertex -54.311737060546875 -15.89133358001709 -0.6702038645744324
endloop
endfacet
facet normal 0.5630047903458829 0.1362232557975259 -0.8151495756163468
outer loop
vertex -54.311737060546875 -15.89133358001709 -0.6702038645744324
vertex -54.45215606689453 -15.845890045166016 -0.7595937252044678
vertex -54.33322525024414 -15.00292682647705 -0.5365796685218811
endloop
endfacet
facet normal 0.8137962050099636 -0.2633580568789314 0.5180523820892388
outer loop
vertex -55.18388748168945 -14.186527252197266 1.5665318965911865
vertex -55.67634963989258 -14.710549354553223 2.0737361907958984
vertex -56.03388595581055 -15.498305320739746 2.2349164485931396
endloop
endfacet
facet normal 0.8138000023007036 -0.2633629210700539 0.5180439441406717
outer loop
vertex -54.311737060546875 -15.89133358001709 -0.6702038645744324
vertex -54.18492126464844 -15.050921440124512 -0.4421716630458832
vertex -54.8173713684082 -16.389598846435547 -0.129206120967865
endloop
endfacet
facet normal 0.5629991139087867 0.13622369709325782 -0.8151534224231444
outer loop
vertex -54.311737060546875 -15.89133358001709 -0.6702038645744324
vertex -54.33322525024414 -15.00292682647705 -0.5365796685218811
vertex -54.18492126464844 -15.050921440124512 -0.4421716630458832
endloop
endfacet
facet normal -0.41551567668371975 0.35954311193582345 0.8355091101176423
outer loop
vertex -55.67634963989258 -14.710549354553223 2.0737361907958984
vertex -55.82417297363281 -14.66270923614502 1.9796336889266968
vertex -55.913543701171875 -14.842731475830078 2.0126564502716064
endloop
endfacet
facet normal 0 0.992546078034649 -0.12186994288189598
outer loop
vertex -39.81074142456055 -39.26149368286133 11.619989395141602
vertex -41.88920211791992 -39.26149368286133 11.619989395141602
vertex -39.81074142456055 -39.11524963378906 12.81104564666748
endloop
endfacet
facet normal 0.499999910251889 0.10554197488948476 0.8595702305713772
outer loop
vertex -40.849971771240234 -37.94504928588867 10.85384464263916
vertex -41.88920211791992 -39.26149368286133 11.619989395141602
vertex -40.849971771240234 -39.33461380004883 11.02446174621582
endloop
endfacet
facet normal 0.499999910251889 0.10554197488948476 0.8595702305713772
outer loop
vertex -41.88920211791992 -39.26149368286133 11.619989395141602
vertex -40.849971771240234 -37.94504928588867 10.85384464263916
vertex -41.88920211791992 -37.87192916870117 11.449372291564941
endloop
endfacet
facet normal 0 0.9925464507529718 -0.12186690731153493
outer loop
vertex -40.849971771240234 -39.33461380004883 11.02446174621582
vertex -41.88920211791992 -39.26149368286133 11.619989395141602
vertex -39.81074142456055 -39.26149368286133 11.619989395141602
endloop
endfacet
facet normal -0.499999910251889 0.10554197488948476 0.8595702305713772
outer loop
vertex -40.849971771240234 -39.33461380004883 11.02446174621582
vertex -39.81074142456055 -39.26149368286133 11.619989395141602
vertex -39.81074142456055 -37.87192916870117 11.449372291564941
endloop
endfacet
facet normal -0.499999910251889 0.10554197488948476 0.8595702305713772
outer loop
vertex -40.849971771240234 -39.33461380004883 11.02446174621582
vertex -39.81074142456055 -37.87192916870117 11.449372291564941
vertex -40.849971771240234 -37.94504928588867 10.85384464263916
endloop
endfacet
facet normal -1 0 0
outer loop
vertex -39.81074142456055 -37.87192916870117 11.449372291564941
vertex -39.81074142456055 -39.26149368286133 11.619989395141602
vertex -39.81074142456055 -37.725685119628906 12.64042854309082
endloop
endfacet
facet normal 1 0 0
outer loop
vertex -41.88920211791992 -37.87192916870117 11.449372291564941
vertex -41.88920211791992 -39.11524963378906 12.81104564666748
vertex -41.88920211791992 -39.26149368286133 11.619989395141602
endloop
endfacet
facet normal 0 0.992546078034649 -0.12186994288189598
outer loop
vertex -41.88920211791992 -39.26149368286133 11.619989395141602
vertex -41.88920211791992 -39.11524963378906 12.81104564666748
vertex -39.81074142456055 -39.11524963378906 12.81104564666748
endloop
endfacet
facet normal -1 0 0
outer loop
vertex -39.81074142456055 -37.725685119628906 12.64042854309082
vertex -39.81074142456055 -39.26149368286133 11.619989395141602
vertex -39.81074142456055 -39.11524963378906 12.81104564666748
endloop
endfacet
facet normal -0.499999910251889 -0.10554197488948476 -0.8595702305713772
outer loop
vertex -39.81074142456055 -37.725685119628906 12.64042854309082
vertex -39.81074142456055 -39.11524963378906 12.81104564666748
vertex -40.849971771240234 -37.652565002441406 13.235956192016602
endloop
endfacet
facet normal 0.499999910251889 -0.10554197488948476 -0.8595702305713772
outer loop
vertex -41.88920211791992 -37.725685119628906 12.64042854309082
vertex -40.849971771240234 -39.04212951660156 13.406573295593262
vertex -41.88920211791992 -39.11524963378906 12.81104564666748
endloop
endfacet
facet normal 0.499999910251889 -0.10554197488948476 -0.8595702305713772
outer loop
vertex -40.849971771240234 -39.04212951660156 13.406573295593262
vertex -41.88920211791992 -37.725685119628906 12.64042854309082
vertex -40.849971771240234 -37.652565002441406 13.235956192016602
endloop
endfacet
facet normal 0 0.9925464507529718 -0.12186690731153493
outer loop
vertex -39.81074142456055 -39.11524963378906 12.81104564666748
vertex -41.88920211791992 -39.11524963378906 12.81104564666748
vertex -40.849971771240234 -39.04212951660156 13.406573295593262
endloop
endfacet
facet normal -0.499999910251889 -0.10554197488948476 -0.8595702305713772
outer loop
vertex -40.849971771240234 -37.652565002441406 13.235956192016602
vertex -39.81074142456055 -39.11524963378906 12.81104564666748
vertex -40.849971771240234 -39.04212951660156 13.406573295593262
endloop
endfacet
facet normal 1 0 0
outer loop
vertex -41.88920211791992 -39.11524963378906 12.81104564666748
vertex -41.88920211791992 -37.87192916870117 11.449372291564941
vertex -41.88920211791992 -37.725685119628906 12.64042854309082
endloop
endfacet
facet normal -0.5065144424715953 -0.11559698224520255 -0.8544474572865738
outer loop
vertex -25.032377243041992 -14.631333351135254 0.9686514735221863
vertex -25.829797744750977 -16.149335861206055 1.6467288732528687
vertex -26.171695709228516 -15.000040054321289 1.6939185857772827
endloop
endfacet
facet normal 0.4999998542008151 -0.7716343493882499 0.39316736467226765
outer loop
vertex -26.869028091430664 -14.545523643493652 0.8295459747314453
vertex -26.08514976501465 -14.871596336364746 -0.8072835206985474
vertex -25.729711532592773 -14.176816940307617 0.10427886992692947
endloop
endfacet
facet normal -0.8137976314558549 -0.2633619266263403 0.5180481740538253
outer loop
vertex -26.08514976501465 -14.871596336364746 -0.8072835206985474
vertex -25.04591941833496 -16.47540855407715 0.009899398311972618
vertex -25.729711532592773 -14.176816940307617 0.10427886992692947
endloop
endfacet
facet normal -0.5000001027459122 0.7716345640467694 -0.39316662729996477
outer loop
vertex -24.690481185913086 -15.780628204345703 0.9214617609977722
vertex -26.18523597717285 -16.844114303588867 0.7351664900779724
vertex -25.829797744750977 -16.149335861206055 1.6467288732528687
endloop
endfacet
facet normal -0.8137975019864935 -0.26336189707897256 0.518048392457218
outer loop
vertex -25.04591941833496 -16.47540855407715 0.009899398311972618
vertex -24.690481185913086 -15.780628204345703 0.9214617609977722
vertex -25.729711532592773 -14.176816940307617 0.10427886992692947
endloop
endfacet
facet normal -0.4999996078129356 0.7716341284291841 -0.39316811166502774
outer loop
vertex -26.18523597717285 -16.844114303588867 0.7351664900779724
vertex -24.690481185913086 -15.780628204345703 0.9214617609977722
vertex -25.04591941833496 -16.47540855407715 0.009899398311972618
endloop
endfacet
facet normal 0.006515451622692966 0.8872312547285357 0.46127892811506205
outer loop
vertex -25.04591941833496 -16.47540855407715 0.009899398311972618
vertex -26.882570266723633 -16.389598846435547 -0.129206120967865
vertex -26.18523597717285 -16.844114303588867 0.7351664900779724
endloop
endfacet
facet normal -0.8137977494908564 -0.2633621573508094 0.5180478713392661
outer loop
vertex -26.08514976501465 -14.871596336364746 -0.8072835206985474
vertex -25.743253707885742 -16.020891189575195 -0.8544732332229614
vertex -25.04591941833496 -16.47540855407715 0.009899398311972618
endloop
endfacet
facet normal 0.5065152183563998 0.11559648449743645 0.8544470646828876
outer loop
vertex -27.22446632385254 -15.240303039550781 -0.08201638609170914
vertex -25.743253707885742 -16.020891189575195 -0.8544732332229614
vertex -26.08514976501465 -14.871596336364746 -0.8072835206985474
endloop
endfacet
facet normal 0.006515288349315324 0.8872304070107613 0.4612805609314618
outer loop
vertex -25.743253707885742 -16.020891189575195 -0.8544732332229614
vertex -26.882570266723633 -16.389598846435547 -0.129206120967865
vertex -25.04591941833496 -16.47540855407715 0.009899398311972618
endloop
endfacet
facet normal 0.4999998639040995 -0.7716343415306154 0.3931673677538558
outer loop
vertex -27.22446632385254 -15.240303039550781 -0.08201638609170914
vertex -26.08514976501465 -14.871596336364746 -0.8072835206985474
vertex -26.869028091430664 -14.545523643493652 0.8295459747314453
endloop
endfacet
facet normal 0.5065151738821544 0.11559635693772792 0.8544471083044616
outer loop
vertex -25.743253707885742 -16.020891189575195 -0.8544732332229614
vertex -27.22446632385254 -15.240303039550781 -0.08201638609170914
vertex -26.882570266723633 -16.389598846435547 -0.129206120967865
endloop
endfacet
facet normal -0.5065151431732483 -0.11559646016657839 -0.8544471125430411
outer loop
vertex -25.829797744750977 -16.149335861206055 1.6467288732528687
vertex -25.032377243041992 -14.631333351135254 0.9686514735221863
vertex -24.690481185913086 -15.780628204345703 0.9214617609977722
endloop
endfacet
facet normal -0.8137976200214471 -0.26336212780340934 0.5180480897429205
outer loop
vertex -25.729711532592773 -14.176816940307617 0.10427886992692947
vertex -24.690481185913086 -15.780628204345703 0.9214617609977722
vertex -25.032377243041992 -14.631333351135254 0.9686514735221863
endloop
endfacet
facet normal -0.006515379041489124 -0.8872308256982462 -0.4612797543430167
outer loop
vertex -26.869028091430664 -14.545523643493652 0.8295459747314453
vertex -25.729711532592773 -14.176816940307617 0.10427886992692947
vertex -26.171695709228516 -15.000040054321289 1.6939185857772827
endloop
endfacet
facet normal -0.006515369461943614 -0.8872308268446977 -0.46127975227322565
outer loop
vertex -26.171695709228516 -15.000040054321289 1.6939185857772827
vertex -25.729711532592773 -14.176816940307617 0.10427886992692947
vertex -25.032377243041992 -14.631333351135254 0.9686514735221863
endloop
endfacet
facet normal 0.8137976200214471 -0.26336212780340934 0.5180480897429205
outer loop
vertex -55.97023010253906 -14.176816940307617 0.10427886992692947
vertex -56.667564392089844 -14.631333351135254 0.9686514735221863
vertex -57.00946044921875 -15.780628204345703 0.9214617609977722
endloop
endfacet
facet normal -0.49999986101189614 -0.7716343471840421 0.39316736033646266
outer loop
vertex -54.4754753112793 -15.240303039550781 -0.08201638609170914
vertex -55.97023010253906 -14.176816940307617 0.10427886992692947
vertex -55.61479187011719 -14.871596336364746 -0.8072835206985474
endloop
endfacet
facet normal 0.006515374687850143 -0.8872308285359111 -0.46127974894651264
outer loop
vertex -54.83091354370117 -14.545523643493652 0.8295459747314453
vertex -56.667564392089844 -14.631333351135254 0.9686514735221863
vertex -55.97023010253906 -14.176816940307617 0.10427886992692947
endloop
endfacet
facet normal -0.49999985709301836 -0.7716343437348232 0.39316737208966096
outer loop
vertex -54.4754753112793 -15.240303039550781 -0.08201638609170914
vertex -54.83091354370117 -14.545523643493652 0.8295459747314453
vertex -55.97023010253906 -14.176816940307617 0.10427886992692947
endloop
endfacet
facet normal 0.5065152072548141 -0.11559648090472847 -0.8544470717499448
outer loop
vertex -55.52824783325195 -15.000040054321289 1.6939185857772827
vertex -57.00946044921875 -15.780628204345703 0.9214617609977722
vertex -56.667564392089844 -14.631333351135254 0.9686514735221863
endloop
endfacet
facet normal 0.8137975675538537 -0.2633620252443059 0.5180482243021866
outer loop
vertex -55.61479187011719 -14.871596336364746 -0.8072835206985474
vertex -55.97023010253906 -14.176816940307617 0.10427886992692947
vertex -57.00946044921875 -15.780628204345703 0.9214617609977722
endloop
endfacet
facet normal 0.5065151693476605 -0.11559637218055811 -0.8544471089303333
outer loop
vertex -55.52824783325195 -15.000040054321289 1.6939185857772827
vertex -55.87014389038086 -16.149335861206055 1.6467288732528687
vertex -57.00946044921875 -15.780628204345703 0.9214617609977722
endloop
endfacet
facet normal 0.4999992425429364 0.7716348424264934 -0.39316717488866026
outer loop
vertex -55.87014389038086 -16.149335861206055 1.6467288732528687
vertex -55.514705657958984 -16.844114303588867 0.7351664900779724
vertex -56.654022216796875 -16.47540855407715 0.009899398311972618
endloop
endfacet
facet normal 0.5000004680149972 0.7716338500499743 -0.39316756407648584
outer loop
vertex -55.87014389038086 -16.149335861206055 1.6467288732528687
vertex -56.654022216796875 -16.47540855407715 0.009899398311972618
vertex -57.00946044921875 -15.780628204345703 0.9214617609977722
endloop
endfacet
facet normal -0.006514458988050432 0.8872309334909212 0.4612795600077262
outer loop
vertex -55.95669174194336 -16.020891189575195 -0.8544732332229614
vertex -55.514705657958984 -16.844114303588867 0.7351664900779724
vertex -54.8173713684082 -16.389598846435547 -0.129206120967865
endloop
endfacet
facet normal -0.5065152490652538 0.11559638126854976 0.8544470604443437
outer loop
vertex -54.8173713684082 -16.389598846435547 -0.129206120967865
vertex -54.4754753112793 -15.240303039550781 -0.08201638609170914
vertex -55.61479187011719 -14.871596336364746 -0.8072835206985474
endloop
endfacet
facet normal 0.8137975658884901 -0.26336179846109664 0.5180483422088187
outer loop
vertex -55.61479187011719 -14.871596336364746 -0.8072835206985474
vertex -57.00946044921875 -15.780628204345703 0.9214617609977722
vertex -56.654022216796875 -16.47540855407715 0.009899398311972618
endloop
endfacet
facet normal 0.00651537502130377 -0.8872308302672073 -0.46127974561180723
outer loop
vertex -56.667564392089844 -14.631333351135254 0.9686514735221863
vertex -54.83091354370117 -14.545523643493652 0.8295459747314453
vertex -55.52824783325195 -15.000040054321289 1.6939185857772827
endloop
endfacet
facet normal -0.00651627857589008 0.8872307157271859 0.46127995315615744
outer loop
vertex -55.514705657958984 -16.844114303588867 0.7351664900779724
vertex -55.95669174194336 -16.020891189575195 -0.8544732332229614
vertex -56.654022216796875 -16.47540855407715 0.009899398311972618
endloop
endfacet
facet normal 0.8137992820093769 -0.2633651530027486 0.5180439409788145
outer loop
vertex -55.95669174194336 -16.020891189575195 -0.8544732332229614
vertex -55.61479187011719 -14.871596336364746 -0.8072835206985474
vertex -56.654022216796875 -16.47540855407715 0.009899398311972618
endloop
endfacet
facet normal -0.5065135612592069 0.1155976388181057 0.8544478908395727
outer loop
vertex -54.8173713684082 -16.389598846435547 -0.129206120967865
vertex -55.61479187011719 -14.871596336364746 -0.8072835206985474
vertex -55.95669174194336 -16.020891189575195 -0.8544732332229614
endloop
endfacet
endsolid auto-kdk-case
